Solution_ID,Element_ID,ElementType,DCR
1,1,Column,0.28175590592680755
1,2,Column,0.2526965846473898
1,3,Column,0.3204006650180774
1,4,Column,0.5944822140104932
1,5,Column,0.8726791093138123
1,6,Column,0.4416262560159214
1,7,Column,0.7370542423411865
1,8,Column,0.39094041609063
1,9,Column,0.2059096225050409
1,10,Column,0.4945559240042319
1,11,Column,0.5105366796258253
1,12,Column,0.2966393456573752
1,13,Column,0.1774696508538211
1,14,Column,0.3736400445391794
1,15,Column,0.46548163969735895
1,16,Column,0.2983944517314042
1,17,Column,0.3130603673598374
1,18,Column,0.31002507587145967
1,19,Column,0.5763866018894723
1,20,Column,0.649121582716262
1,21,Column,0.1709920990124441
1,22,Column,0.11898340694869829
1,23,Column,0.16059899978582343
1,24,Column,0.23842247829764304
1,25,Column,0.17417673142528417
1,26,Column,0.5099269720991824
1,27,Column,0.627079492924386
1,28,Column,0.21266310329606974
1,29,Column,0.3848276715034626
1,30,Column,0.5259295470062304
1,31,Column,0.7371609824205123
1,32,Column,0.5026528960013567
1,33,Column,0.13573870665436333
1,34,Column,0.16598917014934764
1,35,Column,0.15980970095691147
1,36,Column,0.1307200598649554
1,37,Column,0.08138606302360628
1,38,Column,0.338724963639536
1,39,Column,0.43639736268268825
1,40,Column,0.18034797324636254
1,41,Column,0.28306193755446607
1,42,Column,0.37336024701675996
1,43,Column,0.5896043068445145
1,44,Column,0.5222972837882857
1,45,Column,0.08431947843911652
1,46,Column,0.1132449057009257
1,47,Column,0.1398679748114851
1,48,Column,0.12355023305997567
1,49,Column,0.07030631697825084
1,50,Column,0.23173712191518545
1,51,Column,0.2645728792161608
1,52,Column,0.10643689009521798
1,53,Column,0.20104590462602967
1,54,Column,0.22438427139062142
1,55,Column,0.3707342286168073
1,56,Column,0.34753791252602745
1,57,Column,0.04869501995328133
1,58,Column,0.06247712099887588
1,59,Column,0.09108455031966818
1,60,Column,0.0742286818182056
1,61,Beam,0.07971332360339274
1,62,Beam,0.13689960479258795
1,63,Beam,0.15195771414250964
1,64,Beam,0.14432068742707949
1,65,Beam,0.10233358103748913
1,66,Beam,0.09880928300582181
1,67,Beam,0.1931442052883791
1,68,Beam,0.2049893245362993
1,69,Beam,0.06619795998458881
1,70,Beam,0.048702914099275144
1,71,Beam,0.0731868538862777
1,72,Beam,0.09541240041601905
1,73,Beam,0.46128734291830253
1,74,Beam,0.308129261954338
1,75,Beam,0.5381333030544275
1,76,Beam,0.6566644375053763
1,77,Beam,0.19944089587068017
1,78,Beam,0.830656204585141
1,79,Beam,0.2012395963067433
1,80,Beam,0.23475447841933972
1,81,Beam,0.46131935391957524
1,82,Beam,0.19913457757791098
1,83,Beam,0.6033137410378893
1,84,Beam,0.18920940273586956
1,85,Beam,0.6601891161380203
1,86,Beam,0.20880569113259992
1,87,Beam,0.536706015871079
1,88,Beam,0.23022786301653866
1,89,Beam,0.2489220846092971
1,90,Beam,0.22633793373662306
1,91,Beam,0.6234693076725342
1,92,Beam,0.33040787118658493
1,93,Beam,0.1645770704235268
1,94,Beam,0.8158672578225233
1,95,Beam,0.21435067448643258
1,96,Beam,0.5205834908618583
1,97,Beam,0.25215209239266184
1,98,Beam,0.19851939949665554
1,99,Beam,0.5857391439673023
1,100,Beam,0.15644918061718596
1,101,Beam,0.6431879550941637
1,102,Beam,0.34487920275304806
1,103,Beam,0.5341577917151477
1,104,Beam,0.37184171702706376
1,105,Beam,0.25736850667363775
1,106,Beam,0.18567872348487416
1,107,Beam,0.31810084298649377
1,108,Beam,0.30287396595611255
1,109,Beam,0.1002069917160131
1,110,Beam,0.3839165485412725
1,111,Beam,0.21586758443000173
1,112,Beam,0.26917017678806254
1,113,Beam,0.2579533115085651
1,114,Beam,0.21531816693996242
1,115,Beam,0.2762688421512597
1,116,Beam,0.14432206398957156
1,117,Beam,0.3027246471041796
1,118,Beam,0.16543487407832153
1,119,Beam,0.2989222352992233
1,120,Beam,0.2497922118206575
1,121,Beam,0.31727747850806476
1,122,Beam,0.21160913339949267
1,123,Beam,0.4243475723277405
1,124,Beam,0.572571056098805
1,125,Beam,0.15963409708230628
1,126,Beam,0.7272874070894286
1,127,Beam,0.18808179860221771
1,128,Beam,0.23611058901001966
1,129,Beam,0.3178629349122666
1,130,Beam,0.1759548325073964
1,131,Beam,0.5219168793679331
1,132,Beam,0.1791131131382167
1,133,Beam,0.5728957627153396
1,134,Beam,0.20696799429135992
1,135,Beam,0.37015333019549496
1,136,Beam,0.20419330698510912
1,137,Beam,0.21414292628163703
1,138,Beam,0.21158041687282034
1,139,Beam,0.42696740817513185
1,140,Beam,0.37825468737733936
1,141,Beam,0.1538329967764757
1,142,Beam,0.7275823404322646
1,143,Beam,0.18169370593836395
1,144,Beam,0.3540511863388407
1,145,Beam,0.21440167868451293
1,146,Beam,0.1769733662219147
1,147,Beam,0.5225401556254836
1,148,Beam,0.18064820030425166
1,149,Beam,0.5737358519166595
1,150,Beam,0.3125623844949811
1,151,Beam,0.37023206411300813
1,152,Beam,0.3107110407624323
1,153,Beam,0.234811456197999
1,154,Beam,0.18432282136516517
1,155,Beam,0.41135405934612435
1,156,Beam,0.5870448740024895
1,157,Beam,0.20604509482570488
1,158,Beam,0.967567541446801
1,159,Beam,0.20309392333358384
1,160,Beam,0.2680823573491015
1,161,Beam,0.23627269001816267
1,162,Beam,0.1791332265561482
1,163,Beam,0.6940663001951355
1,164,Beam,0.27529345028030866
1,165,Beam,0.7633240830945315
1,166,Beam,0.31867107666905026
1,167,Beam,0.356746758996733
1,168,Beam,0.20727497290713787
2,1,Column,0.28578054535366637
2,2,Column,0.25318533106962643
2,3,Column,0.3209589563879254
2,4,Column,0.5981434594265823
2,5,Column,0.8679940380190516
2,6,Column,0.29427781442770057
2,7,Column,0.5055401983302537
2,8,Column,0.39142397930677747
2,9,Column,0.21289639332605487
2,10,Column,0.5031133873915743
2,11,Column,0.5125153676182491
2,12,Column,0.3019471814852104
2,13,Column,0.17279133061651933
2,14,Column,0.36924390208117974
2,15,Column,0.4634397902156562
2,16,Column,0.335341476705481
2,17,Column,0.31184616161794265
2,18,Column,0.33919222742347155
2,19,Column,0.581812484151871
2,20,Column,0.6457679825194031
2,21,Column,0.1763645257185489
2,22,Column,0.09707979836523434
2,23,Column,0.15737368641626606
2,24,Column,0.24619950118550335
2,25,Column,0.20795809718247438
2,26,Column,0.5085060175971574
2,27,Column,0.6240902859599399
2,28,Column,0.27724824610549204
2,29,Column,0.38114844455863245
2,30,Column,0.5265090568452542
2,31,Column,0.71059222151246
2,32,Column,0.5008369974091847
2,33,Column,0.1733845351137393
2,34,Column,0.16490524020983077
2,35,Column,0.15647882412723577
2,36,Column,0.17269262133310515
2,37,Column,0.08603447881648044
2,38,Column,0.339736133417877
2,39,Column,0.4341665484113699
2,40,Column,0.18047313319632088
2,41,Column,0.283256551508365
2,42,Column,0.38862053575301014
2,43,Column,0.6145499309827596
2,44,Column,0.5239607283804781
2,45,Column,0.08474080440358969
2,46,Column,0.114360982186013
2,47,Column,0.14291808264670947
2,48,Column,0.12391901098242891
2,49,Column,0.07421802265098913
2,50,Column,0.23221643071812215
2,51,Column,0.2686848814784643
2,52,Column,0.10860422777863135
2,53,Column,0.20080372484692208
2,54,Column,0.13575808942612178
2,55,Column,0.21795143908177655
2,56,Column,0.3471495029425759
2,57,Column,0.05303918360650526
2,58,Column,0.06188357378333947
2,59,Column,0.09094193960151845
2,60,Column,0.07530324911821151
2,61,Beam,0.07989797636309985
2,62,Beam,0.137567146775397
2,63,Beam,0.1524342544290612
2,64,Beam,0.1434639571368142
2,65,Beam,0.10243337623764565
2,66,Beam,0.10036721853601031
2,67,Beam,0.18406175462682153
2,68,Beam,0.20435819983788883
2,69,Beam,0.06638896220252943
2,70,Beam,0.04853124149054764
2,71,Beam,0.07370956646649884
2,72,Beam,0.09458715897000655
2,73,Beam,0.3154266076989024
2,74,Beam,0.2106910458273924
2,75,Beam,0.4275144599596971
2,76,Beam,0.6574500544338294
2,77,Beam,0.19614776567394304
2,78,Beam,0.8312107551078914
2,79,Beam,0.14119334800975214
2,80,Beam,0.19046931057316893
2,81,Beam,0.31561441537516627
2,82,Beam,0.13825301221338107
2,83,Beam,0.6037239334072484
2,84,Beam,0.1883925317875174
2,85,Beam,0.6606754124352537
2,86,Beam,0.2080504636889227
2,87,Beam,0.36660061666866994
2,88,Beam,0.15920478366167531
2,89,Beam,0.24883457466018977
2,90,Beam,0.2260724000826467
2,91,Beam,0.6224051842872981
2,92,Beam,0.33046391732631014
2,93,Beam,0.16462744615843478
2,94,Beam,0.8159193682618444
2,95,Beam,0.21454348270738371
2,96,Beam,0.5207836991750678
2,97,Beam,0.2507877279699892
2,98,Beam,0.19747180585150945
2,99,Beam,0.585851857189312
2,100,Beam,0.15639135660817985
2,101,Beam,0.6433219894837983
2,102,Beam,0.34493716306135647
2,103,Beam,0.5347407080003719
2,104,Beam,0.3732317509162534
2,105,Beam,0.257416515604325
2,106,Beam,0.18581754787603202
2,107,Beam,0.3181919177042663
2,108,Beam,0.30284980060374944
2,109,Beam,0.10019958524552335
2,110,Beam,0.3838992213066358
2,111,Beam,0.21591101071550242
2,112,Beam,0.2691608765697526
2,113,Beam,0.25791436016055463
2,114,Beam,0.21531144586018497
2,115,Beam,0.27622007162802215
2,116,Beam,0.14400926417953336
2,117,Beam,0.3026692528004592
2,118,Beam,0.1653740095687999
2,119,Beam,0.2988798897681555
2,120,Beam,0.2497802468241339
2,121,Beam,0.31722990975907767
2,122,Beam,0.21154779205436974
2,123,Beam,0.42435913713895046
2,124,Beam,0.5731095682974486
2,125,Beam,0.15992105885507316
2,126,Beam,0.7278489155316742
2,127,Beam,0.18807385015657443
2,128,Beam,0.23603800742689895
2,129,Beam,0.3178045572959388
2,130,Beam,0.17599029934850952
2,131,Beam,0.521935679274374
2,132,Beam,0.17901450090556442
2,133,Beam,0.5728754393600692
2,134,Beam,0.20685132980039067
2,135,Beam,0.3701084075103351
2,136,Beam,0.204225702323935
2,137,Beam,0.2141529250635426
2,138,Beam,0.21155919505480336
2,139,Beam,0.4270441279264709
2,140,Beam,0.3784936363251249
2,141,Beam,0.15538322088937553
2,142,Beam,0.7271769998145183
2,143,Beam,0.1818763148210162
2,144,Beam,0.3541198426675289
2,145,Beam,0.21404310897258608
2,146,Beam,0.1770101911989183
2,147,Beam,0.5224083080619781
2,148,Beam,0.18051011077158838
2,149,Beam,0.57350873431838
2,150,Beam,0.3124340483228247
2,151,Beam,0.3701691259687602
2,152,Beam,0.31079257444233793
2,153,Beam,0.23521740039678146
2,154,Beam,0.1844062060576484
2,155,Beam,0.4112140341267573
2,156,Beam,0.5870630588276071
2,157,Beam,0.20629250362527402
2,158,Beam,0.9676525719722124
2,159,Beam,0.20328520397782415
2,160,Beam,0.26806589062328556
2,161,Beam,0.23618727569239253
2,162,Beam,0.17904973344566344
2,163,Beam,0.6937728793646201
2,164,Beam,0.27516315107898415
2,165,Beam,0.7629571810967111
2,166,Beam,0.3185039469769708
2,167,Beam,0.35655052545026833
2,168,Beam,0.20730624348401197
3,1,Column,0.28663194942532755
3,2,Column,0.2531623776261265
3,3,Column,0.3208953288695787
3,4,Column,0.5974997555049822
3,5,Column,0.8660656085174825
3,6,Column,0.29390467143505716
3,7,Column,0.5047489651336834
3,8,Column,0.39148045220429006
3,9,Column,0.21365024706603386
3,10,Column,0.49245890364719735
3,11,Column,0.5110433491802453
3,12,Column,0.3030438108934551
3,13,Column,0.17377451198514066
3,14,Column,0.3684350746798486
3,15,Column,0.46412789937028487
3,16,Column,0.33546325029102475
3,17,Column,0.31317982025481556
3,18,Column,0.4161960315510495
3,19,Column,0.7100954824654044
3,20,Column,0.6465407483212713
3,21,Column,0.1774996800415171
3,22,Column,0.1143850224663843
3,23,Column,0.1559717522737714
3,24,Column,0.24720309421933367
3,25,Column,0.20875439029923712
3,26,Column,0.5103234765176641
3,27,Column,0.6263028099998751
3,28,Column,0.27795904385606707
3,29,Column,0.3818280378749821
3,30,Column,0.5253302501378524
3,31,Column,0.7045478248559972
3,32,Column,0.5005494697888141
3,33,Column,0.17371560982969195
3,34,Column,0.164304777770509
3,35,Column,0.1570025429979825
3,36,Column,0.17309144991770256
3,37,Column,0.08668932707761778
3,38,Column,0.339461073519282
3,39,Column,0.4351272066308818
3,40,Column,0.1807756129285937
3,41,Column,0.2834995239153458
3,42,Column,0.37991921276716856
3,43,Column,0.6021478502937743
3,44,Column,0.5225653533870269
3,45,Column,0.08509408566310446
3,46,Column,0.11383878457943716
3,47,Column,0.14235529556490864
3,48,Column,0.12433141613954894
3,49,Column,0.07015265236840959
3,50,Column,0.2311885559841424
3,51,Column,0.2675329882124481
3,52,Column,0.1078989450382986
3,53,Column,0.20180967904649438
3,54,Column,0.23129665532268237
3,55,Column,0.36655359493114675
3,56,Column,0.3471758366334735
3,57,Column,0.04978569868943408
3,58,Column,0.062441110945287114
3,59,Column,0.06989420585046742
3,60,Column,0.07469631112214392
3,61,Beam,0.07975261149665806
3,62,Beam,0.1809207250005169
3,63,Beam,0.20008980807188873
3,64,Beam,0.1435206910821195
3,65,Beam,0.10490767002756914
3,66,Beam,0.10022430381305465
3,67,Beam,0.1869771343363852
3,68,Beam,0.2096015061712883
3,69,Beam,0.06611693210227998
3,70,Beam,0.059573515012880635
3,71,Beam,0.07612237736856936
3,72,Beam,0.09461251333352998
3,73,Beam,0.3154086656525097
3,74,Beam,0.2107341031030759
3,75,Beam,0.4275633996924414
3,76,Beam,0.65729323283712
3,77,Beam,0.19525323431427516
3,78,Beam,0.831124478040511
3,79,Beam,0.1411999885871612
3,80,Beam,0.1904820750018555
3,81,Beam,0.31564382294373017
3,82,Beam,0.13826644403801017
3,83,Beam,0.6036494139389577
3,84,Beam,0.1890276099141536
3,85,Beam,0.6606537683748015
3,86,Beam,0.2086511148214616
3,87,Beam,0.3666256307939793
3,88,Beam,0.15921589948140302
3,89,Beam,0.24910646615289905
3,90,Beam,0.2264047715527805
3,91,Beam,0.6223874802998721
3,92,Beam,0.33042194725034135
3,93,Beam,0.16503186106716664
3,94,Beam,0.8158033255576701
3,95,Beam,0.21475733931838606
3,96,Beam,0.5208007657532417
3,97,Beam,0.2501458657569823
3,98,Beam,0.1966005098106163
3,99,Beam,0.5860474047763901
3,100,Beam,0.1563711496031368
3,101,Beam,0.6434729389713731
3,102,Beam,0.3449378490443176
3,103,Beam,0.5348174724562268
3,104,Beam,0.3731441002034845
3,105,Beam,0.2573982058838126
3,106,Beam,0.1858210447789788
3,107,Beam,0.3182179848807772
3,108,Beam,0.3029866477830515
3,109,Beam,0.10036513068631035
3,110,Beam,0.3840158216080247
3,111,Beam,0.2158910710129359
3,112,Beam,0.26926949682187434
3,113,Beam,0.2579076222158144
3,114,Beam,0.2153213310002202
3,115,Beam,0.27618380772290535
3,116,Beam,0.14371316790099012
3,117,Beam,0.30262740667033855
3,118,Beam,0.16528973035923247
3,119,Beam,0.2988750352875831
3,120,Beam,0.24978865155946844
3,121,Beam,0.3172541093214947
3,122,Beam,0.211574737779198
3,123,Beam,0.4243077801276274
3,124,Beam,0.5730907134818545
3,125,Beam,0.16003808554252508
3,126,Beam,0.7278545552005554
3,127,Beam,0.18801775246441443
3,128,Beam,0.23600809964572303
3,129,Beam,0.3178027224170974
3,130,Beam,0.17600670896746012
3,131,Beam,0.5218518102166737
3,132,Beam,0.1788954070442376
3,133,Beam,0.5729618080256762
3,134,Beam,0.20672024448563633
3,135,Beam,0.37010635242015844
3,136,Beam,0.2042414224093242
3,137,Beam,0.21402834640919038
3,138,Beam,0.21169485037706967
3,139,Beam,0.4269154141003899
3,140,Beam,0.37831799507750863
3,141,Beam,0.15460107802896636
3,142,Beam,0.7273548254809673
3,143,Beam,0.18163637290543433
3,144,Beam,0.3539385653964232
3,145,Beam,0.21360463763993892
3,146,Beam,0.17702014067194088
3,147,Beam,0.5223721502796359
3,148,Beam,0.18045402565106305
3,149,Beam,0.5734393864156777
3,150,Beam,0.31226166754723506
3,151,Beam,0.3701466776567015
3,152,Beam,0.31082901313258277
3,153,Beam,0.2349039315167088
3,154,Beam,0.18456102786906733
3,155,Beam,0.4110677398981049
3,156,Beam,0.2630616798039066
3,157,Beam,0.09301196300472683
3,158,Beam,0.5059013376876654
3,159,Beam,0.20336554828614645
3,160,Beam,0.2684739541516434
3,161,Beam,0.23623768208181087
3,162,Beam,0.17856075166303623
3,163,Beam,0.30860313339013823
3,164,Beam,0.11767555518820363
3,165,Beam,0.3406969649459091
3,166,Beam,0.1332192079848537
3,167,Beam,0.35680786466473446
3,168,Beam,0.20724813471582573
4,1,Column,0.2791337268404325
4,2,Column,0.25228059630406274
4,3,Column,0.31983642631149833
4,4,Column,0.6022503139242934
4,5,Column,0.8441386455886406
4,6,Column,0.22477031528233823
4,7,Column,0.35212914827137703
4,8,Column,0.3899053841861256
4,9,Column,0.21757283276240008
4,10,Column,0.496675307864321
4,11,Column,0.5124254501366488
4,12,Column,0.3034819617279839
4,13,Column,0.1748848615609465
4,14,Column,0.36749029685445805
4,15,Column,0.519927642078702
4,16,Column,0.33782081477345777
4,17,Column,0.3099072415483614
4,18,Column,0.24255657741161873
4,19,Column,0.3637555204862667
4,20,Column,0.5393006687963261
4,21,Column,0.1652878881525181
4,22,Column,0.14500515040108478
4,23,Column,0.1965755679554629
4,24,Column,0.2456834290904484
4,25,Column,0.20731119992406333
4,26,Column,0.5138594154063778
4,27,Column,0.6252440196882254
4,28,Column,0.27587298096468066
4,29,Column,0.3750638907524342
4,30,Column,0.5367931650236213
4,31,Column,0.7682081699229006
4,32,Column,0.5011447228537125
4,33,Column,0.17259329561930226
4,34,Column,0.16853262123346446
4,35,Column,0.1536951696326897
4,36,Column,0.11522816265248127
4,37,Column,0.08709249600301988
4,38,Column,0.3399846043819253
4,39,Column,0.4358685223348774
4,40,Column,0.1826203113181886
4,41,Column,0.28532664190659124
4,42,Column,0.3893843588000708
4,43,Column,0.6115378678552423
4,44,Column,0.5254687813173201
4,45,Column,0.08200229618892316
4,46,Column,0.11453780891491665
4,47,Column,0.14651072554395522
4,48,Column,0.1256078887240402
4,49,Column,0.07018076908693432
4,50,Column,0.23348798195949694
4,51,Column,0.26663485928640857
4,52,Column,0.10747784440454648
4,53,Column,0.2021144194207119
4,54,Column,0.22947560647214907
4,55,Column,0.37815745176206916
4,56,Column,0.3470693006227975
4,57,Column,0.050421886851131255
4,58,Column,0.070698585878972
4,59,Column,0.08373551588005614
4,60,Column,0.08074781255936576
4,61,Beam,0.07970172787159938
4,62,Beam,0.1387706485134036
4,63,Beam,0.15288459618236191
4,64,Beam,0.14410454071112783
4,65,Beam,0.10173385731947028
4,66,Beam,0.09882365860415487
4,67,Beam,0.21035065846913195
4,68,Beam,0.20405776523916527
4,69,Beam,0.06619139132590585
4,70,Beam,0.0484120480472523
4,71,Beam,0.07270524441627829
4,72,Beam,0.09522597221514538
4,73,Beam,0.39673001404787095
4,74,Beam,0.2649378839004466
4,75,Beam,0.5107140619956084
4,76,Beam,0.7758493087109885
4,77,Beam,0.19494421628766823
4,78,Beam,0.9846123394401384
4,79,Beam,0.1871960964885773
4,80,Beam,0.2326036603241788
4,81,Beam,0.39681054615549494
4,82,Beam,0.17679874226561174
4,83,Beam,0.7078369440881677
4,84,Beam,0.18947810243410537
4,85,Beam,0.7769222251345443
4,86,Beam,0.2182896029404352
4,87,Beam,0.4612968151006839
4,88,Beam,0.20008580345131594
4,89,Beam,0.24719067522752527
4,90,Beam,0.22376540633148542
4,91,Beam,0.6222857889886304
4,92,Beam,0.33128898518282623
4,93,Beam,0.16356909852901072
4,94,Beam,0.8171904862698319
4,95,Beam,0.21280369836305227
4,96,Beam,0.5208660154391588
4,97,Beam,0.24723654302130865
4,98,Beam,0.19382601988624465
4,99,Beam,0.5871322145903487
4,100,Beam,0.15649214516827875
4,101,Beam,0.6446420460982253
4,102,Beam,0.3457837329746298
4,103,Beam,0.5344324061785488
4,104,Beam,0.3735392032876428
4,105,Beam,0.2574454210431368
4,106,Beam,0.18506977208697797
4,107,Beam,0.31809931087057525
4,108,Beam,0.3032307987963574
4,109,Beam,0.0991401354404852
4,110,Beam,0.3842040896258168
4,111,Beam,0.2159418604120013
4,112,Beam,0.26775759990015063
4,113,Beam,0.25785471925871867
4,114,Beam,0.21537433288162602
4,115,Beam,0.2765805768489947
4,116,Beam,0.14248097786216435
4,117,Beam,0.30284868945044924
4,118,Beam,0.16456648110936542
4,119,Beam,0.2988229600873938
4,120,Beam,0.24983698283074607
4,121,Beam,0.3173402044205774
4,122,Beam,0.21179638903010645
4,123,Beam,0.42405316221677264
4,124,Beam,0.5734596103437509
4,125,Beam,0.15884057589716394
4,126,Beam,0.7283391373401271
4,127,Beam,0.1871711617245429
4,128,Beam,0.23525123057552572
4,129,Beam,0.31774970348158377
4,130,Beam,0.17601094974422157
4,131,Beam,0.5226755250606181
4,132,Beam,0.17811007400563464
4,133,Beam,0.5730555158974707
4,134,Beam,0.20579305533539605
4,135,Beam,0.37005732364675054
4,136,Beam,0.2042464640603229
4,137,Beam,0.21375137075601294
4,138,Beam,0.2116635679155764
4,139,Beam,0.42686721934970845
4,140,Beam,0.3789404559732185
4,141,Beam,0.15401719852068654
4,142,Beam,0.7276990735713137
4,143,Beam,0.18121444131998646
4,144,Beam,0.35394617127190275
4,145,Beam,0.21287027205190975
4,146,Beam,0.17699068261557835
4,147,Beam,0.5217163791263185
4,148,Beam,0.1796524596338658
4,149,Beam,0.5726976004285463
4,150,Beam,0.3109321993069088
4,151,Beam,0.3701505179208683
4,152,Beam,0.31079536511568223
4,153,Beam,0.23461853918983958
4,154,Beam,0.18441734104160407
4,155,Beam,0.41119068691580923
4,156,Beam,0.5862802593165269
4,157,Beam,0.2062178407414336
4,158,Beam,0.9657679702819947
4,159,Beam,0.20277870653584812
4,160,Beam,0.26814338016489114
4,161,Beam,0.23618699575962834
4,162,Beam,0.17860102203286102
4,163,Beam,0.693533508926961
4,164,Beam,0.27478720548657454
4,165,Beam,0.7602616977037034
4,166,Beam,0.3179479980424201
4,167,Beam,0.35647620256676293
4,168,Beam,0.20730139738438655
5,1,Column,0.29219759747691987
5,2,Column,0.2525328573605185
5,3,Column,0.3201425011541088
5,4,Column,0.6003319568973223
5,5,Column,0.8556468124331653
5,6,Column,0.33927453937697977
5,7,Column,0.5841268440804144
5,8,Column,0.3903494834705262
5,9,Column,0.23306751114400903
5,10,Column,0.4948074643477487
5,11,Column,0.5031474524046797
5,12,Column,0.33028890684546475
5,13,Column,0.1475470343882898
5,14,Column,0.37166368067993794
5,15,Column,0.5133566729662538
5,16,Column,0.3386661749219412
5,17,Column,0.31716573650096636
5,18,Column,0.3359215976761853
5,19,Column,0.581950619915118
5,20,Column,0.6414379422151841
5,21,Column,0.18031440651291342
5,22,Column,0.11897717299562491
5,23,Column,0.1425074385009925
5,24,Column,0.2499925872968607
5,25,Column,0.20372469818369232
5,26,Column,0.4953900454697704
5,27,Column,0.6097150672220957
5,28,Column,0.2732811617423312
5,29,Column,0.37965356064605726
5,30,Column,0.5227647941649941
5,31,Column,0.7062343567793199
5,32,Column,0.4989433705119309
5,33,Column,0.17143983048012132
5,34,Column,0.16046651220087993
5,35,Column,0.15182873689479526
5,36,Column,0.17153241062026595
5,37,Column,0.08552726520876644
5,38,Column,0.3451598034816863
5,39,Column,0.44430756782994874
5,40,Column,0.1841136677619297
5,41,Column,0.2914571050630691
5,42,Column,0.3865912611204334
5,43,Column,0.6117378390364463
5,44,Column,0.5254897883935816
5,45,Column,0.10048212745351282
5,46,Column,0.11116588510842469
5,47,Column,0.1429613016619053
5,48,Column,0.10490836640653098
5,49,Column,0.06801606065065159
5,50,Column,0.22952518735797797
5,51,Column,0.26156721440127667
5,52,Column,0.10809064619368873
5,53,Column,0.20441288543675298
5,54,Column,0.18584520348363268
5,55,Column,0.30070857265426165
5,56,Column,0.3514970341777176
5,57,Column,0.05142386428101142
5,58,Column,0.06072993897288157
5,59,Column,0.09268984761241757
5,60,Column,0.07480942163509947
5,61,Beam,0.08002217316870226
5,62,Beam,0.12220208129703085
5,63,Beam,0.1355780094076668
5,64,Beam,0.14396492393323593
5,65,Beam,0.1139783953155216
5,66,Beam,0.09943140255714596
5,67,Beam,0.1865834675745053
5,68,Beam,0.22691958471019902
5,69,Beam,0.06656096967393463
5,70,Beam,0.05427555338991125
5,71,Beam,0.08206131287318937
5,72,Beam,0.0951288210955105
5,73,Beam,0.461250936209449
5,74,Beam,0.3081237070158865
5,75,Beam,0.538218867157531
5,76,Beam,0.6618451102046251
5,77,Beam,0.18936057140513243
5,78,Beam,0.8353408889953605
5,79,Beam,0.20123043646879193
5,80,Beam,0.23476252138616255
5,81,Beam,0.46127445401398576
5,82,Beam,0.198826386287468
5,83,Beam,0.6050431792272102
5,84,Beam,0.1738774241086872
5,85,Beam,0.6625066777724604
5,86,Beam,0.19794370151909832
5,87,Beam,0.5364910714367778
5,88,Beam,0.23016497148065718
5,89,Beam,0.24851280636513715
5,90,Beam,0.22451571891451336
5,91,Beam,0.6220886296623015
5,92,Beam,0.3305549248695892
5,93,Beam,0.16491992068633285
5,94,Beam,0.8160336450904416
5,95,Beam,0.21397683262006645
5,96,Beam,0.5210594563700269
5,97,Beam,0.24493474483172767
5,98,Beam,0.19208743021257904
5,99,Beam,0.5865101135908437
5,100,Beam,0.15638917617871523
5,101,Beam,0.644085134636363
5,102,Beam,0.345634652807103
5,103,Beam,0.5337929542555824
5,104,Beam,0.37422852223029673
5,105,Beam,0.2575169478246942
5,106,Beam,0.18556744742213135
5,107,Beam,0.31835049416669997
5,108,Beam,0.3033757684173859
5,109,Beam,0.10003396033905175
5,110,Beam,0.3844182565585622
5,111,Beam,0.21605553448154793
5,112,Beam,0.269086876284665
5,113,Beam,0.2577900697751234
5,114,Beam,0.2154947979494434
5,115,Beam,0.27623848386298444
5,116,Beam,0.14295228623956657
5,117,Beam,0.3024550189558678
5,118,Beam,0.16510851335901527
5,119,Beam,0.29875682913886725
5,120,Beam,0.24996456174766146
5,121,Beam,0.31740957061287395
5,122,Beam,0.21153693764779036
5,123,Beam,0.4244949226074682
5,124,Beam,0.5739002434625595
5,125,Beam,0.15982942978966222
5,126,Beam,0.728692501877722
5,127,Beam,0.18717032910289572
5,128,Beam,0.2358702601812875
5,129,Beam,0.3175707422818057
5,130,Beam,0.1761389763932362
5,131,Beam,0.5220348573874334
5,132,Beam,0.17882224237635813
5,133,Beam,0.5726808681011654
5,134,Beam,0.206606221424514
5,135,Beam,0.369837098490167
5,136,Beam,0.2043804635023235
5,137,Beam,0.2139491027021689
5,138,Beam,0.21163329402379896
5,139,Beam,0.4268783915580205
5,140,Beam,0.37869327275696923
5,141,Beam,0.15446124874385392
5,142,Beam,0.7274508705763328
5,143,Beam,0.18142884753648145
5,144,Beam,0.3540303116440646
5,145,Beam,0.21256960723699606
5,146,Beam,0.17707528656379412
5,147,Beam,0.5220069518097004
5,148,Beam,0.18004701189789565
5,149,Beam,0.5730277522142649
5,150,Beam,0.31157971813450974
5,151,Beam,0.3701120957125695
5,152,Beam,0.3108682995612065
5,153,Beam,0.234804877678875
5,154,Beam,0.18426382469529276
5,155,Beam,0.41135761865009096
5,156,Beam,0.2611287169433984
5,157,Beam,0.09323717523504527
5,158,Beam,0.5028057983749117
5,159,Beam,0.2020120428699858
5,160,Beam,0.26750539733842066
5,161,Beam,0.23605541802248395
5,162,Beam,0.17870385977898276
5,163,Beam,0.3096238821597278
5,164,Beam,0.1178957098403787
5,165,Beam,0.3417392479832054
5,166,Beam,0.13313428428442706
5,167,Beam,0.35624239323881984
5,168,Beam,0.20740600222381125
6,1,Column,0.26961529742995194
6,2,Column,0.2525340370336862
6,3,Column,0.32010799667250545
6,4,Column,0.5858554058205869
6,5,Column,0.8797810533738891
6,6,Column,0.46864895916118804
6,7,Column,0.770699167456929
6,8,Column,0.39064289550398706
6,9,Column,0.21068131446784055
6,10,Column,0.4729322109402829
6,11,Column,0.7266139744704851
6,12,Column,0.2927813419747622
6,13,Column,0.1787451189052284
6,14,Column,0.37646223005818186
6,15,Column,0.4755499743970868
6,16,Column,0.34544122601802635
6,17,Column,0.3163518501443727
6,18,Column,0.23399320224858086
6,19,Column,0.3972542452015447
6,20,Column,0.6522536084107095
6,21,Column,0.1814643819327805
6,22,Column,0.12157623413375926
6,23,Column,0.16550876887989724
6,24,Column,0.2511731126661572
6,25,Column,0.21028765679623568
6,26,Column,0.5171226779675789
6,27,Column,0.6327072369091827
6,28,Column,0.2792956528766977
6,29,Column,0.38618615231293674
6,30,Column,0.3170156846631388
6,31,Column,0.4513730804845646
6,32,Column,0.5077681544225844
6,33,Column,0.174506739454723
6,34,Column,0.1700680873001021
6,35,Column,0.1611058541530892
6,36,Column,0.1738461021385465
6,37,Column,0.08365216225157147
6,38,Column,0.34085791090415185
6,39,Column,0.4367802543334846
6,40,Column,0.18087078129234838
6,41,Column,0.2841708874430387
6,42,Column,0.38067240621728515
6,43,Column,0.6065132328667449
6,44,Column,0.5234082126647871
6,45,Column,0.08586284059509083
6,46,Column,0.11462232583307216
6,47,Column,0.14290985427871952
6,48,Column,0.1249755814270978
6,49,Column,0.06793051482426592
6,50,Column,0.23117477042310575
6,51,Column,0.2698189273426841
6,52,Column,0.1083840167930053
6,53,Column,0.20234943800232766
6,54,Column,0.2270426723926808
6,55,Column,0.3595515252750437
6,56,Column,0.346735440704376
6,57,Column,0.05146093553712076
6,58,Column,0.06444545395545835
6,59,Column,0.08707891086896966
6,60,Column,0.07516350254245123
6,61,Beam,0.07993720415360334
6,62,Beam,0.1789274594966356
6,63,Beam,0.1982188196421341
6,64,Beam,0.14282578976079566
6,65,Beam,0.10510308619568949
6,66,Beam,0.11262651279271788
6,67,Beam,0.20572495873276048
6,68,Beam,0.20926806013915913
6,69,Beam,0.06638792291167978
6,70,Beam,0.059739417670005054
6,71,Beam,0.07769192334924176
6,72,Beam,0.0939163400322254
6,73,Beam,0.46135672696603325
6,74,Beam,0.3079207939893801
6,75,Beam,0.5382674461401871
6,76,Beam,0.657703900895707
6,77,Beam,0.20520940613435273
6,78,Beam,0.8312439214649745
6,79,Beam,0.20135464285840138
6,80,Beam,0.23481679202190403
6,81,Beam,0.46166001484896646
6,82,Beam,0.1989967882584766
6,83,Beam,0.6031913973423313
6,84,Beam,0.19032423417769567
6,85,Beam,0.6601984264262435
6,86,Beam,0.2098110116937077
6,87,Beam,0.5370548998139435
6,88,Beam,0.23005442820769786
6,89,Beam,0.24723549200301048
6,90,Beam,0.22454076057570443
6,91,Beam,0.6225424424072626
6,92,Beam,0.3312334138843535
6,93,Beam,0.16233231686571467
6,94,Beam,0.8172750607746414
6,95,Beam,0.21348498752466935
6,96,Beam,0.5206642488076861
6,97,Beam,0.24993029984337856
6,98,Beam,0.19628805637197635
6,99,Beam,0.5864152802688626
6,100,Beam,0.15619961193704773
6,101,Beam,0.643876475214384
6,102,Beam,0.3454692874544792
6,103,Beam,0.5348071685509254
6,104,Beam,0.3730380794535935
6,105,Beam,0.2574031501159923
6,106,Beam,0.18458317233638133
6,107,Beam,0.3182065834192296
6,108,Beam,0.30346982985238824
6,109,Beam,0.09926869009465239
6,110,Beam,0.3844457642079276
6,111,Beam,0.21589419436128868
6,112,Beam,0.26786793681985566
6,113,Beam,0.25786777156002627
6,114,Beam,0.21537991404312407
6,115,Beam,0.2764626431771534
6,116,Beam,0.1430603049467059
6,117,Beam,0.30271299862814394
6,118,Beam,0.1646557092617362
6,119,Beam,0.2988359853149158
6,120,Beam,0.2498485763848943
6,121,Beam,0.31726689224837307
6,122,Beam,0.2115964077148466
6,123,Beam,0.4242656852175154
6,124,Beam,0.5735410535495246
6,125,Beam,0.15895738618029195
6,126,Beam,0.7283248427489094
6,127,Beam,0.18714130218530226
6,128,Beam,0.23525340005068915
6,129,Beam,0.3177130848614913
6,130,Beam,0.1761001000184861
6,131,Beam,0.5224390254134602
6,132,Beam,0.17826283932051043
6,133,Beam,0.5727313556782292
6,134,Beam,0.20597358338657515
6,135,Beam,0.3700242920017826
6,136,Beam,0.20432861280361508
6,137,Beam,0.21374981436837803
6,138,Beam,0.21195969260164632
6,139,Beam,0.42663563198513055
6,140,Beam,0.3786083343449034
6,141,Beam,0.15376075614489723
6,142,Beam,0.7272304526093379
6,143,Beam,0.1809087012362113
6,144,Beam,0.3536507995423251
6,145,Beam,0.21315329786494408
6,146,Beam,0.17714456403170642
6,147,Beam,0.5217639837282463
6,148,Beam,0.17984781765491625
6,149,Beam,0.5725895022068691
6,150,Beam,0.31140831639712147
6,151,Beam,0.37003576486677725
6,152,Beam,0.3109861958442611
6,153,Beam,0.23484903358079587
6,154,Beam,0.18487780163486303
6,155,Beam,0.4106398458627585
6,156,Beam,0.2636110570506607
6,157,Beam,0.09581598075324188
6,158,Beam,0.5066183913707845
6,159,Beam,0.20240432415209086
6,160,Beam,0.26860401849445564
6,161,Beam,0.23596642764449985
6,162,Beam,0.17866942544883885
6,163,Beam,0.3079205888143211
6,164,Beam,0.1178194316200751
6,165,Beam,0.3398782641778579
6,166,Beam,0.13104368244462133
6,167,Beam,0.3564862599098385
6,168,Beam,0.2073430153245889
7,1,Column,0.29670591155261294
7,2,Column,0.2526149448317891
7,3,Column,0.32010607452670936
7,4,Column,0.6041904617970301
7,5,Column,0.8562882495092223
7,6,Column,0.3383044232166499
7,7,Column,0.5820140471338165
7,8,Column,0.3909457902801804
7,9,Column,0.22760622712644488
7,10,Column,0.5038541794163724
7,11,Column,0.5061587515350148
7,12,Column,0.3174123832758581
7,13,Column,0.1703350704857594
7,14,Column,0.3687088783093522
7,15,Column,0.5047696641770926
7,16,Column,0.3311974803338572
7,17,Column,0.3174121102570856
7,18,Column,0.4295510882248087
7,19,Column,0.7065486335208583
7,20,Column,0.652466285558189
7,21,Column,0.17511100921996423
7,22,Column,0.11380329529447172
7,23,Column,0.15335866604662862
7,24,Column,0.24198351169383156
7,25,Column,0.20591087385225024
7,26,Column,0.5019292467669845
7,27,Column,0.6182225107949256
7,28,Column,0.26928699518238125
7,29,Column,0.5124259594699144
7,30,Column,0.5149710843367292
7,31,Column,0.6961760302522813
7,32,Column,0.5001011973970141
7,33,Column,0.17053336058526083
7,34,Column,0.16389594000000582
7,35,Column,0.15932280062308413
7,36,Column,0.14693730290524343
7,37,Column,0.09342052687864304
7,38,Column,0.339466904450932
7,39,Column,0.4359783197436712
7,40,Column,0.18893331329157712
7,41,Column,0.28800079703135695
7,42,Column,0.23161237828028056
7,43,Column,0.3946803842127614
7,44,Column,0.5272026600327249
7,45,Column,0.09285182122802606
7,46,Column,0.11545959851212001
7,47,Column,0.14855149383944002
7,48,Column,0.13022380814326148
7,49,Column,0.05421619956679471
7,50,Column,0.23319722387769432
7,51,Column,0.27095998078965405
7,52,Column,0.0848375179167724
7,53,Column,0.20409976964733806
7,54,Column,0.10565642836098581
7,55,Column,0.1807884554418046
7,56,Column,0.3474582310471539
7,57,Column,0.04954434475599096
7,58,Column,0.06330324256977085
7,59,Column,0.08512058645657002
7,60,Column,0.05825789819938818
7,61,Beam,0.07960875588486212
7,62,Beam,0.17940250360143248
7,63,Beam,0.19880600761352896
7,64,Beam,0.13977113734739147
7,65,Beam,0.10509469633653444
7,66,Beam,0.11323607085200106
7,67,Beam,0.4735214441238502
7,68,Beam,0.20945651343873867
7,69,Beam,0.06508627085047074
7,70,Beam,0.05967123894362276
7,71,Beam,0.0774435836304162
7,72,Beam,0.09103803699323915
7,73,Beam,0.32710828467321407
7,74,Beam,0.21861672821728123
7,75,Beam,0.38179861973544615
7,76,Beam,0.6600875274515079
7,77,Beam,0.18775510548583152
7,78,Beam,0.8340501413282024
7,79,Beam,0.14473487849468225
7,80,Beam,0.1688734023422279
7,81,Beam,0.3272401617074916
7,82,Beam,0.14238166304281646
7,83,Beam,0.6068904288566702
7,84,Beam,0.17468993770089292
7,85,Beam,0.6645629578547945
7,86,Beam,0.19886172864975424
7,87,Beam,0.38030292331441834
7,88,Beam,0.16441883469631052
7,89,Beam,0.24737276858896975
7,90,Beam,0.22303682533730615
7,91,Beam,0.623678872442151
7,92,Beam,0.33064821151742624
7,93,Beam,0.16531506792788447
7,94,Beam,0.8161102127880328
7,95,Beam,0.2125483132094504
7,96,Beam,0.5205487119366248
7,97,Beam,0.2450491969092802
7,98,Beam,0.19117118336310232
7,99,Beam,0.5866383953444139
7,100,Beam,0.15624828074642952
7,101,Beam,0.6441865175284116
7,102,Beam,0.3454920112952629
7,103,Beam,0.533331068867336
7,104,Beam,0.3722215293304665
7,105,Beam,0.257321761727985
7,106,Beam,0.18480182902196782
7,107,Beam,0.31758413105519434
7,108,Beam,0.30310077704690586
7,109,Beam,0.09899765850348409
7,110,Beam,0.38410988571804777
7,111,Beam,0.21588054280739263
7,112,Beam,0.26769179422760736
7,113,Beam,0.2578558664326514
7,114,Beam,0.21554777735048292
7,115,Beam,0.27644363387426024
7,116,Beam,0.14276619116913605
7,117,Beam,0.30267741191236075
7,118,Beam,0.16489785861798212
7,119,Beam,0.29883291581517907
7,120,Beam,0.250032882902198
7,121,Beam,0.3173592470411894
7,122,Beam,0.21168103538875568
7,123,Beam,0.4245441889705981
7,124,Beam,0.5731382009156623
7,125,Beam,0.15859039925314936
7,126,Beam,0.7279742310150525
7,127,Beam,0.18697037824794333
7,128,Beam,0.23520151713803766
7,129,Beam,0.31773322292361394
7,130,Beam,0.17621475165604378
7,131,Beam,0.5225975185860131
7,132,Beam,0.1785542840161519
7,133,Beam,0.572854608982394
7,134,Beam,0.20630136799946816
7,135,Beam,0.37004584787868183
7,136,Beam,0.2044668412532223
7,137,Beam,0.21427486308067167
7,138,Beam,0.21192491866507163
7,139,Beam,0.42715170338056563
7,140,Beam,0.3785334701645185
7,141,Beam,0.15408368875141712
7,142,Beam,0.7272292326860372
7,143,Beam,0.18103678058549696
7,144,Beam,0.35412748641703146
7,145,Beam,0.2122638501053187
7,146,Beam,0.17717304220071853
7,147,Beam,0.5217829493258349
7,148,Beam,0.18004554638052198
7,149,Beam,0.5726594257571255
7,150,Beam,0.3117232264222858
7,151,Beam,0.3699907402912903
7,152,Beam,0.31113564596816473
7,153,Beam,0.23473989300849563
7,154,Beam,0.18480153966288523
7,155,Beam,0.4105225236199472
7,156,Beam,0.30370985060691313
7,157,Beam,0.1082605033779835
7,158,Beam,0.4993237396895581
7,159,Beam,0.20265624457340742
7,160,Beam,0.2686596916433912
7,161,Beam,0.2359314422943731
7,162,Beam,0.17868499558168935
7,163,Beam,0.35732792071006636
7,164,Beam,0.14296819993503238
7,165,Beam,0.3928648828696353
7,166,Beam,0.1646548692918095
7,167,Beam,0.3562701943627949
7,168,Beam,0.20736676294478154
8,1,Column,0.3127341746248301
8,2,Column,0.25289830182462136
8,3,Column,0.32048046583285844
8,4,Column,0.6320693675418392
8,5,Column,0.8472965761499504
8,6,Column,0.3424698845090923
8,7,Column,0.6012657806884485
8,8,Column,0.39064737774246394
8,9,Column,0.2335702459781497
8,10,Column,0.5258355163345412
8,11,Column,0.13066672975177654
8,12,Column,0.3271274688835374
8,13,Column,0.1780741146984211
8,14,Column,0.36684324850258004
8,15,Column,0.5210112730669942
8,16,Column,0.3409709081681366
8,17,Column,0.3124774748184412
8,18,Column,0.23539761736920037
8,19,Column,0.39442801713700426
8,20,Column,0.6459888672878165
8,21,Column,0.17986059090505574
8,22,Column,0.09275329119235536
8,23,Column,0.19295408351273172
8,24,Column,0.24837162539959615
8,25,Column,0.1920417934693485
8,26,Column,0.506788088056014
8,27,Column,0.616992691543496
8,28,Column,0.27734988956748713
8,29,Column,0.3730670641249222
8,30,Column,0.5269382020322653
8,31,Column,0.7566154247313537
8,32,Column,0.4989317688667641
8,33,Column,0.17347035765440563
8,34,Column,0.16657500092995484
8,35,Column,0.15172610325478525
8,36,Column,0.1730193729172021
8,37,Column,0.09748337221044728
8,38,Column,0.3424189971249616
8,39,Column,0.4408682431819897
8,40,Column,0.19328300344432786
8,41,Column,0.28962709708872475
8,42,Column,0.38562116087498255
8,43,Column,0.6091740264596663
8,44,Column,0.5300196887805076
8,45,Column,0.1047810292491627
8,46,Column,0.11529155021386682
8,47,Column,0.1465575596854357
8,48,Column,0.13285635426873071
8,49,Column,0.057228856192704444
8,50,Column,0.23439431068339464
8,51,Column,0.2680912343641732
8,52,Column,0.09694511669192658
8,53,Column,0.20543227818882095
8,54,Column,0.23237014594129016
8,55,Column,0.37237496099072487
8,56,Column,0.34697718346972306
8,57,Column,0.053256427814881574
8,58,Column,0.06753645659076594
8,59,Column,0.0831931286238549
8,60,Column,0.06361330176068254
8,61,Beam,0.07899070856622593
8,62,Beam,0.13717623657941883
8,63,Beam,0.15170552612748617
8,64,Beam,0.14217220951135984
8,65,Beam,0.10217239408190112
8,66,Beam,0.10057795714475254
8,67,Beam,0.1879820291391901
8,68,Beam,0.20442085505080868
8,69,Beam,0.06561356953662638
8,70,Beam,0.04881944662838838
8,71,Beam,0.07391629125562106
8,72,Beam,0.09370699824454316
8,73,Beam,0.47238996177311277
8,74,Beam,0.3156184920212451
8,75,Beam,0.5510851195172809
8,76,Beam,0.7762248961446505
8,77,Beam,0.1948428516516174
8,78,Beam,0.9849765888567006
8,79,Beam,0.21532488848026757
8,80,Beam,0.2510221210698215
8,81,Beam,0.4720275024292259
8,82,Beam,0.21028400296969413
8,83,Beam,0.7083739042411901
8,84,Beam,0.18962775168845308
8,85,Beam,0.7775446612807286
8,86,Beam,0.21848448341203347
8,87,Beam,0.5479593213117434
8,88,Beam,0.241120162299431
8,89,Beam,0.2452503360151437
8,90,Beam,0.22039613207307746
8,91,Beam,0.622276760388254
8,92,Beam,0.33139873191893104
8,93,Beam,0.16373050742165218
8,94,Beam,0.8173252869229178
8,95,Beam,0.2105644008614566
8,96,Beam,0.5209492478282611
8,97,Beam,0.24225524927337477
8,98,Beam,0.18905238031396573
8,99,Beam,0.5875566264990225
8,100,Beam,0.15664751461452317
8,101,Beam,0.6451280698264944
8,102,Beam,0.3459018832321194
8,103,Beam,0.5337932673743464
8,104,Beam,0.37432757924143767
8,105,Beam,0.2573797075281304
8,106,Beam,0.18408167686041704
8,107,Beam,0.3178238386664173
8,108,Beam,0.3034382982730112
8,109,Beam,0.09830786856702259
8,110,Beam,0.3843777240247503
8,111,Beam,0.21588321688428466
8,112,Beam,0.26637524177749994
8,113,Beam,0.2577686487637385
8,114,Beam,0.21554485996888104
8,115,Beam,0.2767788958525603
8,116,Beam,0.14245376927577036
8,117,Beam,0.3030639748209221
8,118,Beam,0.1643486281809724
8,119,Beam,0.29874307500491637
8,120,Beam,0.25001201403789225
8,121,Beam,0.3173217083590193
8,122,Beam,0.21187586036540357
8,123,Beam,0.4237818883354098
8,124,Beam,0.5737717216822448
8,125,Beam,0.15838233450095168
8,126,Beam,0.7287230503325116
8,127,Beam,0.18629488246444514
8,128,Beam,0.23490841919208477
8,129,Beam,0.3177804148235227
8,130,Beam,0.17629645492151072
8,131,Beam,0.5229463768107594
8,132,Beam,0.17817524795824052
8,133,Beam,0.5733731834859355
8,134,Beam,0.20549941357935667
8,135,Beam,0.3701171194622238
8,136,Beam,0.2045535295049029
8,137,Beam,0.2135764587395468
8,138,Beam,0.21186473111386947
8,139,Beam,0.426916848161501
8,140,Beam,0.3790079759574881
8,141,Beam,0.15331149670383032
8,142,Beam,0.7278080912815852
8,143,Beam,0.18042390486633086
8,144,Beam,0.35390982430296464
8,145,Beam,0.21160246746581404
8,146,Beam,0.17720517722241702
8,147,Beam,0.5219746319463444
8,148,Beam,0.17946982115129112
8,149,Beam,0.5727642162668323
8,150,Beam,0.3107691975565326
8,151,Beam,0.3700440558938505
8,152,Beam,0.3112113716745519
8,153,Beam,0.2341207109258884
8,154,Beam,0.18461214254730918
8,155,Beam,0.4108479672004008
8,156,Beam,0.26116181794535237
8,157,Beam,0.09295007301551567
8,158,Beam,0.5030402160747414
8,159,Beam,0.20180617135364942
8,160,Beam,0.2682176634136628
8,161,Beam,0.23583143601698123
8,162,Beam,0.1787179056864515
8,163,Beam,0.3086033229814411
8,164,Beam,0.11650855558738832
8,165,Beam,0.33911678579461707
8,166,Beam,0.13054450445368637
8,167,Beam,0.3558620389986522
8,168,Beam,0.20740963704413948
9,1,Column,0.30345575516236645
9,2,Column,0.2506566099877806
9,3,Column,0.3180917298928154
9,4,Column,0.6143813758850812
9,5,Column,0.8808026208417647
9,6,Column,0.34447529435473295
9,7,Column,0.5954573479468672
9,8,Column,0.3884357490867292
9,9,Column,0.2320479969698673
9,10,Column,0.3852071393777524
9,11,Column,0.5110636394165854
9,12,Column,0.33248980593138244
9,13,Column,0.18670256348157574
9,14,Column,0.563347647496574
9,15,Column,0.7519461783840622
9,16,Column,0.3285707426439136
9,17,Column,0.4057212536133722
9,18,Column,0.23196682507283872
9,19,Column,0.323228306000786
9,20,Column,0.9245357311440625
9,21,Column,0.18219377797380612
9,22,Column,0.16041224342366156
9,23,Column,0.22576259882365096
9,24,Column,0.2508531515620227
9,25,Column,0.20420596155696136
9,26,Column,0.48878906108049214
9,27,Column,0.6033165575527828
9,28,Column,0.27300879136351264
9,29,Column,0.4997884231100856
9,30,Column,0.5262136870065218
9,31,Column,0.7592829001015857
9,32,Column,0.5127540463947018
9,33,Column,0.17070315846195463
9,34,Column,0.15857138186586492
9,35,Column,0.14741714900466577
9,36,Column,0.16991866220060012
9,37,Column,0.09050049781221842
9,38,Column,0.33423522413506246
9,39,Column,0.43190757601888996
9,40,Column,0.1905505951652349
9,41,Column,0.2832680783528612
9,42,Column,0.3856735139245969
9,43,Column,0.6110683020101879
9,44,Column,0.5231135018579324
9,45,Column,0.10407067960621871
9,46,Column,0.10969583348814142
9,47,Column,0.14427817375818802
9,48,Column,0.12212732168839989
9,49,Column,0.061249096257111287
9,50,Column,0.2340372906325561
9,51,Column,0.26299819848803735
9,52,Column,0.08484989895606954
9,53,Column,0.20483626600104035
9,54,Column,0.22326331858308235
9,55,Column,0.36484276797064813
9,56,Column,0.3494273210659031
9,57,Column,0.04950225030527469
9,58,Column,0.06071355587101246
9,59,Column,0.06694120881506231
9,60,Column,0.074305502984238
9,61,Beam,0.07990465836782451
9,62,Beam,0.17340945992370418
9,63,Beam,0.19131507168138964
9,64,Beam,0.14164711011917905
9,65,Beam,0.12744071860467923
9,66,Beam,0.11215751231317894
9,67,Beam,0.20850389418929025
9,68,Beam,0.2524949661334844
9,69,Beam,0.06645890606808973
9,70,Beam,0.06153166884919821
9,71,Beam,0.09119759015040943
9,72,Beam,0.09321210789014571
9,73,Beam,0.3274436561132334
9,74,Beam,0.21833153483523338
9,75,Beam,0.38190988678262966
9,76,Beam,0.661427675557344
9,77,Beam,0.19633554076466533
9,78,Beam,0.8345445826197677
9,79,Beam,0.1448625325067295
9,80,Beam,0.16893668298657197
9,81,Beam,0.3271685088430265
9,82,Beam,0.1425077273911427
9,83,Beam,0.6046001477042955
9,84,Beam,0.1737603531964167
9,85,Beam,0.662090804524687
9,86,Beam,0.19782206047519615
9,87,Beam,0.38022750265487737
9,88,Beam,0.16457830445013671
9,89,Beam,0.24597650363146717
9,90,Beam,0.22009554261187272
9,91,Beam,0.622416482499483
9,92,Beam,0.33108331692525605
9,93,Beam,0.16343268164383348
9,94,Beam,0.8168773753651689
9,95,Beam,0.21135089451225958
9,96,Beam,0.5217201243868161
9,97,Beam,0.2418135302633786
9,98,Beam,0.18781151100204863
9,99,Beam,0.5870509277710569
9,100,Beam,0.156602752679472
9,101,Beam,0.6446411487758151
9,102,Beam,0.34602144497668524
9,103,Beam,0.5335549326242431
9,104,Beam,0.3730517638480765
9,105,Beam,0.2573008623503284
9,106,Beam,0.18466546437165776
9,107,Beam,0.3174868637607071
9,108,Beam,0.30325532754829837
9,109,Beam,0.09852760112004459
9,110,Beam,0.3842655885780383
9,111,Beam,0.2158693649104155
9,112,Beam,0.2667321470342181
9,113,Beam,0.2577112065734174
9,114,Beam,0.21537274128590211
9,115,Beam,0.27663858320994994
9,116,Beam,0.14249167073970348
9,117,Beam,0.302908519499872
9,118,Beam,0.16456596727422318
9,119,Beam,0.2986742132333992
9,120,Beam,0.24982822221939535
9,121,Beam,0.3173717068415287
9,122,Beam,0.2120407159816153
9,123,Beam,0.42386067068830946
9,124,Beam,0.5733657045396723
9,125,Beam,0.15879114401542227
9,126,Beam,0.7283685712212267
9,127,Beam,0.18675993266899002
9,128,Beam,0.2350875364280064
9,129,Beam,0.31761881941755216
9,130,Beam,0.1760871642920298
9,131,Beam,0.5228144448135088
9,132,Beam,0.1782603848486004
9,133,Beam,0.5731630582231703
9,134,Beam,0.20593966759988216
9,135,Beam,0.3698960855784648
9,136,Beam,0.20432284154318822
9,137,Beam,0.21423929876521142
9,138,Beam,0.21157244578955242
9,139,Beam,0.42696449362147815
9,140,Beam,0.37897528058133856
9,141,Beam,0.15384809068628175
9,142,Beam,0.7280950494951547
9,143,Beam,0.1811249486787188
9,144,Beam,0.354328452309043
9,145,Beam,0.21131382365268528
9,146,Beam,0.17701151286393507
9,147,Beam,0.5220579511661295
9,148,Beam,0.1795699336715006
9,149,Beam,0.5729230581306928
9,150,Beam,0.3106658579498721
9,151,Beam,0.3697590038748169
9,152,Beam,0.3110368529153319
9,153,Beam,0.23463810541284813
9,154,Beam,0.18365434810538805
9,155,Beam,0.4114975723530042
9,156,Beam,0.30260553722839395
9,157,Beam,0.1081629561212434
9,158,Beam,0.4972626653339026
9,159,Beam,0.19894370320450716
9,160,Beam,0.26586230860793286
9,161,Beam,0.2358259751344669
9,162,Beam,0.1783833398687971
9,163,Beam,0.35802248603579445
9,164,Beam,0.14402987687669125
9,165,Beam,0.391937309674737
9,166,Beam,0.16589519314773474
9,167,Beam,0.356767983625716
9,168,Beam,0.20704679695816142
10,1,Column,0.2960479643899463
10,2,Column,0.24935147719973144
10,3,Column,0.31635348669732843
10,4,Column,0.6133655417436723
10,5,Column,0.8265665847490485
10,6,Column,0.3255775005809738
10,7,Column,0.5640861658331084
10,8,Column,0.3862769570541207
10,9,Column,0.23607852822467512
10,10,Column,0.3787757278827357
10,11,Column,0.5035415578479143
10,12,Column,0.3213077071132159
10,13,Column,0.18712126614144522
10,14,Column,0.3971020967682598
10,15,Column,0.528252615010913
10,16,Column,0.3489403790251996
10,17,Column,0.31688846036107904
10,18,Column,0.23053763345821587
10,19,Column,0.3858549843530946
10,20,Column,0.6436186537940419
10,21,Column,0.18547478845577442
10,22,Column,0.14393322055937322
10,23,Column,0.18891262658111962
10,24,Column,0.2544640953049722
10,25,Column,0.20810665934178535
10,26,Column,0.48662461781674493
10,27,Column,0.5946327553158104
10,28,Column,0.2770206784103355
10,29,Column,0.369530196871815
10,30,Column,0.4060218503533471
10,31,Column,0.584281582032633
10,32,Column,0.49950418559893983
10,33,Column,0.174476923617518
10,34,Column,0.1594446186948486
10,35,Column,0.14160115451210642
10,36,Column,0.17454613200493851
10,37,Column,0.09337600253275517
10,38,Column,0.3329182632456509
10,39,Column,0.4297838880591858
10,40,Column,0.1622061375736435
10,41,Column,0.2837491246094693
10,42,Column,0.26778301320304837
10,43,Column,0.4137406302157929
10,44,Column,0.5250655172233261
10,45,Column,0.10492385649306128
10,46,Column,0.1081384519801521
10,47,Column,0.14279349828369436
10,48,Column,0.1332256891010577
10,49,Column,0.05387428291793134
10,50,Column,0.23214149857581154
10,51,Column,0.26229656500817616
10,52,Column,0.09417862030134214
10,53,Column,0.20372184134212779
10,54,Column,0.17556395368011937
10,55,Column,0.30270982388578643
10,56,Column,0.34783114208431287
10,57,Column,0.05272723178227221
10,58,Column,0.059536528372039196
10,59,Column,0.08283363398518652
10,60,Column,0.06277364618964776
10,61,Beam,0.08068866065461686
10,62,Beam,0.17274218721369206
10,63,Beam,0.19086033146910972
10,64,Beam,0.14379935730648294
10,65,Beam,0.12757444818335767
10,66,Beam,0.11090237989048503
10,67,Beam,0.3504533864131593
10,68,Beam,0.25217135657406886
10,69,Beam,0.06750785169015114
10,70,Beam,0.061410048276429326
10,71,Beam,0.09139916748161868
10,72,Beam,0.09508346584531627
10,73,Beam,0.46127091943714166
10,74,Beam,0.307806162378909
10,75,Beam,0.5381412853897435
10,76,Beam,0.7767382972825382
10,77,Beam,0.19485665593552787
10,78,Beam,0.9853878975313689
10,79,Beam,0.20128045325926108
10,80,Beam,0.23476313322550615
10,81,Beam,0.4612394579487951
10,82,Beam,0.1987950257272086
10,83,Beam,0.7076270676907221
10,84,Beam,0.18938651492842595
10,85,Beam,0.776744449019663
10,86,Beam,0.21820675018016936
10,87,Beam,0.5365124119038794
10,88,Beam,0.23012997402128885
10,89,Beam,0.24827749339071378
10,90,Beam,0.22433510170424992
10,91,Beam,0.6220806218020444
10,92,Beam,0.38850535456245244
10,93,Beam,0.19238488259667208
10,94,Beam,0.9581804996082394
10,95,Beam,0.21374714828990482
10,96,Beam,0.5211546115338058
10,97,Beam,0.2424729882660386
10,98,Beam,0.1893797170797828
10,99,Beam,0.6889628902793407
10,100,Beam,0.18377690234209965
10,101,Beam,0.7564875653982813
10,102,Beam,0.4058748858843383
10,103,Beam,0.5336410702676826
10,104,Beam,0.3741863871692567
10,105,Beam,0.2574593506880526
10,106,Beam,0.18617320104941817
10,107,Beam,0.31785761014217323
10,108,Beam,0.3029275899632909
10,109,Beam,0.09929927686931034
10,110,Beam,0.3839608907488985
10,111,Beam,0.21596151404251396
10,112,Beam,0.2682733000225779
10,113,Beam,0.2576865994808458
10,114,Beam,0.21540999921725112
10,115,Beam,0.2765661486424147
10,116,Beam,0.14260656917111428
10,117,Beam,0.3028248324932548
10,118,Beam,0.16469900726147904
10,119,Beam,0.29865439474569805
10,120,Beam,0.24986729766839352
10,121,Beam,0.31740812575824934
10,122,Beam,0.2120614486278069
10,123,Beam,0.4239070239430094
10,124,Beam,0.5732423921740796
10,125,Beam,0.1595038399199409
10,126,Beam,0.7283049789861495
10,127,Beam,0.18775923256279062
10,128,Beam,0.23550621095649776
10,129,Beam,0.31763492048212616
10,130,Beam,0.17614309151791332
10,131,Beam,0.5229814169674969
10,132,Beam,0.1784854764581156
10,133,Beam,0.5733567639092534
10,134,Beam,0.20619221908014818
10,135,Beam,0.3699529189615436
10,136,Beam,0.20439815353055724
10,137,Beam,0.21454243513139848
10,138,Beam,0.21159846529254198
10,139,Beam,0.42678839483871917
10,140,Beam,0.3790278202531564
10,141,Beam,0.15475654754307525
10,142,Beam,0.7281947206304755
10,143,Beam,0.18137833390661717
10,144,Beam,0.35410651613010274
10,145,Beam,0.21170981857634172
10,146,Beam,0.17711829867809908
10,147,Beam,0.5221430399271281
10,148,Beam,0.1796809978071499
10,149,Beam,0.5729578255069409
10,150,Beam,0.3108462220148642
10,151,Beam,0.36983720557074584
10,152,Beam,0.31138394571886213
10,153,Beam,0.23522014262326033
10,154,Beam,0.1837488217383508
10,155,Beam,0.41176876245818134
10,156,Beam,0.25963377483027184
10,157,Beam,0.09639401146638639
10,158,Beam,0.4987553935999556
10,159,Beam,0.19932506102232844
10,160,Beam,0.26603722215856757
10,161,Beam,0.23598372702607273
10,162,Beam,0.17840853740618604
10,163,Beam,0.3085613108601115
10,164,Beam,0.11805288342399375
10,165,Beam,0.3362710997607014
10,166,Beam,0.13105848080674845
10,167,Beam,0.3567562540913544
10,168,Beam,0.2070897499646385
11,1,Column,0.3098709193597167
11,2,Column,0.25361857084944534
11,3,Column,0.32120942717724776
11,4,Column,0.6274186154260868
11,5,Column,0.8962229493574053
11,6,Column,0.3581145679548139
11,7,Column,0.6291701220519399
11,8,Column,0.39173051784942564
11,9,Column,0.24137114136459475
11,10,Column,0.4026782517707416
11,11,Column,0.5258508566650082
11,12,Column,0.33423505320101143
11,13,Column,0.18232369129424938
11,14,Column,0.47120850519109
11,15,Column,0.7649607179941371
11,16,Column,0.34560268020931345
11,17,Column,0.4027369122754238
11,18,Column,0.23353916004251918
11,19,Column,0.35619414267607985
11,20,Column,0.9335024591261758
11,21,Column,0.1809245597267664
11,22,Column,0.17954876056410982
11,23,Column,0.24401879019141012
11,24,Column,0.24929231379913375
11,25,Column,0.20518592707229244
11,26,Column,0.5032933402966089
11,27,Column,0.6183430779454453
11,28,Column,0.27427106325793266
11,29,Column,0.3799881504571625
11,30,Column,0.5217911055976204
11,31,Column,0.7515683878978618
11,32,Column,0.5158609966847932
11,33,Column,0.17161841404022476
11,34,Column,0.16430218736346722
11,35,Column,0.09305455363353667
11,36,Column,0.17109656335507423
11,37,Column,0.08920292030505075
11,38,Column,0.34414106226032753
11,39,Column,0.44253908060975033
11,40,Column,0.1863286849222615
11,41,Column,0.2905591825216661
11,42,Column,0.34134913440106884
11,43,Column,0.6092387906606094
11,44,Column,0.5326901966107764
11,45,Column,0.10174942506216812
11,46,Column,0.11683666098903248
11,47,Column,0.14639435079612803
11,48,Column,0.10867053020164198
11,49,Column,0.07013178618062459
11,50,Column,0.23333020257070725
11,51,Column,0.26597627704725335
11,52,Column,0.10818747532110044
11,53,Column,0.2043638670695005
11,54,Column,0.22865637940056324
11,55,Column,0.3637654008252248
11,56,Column,0.3463690792795879
11,57,Column,0.05254737925446892
11,58,Column,0.062162413356305686
11,59,Column,0.07391844070918288
11,60,Column,0.0755714070898921
11,61,Beam,0.0804808686348471
11,62,Beam,0.12286216066614367
11,63,Beam,0.13649810136888293
11,64,Beam,0.14377767356959417
11,65,Beam,0.15082231969720142
11,66,Beam,0.11318392412881022
11,67,Beam,0.33920944998522
11,68,Beam,0.2993441274127308
11,69,Beam,0.0671144153512316
11,70,Beam,0.07249127933916576
11,71,Beam,0.1097182846244668
11,72,Beam,0.09503448012099797
11,73,Beam,0.39658027063183965
11,74,Beam,0.26505677432383257
11,75,Beam,0.5104904672289435
11,76,Beam,0.6614215485212276
11,77,Beam,0.19068996632121604
11,78,Beam,0.8345467164039244
11,79,Beam,0.18384275499879088
11,80,Beam,0.22994830634914162
11,81,Beam,0.39643696042550797
11,82,Beam,0.17357155991868914
11,83,Beam,0.6045597124803573
11,84,Beam,0.17388108262425267
11,85,Beam,0.6621070591626682
11,86,Beam,0.19794457160683218
11,87,Beam,0.4606494065084045
11,88,Beam,0.20028376963888364
11,89,Beam,0.24404035825609433
11,90,Beam,0.21764990256956335
11,91,Beam,0.6225576076421288
11,92,Beam,0.33117161145353263
11,93,Beam,0.1636565840528937
11,94,Beam,0.816912280263448
11,95,Beam,0.2096218896976478
11,96,Beam,0.5217114560721267
11,97,Beam,0.24023962117924627
11,98,Beam,0.1864346710343691
11,99,Beam,0.5873739565697366
11,100,Beam,0.15668552417857862
11,101,Beam,0.6449210632784224
11,102,Beam,0.34604935370177375
11,103,Beam,0.5335349753242551
11,104,Beam,0.37386197617253103
11,105,Beam,0.2574335955877876
11,106,Beam,0.18360976385710515
11,107,Beam,0.31796776078680633
11,108,Beam,0.4727585363554818
11,109,Beam,0.1559895281231787
11,110,Beam,0.5986333485115076
11,111,Beam,0.21595954777552887
11,112,Beam,0.2660924809555724
11,113,Beam,0.25768213178381955
11,114,Beam,0.21545013137142838
11,115,Beam,0.43139925308317156
11,116,Beam,0.2228862493972501
11,117,Beam,0.4720940968622862
11,118,Beam,0.2568718489218958
11,119,Beam,0.29863594546850913
11,120,Beam,0.24989974156241296
11,121,Beam,0.3173380037400764
11,122,Beam,0.21193011792475006
11,123,Beam,0.42373765819578235
11,124,Beam,0.5736812328807046
11,125,Beam,0.1582795792568966
11,126,Beam,0.728642211281379
11,127,Beam,0.18601158987623148
11,128,Beam,0.23495103950040258
11,129,Beam,0.31749832532163774
11,130,Beam,0.17612919414133013
11,131,Beam,0.5229267676065957
11,132,Beam,0.17812768241210183
11,133,Beam,0.573350394228928
11,134,Beam,0.20555327797692424
11,135,Beam,0.3697729636722751
11,136,Beam,0.20433995304733263
11,137,Beam,0.213277153841476
11,138,Beam,0.2118159866069846
11,139,Beam,0.42642073787399404
11,140,Beam,0.3789657484513236
11,141,Beam,0.15312014129098137
11,142,Beam,0.7279035363600523
11,143,Beam,0.180140807908983
11,144,Beam,0.3536944337561943
11,145,Beam,0.21129203569681637
11,146,Beam,0.17714988252641406
11,147,Beam,0.5218647550670887
11,148,Beam,0.17965495347855656
11,149,Beam,0.572686533491742
11,150,Beam,0.3112271990049874
11,151,Beam,0.36988040900413033
11,152,Beam,0.31094041436217223
11,153,Beam,0.2344001235335994
11,154,Beam,0.18436113660073244
11,155,Beam,0.41091613048510894
11,156,Beam,0.3028339446877334
11,157,Beam,0.10786675639488899
11,158,Beam,0.49804835217999766
11,159,Beam,0.19981952609800066
11,160,Beam,0.2670222333285953
11,161,Beam,0.2355041360614918
11,162,Beam,0.17880207823944883
11,163,Beam,0.35764681243005525
11,164,Beam,0.14292049764746964
11,165,Beam,0.3931592064600306
11,166,Beam,0.1646146971838644
11,167,Beam,0.3552841214007916
11,168,Beam,0.20747089797395607
12,1,Column,0.3038958721031587
12,2,Column,0.2499342434228643
12,3,Column,0.3172339152440297
12,4,Column,0.6226614982417628
12,5,Column,0.8378296408884786
12,6,Column,0.3316140721793984
12,7,Column,0.5717281859764947
12,8,Column,0.3869044696187616
12,9,Column,0.23848344001333383
12,10,Column,0.3849872946235035
12,11,Column,0.5105138959358727
12,12,Column,0.3101745964010274
12,13,Column,0.19149919041367802
12,14,Column,0.4045739654405943
12,15,Column,0.5346826816568494
12,16,Column,0.3575025601825376
12,17,Column,0.319844245243714
12,18,Column,0.2353724548440787
12,19,Column,0.39788915293356664
12,20,Column,0.6478906360137258
12,21,Column,0.1703576354323879
12,22,Column,0.14374524041635756
12,23,Column,0.19444040640881116
12,24,Column,0.2588942275765272
12,25,Column,0.21612942930903456
12,26,Column,0.505585560111572
12,27,Column,0.6176281062651388
12,28,Column,0.28562742826402876
12,29,Column,0.3804038036129809
12,30,Column,0.5346203872914834
12,31,Column,0.765440291685757
12,32,Column,0.5068945409765885
12,33,Column,0.18242150631206128
12,34,Column,0.16880948190002262
12,35,Column,0.15416353303904226
12,36,Column,0.18336775289324417
12,37,Column,0.08443851524190933
12,38,Column,0.31312434800271877
12,39,Column,0.40948833178404775
12,40,Column,0.16024017167553753
12,41,Column,0.2629592929448638
12,42,Column,0.26908919942448695
12,43,Column,0.42118194096800493
12,44,Column,0.5069334028342367
12,45,Column,0.06536663945864339
12,46,Column,0.10933977643932112
12,47,Column,0.14398784560133684
12,48,Column,0.12217440734370903
12,49,Column,0.0657785090110088
12,50,Column,0.22900240424438925
12,51,Column,0.2646106968465147
12,52,Column,0.08466083271105748
12,53,Column,0.188199559744408
12,54,Column,0.1794383443492035
12,55,Column,0.3034223541915209
12,56,Column,0.33756292226243356
12,57,Column,0.052800442403636134
12,58,Column,0.05710929245027562
12,59,Column,0.06782487564822084
12,60,Column,0.06387166556225587
12,61,Beam,0.07949149684390273
12,62,Beam,0.17242305079007483
12,63,Beam,0.1904741296734502
12,64,Beam,0.14162360173429658
12,65,Beam,0.12739258662746078
12,66,Beam,0.11080452903083005
12,67,Beam,0.350648050758903
12,68,Beam,0.25227132618581394
12,69,Beam,0.06654684623006767
12,70,Beam,0.06122407182246167
12,71,Beam,0.09102850972669678
12,72,Beam,0.09275325495075032
12,73,Beam,0.46124632480853467
12,74,Beam,0.30786937373732015
12,75,Beam,0.5381628273499016
12,76,Beam,0.7767126050110135
12,77,Beam,0.19483719910556763
12,78,Beam,0.9853868471135109
12,79,Beam,0.2012827953239469
12,80,Beam,0.23476730243763463
12,81,Beam,0.4612279923260404
12,82,Beam,0.1988124251635054
12,83,Beam,0.7076649171061252
12,84,Beam,0.1893743250750743
12,85,Beam,0.7767758908243501
12,86,Beam,0.21819268213630774
12,87,Beam,0.5365167475620782
12,88,Beam,0.2301116387355715
12,89,Beam,0.24537326130957504
12,90,Beam,0.22062381350979185
12,91,Beam,0.6220384949434834
12,92,Beam,0.3313368499107813
12,93,Beam,0.16366442845209858
12,94,Beam,0.8172273504775114
12,95,Beam,0.21118350636335273
12,96,Beam,0.5211159870442367
12,97,Beam,0.24115549634193076
12,98,Beam,0.18760037546046093
12,99,Beam,0.5875429699995415
12,100,Beam,0.15669182558047093
12,101,Beam,0.6451136907454215
12,102,Beam,0.34606656257525503
12,103,Beam,0.5336277327434229
12,104,Beam,0.3740694554600624
12,105,Beam,0.25742867406511877
12,106,Beam,0.18216279386621437
12,107,Beam,0.31787895031083885
12,108,Beam,0.3032716121090569
12,109,Beam,0.09605871477339181
12,110,Beam,0.38425380922105784
12,111,Beam,0.21590700044756433
12,112,Beam,0.26592835096050005
12,113,Beam,0.25771266652235236
12,114,Beam,0.21543083953903738
12,115,Beam,0.27678164325647664
12,116,Beam,0.14240129482752542
12,117,Beam,0.303068254568811
12,118,Beam,0.16445326934963828
12,119,Beam,0.298679542680856
12,120,Beam,0.24989040599072726
12,121,Beam,0.36272260677809043
12,122,Beam,0.26665457243918983
12,123,Beam,0.4215419058175506
12,124,Beam,0.5734464302330937
12,125,Beam,0.1531644277915728
12,126,Beam,0.7283871143585912
12,127,Beam,0.20797513679850813
12,128,Beam,0.24142097698708817
12,129,Beam,0.3629206371354633
12,130,Beam,0.21309356048552952
12,131,Beam,0.5232231994753758
12,132,Beam,0.17818115968239356
12,133,Beam,0.5736384800905068
12,134,Beam,0.20583214591105775
12,135,Beam,0.42252301339038195
12,136,Beam,0.24261704273412
12,137,Beam,0.21080624609937335
12,138,Beam,0.21157088463440818
12,139,Beam,0.4271411981896833
12,140,Beam,0.3792420360392707
12,141,Beam,0.14966072921190732
12,142,Beam,0.7283729810494948
12,143,Beam,0.17657424988696035
12,144,Beam,0.3544552204027274
12,145,Beam,0.21134561008970973
12,146,Beam,0.17711485724864987
12,147,Beam,0.5224001010573746
12,148,Beam,0.1793733071194433
12,149,Beam,0.573270472908225
12,150,Beam,0.31038161124988123
12,151,Beam,0.36983212722297865
12,152,Beam,0.3112554163215814
12,153,Beam,0.2347391447963032
12,154,Beam,0.18365302921608498
12,155,Beam,0.4116720280058177
12,156,Beam,0.2600182626286121
12,157,Beam,0.0925439305782805
12,158,Beam,0.49875196166545793
12,159,Beam,0.1949738206336327
12,160,Beam,0.26590562803352
12,161,Beam,0.23592989629858838
12,162,Beam,0.17842129811157154
12,163,Beam,0.30907801782015315
12,164,Beam,0.1157478671326688
12,165,Beam,0.33691445893149086
12,166,Beam,0.12887605943990715
12,167,Beam,0.35685070180782713
12,168,Beam,0.20709273027539446
13,1,Column,0.3130815404561068
13,2,Column,0.2533137766384397
13,3,Column,0.3207378609616858
13,4,Column,0.6271467970823061
13,5,Column,0.881887284789418
13,6,Column,0.3398556539578451
13,7,Column,0.6314243869581746
13,8,Column,0.3912345321140676
13,9,Column,0.23387451529992986
13,10,Column,0.4012622945082773
13,11,Column,0.1309869697952822
13,12,Column,0.33371021156681824
13,13,Column,0.1838007309739192
13,14,Column,0.37963411575233286
13,15,Column,0.5332431520545642
13,16,Column,0.3566846508306277
13,17,Column,0.3235515041322119
13,18,Column,0.2321176143929109
13,19,Column,0.3530801981676689
13,20,Column,0.6583382098149707
13,21,Column,0.18998164490924715
13,22,Column,0.13956804464867673
13,23,Column,0.19109461642727707
13,24,Column,0.2596972572373161
13,25,Column,0.21642670643054843
13,26,Column,0.5177749380990885
13,27,Column,0.6287128964766944
13,28,Column,0.28666683686859984
13,29,Column,0.3826099502729035
13,30,Column,0.5278375161730818
13,31,Column,0.758096226397224
13,32,Column,0.5074941322587523
13,33,Column,0.18044212661811262
13,34,Column,0.1725641057967543
13,35,Column,0.15815755066242912
13,36,Column,0.1816633628107834
13,37,Column,0.08428821601828058
13,38,Column,0.32402764501640596
13,39,Column,0.4185497525067941
13,40,Column,0.15744385571277822
13,41,Column,0.2694748259643917
13,42,Column,0.38714393823548565
13,43,Column,0.6120570026426788
13,44,Column,0.5115198053346115
13,45,Column,0.08161468510568812
13,46,Column,0.11630778658817317
13,47,Column,0.14907054987963267
13,48,Column,0.11985697442950158
13,49,Column,0.07064813397213733
13,50,Column,0.23423056413445897
13,51,Column,0.2728589850729941
13,52,Column,0.11092895083176904
13,53,Column,0.19497646619472866
13,54,Column,0.10599118823581803
13,55,Column,0.17906973197105977
13,56,Column,0.34380516110272025
13,57,Column,0.055165997169323064
13,58,Column,0.07488703440241735
13,59,Column,0.07806440883070057
13,60,Column,0.07907715060105575
13,61,Beam,0.07952197709700189
13,62,Beam,0.17827942129611432
13,63,Beam,0.19746770760672144
13,64,Beam,0.14234020481533105
13,65,Beam,0.10452302839637914
13,66,Beam,0.11326445585129398
13,67,Beam,0.2071557965924044
13,68,Beam,0.20866632696515228
13,69,Beam,0.06606611773963729
13,70,Beam,0.05870777179710938
13,71,Beam,0.07682682115975184
13,72,Beam,0.09339174549512463
13,73,Beam,0.327085729936423
13,74,Beam,0.21832315331311028
13,75,Beam,0.3816036492833636
13,76,Beam,0.6607966883433044
13,77,Beam,0.18790048379837165
13,78,Beam,0.8341713863175404
13,79,Beam,0.14472656580474993
13,80,Beam,0.16878981997707315
13,81,Beam,0.3271285882854405
13,82,Beam,0.14246077622048756
13,83,Beam,0.606671408936133
13,84,Beam,0.17472634223315806
13,85,Beam,0.6644475811910778
13,86,Beam,0.19890262934101105
13,87,Beam,0.3801827482575762
13,88,Beam,0.16433664803735154
13,89,Beam,0.24200357894743413
13,90,Beam,0.2157993312507584
13,91,Beam,0.6221587400917062
13,92,Beam,0.3314190642378538
13,93,Beam,0.16370015730154885
13,94,Beam,0.8173514229916699
13,95,Beam,0.20759447997109828
13,96,Beam,0.5209676320919351
13,97,Beam,0.24096500635469953
13,98,Beam,0.18697519989385133
13,99,Beam,0.5874636278669613
13,100,Beam,0.15668934578272717
13,101,Beam,0.6450367157933641
13,102,Beam,0.3460516850694173
13,103,Beam,0.5339992867181658
13,104,Beam,0.3739514495210683
13,105,Beam,0.2574822686357861
13,106,Beam,0.1805879708472786
13,107,Beam,0.3180861199317945
13,108,Beam,0.30337093569117757
13,109,Beam,0.09487291166826421
13,110,Beam,0.38432940393477893
13,111,Beam,0.21595006240097456
13,112,Beam,0.2661117170060981
13,113,Beam,0.2577714489786653
13,114,Beam,0.21553531521374306
13,115,Beam,0.276798789003217
13,116,Beam,0.14247208885150978
13,117,Beam,0.3030833189830544
13,118,Beam,0.16433039419690468
13,119,Beam,0.2987408167153127
13,120,Beam,0.24999732448093837
13,121,Beam,0.3624559020216796
13,122,Beam,0.2644517876550594
13,123,Beam,0.42135733583643914
13,124,Beam,0.5736605911140745
13,125,Beam,0.15248454725016092
13,126,Beam,0.7286222206382319
13,127,Beam,0.20714989920000734
13,128,Beam,0.24143483571337407
13,129,Beam,0.36289721985426254
13,130,Beam,0.21313367453245896
13,131,Beam,0.5231087808314889
13,132,Beam,0.17813689766174481
13,133,Beam,0.5735193244315885
13,134,Beam,0.20553709828719013
13,135,Beam,0.4225259434734788
13,136,Beam,0.24253739289322207
13,137,Beam,0.2107304130643183
13,138,Beam,0.21212556360910947
13,139,Beam,0.42647752743924994
13,140,Beam,0.37890902556158845
13,141,Beam,0.14872499429560324
13,142,Beam,0.727659953616385
13,143,Beam,0.17639071176609145
13,144,Beam,0.35348339739725565
13,145,Beam,0.21136447615031814
13,146,Beam,0.1772282750612253
13,147,Beam,0.5221465074694458
13,148,Beam,0.17940077690304213
13,149,Beam,0.5730112926782419
13,150,Beam,0.3107476978217799
13,151,Beam,0.3699127844611342
13,152,Beam,0.3111835381744283
13,153,Beam,0.2339892480635446
13,154,Beam,0.18502925956569571
13,155,Beam,0.4103511745034405
13,156,Beam,0.5877106348156079
13,157,Beam,0.2024182597902761
13,158,Beam,0.9684792001913963
13,159,Beam,0.19766292136155375
13,160,Beam,0.268729026384511
13,161,Beam,0.23572397396203926
13,162,Beam,0.1787184200254093
13,163,Beam,0.6928007665859546
13,164,Beam,0.2766768430824574
13,165,Beam,0.7613558709905907
13,166,Beam,0.31910970666278315
13,167,Beam,0.35596171007294436
13,168,Beam,0.20738131218452632
14,1,Column,0.3106308279435771
14,2,Column,0.2545392682102695
14,3,Column,0.3221314937708878
14,4,Column,0.6308791872442716
14,5,Column,0.21696949119631706
14,6,Column,0.4125072219288798
14,7,Column,0.6831706390974228
14,8,Column,0.39294237396352366
14,9,Column,0.23639564803957605
14,10,Column,0.40869428489260556
14,11,Column,0.13195165429975908
14,12,Column,0.32725423925091635
14,13,Column,0.19232085879494115
14,14,Column,0.41686714600086494
14,15,Column,0.39463061802623334
14,16,Column,0.35710134475488897
14,17,Column,0.32460412800933997
14,18,Column,0.20688267716876713
14,19,Column,0.3214769397240793
14,20,Column,0.6679096794726465
14,21,Column,0.1851352848716669
14,22,Column,0.15769313228219808
14,23,Column,0.19899577741303048
14,24,Column,0.2533416988431046
14,25,Column,0.21193148807439055
14,26,Column,0.28952075234404057
14,27,Column,0.3144488880762925
14,28,Column,0.28012200487395367
14,29,Column,0.28800459120871386
14,30,Column,0.5159220463377792
14,31,Column,0.768314863848132
14,32,Column,0.42702737831879933
14,33,Column,0.17621512993552807
14,34,Column,0.09372968344982173
14,35,Column,0.10619516765117329
14,36,Column,0.1768027878861192
14,37,Column,0.09133422435106056
14,38,Column,0.3479326679236703
14,39,Column,0.44551954027680685
14,40,Column,0.18828644387903445
14,41,Column,0.2932689630104148
14,42,Column,0.2705434799966621
14,43,Column,0.3909259849321005
14,44,Column,0.5372371541733229
14,45,Column,0.10374494716891677
14,46,Column,0.12035296022455695
14,47,Column,0.15263852677296064
14,48,Column,0.1314454874282161
14,49,Column,0.06767589652460884
14,50,Column,0.24281847203026774
14,51,Column,0.2781120932500027
14,52,Column,0.10834614422782078
14,53,Column,0.21196841024603472
14,54,Column,0.1316307094274293
14,55,Column,0.24116890613451666
14,56,Column,0.35544454302568174
14,57,Column,0.05622685694049861
14,58,Column,0.07160447513032532
14,59,Column,0.07938610280554001
14,60,Column,0.07509974953022265
14,61,Beam,0.08002504928008801
14,62,Beam,0.12117905582078348
14,63,Beam,0.1342044039479414
14,64,Beam,0.14359061697619735
14,65,Beam,0.11435926425385214
14,66,Beam,0.1009913353733559
14,67,Beam,0.18455402033169654
14,68,Beam,0.22834415279807554
14,69,Beam,0.06662895880866063
14,70,Beam,0.05456673272738268
14,71,Beam,0.0823359461489899
14,72,Beam,0.09483382243121166
14,73,Beam,0.39681732860203117
14,74,Beam,0.2646150502067041
14,75,Beam,0.5103410646664703
14,76,Beam,0.6615475630031712
14,77,Beam,0.19446136499655084
14,78,Beam,0.8346424548465396
14,79,Beam,0.17878890442046338
14,80,Beam,0.2275280437534319
14,81,Beam,0.3967526099112853
14,82,Beam,0.17371425105921565
14,83,Beam,0.6066846308535999
14,84,Beam,0.17520077883632537
14,85,Beam,0.6646966939464487
14,86,Beam,0.1990720203817147
14,87,Beam,0.46119159503485585
14,88,Beam,0.2001196193832688
14,89,Beam,0.24039288863484753
14,90,Beam,0.2132507665969543
14,91,Beam,0.6220361351975517
14,92,Beam,0.3319429128955755
14,93,Beam,0.16224889031828774
14,94,Beam,0.8182602562448856
14,95,Beam,0.20585764736879242
14,96,Beam,0.5214070995374512
14,97,Beam,0.23946084203320822
14,98,Beam,0.18527210615070097
14,99,Beam,0.5873964451065554
14,100,Beam,0.15679303647743367
14,101,Beam,0.6449125812995403
14,102,Beam,0.3460377356789073
14,103,Beam,0.5339707379536012
14,104,Beam,0.37429197137463627
14,105,Beam,0.2573377872604604
14,106,Beam,0.18169646644745321
14,107,Beam,0.3175920848587176
14,108,Beam,0.39651588671634375
14,109,Beam,0.12514811895863917
14,110,Beam,0.5024009519545501
14,111,Beam,0.2158854562738256
14,112,Beam,0.26578179232632604
14,113,Beam,0.2575527445187906
14,114,Beam,0.21534251123867082
14,115,Beam,0.3619244342584494
14,116,Beam,0.18629908850687874
14,117,Beam,0.39629530256868306
14,118,Beam,0.21508645752958616
14,119,Beam,0.2984835366844232
14,120,Beam,0.2497546052356435
14,121,Beam,0.3172943607040443
14,122,Beam,0.21191745924107883
14,123,Beam,0.4234709092459629
14,124,Beam,0.5737869857220652
14,125,Beam,0.1560761389295681
14,126,Beam,0.7288616090033021
14,127,Beam,0.18433584575939785
14,128,Beam,0.2349481277364239
14,129,Beam,0.3173678111025291
14,130,Beam,0.17596939642652523
14,131,Beam,0.5234717229099941
14,132,Beam,0.1784395141944755
14,133,Beam,0.5740379936646506
14,134,Beam,0.20572479827649165
14,135,Beam,0.36963099765825086
14,136,Beam,0.2041558562313052
14,137,Beam,0.21184901471581416
14,138,Beam,0.21176413849688205
14,139,Beam,0.4262680496875174
14,140,Beam,0.3793283920787739
14,141,Beam,0.15268129153206697
14,142,Beam,0.7283360913732106
14,143,Beam,0.17937916197619952
14,144,Beam,0.3536120861019419
14,145,Beam,0.21124211799526096
14,146,Beam,0.17697852462586625
14,147,Beam,0.5222240180767678
14,148,Beam,0.17921716614143518
14,149,Beam,0.5731121531617511
14,150,Beam,0.31042757742288335
14,151,Beam,0.3697229678036788
14,152,Beam,0.3108096314074192
14,153,Beam,0.23379087498583426
14,154,Beam,0.18446821920227024
14,155,Beam,0.4105458659676104
14,156,Beam,0.5862431288748949
14,157,Beam,0.20507344329440802
14,158,Beam,0.9656598683187477
14,159,Beam,0.20030046191633472
14,160,Beam,0.2678487773696445
14,161,Beam,0.2353261667224898
14,162,Beam,0.17861401174412034
14,163,Beam,0.6930504164432403
14,164,Beam,0.2758096276448574
14,165,Beam,0.7608669497194722
14,166,Beam,0.3182205803609926
14,167,Beam,0.35490404189702623
14,168,Beam,0.20726109394139014
15,1,Column,0.3078911923820651
15,2,Column,0.2564583655640724
15,3,Column,0.32413841992108816
15,4,Column,0.6196493567456036
15,5,Column,0.8953311146285181
15,6,Column,0.3618128427387852
15,7,Column,0.6341300953342114
15,8,Column,0.3949197806484117
15,9,Column,0.24007661937972122
15,10,Column,0.41245172710500877
15,11,Column,0.13306676284294972
15,12,Column,0.336737941079143
15,13,Column,0.1904780155237408
15,14,Column,0.38527973539235305
15,15,Column,0.5496733990266851
15,16,Column,0.34924101770707844
15,17,Column,0.3321170427368738
15,18,Column,0.23527137086331182
15,19,Column,0.3960280594160714
15,20,Column,0.5599357896704833
15,21,Column,0.18952019060502237
15,22,Column,0.15040726361069148
15,23,Column,0.20231590190684107
15,24,Column,0.2582449675085447
15,25,Column,0.21800751279246275
15,26,Column,0.2984763172964149
15,27,Column,0.3283737665947368
15,28,Column,0.286354382778352
15,29,Column,0.2919446951450829
15,30,Column,0.5485933841343851
15,31,Column,0.7840086675993355
15,32,Column,0.4335859446583322
15,33,Column,0.1818365048218284
15,34,Column,0.10119949746279584
15,35,Column,0.107640776839855
15,36,Column,0.18317274700654987
15,37,Column,0.08740554850033741
15,38,Column,0.34279725366974445
15,39,Column,0.44698401655033737
15,40,Column,0.1816361065464778
15,41,Column,0.2193337899424911
15,42,Column,0.38705372227521273
15,43,Column,0.6099560777433308
15,44,Column,0.558864767186392
15,45,Column,0.08336836130347162
15,46,Column,0.1277826485816367
15,47,Column,0.16044152923316546
15,48,Column,0.12170554554335676
15,49,Column,0.05784233739258988
15,50,Column,0.21000258623383222
15,51,Column,0.24092744590385362
15,52,Column,0.08290852001197704
15,53,Column,0.17477315871288227
15,54,Column,0.12427779307574886
15,55,Column,0.18314712187234944
15,56,Column,0.30619209961551674
15,57,Column,0.056610723442101336
15,58,Column,0.07775181347002338
15,59,Column,0.08375653468483456
15,60,Column,0.06521953025804875
15,61,Beam,0.07856663620893319
15,62,Beam,0.17833387428278483
15,63,Beam,0.19685185418696852
15,64,Beam,0.1404577106821429
15,65,Beam,0.10066467888986108
15,66,Beam,0.10039568108356196
15,67,Beam,0.18902354256570555
15,68,Beam,0.19996378902998138
15,69,Beam,0.064715836543254
15,70,Beam,0.057196611223352595
15,71,Beam,0.071669929052352
15,72,Beam,0.09143291289580628
15,73,Beam,0.4095109977917245
15,74,Beam,0.27292765057390617
15,75,Beam,0.47757833425659457
15,76,Beam,0.6609799854897371
15,77,Beam,0.1901726177165472
15,78,Beam,0.8343631541851749
15,79,Beam,0.1811171758624467
15,80,Beam,0.21121085901295383
15,81,Beam,0.40947378291470077
15,82,Beam,0.17813216135592924
15,83,Beam,0.6069069958168926
15,84,Beam,0.1750315389951408
15,85,Beam,0.6648148099789694
15,86,Beam,0.1992408999966847
15,87,Beam,0.47581407111114987
15,88,Beam,0.20572620916725115
15,89,Beam,0.2428344430379566
15,90,Beam,0.21692574048108973
15,91,Beam,0.622588429534099
15,92,Beam,0.3313006502179709
15,93,Beam,0.1637497934544509
15,94,Beam,0.8171561896639137
15,95,Beam,0.2082950833248543
15,96,Beam,0.5211968013066488
15,97,Beam,0.24040143560688831
15,98,Beam,0.18597398355366937
15,99,Beam,0.5868477903241855
15,100,Beam,0.15649487129281206
15,101,Beam,0.6443570290341669
15,102,Beam,0.34558480600930075
15,103,Beam,0.5339658583218457
15,104,Beam,0.37375200438125106
15,105,Beam,0.25726967159008773
15,106,Beam,0.1801351746856939
15,107,Beam,0.31766700099956613
15,108,Beam,0.39683880401014393
15,109,Beam,0.12396270124581278
15,110,Beam,0.5027230376845812
15,111,Beam,0.2159009748649691
15,112,Beam,0.2658651555030564
15,113,Beam,0.2575838214165606
15,114,Beam,0.21535098066068967
15,115,Beam,0.3616494739884538
15,116,Beam,0.18664436635078735
15,117,Beam,0.39597427131712365
15,118,Beam,0.2155331325167584
15,119,Beam,0.29851429106457544
15,120,Beam,0.2497605311570598
15,121,Beam,0.3622243676671476
15,122,Beam,0.26484337732266994
15,123,Beam,0.4210832682782882
15,124,Beam,0.5735508915232664
15,125,Beam,0.1528359897343492
15,126,Beam,0.7284147967947292
15,127,Beam,0.20740163238610695
15,128,Beam,0.24148518845612355
15,129,Beam,0.3624834119380026
15,130,Beam,0.21212091521163165
15,131,Beam,0.5230854861337878
15,132,Beam,0.17815615004680074
15,133,Beam,0.5734993696794819
15,134,Beam,0.20551335978760948
15,135,Beam,0.4219481919729926
15,136,Beam,0.24146167656033035
15,137,Beam,0.21058688041266993
15,138,Beam,0.21209415512192953
15,139,Beam,0.4262755787515215
15,140,Beam,0.37864854368631523
15,141,Beam,0.14861105523710622
15,142,Beam,0.7272874969947857
15,143,Beam,0.1766036876145157
15,144,Beam,0.35355313731857557
15,145,Beam,0.21122236204012787
15,146,Beam,0.17694684771804678
15,147,Beam,0.5219880580840579
15,148,Beam,0.17951747277035054
15,149,Beam,0.5727865971263226
15,150,Beam,0.3109047464578476
15,151,Beam,0.36964769523373925
15,152,Beam,0.3108081337446038
15,153,Beam,0.23327855377121678
15,154,Beam,0.18456029734643384
15,155,Beam,0.40999519397072764
15,156,Beam,0.2617249659113157
15,157,Beam,0.08929635008241747
15,158,Beam,0.5037004989299357
15,159,Beam,0.19828865260906553
15,160,Beam,0.2687511195241874
15,161,Beam,0.23520225753694557
15,162,Beam,0.1783993416858072
15,163,Beam,0.30909261458076587
15,164,Beam,0.11370373228944038
15,165,Beam,0.3378034819012236
15,166,Beam,0.12667206019920682
15,167,Beam,0.3549129720478649
15,168,Beam,0.2070137348568259
16,1,Column,0.31679908418535774
16,2,Column,0.8879840994703222
16,3,Column,0.6767055057446764
16,4,Column,0.6331658763530542
16,5,Column,0.6580882435211939
16,6,Column,0.3450317801108546
16,7,Column,0.6027204730723427
16,8,Column,0.8248600165019782
16,9,Column,0.23486053358393086
16,10,Column,0.23383687615077123
16,11,Column,0.32336579824735856
16,12,Column,0.33426700610817284
16,13,Column,0.17941494115436202
16,14,Column,0.41363338869051375
16,15,Column,0.4042305947067731
16,16,Column,0.33749975210783656
16,17,Column,0.3209299869608062
16,18,Column,0.24662673604157054
16,19,Column,0.4099125279610852
16,20,Column,0.6716431623395518
16,21,Column,0.17239912204545169
16,22,Column,0.15709149933715372
16,23,Column,0.2068789452390032
16,24,Column,0.23790363192480007
16,25,Column,0.21537770066823614
16,26,Column,0.3013377977636039
16,27,Column,0.3335235621586529
16,28,Column,0.2803900466094928
16,29,Column,0.29099889195249573
16,30,Column,0.3226097954211156
16,31,Column,0.456342396405098
16,32,Column,0.430696671139227
16,33,Column,0.1801879037929001
16,34,Column,0.09986182443187999
16,35,Column,0.09950531389561106
16,36,Column,0.17614051786479076
16,37,Column,0.08810029197991619
16,38,Column,0.33489731601405276
16,39,Column,0.3914124614388162
16,40,Column,0.18205097401132841
16,41,Column,0.2785578663556453
16,42,Column,0.3960169113096724
16,43,Column,0.6245424930117451
16,44,Column,0.5599617486821895
16,45,Column,0.08306563110410703
16,46,Column,0.1254845719883829
16,47,Column,0.1578733122073366
16,48,Column,0.12153368186129938
16,49,Column,0.06464258197962887
16,50,Column,0.21467980575487014
16,51,Column,0.2473042384148233
16,52,Column,0.08191778804873913
16,53,Column,0.17955415120244655
16,54,Column,0.11146944462392225
16,55,Column,0.18068446675017374
16,56,Column,0.31074150873456274
16,57,Column,0.05675053965722117
16,58,Column,0.044549502346418884
16,59,Column,0.08278635199815304
16,60,Column,0.06375976370026037
16,61,Beam,0.07863921853865034
16,62,Beam,0.1357905486569591
16,63,Beam,0.1500693304610725
16,64,Beam,0.14089786713071187
16,65,Beam,0.09855619787231025
16,66,Beam,0.1003467448804262
16,67,Beam,0.18650140729607512
16,68,Beam,0.1952817075947764
16,69,Beam,0.06517129496731501
16,70,Beam,0.047063660806618876
16,71,Beam,0.06938524469935511
16,72,Beam,0.09195571310176255
16,73,Beam,0.2858380552959688
16,74,Beam,0.19130010777361825
16,75,Beam,0.34534821873318877
16,76,Beam,0.7762819868814739
16,77,Beam,0.19485242389836635
16,78,Beam,0.9851510891096369
16,79,Beam,0.13024769594311617
16,80,Beam,0.161335552734167
16,81,Beam,0.28610834605957297
16,82,Beam,0.12758927705749934
16,83,Beam,0.7081666216559964
16,84,Beam,0.18963233309843783
16,85,Beam,0.7773437620778825
16,86,Beam,0.21848255068282477
16,87,Beam,0.33118851080188527
16,88,Beam,0.14625608370988477
16,89,Beam,0.24275850113592112
16,90,Beam,0.21745985729920447
16,91,Beam,0.6233225572294971
16,92,Beam,0.3314810006843526
16,93,Beam,0.16287706643004973
16,94,Beam,0.8174578277612714
16,95,Beam,0.20839961500683787
16,96,Beam,0.5208663532303838
16,97,Beam,0.24198795164095302
16,98,Beam,0.1885569864752398
16,99,Beam,0.5869410430897668
16,100,Beam,0.15647518732605287
16,101,Beam,0.6444430925735106
16,102,Beam,0.34548008182934886
16,103,Beam,0.5328183009467119
16,104,Beam,0.3735002561398623
16,105,Beam,0.25721734426649684
16,106,Beam,0.17993445909109781
16,107,Beam,0.3175740826632937
16,108,Beam,0.30366217378461935
16,109,Beam,0.09502379480730158
16,110,Beam,0.38458983977377575
16,111,Beam,0.21593571546764628
16,112,Beam,0.2658094241882157
16,113,Beam,0.25752610058802455
16,114,Beam,0.21539500309913837
16,115,Beam,0.2766373290419465
16,116,Beam,0.142411769076072
16,117,Beam,0.3029113210507167
16,118,Beam,0.1644679983994606
16,119,Beam,0.2984540896030541
16,120,Beam,0.24980260520687708
16,121,Beam,0.443526192499624
16,122,Beam,0.31626717810891386
16,123,Beam,0.5162696353020132
16,124,Beam,0.5732875895682298
16,125,Beam,0.15250921519005828
16,126,Beam,0.7279174307420231
16,127,Beam,0.24995424689678813
16,128,Beam,0.29123906233336067
16,129,Beam,0.4439292916392614
16,130,Beam,0.25388542518712925
16,131,Beam,0.5230836560351845
16,132,Beam,0.1783120522656151
16,133,Beam,0.5735122761856647
16,134,Beam,0.20556239911770058
16,135,Beam,0.517412832366001
16,136,Beam,0.2899648376684955
16,137,Beam,0.21057153626838865
16,138,Beam,0.21184199039624418
16,139,Beam,0.42645144946418106
16,140,Beam,0.3788370882419986
16,141,Beam,0.14942074988140447
16,142,Beam,0.7274397323016977
16,143,Beam,0.1774571429469976
16,144,Beam,0.3537774895197439
16,145,Beam,0.21118458641346124
16,146,Beam,0.17693975685177715
16,147,Beam,0.5219949524866208
16,148,Beam,0.17946419598588392
16,149,Beam,0.572793004756072
16,150,Beam,0.31091394910360953
16,151,Beam,0.36961709862181263
16,152,Beam,0.31076454089404915
16,153,Beam,0.23338309805849236
16,154,Beam,0.1842345488773554
16,155,Beam,0.4103453970260875
16,156,Beam,0.2610759939976467
16,157,Beam,0.090255987865642
16,158,Beam,0.5028704223382475
16,159,Beam,0.1986513433508182
16,160,Beam,0.2683273615807277
16,161,Beam,0.23507295616100235
16,162,Beam,0.17846363091901155
16,163,Beam,0.3087683676962641
16,164,Beam,0.11449222016571974
16,165,Beam,0.3388439213290876
16,166,Beam,0.1281224615295939
16,167,Beam,0.35456956823554286
16,168,Beam,0.20708054318474614
17,1,Column,0.3158304002865064
17,2,Column,0.3041602583793719
17,3,Column,0.40131779579769755
17,4,Column,0.6307560611905065
17,5,Column,0.23451096988169085
17,6,Column,0.4182078685657389
17,7,Column,0.4758545631033104
17,8,Column,0.4810137277230552
17,9,Column,0.2564690865568116
17,10,Column,0.10925904834182401
17,11,Column,0.14316618832094258
17,12,Column,0.36742955254716203
17,13,Column,0.18774085137013358
17,14,Column,0.41188161930241596
17,15,Column,0.5457691377217775
17,16,Column,0.3600137952085628
17,17,Column,0.3211807427322062
17,18,Column,0.2475738209165871
17,19,Column,0.34053331079015675
17,20,Column,0.6663277217095235
17,21,Column,0.18173463665140582
17,22,Column,0.14893104986960798
17,23,Column,0.19945254417082398
17,24,Column,0.2496947239979051
17,25,Column,0.2098408865720603
17,26,Column,0.5161031166636513
17,27,Column,0.6284456024006699
17,28,Column,0.27847369726144505
17,29,Column,0.3797436664764865
17,30,Column,0.31705418312068456
17,31,Column,0.3880280184703092
17,32,Column,0.4980486363480048
17,33,Column,0.17890502040410028
17,34,Column,0.17269298977732947
17,35,Column,0.16416386298733712
17,36,Column,0.17943303507157327
17,37,Column,0.08405405516099722
17,38,Column,0.32224697426674215
17,39,Column,0.4250720675616
17,40,Column,0.18165650460106345
17,41,Column,0.2723149570181676
17,42,Column,0.39328865007865565
17,43,Column,0.6188845393150972
17,44,Column,0.5157874150368664
17,45,Column,0.0851233951329447
17,46,Column,0.12199836277112644
17,47,Column,0.15476606014535393
17,48,Column,0.12373200903633823
17,49,Column,0.06452983160613639
17,50,Column,0.23434471193912085
17,51,Column,0.2713129776402246
17,52,Column,0.08347125764747199
17,53,Column,0.19624732132584238
17,54,Column,0.11916973018812953
17,55,Column,0.18619000328434313
17,56,Column,0.34493057572300795
17,57,Column,0.05541330775927708
17,58,Column,0.07798387385441165
17,59,Column,0.08597454412472119
17,60,Column,0.05957144889632215
17,61,Beam,0.0784235447761667
17,62,Beam,0.18061896597591942
17,63,Beam,0.19954041954799764
17,64,Beam,0.1399664653316207
17,65,Beam,0.10454883569583742
17,66,Beam,0.10119770678845869
17,67,Beam,0.1874921563962403
17,68,Beam,0.20941712825807318
17,69,Beam,0.06460300884691836
17,70,Beam,0.05835947990026101
17,71,Beam,0.07571226883491819
17,72,Beam,0.09109955829354648
17,73,Beam,0.3982135573834585
17,74,Beam,0.26484255514012484
17,75,Beam,0.5160028576249733
17,76,Beam,0.6556302693648857
17,77,Beam,0.17727928814119112
17,78,Beam,0.8297554474180676
17,79,Beam,0.17770432079880302
17,80,Beam,0.2302824100356722
17,81,Beam,0.39795198377463004
17,82,Beam,0.1750595621863301
17,83,Beam,0.6001300681493424
17,84,Beam,0.1712081476057035
17,85,Beam,0.6570510058944655
17,86,Beam,0.19492760043975307
17,87,Beam,0.4612037133064201
17,88,Beam,0.20156390477206373
17,89,Beam,0.23663373390747972
17,90,Beam,0.21193273119283293
17,91,Beam,0.6229960525798329
17,92,Beam,0.33115940874456623
17,93,Beam,0.16286143110375673
17,94,Beam,0.817332512239094
17,95,Beam,0.20467693265144535
17,96,Beam,0.5215389060457376
17,97,Beam,0.2374257340158262
17,98,Beam,0.18263107325548092
17,99,Beam,0.5869851543457735
17,100,Beam,0.15634889041908034
17,101,Beam,0.6444518918190294
17,102,Beam,0.34571637245995285
17,103,Beam,0.5321449013063068
17,104,Beam,0.370690667062525
17,105,Beam,0.2569132600316685
17,106,Beam,0.17781621608182413
17,107,Beam,0.31700554806500975
17,108,Beam,0.3034224911465059
17,109,Beam,0.09337466216887487
17,110,Beam,0.38444034052928766
17,111,Beam,0.21611486793855603
17,112,Beam,0.2659882097021975
17,113,Beam,0.25721298005183035
17,114,Beam,0.21464821096500022
17,115,Beam,0.27658987706375077
17,116,Beam,0.1425803769858088
17,117,Beam,0.3028653081342145
17,118,Beam,0.16464687445507523
17,119,Beam,0.29807106145607887
17,120,Beam,0.24893924421794283
17,121,Beam,0.36133172515708706
17,122,Beam,0.26097897310678286
17,123,Beam,0.4206976135046593
17,124,Beam,0.5736601360827039
17,125,Beam,0.15115496144337193
17,126,Beam,0.728487036915854
17,127,Beam,0.20751916281477445
17,128,Beam,0.24158784426570934
17,129,Beam,0.3616138973043091
17,130,Beam,0.21063013830206506
17,131,Beam,0.5231327363290059
17,132,Beam,0.17808883812297
17,133,Beam,0.5735743213906276
17,134,Beam,0.20571432276568608
17,135,Beam,0.4205031400974247
17,136,Beam,0.23941466016588706
17,137,Beam,0.21040046408536558
17,138,Beam,0.21165727299056503
17,139,Beam,0.42570220297549843
17,140,Beam,0.3786904709596482
17,141,Beam,0.14767773807736742
17,142,Beam,0.7274211222512876
17,143,Beam,0.17655071031238076
17,144,Beam,0.35348918308810956
17,145,Beam,0.2109400154480539
17,146,Beam,0.17655610755716616
17,147,Beam,0.5219945219483735
17,148,Beam,0.17953092361312167
17,149,Beam,0.5727967899016121
17,150,Beam,0.31085731261425553
17,151,Beam,0.3691521388247925
17,152,Beam,0.31016502685020014
17,153,Beam,0.2330182917153109
17,154,Beam,0.18445832766844933
17,155,Beam,0.4103774226188312
17,156,Beam,0.2622665405867301
17,157,Beam,0.0881138532366474
17,158,Beam,0.5046086349352317
17,159,Beam,0.19827297234182997
17,160,Beam,0.2693378604265207
17,161,Beam,0.23426792488756465
17,162,Beam,0.17803089357510818
17,163,Beam,0.3089788481622784
17,164,Beam,0.11319671220618734
17,165,Beam,0.33804375015837673
17,166,Beam,0.1267886390063109
17,167,Beam,0.3533167814038398
17,168,Beam,0.20657006629724475
18,1,Column,0.34294298345282176
18,2,Column,0.8723871059879169
18,3,Column,0.6638400366960303
18,4,Column,0.6720049619238722
18,5,Column,0.6758748871797733
18,6,Column,0.2854873504996267
18,7,Column,0.6198341927589511
18,8,Column,0.8518750895369208
18,9,Column,0.2475550471479774
18,10,Column,0.22352921771687992
18,11,Column,0.2918077828334804
18,12,Column,0.3551677013231257
18,13,Column,0.2013608437637143
18,14,Column,0.5879538482126507
18,15,Column,0.5034331614985984
18,16,Column,0.3649972996000942
18,17,Column,0.44207066827125263
18,18,Column,0.25053515362012707
18,19,Column,0.4029549780387094
18,20,Column,0.9525482797974048
18,21,Column,0.19736978311113476
18,22,Column,0.17772679632519917
18,23,Column,0.24326151142089047
18,24,Column,0.25100062416057334
18,25,Column,0.23196092228793408
18,26,Column,0.30115281508319475
18,27,Column,0.33184464504941713
18,28,Column,0.3123085561053637
18,29,Column,0.2878321282528843
18,30,Column,0.5568651693809511
18,31,Column,0.8185280482343451
18,32,Column,0.42060677646912287
18,33,Column,0.19763319248035652
18,34,Column,0.10315212254899128
18,35,Column,0.10282465439764317
18,36,Column,0.19356304970642485
18,37,Column,0.1010219342540226
18,38,Column,0.3265860997140033
18,39,Column,0.4233780455481271
18,40,Column,0.19025063877212015
18,41,Column,0.26591912146706626
18,42,Column,0.3858120050945979
18,43,Column,0.6062136078568012
18,44,Column,0.5084072723079258
18,45,Column,0.09617809942271059
18,46,Column,0.12085529208329819
18,47,Column,0.15373540678477532
18,48,Column,0.1314967387434032
18,49,Column,0.06774838789009527
18,50,Column,0.22892442819440556
18,51,Column,0.2644101947178502
18,52,Column,0.08921697292830044
18,53,Column,0.19181443885997637
18,54,Column,0.140590997947461
18,55,Column,0.2252226678774856
18,56,Column,0.33596046683148323
18,57,Column,0.07159638395247583
18,58,Column,0.07092204351136709
18,59,Column,0.07884316650729298
18,60,Column,0.08661008959104018
18,61,Beam,0.0648278200242904
18,62,Beam,0.17968457227938806
18,63,Beam,0.19832784162337969
18,64,Beam,0.11678857539816843
18,65,Beam,0.1038660263053134
18,66,Beam,0.10089201996922423
18,67,Beam,0.18996628077241046
18,68,Beam,0.20798913937833918
18,69,Beam,0.05390901939426587
18,70,Beam,0.057798644393850934
18,71,Beam,0.07597962267991663
18,72,Beam,0.07904980125449261
18,73,Beam,0.2864617894465185
18,74,Beam,0.1909432717335721
18,75,Beam,0.3462044826426349
18,76,Beam,0.7764320102258171
18,77,Beam,0.19487101079338365
18,78,Beam,0.9850922397101544
18,79,Beam,0.1324713791199798
18,80,Beam,0.16332274923467968
18,81,Beam,0.2857599770849348
18,82,Beam,0.1272482440607558
18,83,Beam,0.7079349576072768
18,84,Beam,0.18948362487467743
18,85,Beam,0.7770462799047156
18,86,Beam,0.218316993211089
18,87,Beam,0.3316484012892323
18,88,Beam,0.14622927021420773
18,89,Beam,0.24107960510706627
18,90,Beam,0.21448367316729258
18,91,Beam,0.6230010470026983
18,92,Beam,0.33136026653808537
18,93,Beam,0.16235172964664804
18,94,Beam,0.8173719026976932
18,95,Beam,0.20707556828896317
18,96,Beam,0.5216412203919053
18,97,Beam,0.24272734268216598
18,98,Beam,0.18917238523116103
18,99,Beam,0.5864506947108439
18,100,Beam,0.15657572853353316
18,101,Beam,0.6440650745604385
18,102,Beam,0.34579571963623384
18,103,Beam,0.5321430115944986
18,104,Beam,0.3722811089037067
18,105,Beam,0.2570421415854677
18,106,Beam,0.17936053312560812
18,107,Beam,0.3170825413534024
18,108,Beam,0.39663623203576776
18,109,Beam,0.12309230330983038
18,110,Beam,0.5025521931311632
18,111,Beam,0.21609858653138134
18,112,Beam,0.2660808907950373
18,113,Beam,0.2573583941723137
18,114,Beam,0.21507981334967322
18,115,Beam,0.36157297411123684
18,116,Beam,0.18678938948617638
18,117,Beam,0.39588945212431254
18,118,Beam,0.21568748447577382
18,119,Beam,0.2982729665834551
18,120,Beam,0.24946635702691947
18,121,Beam,0.3619186684664216
18,122,Beam,0.26262100357938284
18,123,Beam,0.42104948513647256
18,124,Beam,0.5739345799721135
18,125,Beam,0.1524818698319961
18,126,Beam,0.7288815067187862
18,127,Beam,0.2076060077253195
18,128,Beam,0.24154355612463368
18,129,Beam,0.3619372204072514
18,130,Beam,0.21270567484751343
18,131,Beam,0.5231956409087773
18,132,Beam,0.17813831646084044
18,133,Beam,0.5736146782173674
18,134,Beam,0.20552418462869992
18,135,Beam,0.42101607579430106
18,136,Beam,0.24192071039150137
18,137,Beam,0.21053227297413346
18,138,Beam,0.2120157600493425
18,139,Beam,0.42649888303646627
18,140,Beam,0.378755940077465
18,141,Beam,0.1483585907963253
18,142,Beam,0.7275922918848647
18,143,Beam,0.17652234620774349
18,144,Beam,0.35408550887864715
18,145,Beam,0.21111878430989886
18,146,Beam,0.17679805390309022
18,147,Beam,0.5220819095174162
18,148,Beam,0.17950079713252393
18,149,Beam,0.5728866974681848
18,150,Beam,0.3107848724983314
18,151,Beam,0.36966873595448285
18,152,Beam,0.3111365709964904
18,153,Beam,0.23603380993115802
18,154,Beam,0.18491553973140992
18,155,Beam,0.4140497190674599
18,156,Beam,0.2620674392829969
18,157,Beam,0.08841422139194823
18,158,Beam,0.503958510229341
18,159,Beam,0.19731176048150448
18,160,Beam,0.2678186310398237
18,161,Beam,0.23943639076182788
18,162,Beam,0.17937591745402492
18,163,Beam,0.3091006475388752
18,164,Beam,0.11374492350977321
18,165,Beam,0.33794364191178106
18,166,Beam,0.12716051217306476
18,167,Beam,0.3615147920455206
18,168,Beam,0.2082079716322355
19,1,Column,0.3405396884352154
19,2,Column,0.25905332235905415
19,3,Column,0.3272374253619036
19,4,Column,0.6533721610763668
19,5,Column,0.9079552161027529
19,6,Column,0.3563029911452731
19,7,Column,0.6269682260754683
19,8,Column,0.3980903671375763
19,9,Column,0.2597976871790753
19,10,Column,0.42409867859266503
19,11,Column,0.5341770603063366
19,12,Column,0.3691317055365163
19,13,Column,0.20769163158102877
19,14,Column,0.42205598062271643
19,15,Column,0.5630587532266866
19,16,Column,0.37805864476241746
19,17,Column,0.32942055272351606
19,18,Column,0.23386932414897202
19,19,Column,0.38660644499249597
19,20,Column,0.6743302789455101
19,21,Column,0.20153921305350034
19,22,Column,0.1621683075311732
19,23,Column,0.2147244419766909
19,24,Column,0.2679648498280696
19,25,Column,0.06608092766204003
19,26,Column,0.17379909481522876
19,27,Column,0.1709006267708111
19,28,Column,0.0829624524785396
19,29,Column,0.17461070014388388
19,30,Column,0.5422042691839546
19,31,Column,0.7733045709986097
19,32,Column,0.2543919354084045
19,33,Column,0.054018544213930784
19,34,Column,0.06153821805935453
19,35,Column,0.09095186934562526
19,36,Column,0.051045993518747994
19,37,Column,0.09293323784112385
19,38,Column,0.3412084703015272
19,39,Column,0.39273878547848345
19,40,Column,0.18955276097478796
19,41,Column,0.286877732618961
19,42,Column,0.3976336025388232
19,43,Column,0.6214137968886233
19,44,Column,0.5331582028852431
19,45,Column,0.10483796587096693
19,46,Column,0.1151143156015597
19,47,Column,0.14939017534352117
19,48,Column,0.1326776532049555
19,49,Column,0.06894546906214434
19,50,Column,0.22816283813769175
19,51,Column,0.25374734885723943
19,52,Column,0.11010743756685094
19,53,Column,0.19864128697943195
19,54,Column,0.22549324944250893
19,55,Column,0.27725767848226307
19,56,Column,0.3400246746990709
19,57,Column,0.052745643311081086
19,58,Column,0.05517430373402885
19,59,Column,0.06443931518123464
19,60,Column,0.07669989913922226
19,61,Beam,0.08011256529455574
19,62,Beam,0.1747685689628962
19,63,Beam,0.19244242630265954
19,64,Beam,0.1451147616530651
19,65,Beam,0.12643393113926146
19,66,Beam,0.09966522602007082
19,67,Beam,0.18962580072991583
19,68,Beam,0.2515806584786739
19,69,Beam,0.06706303230733941
19,70,Beam,0.06113536535591725
19,71,Beam,0.0888833660990228
19,72,Beam,0.0964705609594259
19,73,Beam,0.2868587915888386
19,74,Beam,0.1906915320795021
19,75,Beam,0.3463154587796335
19,76,Beam,0.6628483700000974
19,77,Beam,0.19368856793645675
19,78,Beam,0.836078261737249
19,79,Beam,0.13237240486387578
19,80,Beam,0.163082116211964
19,81,Beam,0.2860861011975069
19,82,Beam,0.1272989222714735
19,83,Beam,0.605228848121874
19,84,Beam,0.17451568244073148
19,85,Beam,0.6630020065161818
19,86,Beam,0.19864709065864014
19,87,Beam,0.3319215684096269
19,88,Beam,0.1463558209421221
19,89,Beam,0.24846859141174288
19,90,Beam,0.22174508395528353
19,91,Beam,0.6254472425849997
19,92,Beam,0.3310666801010751
19,93,Beam,0.16371816975732317
19,94,Beam,0.8166560372969754
19,95,Beam,0.21340677308754313
19,96,Beam,0.5221352771967714
19,97,Beam,0.24155732411093273
19,98,Beam,0.18804639790556002
19,99,Beam,0.5863564890513658
19,100,Beam,0.15636774120256278
19,101,Beam,0.6437803244417027
19,102,Beam,0.3450777680037801
19,103,Beam,0.5354477493145277
19,104,Beam,0.37614883677659067
19,105,Beam,0.2574719635443125
19,106,Beam,0.183059409332818
19,107,Beam,0.3184850242793403
19,108,Beam,0.30265074198659236
19,109,Beam,0.0970069805921697
19,110,Beam,0.383709570401365
19,111,Beam,0.21597654961027687
19,112,Beam,0.26651084823911936
19,113,Beam,0.25758186427515267
19,114,Beam,0.21549722280653155
19,115,Beam,0.2761603417563502
19,116,Beam,0.1430998408309686
19,117,Beam,0.30253375985164715
19,118,Beam,0.165252986008789
19,119,Beam,0.29852890514151564
19,120,Beam,0.24992276934262275
19,121,Beam,0.3172317147980824
19,122,Beam,0.2120438556273177
19,123,Beam,0.42294426765821147
19,124,Beam,0.5731261462106109
19,125,Beam,0.15722494318913274
19,126,Beam,0.7283394910958715
19,127,Beam,0.18500089698746924
19,128,Beam,0.23501643778465872
19,129,Beam,0.31714325914275465
19,130,Beam,0.17567468663570457
19,131,Beam,0.5229255340103817
19,132,Beam,0.17815946168821273
19,133,Beam,0.5732548315423766
19,134,Beam,0.20583856415335047
19,135,Beam,0.36936784276081913
19,136,Beam,0.20382577362945795
19,137,Beam,0.21207575907272228
19,138,Beam,0.21141714694246141
19,139,Beam,0.4261392096797974
19,140,Beam,0.3788662112125855
19,141,Beam,0.15282490796919332
19,142,Beam,0.7280525211988192
19,143,Beam,0.1797034879034522
19,144,Beam,0.35382999376285157
19,145,Beam,0.2111096725626073
19,146,Beam,0.17672064624144396
19,147,Beam,0.5219580229431129
19,148,Beam,0.1796758850080963
19,149,Beam,0.5727533757203186
19,150,Beam,0.3108386487482638
19,151,Beam,0.3693869696200786
19,152,Beam,0.3107195815743156
19,153,Beam,0.23409105421516704
19,154,Beam,0.18383370471615718
19,155,Beam,0.41137834283135294
19,156,Beam,0.2619416227780152
19,157,Beam,0.0917341762412342
19,158,Beam,0.5021123683319743
19,159,Beam,0.1980456004121094
19,160,Beam,0.2659353845181021
19,161,Beam,0.23526770935543326
19,162,Beam,0.17809274003329903
19,163,Beam,0.31018896102693183
19,164,Beam,0.11575875948981527
19,165,Beam,0.3381915178708507
19,166,Beam,0.12856533273175397
19,167,Beam,0.3556326822454611
19,168,Beam,0.20670757739035653
20,1,Column,0.32195529302279924
20,2,Column,0.5785924005181238
20,3,Column,0.704925099041218
20,4,Column,0.6397752165635371
20,5,Column,0.7171139327761641
20,6,Column,0.3545911812143251
20,7,Column,0.6250039925392938
20,8,Column,0.8547035468977056
20,9,Column,0.24615359866111097
20,10,Column,0.26219310366591625
20,11,Column,0.3546853702476609
20,12,Column,0.3472588386955549
20,13,Column,0.18094937518442078
20,14,Column,0.44406333871152426
20,15,Column,0.5885871662499608
20,16,Column,0.3156622338951957
20,17,Column,0.3461989133786299
20,18,Column,0.2318685038832024
20,19,Column,0.3826694403764137
20,20,Column,0.7234257502044182
20,21,Column,0.17759217339886982
20,22,Column,0.16696351953493224
20,23,Column,0.2175480032301068
20,24,Column,0.24383287067314652
20,25,Column,0.2245965797051414
20,26,Column,0.16009273284970355
20,27,Column,0.17143010580738835
20,28,Column,0.29895678641825385
20,29,Column,0.1362045923337094
20,30,Column,0.5482371232329446
20,31,Column,0.7885131546085298
20,32,Column,0.15662979671269658
20,33,Column,0.18929345508528955
20,34,Column,0.06206770596180631
20,35,Column,0.04767626592835183
20,36,Column,0.1855568161916358
20,37,Column,0.1053177671779702
20,38,Column,0.34029925344502854
20,39,Column,0.44181739280013077
20,40,Column,0.1976326935087766
20,41,Column,0.28340217337923523
20,42,Column,0.3957758795900677
20,43,Column,0.6195482488473782
20,44,Column,0.5323980184482964
20,45,Column,0.11399602784130547
20,46,Column,0.11365233370325564
20,47,Column,0.14795369865057612
20,48,Column,0.14051865122633928
20,49,Column,0.057737933779236646
20,50,Column,0.2376357723665283
20,51,Column,0.26822938118600903
20,52,Column,0.08737746232063934
20,53,Column,0.20377245982490014
20,54,Column,0.1123301391099115
20,55,Column,0.13571464679289638
20,56,Column,0.3477860034459072
20,57,Column,0.06256289600081216
20,58,Column,0.06384842502809267
20,59,Column,0.08031160802439885
20,60,Column,0.07017285157264018
20,61,Beam,0.05285042136844411
20,62,Beam,0.1746285645156773
20,63,Beam,0.19228204781978867
20,64,Beam,0.08272388686140934
20,65,Beam,0.12518264276999091
20,66,Beam,0.0996089412671689
20,67,Beam,0.19044860028465008
20,68,Beam,0.2491052044804225
20,69,Beam,0.03955320426537646
20,70,Beam,0.061220088286449946
20,71,Beam,0.08915666810413023
20,72,Beam,0.04606132716307874
20,73,Beam,0.396955299165616
20,74,Beam,0.264249418576521
20,75,Beam,0.5100603918374292
20,76,Beam,0.6616885725197806
20,77,Beam,0.19293653032029517
20,78,Beam,0.8359058967864346
20,79,Beam,0.1835680618081188
20,80,Beam,0.22897359172781592
20,81,Beam,0.39683045106631093
20,82,Beam,0.17378805299792102
20,83,Beam,0.6068031219318694
20,84,Beam,0.1753202291927408
20,85,Beam,0.6647253883109696
20,86,Beam,0.1995196224486997
20,87,Beam,0.46119317588834274
20,88,Beam,0.20050795036794616
20,89,Beam,0.24516137433411594
20,90,Beam,0.22205378886588492
20,91,Beam,0.6230030391096225
20,92,Beam,0.33094793568662934
20,93,Beam,0.16349972466730686
20,94,Beam,0.8162400046368862
20,95,Beam,0.21132666293588406
20,96,Beam,0.5231396058838161
20,97,Beam,0.24358401894617282
20,98,Beam,0.19038153845205674
20,99,Beam,0.5858672649461154
20,100,Beam,0.1563617358991765
20,101,Beam,0.6433009971981952
20,102,Beam,0.3449020067067396
20,103,Beam,0.5327376461447264
20,104,Beam,0.3736356663151088
20,105,Beam,0.2567647471585999
20,106,Beam,0.18122490244621547
20,107,Beam,0.3161992831566819
20,108,Beam,0.3957635486454456
20,109,Beam,0.12522595886356372
20,110,Beam,0.5019723025218252
20,111,Beam,0.21633288779650497
20,112,Beam,0.26746792825787585
20,113,Beam,0.2571411658169167
20,114,Beam,0.2149242303848568
20,115,Beam,0.3613626001263356
20,116,Beam,0.18742215918123056
20,117,Beam,0.395949421657584
20,118,Beam,0.21644007532552378
20,119,Beam,0.2979961420194287
20,120,Beam,0.24920159952151277
20,121,Beam,0.31699931402406084
20,122,Beam,0.21152753071807823
20,123,Beam,0.42332693348170153
20,124,Beam,0.5732688566813443
20,125,Beam,0.15599422169885854
20,126,Beam,0.7280445690783918
20,127,Beam,0.18432597051783578
20,128,Beam,0.23494568437742588
20,129,Beam,0.3169694831493375
20,130,Beam,0.175486696981119
20,131,Beam,0.5227771724928854
20,132,Beam,0.178223352275954
20,133,Beam,0.5730247338327846
20,134,Beam,0.2059371974049767
20,135,Beam,0.3690508749305176
20,136,Beam,0.2035785671553246
20,137,Beam,0.21097659596113333
20,138,Beam,0.21124574565447965
20,139,Beam,0.4267379203154374
20,140,Beam,0.3787021978654788
20,141,Beam,0.15244431365960548
20,142,Beam,0.7278353067490823
20,143,Beam,0.17930547264408356
20,144,Beam,0.3552205263049413
20,145,Beam,0.21092478882432616
20,146,Beam,0.1765104738482646
20,147,Beam,0.5218113737736843
20,148,Beam,0.17978893761628245
20,149,Beam,0.5725421925592566
20,150,Beam,0.3110719453130136
20,151,Beam,0.36910128755862814
20,152,Beam,0.3105616433187603
20,153,Beam,0.23811607922044062
20,154,Beam,0.1837485183418941
20,155,Beam,0.41708777997248003
20,156,Beam,0.30306130803619635
20,157,Beam,0.10711406914006118
20,158,Beam,0.49792169034382117
20,159,Beam,0.2017250785483952
20,160,Beam,0.26998169244713494
20,161,Beam,0.23664152910973088
20,162,Beam,0.17835217322220442
20,163,Beam,0.35825347869468005
20,164,Beam,0.14355631868020172
20,165,Beam,0.3922114268895905
20,166,Beam,0.1653716420469851
20,167,Beam,0.3574930392560393
20,168,Beam,0.2069922475017791
21,1,Column,0.3085015969129037
21,2,Column,0.6041664545366755
21,3,Column,0.7418890057951784
21,4,Column,0.6240514083258009
21,5,Column,0.7698766411155684
21,6,Column,0.37075042920215534
21,7,Column,0.6454672733329385
21,8,Column,0.8995191061840906
21,9,Column,0.23465809555986658
21,10,Column,0.30132241509798474
21,11,Column,0.3970788426013041
21,12,Column,0.3329430493590644
21,13,Column,0.1801030131755558
21,14,Column,0.5018844870918168
21,15,Column,0.6541130737725391
21,16,Column,0.33587765178915374
21,17,Column,0.390184651415617
21,18,Column,0.1706591339576173
21,19,Column,0.26223064189520834
21,20,Column,0.7785961565132583
21,21,Column,0.1718370335281367
21,22,Column,0.20398591843532501
21,23,Column,0.2540088820422441
21,24,Column,0.236684616517179
21,25,Column,0.21575772122304746
21,26,Column,0.2199600842213611
21,27,Column,0.2600158644763523
21,28,Column,0.28286680235710193
21,29,Column,0.2086268600407734
21,30,Column,0.5460361152702737
21,31,Column,0.7974477352247604
21,32,Column,0.2509477348928031
21,33,Column,0.17960705290737242
21,34,Column,0.10304217287819606
21,35,Column,0.10641998036993247
21,36,Column,0.17636155251380198
21,37,Column,0.09299818428851797
21,38,Column,0.3540155830986
21,39,Column,0.4546363048342561
21,40,Column,0.1882421510380251
21,41,Column,0.2921257393304243
21,42,Column,0.3972606815610257
21,43,Column,0.6217972998809582
21,44,Column,0.5387942398978915
21,45,Column,0.10309979371179792
21,46,Column,0.12228150356093072
21,47,Column,0.15185317956754413
21,48,Column,0.1313358207617495
21,49,Column,0.07436288043893882
21,50,Column,0.23574243914129053
21,51,Column,0.2712851421374099
21,52,Column,0.1068335976207222
21,53,Column,0.20628374111336922
21,54,Column,0.1163764565621887
21,55,Column,0.17970536097707598
21,56,Column,0.34668997972545135
21,57,Column,0.05556088220451194
21,58,Column,0.058985449535524835
21,59,Column,0.07072851591813605
21,60,Column,0.07497827118391968
21,61,Beam,0.07946780663121794
21,62,Beam,0.1799056379552354
21,63,Beam,0.1988518433647329
21,64,Beam,0.1431672529844783
21,65,Beam,0.10345217589782017
21,66,Beam,0.1002783796573736
21,67,Beam,0.18752463457704513
21,68,Beam,0.20835145995792786
21,69,Beam,0.06615024344497585
21,70,Beam,0.05810577830825767
21,71,Beam,0.07552137899227584
21,72,Beam,0.09452951898432868
21,73,Beam,0.3964480857945715
21,74,Beam,0.2644694355143424
21,75,Beam,0.5106768189133704
21,76,Beam,0.6621687653568936
21,77,Beam,0.19370495325080467
21,78,Beam,0.8363709910946346
21,79,Beam,0.18018137643085907
21,80,Beam,0.22757887736905377
21,81,Beam,0.3964330125775836
21,82,Beam,0.17366117960902408
21,83,Beam,0.6069278805866886
21,84,Beam,0.176021867273964
21,85,Beam,0.6650082334186751
21,86,Beam,0.19999372931086767
21,87,Beam,0.46048590465435546
21,88,Beam,0.200326911481478
21,89,Beam,0.24363738378577954
21,90,Beam,0.22012808330505965
21,91,Beam,0.622906807864186
21,92,Beam,0.3313594645688695
21,93,Beam,0.16296411664784408
21,94,Beam,0.816667815633252
21,95,Beam,0.2093248583879456
21,96,Beam,0.5233403227676362
21,97,Beam,0.2419068964624743
21,98,Beam,0.1889343665309579
21,99,Beam,0.5863843741368352
21,100,Beam,0.15671481871702936
21,101,Beam,0.6437573951179355
21,102,Beam,0.3450550358218627
21,103,Beam,0.533139327992143
21,104,Beam,0.3750792335919982
21,105,Beam,0.25690755733295506
21,106,Beam,0.17962296523876214
21,107,Beam,0.3165654629125057
21,108,Beam,0.3956697463467404
21,109,Beam,0.12367232960681648
21,110,Beam,0.5018720514439977
21,111,Beam,0.21617867364063412
21,112,Beam,0.26721874773350224
21,113,Beam,0.2572491298021487
21,114,Beam,0.21524851263189326
21,115,Beam,0.3612466799595653
21,116,Beam,0.186924173934914
21,117,Beam,0.395709449245051
21,118,Beam,0.21589913495524443
21,119,Beam,0.2980854707660316
21,120,Beam,0.249502563576822
21,121,Beam,0.3170568003896413
21,122,Beam,0.2114914251562617
21,123,Beam,0.4231150285322035
21,124,Beam,0.5736947202814053
21,125,Beam,0.15521093023898397
21,126,Beam,0.7285947468285411
21,127,Beam,0.18272037512446382
21,128,Beam,0.23516098216423129
21,129,Beam,0.31700304737073887
21,130,Beam,0.17579212967702637
21,131,Beam,0.5230355264049341
21,132,Beam,0.1784808746321584
21,133,Beam,0.5733735434663041
21,134,Beam,0.20568896844223247
21,135,Beam,0.3690958283855489
21,136,Beam,0.20385231208412924
21,137,Beam,0.21046296031696107
21,138,Beam,0.21168046162939574
21,139,Beam,0.42552029320471824
21,140,Beam,0.3786725753735089
21,141,Beam,0.1511690211865942
21,142,Beam,0.7273853488133344
21,143,Beam,0.17836419542051957
21,144,Beam,0.3533466317672328
21,145,Beam,0.21103686427813698
21,146,Beam,0.17679259455934573
21,147,Beam,0.5219404205359804
21,148,Beam,0.17940847336132812
21,149,Beam,0.572713257885477
21,150,Beam,0.3108347332140693
21,151,Beam,0.36916446793200697
21,152,Beam,0.3104508706755712
21,153,Beam,0.23317112956387695
21,154,Beam,0.1845265412468122
21,155,Beam,0.4099732322760623
21,156,Beam,0.47782500004754347
21,157,Beam,0.16826420321028251
21,158,Beam,0.7860273386663357
21,159,Beam,0.2001023480854503
21,160,Beam,0.26872023203568524
21,161,Beam,0.2347670966877631
21,162,Beam,0.17830749845665567
21,163,Beam,0.5639079876350618
21,164,Beam,0.22591150263039114
21,165,Beam,0.6183516928686483
21,166,Beam,0.26019063162310097
21,167,Beam,0.35367790615907474
21,168,Beam,0.20682931859604162
22,1,Column,0.2897347570073599
22,2,Column,0.42951367481256875
22,3,Column,0.5469721357902477
22,4,Column,0.6313114033613589
22,5,Column,0.32649847974276147
22,6,Column,0.4461975172807221
22,7,Column,0.4917781286854098
22,8,Column,0.6607511527831061
22,9,Column,0.25894792241154774
22,10,Column,0.16348537550307637
22,11,Column,0.20366107894297958
22,12,Column,0.3689624265526402
22,13,Column,0.18896724391771902
22,14,Column,0.5189018058402575
22,15,Column,0.7071136762102026
22,16,Column,0.3498072132537964
22,17,Column,0.4601627717866207
22,18,Column,0.24217801520829865
22,19,Column,0.4171835018592798
22,20,Column,0.903242219517393
22,21,Column,0.17739733625375254
22,22,Column,0.19614793842019246
22,23,Column,0.2489028897925984
22,24,Column,0.2412910596637634
22,25,Column,0.22032412359037953
22,26,Column,0.16441055486025008
22,27,Column,0.20549076431753285
22,28,Column,0.2893617999223484
22,29,Column,0.16037428838955142
22,30,Column,0.33557544038453546
22,31,Column,0.48015692890650363
22,32,Column,0.10256011592080487
22,33,Column,0.18752327317617506
22,34,Column,0.08702059904547316
22,35,Column,0.08487417285864289
22,36,Column,0.18336964760532273
22,37,Column,0.09718686493673985
22,38,Column,0.28598111971578927
22,39,Column,0.44508355986733594
22,40,Column,0.18720652815059408
22,41,Column,0.2810874129294196
22,42,Column,0.4178469013825548
22,43,Column,0.6487621227764431
22,44,Column,0.5345598770586872
22,45,Column,0.10110925679416283
22,46,Column,0.12939764922319397
22,47,Column,0.16189401151178165
22,48,Column,0.12888144092548073
22,49,Column,0.06489861334638392
22,50,Column,0.22394294367481038
22,51,Column,0.2595297905022475
22,52,Column,0.0828140380836613
22,53,Column,0.1924982581429763
22,54,Column,0.18701414840605327
22,55,Column,0.3022079904473573
22,56,Column,0.33802040465088745
22,57,Column,0.052884300998240166
22,58,Column,0.07074403899739426
22,59,Column,0.08227788051009044
22,60,Column,0.06703381365363657
22,61,Beam,0.07783299839573583
22,62,Beam,0.179779927224638
22,63,Beam,0.1990713589322504
22,64,Beam,0.13931704541009682
22,65,Beam,0.10401269337793806
22,66,Beam,0.09899112952401447
22,67,Beam,0.18401600290533493
22,68,Beam,0.20904873016119
22,69,Beam,0.0645048132123243
22,70,Beam,0.05926333128272272
22,71,Beam,0.07604575522141196
22,72,Beam,0.09078262762678971
22,73,Beam,0.4750606868410565
22,74,Beam,0.3145658042906967
22,75,Beam,0.5530899180718859
22,76,Beam,0.653740108143944
22,77,Beam,0.1714673320173739
22,78,Beam,0.8285505306730163
22,79,Beam,0.21643200902385157
22,80,Beam,0.25195117014702867
22,81,Beam,0.47595508285957344
22,82,Beam,0.2127804879074682
22,83,Beam,0.597884118082017
22,84,Beam,0.17025585287597766
22,85,Beam,0.6544902262623526
22,86,Beam,0.1938024148851588
22,87,Beam,0.5507437786476165
22,88,Beam,0.24416614883469084
22,89,Beam,0.23704717220965763
22,90,Beam,0.20754847372274532
22,91,Beam,0.6249883168064531
22,92,Beam,0.3307317193803488
22,93,Beam,0.1619679303154557
22,94,Beam,0.8162825414720568
22,95,Beam,0.20230761947861528
22,96,Beam,0.5242970313096446
22,97,Beam,0.2367938424952697
22,98,Beam,0.17872255588293437
22,99,Beam,0.5851506808255145
22,100,Beam,0.1562556229758303
22,101,Beam,0.642054737904789
22,102,Beam,0.34465985990992637
22,103,Beam,0.5343290780394789
22,104,Beam,0.36976641958686474
22,105,Beam,0.2568783468711344
22,106,Beam,0.1722074110167772
22,107,Beam,0.31781557483295286
22,108,Beam,0.3137208137170876
22,109,Beam,0.12817729210930895
22,110,Beam,0.41571224078690777
22,111,Beam,0.2167159914219368
22,112,Beam,0.2684873620115
22,113,Beam,0.25657801833700644
22,114,Beam,0.21389132265177396
22,115,Beam,0.2872842889890005
22,116,Beam,0.16732310039204887
22,117,Beam,0.31423310555390804
22,118,Beam,0.18375551735901527
22,119,Beam,0.29715284386830704
22,120,Beam,0.24790775473703303
22,121,Beam,0.3598519557327991
22,122,Beam,0.25323415401181615
22,123,Beam,0.4194589255875875
22,124,Beam,0.5727929084759713
22,125,Beam,0.1476861307429553
22,126,Beam,0.7277147607170141
22,127,Beam,0.2076182156843751
22,128,Beam,0.24169233897155526
22,129,Beam,0.35974873766779375
22,130,Beam,0.2058992502894028
22,131,Beam,0.52229810813903
22,132,Beam,0.17845066037806043
22,133,Beam,0.5724964148658164
22,134,Beam,0.20618178439714616
22,135,Beam,0.4176085370818028
22,136,Beam,0.23408188365435656
22,137,Beam,0.20993126319553196
22,138,Beam,0.21128744024972157
22,139,Beam,0.4239303815938922
22,140,Beam,0.23681667419925861
22,141,Beam,0.08182875825466135
22,142,Beam,0.5307717564186273
22,143,Beam,0.1767261739568859
22,144,Beam,0.35404568225138844
22,145,Beam,0.21035453911146124
22,146,Beam,0.1757621214782358
22,147,Beam,0.3264342814984815
22,148,Beam,0.1065565968378446
22,149,Beam,0.3588540103158607
22,150,Beam,0.16646012485743528
22,151,Beam,0.3681200053118384
22,152,Beam,0.30878207918964146
22,153,Beam,0.23445756765965384
22,154,Beam,0.18410610695219942
22,155,Beam,0.4123342653582462
22,156,Beam,0.30344932997900015
22,157,Beam,0.10358038812379688
22,158,Beam,0.4988210488109745
22,159,Beam,0.19872894885674172
22,160,Beam,0.2698346445882725
22,161,Beam,0.23310184558797528
22,162,Beam,0.17823986362735844
22,163,Beam,0.3571839752901045
22,164,Beam,0.14258987373244245
22,165,Beam,0.3926233606426466
22,166,Beam,0.16435415853632812
22,167,Beam,0.34996587353631886
22,168,Beam,0.20621271388528492
23,1,Column,0.36282274549016746
23,2,Column,0.5841765285600102
23,3,Column,0.7121030013002639
23,4,Column,0.683022007268749
23,5,Column,0.7225899445242839
23,6,Column,0.3680036153126164
23,7,Column,0.6416398257358362
23,8,Column,0.8620923120798825
23,9,Column,0.2802438618055795
23,10,Column,0.26951108855401756
23,11,Column,0.3624892938354287
23,12,Column,0.38868542557966096
23,13,Column,0.22292133228494687
23,14,Column,0.45505048815370597
23,15,Column,0.6025955551751008
23,16,Column,0.4069491776593869
23,17,Column,0.34674911892105026
23,18,Column,0.2341406528651735
23,19,Column,0.39371159473249606
23,20,Column,0.7285247498950209
23,21,Column,0.21216527404840577
23,22,Column,0.18000034943143406
23,23,Column,0.2304111830239994
23,24,Column,0.3007132231104398
23,25,Column,0.06785834808972598
23,26,Column,0.1422015994018893
23,27,Column,0.14764502549767283
23,28,Column,0.0840075524310162
23,29,Column,0.05654550178058452
23,30,Column,0.5622379097325583
23,31,Column,0.800044967089413
23,32,Column,0.14521972971783217
23,33,Column,0.057920358497645895
23,34,Column,0.05671914288558083
23,35,Column,0.06412249760088948
23,36,Column,0.057873665081435946
23,37,Column,0.09438960387164157
23,38,Column,0.3280321073580947
23,39,Column,0.42878171356039285
23,40,Column,0.18630974897995045
23,41,Column,0.27173025285564145
23,42,Column,0.3956991479634917
23,43,Column,0.6186187998256365
23,44,Column,0.519585060443097
23,45,Column,0.09210164438308883
23,46,Column,0.11897341170045087
23,47,Column,0.15334420749315167
23,48,Column,0.12848662536988195
23,49,Column,0.056464153151327134
23,50,Column,0.2231903539201176
23,51,Column,0.25403225829118753
23,52,Column,0.10335746645932152
23,53,Column,0.12763264926465773
23,54,Column,0.12005271128432655
23,55,Column,0.1852385165691216
23,56,Column,0.33100702683420086
23,57,Column,0.055974186601482644
23,58,Column,0.06056585461788618
23,59,Column,0.06655428562233026
23,60,Column,0.06154365455630067
23,61,Beam,0.07911500723664028
23,62,Beam,0.17475399672738876
23,63,Beam,0.19247187672663157
23,64,Beam,0.14174403305942807
23,65,Beam,0.12550392829308463
23,66,Beam,0.1002781917958517
23,67,Beam,0.1916157989504785
23,68,Beam,0.25125798122010273
23,69,Beam,0.06557322371784702
23,70,Beam,0.060303250395627436
23,71,Beam,0.08789547824746238
23,72,Beam,0.09343219462605212
23,73,Beam,0.285950217116411
23,74,Beam,0.19076680641243313
23,75,Beam,0.3446889771908636
23,76,Beam,0.6618442767089163
23,77,Beam,0.1877810714719033
23,78,Beam,0.8358044230481085
23,79,Beam,0.1302814225680908
23,80,Beam,0.15856875158567454
23,81,Beam,0.2861081750296191
23,82,Beam,0.12777943333958108
23,83,Beam,0.6067167894943699
23,84,Beam,0.17538778317639553
23,85,Beam,0.6646660578363359
23,86,Beam,0.19959026581164774
23,87,Beam,0.3309930791465064
23,88,Beam,0.14647212835468912
23,89,Beam,0.24323906649767468
23,90,Beam,0.21708289616607565
23,91,Beam,0.625081484429174
23,92,Beam,0.33096219948624345
23,93,Beam,0.163724632100159
23,94,Beam,0.8162006557544736
23,95,Beam,0.2082203816113985
23,96,Beam,0.5224397633614426
23,97,Beam,0.2416929154588608
23,98,Beam,0.18819380039007172
23,99,Beam,0.5861904494103055
23,100,Beam,0.15642425578132776
23,101,Beam,0.6435850425881572
23,102,Beam,0.34495816831689635
23,103,Beam,0.5366669741788009
23,104,Beam,0.37736558813061044
23,105,Beam,0.2985700799034606
23,106,Beam,0.21388755948310373
23,107,Beam,0.34769639725497925
23,108,Beam,0.3956406670492692
23,109,Beam,0.12148716402031498
23,110,Beam,0.5017965240651288
23,111,Beam,0.2518737389555884
23,112,Beam,0.29382738039988027
23,113,Beam,0.29910056199613355
23,114,Beam,0.2505112451544719
23,115,Beam,0.36121970489908733
23,116,Beam,0.18734523335711456
23,117,Beam,0.39578930712413807
23,118,Beam,0.21633987755793757
23,119,Beam,0.3453702745250069
23,120,Beam,0.2894731281872276
23,121,Beam,0.4434535389217479
23,122,Beam,0.3116806928954764
23,123,Beam,0.5156965584365913
23,124,Beam,0.5735737201997751
23,125,Beam,0.1519451476534948
23,126,Beam,0.728626467875886
23,127,Beam,0.24996606712652933
23,128,Beam,0.29109765971465257
23,129,Beam,0.4433901480561674
23,130,Beam,0.2515647942076399
23,131,Beam,0.523291277661495
23,132,Beam,0.17804029818460082
23,133,Beam,0.5736473540501614
23,134,Beam,0.2057048711602687
23,135,Beam,0.5167228842068111
23,136,Beam,0.2882054353591583
23,137,Beam,0.21061637659549587
23,138,Beam,0.21132109420026168
23,139,Beam,0.42649759895661976
23,140,Beam,0.3788428803655568
23,141,Beam,0.1483717235455041
23,142,Beam,0.7279921425912085
23,143,Beam,0.17643162938293946
23,144,Beam,0.35429513620771513
23,145,Beam,0.21104451301573665
23,146,Beam,0.17667407045449443
23,147,Beam,0.5221566898789259
23,148,Beam,0.1794955797374976
23,149,Beam,0.5729713950084757
23,150,Beam,0.3106967953400588
23,151,Beam,0.36924765340227966
23,152,Beam,0.31063820917372154
23,153,Beam,0.2338095111112273
23,154,Beam,0.18399891591134976
23,155,Beam,0.41100669614495006
23,156,Beam,0.33854238492629946
23,157,Beam,0.11576840823709081
23,158,Beam,0.5570811872017862
23,159,Beam,0.19503740362358404
23,160,Beam,0.2657538894764814
23,161,Beam,0.23494776430791564
23,162,Beam,0.17802999626996485
23,163,Beam,0.400721885953614
23,164,Beam,0.15982311083257505
23,165,Beam,0.43893864696805557
23,166,Beam,0.1843568321036261
23,167,Beam,0.3549573982931642
23,168,Beam,0.20659917536628172
24,1,Column,0.4021236662238402
24,2,Column,0.6311073182699263
24,3,Column,0.7898351017813828
24,4,Column,0.7309845863247477
24,5,Column,0.8274625973280982
24,6,Column,0.3490169764209062
24,7,Column,0.6093268775726499
24,8,Column,0.9609599455972198
24,9,Column,0.3055041305898204
24,10,Column,0.3308884720694132
24,11,Column,0.4221636186147976
24,12,Column,0.40828589187490294
24,13,Column,0.24618551896929874
24,14,Column,0.45108815344035114
24,15,Column,0.5875936497982475
24,16,Column,0.4569792336917333
24,17,Column,0.37136573954490365
24,18,Column,0.23476834010468559
24,19,Column,0.3853160237944695
24,20,Column,0.7307085437202918
24,21,Column,0.2509095794889635
24,22,Column,0.1826558024305248
24,23,Column,0.22516103190231096
24,24,Column,0.3420227671551135
24,25,Column,0.11435357475102992
24,26,Column,0.11944664961223839
24,27,Column,0.12420706471174957
24,28,Column,0.15352371839713308
24,29,Column,0.1019784570157129
24,30,Column,0.5823381456781638
24,31,Column,0.8227626075908592
24,32,Column,0.1279654716985513
24,33,Column,0.10713873950054682
24,34,Column,0.054274924406171064
24,35,Column,0.06344236280478369
24,36,Column,0.10748282786832854
24,37,Column,0.08570907808579104
24,38,Column,0.14840166793092763
24,39,Column,0.1694390782004896
24,40,Column,0.1521894939018694
24,41,Column,0.12265422984538851
24,42,Column,0.41134371506903855
24,43,Column,0.6379456365363237
24,44,Column,0.20359084947110412
24,45,Column,0.08928453602252566
24,46,Column,0.054447855659094505
24,47,Column,0.06207608718403131
24,48,Column,0.11077510612996176
24,49,Column,0.05568629459502319
24,50,Column,0.18377681676121727
24,51,Column,0.2101219037904133
24,52,Column,0.08291077542020305
24,53,Column,0.1593072481832931
24,54,Column,0.1865952421012133
24,55,Column,0.3041146301599726
24,56,Column,0.26990301984138615
24,57,Column,0.05560471424435093
24,58,Column,0.05594830842568115
24,59,Column,0.06066985579799496
24,60,Column,0.06902864812461794
24,61,Beam,0.07844061094951428
24,62,Beam,0.13840192207976423
24,63,Beam,0.15339259654237766
24,64,Beam,0.14191877114050022
24,65,Beam,0.10310723714674865
24,66,Beam,0.09937952948787349
24,67,Beam,0.1858484005701696
24,68,Beam,0.20647137734152013
24,69,Beam,0.06549553342080519
24,70,Beam,0.049011031741761135
24,71,Beam,0.07289246053163308
24,72,Beam,0.09207676410670869
24,73,Beam,0.4730249061712782
24,74,Beam,0.31461305287366964
24,75,Beam,0.5515286893363528
24,76,Beam,0.7075697931024201
24,77,Beam,0.2047054281281028
24,78,Beam,0.8936818540238181
24,79,Beam,0.21549901807183044
24,80,Beam,0.2512309888159287
24,81,Beam,0.4728413515809689
24,82,Beam,0.21024762582448925
24,83,Beam,0.6482412179258155
24,84,Beam,0.18997062647581428
24,85,Beam,0.709949786387458
24,86,Beam,0.21312967399442342
24,87,Beam,0.5466111399898411
24,88,Beam,0.24162638544875856
24,89,Beam,0.24304189101448218
24,90,Beam,0.21714530701718968
24,91,Beam,0.6242365922572322
24,92,Beam,0.3307367729570356
24,93,Beam,0.16350861873158617
24,94,Beam,0.8157190719426867
24,95,Beam,0.20889951654081682
24,96,Beam,0.5232222864901139
24,97,Beam,0.2401896102986382
24,98,Beam,0.18704632928006745
24,99,Beam,0.5855659201914768
24,100,Beam,0.15623147731302517
24,101,Beam,0.6429143734396747
24,102,Beam,0.34501522357300884
24,103,Beam,0.5357344512149363
24,104,Beam,0.37683787560817045
24,105,Beam,0.2570533098914942
24,106,Beam,0.17840457118070518
24,107,Beam,0.31768782220597946
24,108,Beam,0.3028169991914901
24,109,Beam,0.09333314154731286
24,110,Beam,0.3840042158662274
24,111,Beam,0.21602503427690875
24,112,Beam,0.2670137759620244
24,113,Beam,0.2572579256127865
24,114,Beam,0.2153247806813143
24,115,Beam,0.2764733385707187
24,116,Beam,0.1433160246480149
24,117,Beam,0.3029676682528335
24,118,Beam,0.16555011818591941
24,119,Beam,0.2981359785530985
24,120,Beam,0.24961786355854523
24,121,Beam,0.3111007429974292
24,122,Beam,0.208301458020139
24,123,Beam,0.41214573738515325
24,124,Beam,0.5734668925167381
24,125,Beam,0.15391475145539935
24,126,Beam,0.7276472431148179
24,127,Beam,0.18094717573107785
24,128,Beam,0.23185396483829038
24,129,Beam,0.31071968857074517
24,130,Beam,0.17279589332702183
24,131,Beam,0.5219109180389172
24,132,Beam,0.17903722245484552
24,133,Beam,0.5734570460902384
24,134,Beam,0.2068919905221545
24,135,Beam,0.36144752407494796
24,136,Beam,0.20016864344732113
24,137,Beam,0.21015667803667556
24,138,Beam,0.21149032014146193
24,139,Beam,0.4245901685451814
24,140,Beam,0.37831203413012543
24,141,Beam,0.1509150838834921
24,142,Beam,0.7272896662181402
24,143,Beam,0.178007671276434
24,144,Beam,0.3536816764091702
24,145,Beam,0.21056963330508513
24,146,Beam,0.1761291219216727
24,147,Beam,0.5222388211194067
24,148,Beam,0.18011776904863358
24,149,Beam,0.5733268987214424
24,150,Beam,0.31178870311555423
24,151,Beam,0.3685589984984127
24,152,Beam,0.30942331884613344
24,153,Beam,0.23348390184930942
24,154,Beam,0.1841567686336387
24,155,Beam,0.41096951959251454
24,156,Beam,0.3032614625555807
24,157,Beam,0.1060801448491155
24,158,Beam,0.49855293188090083
24,159,Beam,0.1995425278829512
24,160,Beam,0.2689283366961167
24,161,Beam,0.2331206256659267
24,162,Beam,0.1778108233032305
24,163,Beam,0.3575501369567792
24,164,Beam,0.14238701637199092
24,165,Beam,0.3930860223165784
24,166,Beam,0.1646454386180624
24,167,Beam,0.35133007301791885
24,168,Beam,0.20610356138432165
