name,b,d,h,PiM,M,rho_t,rho_c,PiVn,stirrup,stirrup_space,fck,fy,Cost,CO2,UnitWeight,dimension,PI_size,n_b,N_r,N_n,N_r_C,N_n_C
1,300,414,500,159.9240349,188.1459234,0.007657725,0.003125899,295.8613281,13,150,24,400,31297.85806,92.13380084,3.66376291,16,40,4,5,2,2,1
2,300,414,500,161.4857129,189.9831916,0.007621445,0.003272504,240.9101602,13,200,24,400,29181.50138,87.91949963,3.649356369,16,40,4,5,2,2,1
3,300,417,500,167.1543095,196.6521289,0.008038132,0.003385699,273.1144122,10,100,24,400,30995.95295,91.51497883,3.661755631,16,40,4,5,2,3,1
4,300,426,500,170.46186,200.5433647,0.005850252,0.002409761,290.3010299,13,200,24,500,26453.93316,82.55135656,3.630617504,22,50,3,2,1,1,1
5,300,429,500,171.301352,201.5310024,0.005807636,0.002435245,331.5141915,10,100,24,500,27641.32285,84.91321204,3.638707384,22,50,3,2,1,1,1
6,300,439,500,173.5596001,204.1877649,0.005654553,0.002530954,371.9968255,13,150,24,500,29267.59629,88.14604794,3.649792906,16,40,4,4,1,2,1
7,300,417,500,174.7028629,205.5327799,0.008621451,0.003560255,174.8611019,10,200,24,400,27786.78789,85.10970246,3.639950423,16,40,4,6,2,3,1
8,300,426,500,176.3628476,207.485703,0.005875753,0.002707009,290.3010299,13,200,24,500,26774.42464,83.18085214,3.63282277,22,50,3,2,1,1,1
9,300,429,500,181.0629176,213.0151972,0.007704434,0.003449902,179.8930761,10,200,24,400,26853.54999,83.27030343,3.633546211,22,50,3,3,1,2,1
10,300,401,500,184.2108447,216.7186408,0.009793861,0.00399218,262.6352021,10,100,24,400,32284.6907,94.03351557,3.670657879,22,50,3,4,2,2,1
11,300,401,500,186.6943883,219.6404568,0.009840726,0.004179261,168.1518031,10,200,24,400,28804.14178,87.10157198,3.646968015,22,50,3,4,2,2,1
12,300,426,500,189.9743657,223.4992538,0.008309591,0.00373453,304.4370188,13,150,24,400,32295.47209,94.07891034,3.670666349,22,50,3,3,1,2,1
13,300,417,500,191.0374413,224.7499309,0.009665971,0.004140905,174.8611019,10,200,24,400,29366.49718,88.21249955,3.650820226,16,40,4,6,2,3,1
14,300,426,500,191.837028,225.6906212,0.006543975,0.002740261,365.7283118,13,150,27,500,29554.88946,88.69597574,3.651808706,22,50,3,3,1,1,1
15,300,414,500,192.5111627,226.4837208,0.007213154,0.003252436,355.4261059,13,150,27,500,30990.9436,91.53097265,3.661651066,16,40,4,5,2,2,1
16,300,426,500,193.0731327,227.144862,0.008200472,0.004023842,417.5249295,13,100,24,400,36642.19905,102.7242728,3.700283429,22,50,3,3,1,2,1
17,300,426,500,196.5334886,231.215869,0.006995425,0.003052328,360.9809742,13,150,24,500,30313.06645,90.18515439,3.657025637,22,50,3,3,1,1,1
18,300,429,500,198.9621799,234.0731528,0.00703745,0.003092248,205.163262,10,200,24,500,25828.9128,81.2577551,3.626495797,22,50,3,3,1,1,1
19,300,426,500,199.9726752,235.2619708,0.006540617,0.003173876,507.0882003,13,100,27,500,34149.93087,97.82906679,3.683134411,22,50,3,3,1,2,1
20,300,417,500,201.0758638,236.5598398,0.007422997,0.003214911,249.405632,1.00E+01,150,30,500,27601.45456,84.77966948,3.638582933,16,40,4,5,2,2,1
21,300,429,500,202.1385797,237.8100938,0.008684357,0.004311622,179.8930761,1.00E+01,200,24,400,28695.19157,86.88757665,3.64621834,22,50,3,3,1,2,1
22,300,401,500,203.5662794,239.4897405,0.009989753,0.00431453,176.8471786,10,200,30,400,29069.88265,87.62352877,3.648796548,22,50,3,4,2,2,1
23,300,417,500,205.3885766,241.6336195,0.009879208,0.004609458,212.2592472,10,150,27,400,31344.49416,92.13158696,3.664338369,16,40,4,6,2,3,1
24,300,414,500,208.0074836,244.7146866,0.009872421,0.004877921,300.474938,13,150,27,400,35125.8759,99.65262893,3.690103072,16,40,4,6,2,3,1
25,300,429,500,209.1218658,246.0257244,0.008989746,0.0040496,285.7545894,10,100,27,400,32437.78393,94.33421472,3.671711296,22,50,3,3,1,2,1
26,300,401,500,211.2153782,248.4886802,0.010282634,0.004732595,176.8471786,10,200,30,400,29734.42519,88.92879466,3.653369191,22,50,3,4,2,2,1
27,300,426,500,215.4638075,253.4868323,0.007294212,0.00351939,507.0882003,13,100,27,500,35241.35283,99.9727909,3.690644363,22,50,3,3,1,2,1
28,300,417,500,215.6880833,253.7506862,0.008363842,0.003379957,208.4667527,10,200,30,500,27361.12993,84.2736434,3.637021518,16,40,4,5,2,3,1
29,300,426,500,215.8857884,253.9832804,0.007393339,0.003475053,295.0483676,13,200,27,500,29044.06861,87.63878926,3.648439936,22,50,3,3,1,2,1
30,300,467,550,216.4890126,254.692956,0.006336664,0.002862777,274.3880905,10,150,27,500,28886.44585,90.35722782,3.992298926,16,40,4,5,2,2,1
31,300,451,550,218.0905033,256.5770627,0.008695136,0.003565763,194.1442994,10,200,27,400,30097.14471,92.69221092,4.00074634,22,50,3,4,2,2,1
32,300,429,500,218.4500617,257.0000726,0.00758328,0.00304661,214.465796,10,200,30,500,26329.10463,82.24021039,3.629937561,22,50,3,3,1,1,1
33,300,451,550,218.880679,257.5066812,0.008715933,0.00360205,229.5657565,1.00E+01,150,27,400,31492.98691,95.46838603,4.010257301,22,50,3,4,2,2,1
34,300,398,500,219.2142096,257.8990702,0.010900302,0.005073792,398.7122993,13,100,30,400,39323.15536,107.990092,3.718730789,22,50,3,4,2,2,1
35,300,417,500,219.3403288,258.0474457,0.011077711,0.004889307,212.2592472,10,150,27,400,32781.49283,94.95407796,3.674226196,16,40,4,7,2,3,1
36,300,426,500,220.0530587,258.8859515,0.007500785,0.003257439,511.5783439,1.30E+01,100,30,500,35186.36336,99.86478294,3.690265987,22,50,3,3,1,2,1
37,300,429,500,220.4064722,259.301732,0.00759292,0.003519686,252.0610081,1.00E+01,150,27,500,28044.89523,85.64215888,3.641657256,22,50,3,3,1,2,1
38,300,417,500,220.5479902,259.4682237,0.00812758,0.003882509,331.2833905,10,100,30,500,31565.81168,92.63427084,3.665676766,16,40,4,5,2,3,1
39,300,464,550,220.6480848,259.5859821,0.00657455,0.00291459,398.3519641,13,150,27,500,33049.22729,98.63472796,4.02066811,16,40,4,5,2,2,1
40,300,414,500,220.7271463,259.6789957,0.01123003,0.004966077,410.3772738,13,100,27,400,40966.73418,111.2398805,3.729981619,16,40,4,7,2,3,1
41,300,429,500,221.0368643,260.0433698,0.007846778,0.003367487,252.0610081,10,150,27,500,28146.55377,85.84183222,3.642356757,22,50,3,3,1,2,1
42,300,479,550,221.0387798,260.0456233,0.006140731,0.002712456,370.1522092,10,100,24,500,31100.00512,94.76555184,4.00736589,22,50,3,3,1,1,1
43,300,464,550,221.22445,260.2640588,0.008513033,0.004139632,270.0055902,13,200,24,400,34074.36425,100.5863257,4.027890013,16,40,4,6,2,3,1
44,300,417,500,221.3088247,260.3633231,0.010853716,0.005237153,212.2592472,10,150,27,400,32901.87961,95.19053652,3.675054564,16,40,4,7,2,4,1
45,300,417,500,223.951702,263.4725906,0.010653417,0.005005894,282.1567354,10,100,30,400,35112.95433,99.60141596,3.690084257,16,40,4,7,2,3,1
46,300,479,550,225.5276474,265.3266441,0.006218851,0.002860065,276.1007791,10,150,24,500,28680.37929,89.94398304,3.990904063,22,50,3,3,1,2,1
47,300,426,500,225.9091815,265.7755077,0.007948454,0.003264661,370.2184554,13,150,30,500,31470.27863,92.45810081,3.664988285,22,50,3,3,1,2,1
48,300,517,600,225.982085,265.8612765,0.005590537,0.002342132,399.5171026,10,100,24,500,33084.62876,101.7353556,4.365846977,16,40,4,5,2,2,1
49,300,476,550,226.0717766,265.9667961,0.006229947,0.002920299,561.3010577,13,100,24,500,36898.04053,106.2967243,4.046873715,22,50,3,3,1,2,1
50,300,467,550,228.9393763,269.3404427,0.006971754,0.002979044,228.5404727,10,200,27,500,28286.31808,89.14183635,3.988268952,16,40,4,5,2,3,1
51,300,464,550,228.9890602,269.3988943,0.007050277,0.003334718,547.1506109,1.30E+01,100,24,500,38811.13371,110.0758813,4.059979042,16,40,4,5,2,3,1
52,300,417,500,231.1800501,271.9765295,0.01149373,0.004979701,183.9034252,10,200,30,400,31958.45977,93.30352105,3.66865523,16,40,4,7,2,3,1
53,300,414,500,231.5129572,272.3681849,0.008812748,0.004128589,359.7897666,13,150,30,500,33380.12433,96.22369875,3.678090751,16,40,4,6,2,3,1
54,300,517,600,235.8222028,277.4378857,0.00572173,0.002645666,298.00439,10,150,24,500,30566.94464,96.711625,4.348736361,16,40,4,5,2,2,1
55,300,476,550,237.2581677,279.1272561,0.00640183,0.002948256,329.6784577,13,200,27,500,30347.10822,93.25463876,4.002272407,22,50,3,3,1,2,1
56,400,426,500,237.4138126,279.3103677,0.006114927,0.002636839,387.0680399,13,150,24,500,37312.25989,114.111944,4.854765331,22,50,5,3,1,2,1
57,300,417,500,237.7477443,279.7032286,0.012179635,0.004999466,216.6545286,10,150,30,400,33959.67054,97.26820398,3.682333105,16,40,4,8,2,3,1
58,300,464,550,240.5173013,282.9615309,0.009947062,0.004382581,454.7689373,13,100,24,400,43077.60105,118.4558931,4.089336127,16,40,4,7,2,3,1
59,400,414,500,240.5519277,283.0022679,0.008568871,0.004113919,321.213547,13,150,24,400,42599.65694,124.5115831,4.89110835,16,40,6,7,2,4,1
60,300,448,550,240.8282465,283.3273488,0.010005415,0.00421101,325.1516237,13,150,27,400,37076.26225,106.5300958,4.048416655,22,50,3,4,2,2,1
61,400,426,500,241.4036737,284.004322,0.006001208,0.002875707,316.3880957,13,200,24,500,35046.74626,109.5992897,4.839347071,22,50,5,3,1,2,1
62,300,417,500,242.4127941,285.1915225,0.011884451,0.005649603,216.6545286,10,150,30,400,34304.69398,97.94588419,3.684707173,16,40,4,8,2,4,1
63,300,479,550,244.3401644,287.4590169,0.007281026,0.002922584,276.1007791,10,150,24,500,29936.15585,92.41052538,3.999544921,22,50,3,3,1,2,1
64,400,414,500,244.6039527,287.7693561,0.008819061,0.003647153,327.3650268,13,150,27,400,42320.98663,123.9642308,4.889190851,16,40,6,8,2,3,1
65,400,429,500,245.6513697,289.0016114,0.007867736,0.00356445,206.1638536,10,200,24,400,35558.66304,110.5278174,4.843078333,22,50,5,4,1,2,1
66,300,464,550,246.4101713,289.8943192,0.010072869,0.00471611,331.5933726,13,150,24,400,38781.4493,109.893712,4.060110888,16,40,4,7,2,4,1
67,400,426,500,247.6122805,291.3085653,0.006314084,0.00257401,322.7178793,13,200,27,500,35061.54721,109.6283611,4.839448915,22,50,5,3,1,2,1
68,300,501,600,247.8178946,291.5504642,0.008129939,0.003629896,249.433369,10,150,24,400,33887.85003,103.2259069,4.371610198,22,50,3,4,2,2,1
69,300,448,550,249.4028925,293.4151676,0.009560445,0.004525546,329.8736526,13,150,30,400,36940.05102,106.2625556,4.047479401,22,50,3,4,2,2,1
70,300,529,600,249.9687083,294.0808333,0.005801818,0.002399936,304.9213198,10,150,24,500,30267.92442,96.11580465,4.346701895,22,50,3,3,1,1,1
71,400,429,500,250.2878362,294.4562778,0.008135961,0.003633424,307.2445972,10,100,24,400,40324.02346,119.9992657,4.875565607,22,50,5,4,1,2,1
72,300,501,600,253.9935064,298.8158899,0.008053458,0.004019267,249.433369,10,150,24,400,34253.25228,103.9436143,4.37412449,22,50,3,4,2,2,1
73,300,451,550,254.4071934,299.3025805,0.010388649,0.00423934,305.1623206,10,100,30,400,36593.11511,105.5548823,4.045163365,22,50,3,4,2,2,1
74,300,479,550,254.4281548,299.327241,0.006914269,0.003309439,281.438748,10,150,27,500,29958.59605,92.45460147,3.999699329,22,50,3,3,1,2,1
75,400,429,500,254.645721,299.5832012,0.008162289,0.003847802,206.1638536,10,200,24,400,36329.20144,112.0412758,4.848380322,22,50,5,4,1,2,1
76,300,476,550,255.1896098,300.2230703,0.007160601,0.002873262,413.6713258,1.30E+01,150,30,500,33363.35202,99.23735714,4.022868535,22,50,3,3,1,2,1
77,400,426,500,255.34729,300.4085765,0.006732248,0.002953181,528.4279284,13,100,24,500,43410.86327,126.2162182,4.896388167,22,50,5,3,1,2,1
78,300,464,550,255.8026684,300.9443158,0.009655442,0.004523139,341.6548545,13,150,30,400,38121.25207,108.596981,4.055568144,16,40,4,7,2,4,1
79,400,414,500,255.8893311,301.0462719,0.009258379,0.004581678,321.213547,13,150,24,400,44088.72622,127.436349,4.901354469,16,40,6,8,2,4,1
80,300,467,550,256.1788793,301.3869169,0.008114356,0.003455836,228.5404727,10,200,27,500,30049.15441,92.60432369,4.000398831,16,40,4,6,2,3,1
81,300,529,600,256.397159,301.6437165,0.005648676,0.002755149,252.9868662,10,200,24,500,29078.51137,93.74243326,4.338618556,22,50,3,3,1,2,1
82,300,448,550,256.606451,301.8899423,0.010391232,0.005032472,444.0797552,13,100,27,400,42852.1191,117.9914695,4.087843063,22,50,3,4,2,2,1
83,300,464,550,256.8342054,302.1578887,0.010035672,0.004860095,275.1763993,13,200,27,400,36500.46752,105.3515734,4.044583758,16,40,4,7,2,4,1
84,300,464,550,257.2685479,302.6688799,0.00774875,0.003501234,403.2426369,13,150,30,500,34953.72926,102.3754689,4.033772775,16,40,4,6,2,3,1
85,300,464,550,257.3124009,302.7204716,0.008214012,0.003492413,552.32142,13,100,27,500,40240.37029,112.8831264,4.069813459,16,40,4,6,2,3,1
86,400,439,500,257.9899917,303.5176373,0.006719564,0.002815327,544.5536633,13,100,24,500,44430.35681,128.2402052,4.903344736,16,40,6,6,1,3,1
87,300,514,600,262.8351396,309.2178113,0.008935782,0.00360676,367.325417,13,150,24,400,39708.2043,114.7749673,4.411342009,16,40,4,7,2,3,1
88,300,464,550,263.2499911,309.7058719,0.010538644,0.004925384,275.1763993,13,200,27,400,37115.09051,106.5587895,4.04881291,16,40,4,8,2,4,1
89,400,414,500,263.4872879,309.9850446,0.009574008,0.004239507,272.4138589,13,200,27,400,41484.43355,122.2546892,4.883614851,16,40,6,8,2,4,1
90,300,514,600,265.3830789,312.2153869,0.007025765,0.002838805,299.1010202,13,250,24,500,32387.41156,100.2895088,4.361256818,16,40,4,6,2,3,1
91,300,526,600,266.1599457,313.1293479,0.006344757,0.002630777,358.4468116,13,200,24,500,32698.59609,100.9298053,4.363319134,22,50,3,3,1,2,1
92,300,464,550,266.5099746,313.5411465,0.007876727,0.003872989,326.2579089,13,200,30,500,33097.74876,98.6680995,4.021170031,16,40,4,6,2,3,1
93,300,464,550,267.0575989,314.1854105,0.010224903,0.004847086,464.8304193,13,100,30,400,43880.511,120.0329343,4.09486086,16,40,4,7,2,4,1
94,300,517,600,267.687596,314.9265835,0.00659486,0.002946358,253.009474,10,200,27,500,30460.75795,96.46375585,4.348112346,16,40,4,5,2,3,1
95,400,439,500,268.4468072,315.8197731,0.006831566,0.003185561,544.5536633,13,100,24,500,45088.32675,129.5325615,4.907872153,16,40,6,6,1,3,1
96,300,467,550,269.2654857,316.7829244,0.008109325,0.003787513,233.4627662,10,200,30,500,30404.73377,93.3027374,4.002845533,16,40,4,6,2,3,1
97,400,467,550,269.5073866,317.0675136,0.007962443,0.00325642,334.4597364,10,100,24,400,43624.75556,130.5684503,5.358070334,16,40,6,8,2,3,1
98,400,426,500,270.943588,318.7571623,0.009037014,0.003659793,280.3099127,13,200,27,400,40104.31362,119.5331461,4.874147626,22,50,5,4,1,2,1
99,400,442,500,271.0755629,318.912427,0.006865933,0.002857832,288.4079627,10,150,27,500,35441.05691,110.3424956,4.842145161,16,40,6,6,1,3,1
100,400,417,500,271.9249508,319.9117068,0.009770923,0.004038177,245.2045669,10,150,30,400,39980.26126,119.2582056,4.873378918,16,40,6,8,2,4,1
101,300,517,600,272.1282809,320.1509187,0.009270184,0.003858639,192.4311689,10,250,24,400,33871.80114,103.1399992,4.371647339,16,40,4,7,2,3,1
102,300,451,550,274.8524823,323.3558615,0.008749425,0.004021046,269.7408634,10,150,30,500,31968.67912,96.40272022,4.013530486,22,50,3,4,2,2,1
103,300,479,550,275.8751881,324.5590448,0.007691899,0.003359234,239.4618095,10,200,30,500,29546.62632,91.61090636,3.996958285,22,50,3,3,1,2,1
104,300,451,550,276.1229204,324.8504946,0.011401944,0.004991056,198.897949,10,200,30,400,34441.14332,101.2245063,4.030636909,22,50,3,5,2,2,1
105,400,442,500,276.9967771,325.8785613,0.006961319,0.003408077,238.4471922,10,200,24,500,34807.18994,109.0581795,4.837890237,16,40,6,6,1,3,1
106,400,414,500,277.0741311,325.969566,0.008015628,0.003228524,388.1344089,13,150,30,500,40748.54342,120.8757055,4.878371045,16,40,6,7,2,3,1
107,300,451,550,277.2532016,326.1802372,0.008812894,0.004102466,269.7408634,10,150,30,500,32120.99819,96.70189879,4.014578576,22,50,3,4,2,2,1
108,400,417,500,277.5641841,326.5460989,0.008153867,0.003446296,353.9730536,10,100,27,500,40158.98512,119.687851,4.87439541,16,40,6,7,2,3,1
109,400,429,500,277.7558517,326.7715903,0.006983195,0.003271669,364.1593285,10,100,27,500,38304.66432,116.0329273,4.861670623,22,50,5,3,1,2,1
110,300,467,550,277.9530031,327.003533,0.008630899,0.003811961,371.0056196,10,100,30,500,35253.22943,102.935883,4.035909175,16,40,4,6,2,3,1
111,400,439,500,278.937013,328.1611918,0.007043496,0.00348081,544.5536633,13,100,24,500,45780.32668,130.891758,4.912633727,16,40,6,6,1,3,1
112,400,417,500,279.9422007,329.3437655,0.009882778,0.004433457,212.4534635,10,200,30,400,39116.73504,117.5228027,4.867543735,16,40,6,8,2,4,1
113,300,517,600,280.754183,330.2990388,0.007261959,0.003306733,298.00439,10,150,24,500,33219.7866,101.9222232,4.36699027,16,40,4,6,2,3,1
114,400,442,500,280.8416686,330.401963,0.006955936,0.003198511,375.1944597,10,100,27,500,39074.28542,117.5573305,4.866931713,16,40,6,6,1,3,1
115,300,439,550,281.5865797,331.2783291,0.01264133,0.00609838,323.2467266,13,150,30,400,41962.43966,116.1416766,4.081998926,16,40,4,9,3,5,2
116,300,548,650,281.8472365,331.5849841,0.007771848,0.003346192,537.0977967,13,100,24,400,45431.27805,129.1972199,4.795249705,22,50,3,4,2,2,1
117,400,489,550,283.4671672,333.4907849,0.00573816,0.002527012,444.3104965,13,150,24,500,41136.69714,125.7134005,5.340863757,16,40,6,6,1,3,1
118,300,467,550,284.2222693,334.3791404,0.011074641,0.005346729,205.9541956,10,200,30,400,35330.03428,102.9768009,4.036735974,16,40,4,8,2,4,1
119,300,526,600,284.292537,334.4618082,0.00627184,0.003033886,364.3085478,13,200,27,500,33103.4464,101.7249949,4.366104864,22,50,3,3,1,2,1
120,400,429,500,284.3843869,334.5698669,0.009542144,0.003973856,313.6189567,10,100,27,400,42652.84102,124.573429,4.89158994,22,50,5,5,1,2,1
121,400,429,500,285.2682336,335.6096865,0.007578922,0.003157713,364.1593285,1.00E+01,100,27,500,38947.0249,117.2946243,4.866090634,22,50,5,4,1,2,1
122,400,417,500,286.5527003,337.1208239,0.011078125,0.004485543,206.5930883,10,200,27,400,40733.45267,120.69829,4.878668188,16,40,6,9,2,4,1
123,300,451,550,286.8284956,337.4452889,0.012322836,0.005060088,305.1623206,10,100,30,400,39489.32556,111.2434944,4.065091865,22,50,3,5,2,2,1
124,400,429,500,287.9067909,338.7138716,0.009105695,0.004453223,212.5382131,10,200,27,400,38394.30307,116.0974596,4.862590055,22,50,5,4,1,2,1
125,400,426,500,290.1430961,341.344819,0.00718573,0.003337107,540.7445701,1.30E+01,100,30,500,44519.60001,128.3939512,4.90401726,22,50,5,4,1,2,1
126,300,564,650,290.2897244,341.5173228,0.006088627,0.002748219,328.1964501,13,250,24,500,33802.77401,106.1232853,4.715869477,16,40,4,5,2,3,1
127,300,517,600,290.6029149,341.8857822,0.007242515,0.003391903,253.009474,10,200,27,500,31778.20246,99.05142373,4.357177535,16,40,4,6,2,3,1
128,300,448,550,290.7507023,342.0596498,0.012637036,0.005203242,270.4095869,13,200,30,400,38603.05254,109.4706097,4.059080636,22,50,3,5,2,2,1
129,300,448,550,290.7952835,342.1120982,0.012621098,0.005219092,329.8736526,13,150,30,400,40860.5166,113.9629655,4.074455685,22,50,3,5,2,2,1
130,400,464,550,291.0094232,342.3640273,0.008416408,0.004011774,483.1830184,13,100,24,400,51985.61624,147.1641969,5.415129144,16,40,6,8,2,4,1
131,400,426,500,291.5462081,342.995539,0.00706677,0.003468556,540.7445701,13,100,30,500,44536.13466,128.4264279,4.904131033,22,50,5,3,1,2,1
132,400,429,500,293.2149972,344.9588203,0.007576681,0.003131192,285.9543946,10,150,30,500,36031.49995,111.4937207,4.846230992,22,50,5,4,1,2,1
133,500,417,500,294.6917684,346.6961981,0.008829424,0.003573753,324.1862733,10,100,24,400,50451.53568,150.0792747,6.094807278,16,40,8,9,2,4,1
134,300,492,600,294.7165737,346.7253808,0.01121486,0.004656924,327.71855,10,100,27,400,41727.34373,118.7110048,4.425316531,16,40,4,9,3,4,1
135,300,517,600,295.306258,347.419127,0.007534697,0.003345326,405.278543,10,100,27,500,36636.56571,108.7119175,4.390287457,16,40,4,6,2,3,1
136,300,526,600,296.2237538,348.4985339,0.007070431,0.002886966,364.3085478,13,200,27,500,33902.46377,103.2943904,4.371602813,22,50,3,3,1,2,1
137,400,417,500,296.5239058,348.8516539,0.011287765,0.00499361,239.3441917,10,150,27,400,43184.41877,125.5516741,4.895426367,16,40,6,9,2,4,1
138,400,442,500,296.8157482,349.1949979,0.007474719,0.003116138,251.2264308,10,200,30,500,35111.41955,109.6557342,4.839983607,16,40,6,6,1,3,1
139,500,439,500,297.5177704,350.0209064,0.00570952,0.002754639,352.9262814,13,200,24,500,43188.11687,135.7712897,6.044941087,16,40,8,6,1,3,1
140,400,479,550,297.8677285,350.4326217,0.006102592,0.00284797,305.4334188,1.00E+01,150,24,500,37090.36322,117.6414653,5.313358668,22,50,5,3,1,2,1
141,400,464,550,299.2761461,352.0895837,0.008850293,0.003575887,366.9018657,13,150,27,400,46495.1337,136.2382112,5.377734559,16,40,6,8,2,4,1
142,300,517,600,299.8549661,352.7705484,0.010085233,0.004264094,344.3709154,10,100,27,400,40817.51713,116.9239625,4.419056116,16,40,4,8,2,4,1
143,300,501,600,300.151108,353.1189506,0.010066596,0.004073583,338.9940634,10,100,30,400,39544.86412,114.4115256,4.41033372,22,50,3,4,2,2,1
144,400,439,500,300.4787729,353.5044387,0.007510295,0.003288093,411.5724771,13,150,30,500,41014.00852,121.3971206,4.880197681,16,40,6,6,1,3,1
145,400,417,500,301.0578788,354.1857398,0.008719484,0.003748291,277.9556703,10,150,30,500,38241.8553,115.8437034,4.861417142,16,40,6,7,2,3,1
146,300,526,600,302.1607558,355.4832421,0.007065316,0.003124687,626.1229891,13,100,27,500,41481.30237,118.3689088,4.423240495,22,50,3,3,1,2,1
147,300,501,600,302.1693623,355.4933674,0.008297803,0.003359376,245.1793936,1.00E+01,200,27,500,32329.37734,100.1276445,4.360987401,22,50,3,4,2,2,1
148,400,464,550,302.2680109,355.6094246,0.006777663,0.003059538,351.5049201,13,200,27,500,40017.73803,123.4446812,5.33335673,16,40,6,7,2,3,1
149,500,429,500,302.7704142,356.2004873,0.008064851,0.003251061,266.1282123,10,150,24,400,45436.23569,140.1307146,6.060562728,22,50,7,5,1,2,1
150,300,548,650,303.0282142,356.5037814,0.008371382,0.003898989,275.2435357,13,250,24,400,37525.71589,113.427111,4.741510004,22,50,3,4,2,2,1
151,300,567,650,303.7959058,357.4069479,0.006455687,0.00291123,237.7607789,10,250,24,500,31876.55635,102.27041,4.702803924,16,40,4,6,2,3,1
152,400,429,500,303.9640054,357.6047123,0.009567173,0.004465329,319.6479758,10,100,30,400,43341.50972,125.9260825,4.896328592,22,50,5,5,1,2,1
153,400,492,550,304.1177035,357.7855335,0.006475362,0.002601483,410.3268176,10,100,24,500,41221.02383,125.8471438,5.341530525,16,40,6,6,1,3,1
154,300,517,600,305.1923949,359.0498764,0.007647759,0.00333441,228.004966,10,250,30,500,31284.81125,98.05874483,4.353846551,16,40,4,6,2,3,1
155,300,567,650,305.8145675,359.7818442,0.008133188,0.004040283,237.7607789,10,200,24,400,36560.04298,111.4946875,4.734962161,16,40,4,7,2,4,1
156,400,479,550,307.1261185,361.3248454,0.008226493,0.003664244,267.8128468,10,150,24,400,41467.49552,126.2388404,5.343477225,22,50,5,4,1,2,1
157,400,426,500,307.6510787,361.9424455,0.008135774,0.003400685,399.3846816,13,150,30,500,40999.21652,121.3537057,4.880134867,22,50,5,4,1,2,1
158,300,498,600,307.8397104,362.1643651,0.009671788,0.004799918,366.6899085,13,150,30,400,40924.15798,117.1489302,4.419747819,22,50,3,4,2,2,1
159,400,429,500,307.8880838,362.2212751,0.01074512,0.004435258,212.5382131,1.00E+01,200,27,400,40556.24663,120.3438563,4.877466146,22,50,5,5,1,2,1
160,300,489,600,307.893263,362.2273683,0.011238487,0.004961829,295.1568928,13,200,30,400,40576.49559,116.4140077,4.417496852,16,40,4,9,3,4,1
161,300,564,650,308.7732707,363.2626714,0.006582839,0.003007656,477.9184728,1.30E+01,150,24,500,39183.66115,116.8056452,4.752586911,16,40,4,6,2,3,1
162,400,426,500,309.0517239,363.5902634,0.01074892,0.004589863,280.3099127,1.30E+01,200,27,400,43602.31144,126.403763,4.898216957,22,50,5,5,1,2,1
163,300,498,600,310.8464084,365.701657,0.008197596,0.003511932,432.7905888,13,150,30,500,37717.71722,110.8509771,4.397684659,22,50,3,4,2,2,1
164,300,501,600,311.1289967,366.0341138,0.007989056,0.003631181,299.6456154,10,150,30,500,33724.82438,102.9056989,4.370488436,22,50,3,4,2,2,1
165,400,401,500,312.4103044,367.5415346,0.011962669,0.005545025,298.7851709,10,100,30,400,46451.50541,132.0346023,4.917728125,22,50,5,6,2,3,1
166,300,548,650,312.9541477,368.1813503,0.008624123,0.003662315,324.9928164,13,200,27,400,39109.16265,116.5776397,4.752295926,22,50,3,4,2,2,1
167,300,517,600,313.085715,368.3361353,0.007949967,0.003791151,222.5556602,10,250,27,500,32199.44059,99.85522045,4.360140013,16,40,4,6,2,3,1
168,300,492,600,313.3640313,368.6635662,0.011446917,0.005116567,255.6211704,10,150,30,400,39479.03638,114.2163725,4.410059467,16,40,4,9,3,4,1
169,400,479,550,313.4624022,368.7792967,0.006614252,0.002657222,312.5507107,10,150,27,500,37568.11474,118.5798443,5.316646023,22,50,5,4,1,2,1
170,400,417,500,314.1266572,369.5607732,0.009057116,0.004122222,237.016791,10,200,30,500,37643.27448,114.6286949,4.857405018,16,40,6,8,2,4,1
171,300,498,600,314.1857395,369.6302818,0.010429952,0.004631612,498.891269,13,100,30,400,46471.31355,128.1700743,4.457576204,22,50,3,5,2,2,1
172,300,551,650,314.2490182,369.7047273,0.009176703,0.003791836,274.3269188,10,150,24,400,38421.92055,115.185167,4.747682741,22,50,3,4,2,2,1
173,300,617,700,314.337548,369.80888,0.005700662,0.002293935,258.7273379,10,250,24,500,32441.17743,106.4287993,5.051574659,16,40,4,6,2,3,1
174,400,492,550,314.559158,370.0695976,0.006589758,0.002887148,313.7228435,10,150,24,500,38585.67473,120.5869896,5.323624681,16,40,6,6,1,3,1
175,300,498,600,314.5868396,370.1021642,0.010192624,0.004818426,300.5892283,13,200,30,400,39119.03725,113.5405598,4.407497471,22,50,3,5,2,2,1
176,300,492,600,315.5895985,371.2818806,0.01170508,0.005041293,216.9795808,10,200,30,400,38167.98915,111.6019681,4.401144941,16,40,4,9,3,4,1
177,500,439,500,315.808065,371.5389,0.006289306,0.002927612,352.9262814,1.30E+01,200,24,500,44471.95784,138.2929549,6.053775053,16,40,8,7,1,3,1
178,400,429,500,316.7963641,372.7016048,0.009935144,0.0048994,252.2608134,10,150,30,400,41533.72232,122.3009494,4.884091168,22,50,5,5,1,3,1
179,500,426,500,316.8766503,372.7960592,0.0065897,0.002976107,342.4751615,13,200,24,500,44167.09452,137.6833847,6.051706549,22,50,7,4,1,2,1
180,400,417,500,317.4237889,373.4397517,0.011995318,0.005182333,245.2045669,10,150,30,400,44346.02545,127.833252,4.903419253,16,40,6,10,2,5,1
181,300,529,600,317.6436843,373.6984521,0.007102081,0.003308719,316.3922766,10,150,30,500,32991.89762,101.4661157,4.365445249,22,50,3,3,1,2,1
182,400,464,550,317.9500699,374.0589058,0.010018367,0.004164793,298.4196712,13,200,24,400,46285.09799,135.7547602,5.376481732,16,40,6,9,2,4,1
183,300,517,600,318.2254808,374.3829186,0.010579239,0.004388872,268.610051,10,150,30,400,38521.64494,112.3359054,4.403471764,16,40,4,8,2,4,1
184,400,467,550,318.9443865,375.22869,0.00994187,0.004241196,334.4597364,10,100,24,400,47927.1053,139.0189407,5.38767432,16,40,6,9,2,4,1
185,300,526,600,319.6605716,376.0712608,0.007062548,0.003443579,631.667157,13,100,30,500,41868.90325,119.1302178,4.425907534,22,50,3,3,1,2,1
186,300,576,650,319.8579809,376.303507,0.006555787,0.00263616,488.086951,13,150,24,500,38361.10785,115.1756602,4.746965982,22,50,3,3,1,2,1
187,500,426,500,321.2100093,377.8941286,0.006373245,0.002900719,421.0673351,13,150,27,500,46462.62115,142.2639649,6.06730697,22,50,7,4,1,2,1
188,400,467,550,321.6275273,378.3853263,0.009565285,0.004703784,261.1035479,10,150,24,400,44804.83683,132.8024005,5.366418039,16,40,6,9,2,5,1
189,300,564,650,321.7391391,378.5166342,0.007206826,0.00292498,328.1964501,13,250,24,500,35505.23669,109.4671893,4.727583932,16,40,4,6,2,3,1
190,300,576,650,322.5682472,379.4920555,0.006353483,0.002900458,679.221448,1.30E+01,100,24,500,43654.0873,125.7065382,4.783021054,22,50,3,3,1,2,1
191,500,442,500,322.6339701,379.5693765,0.006297993,0.00311067,395.6937995,10,100,24,500,46514.10413,142.3455409,6.067714252,16,40,8,7,1,4,1
192,500,414,500,322.7119474,379.6611146,0.010006982,0.004161032,346.5657658,13,150,24,400,54457.51509,157.981553,6.122279972,16,40,8,10,2,5,1
193,400,401,500,323.071156,380.0837129,0.012517931,0.005862922,298.7851709,10,100,30,400,47539.72989,134.1720461,4.925216075,22,50,5,6,2,3,1
194,300,567,650,323.5219863,380.6141016,0.007083794,0.003091382,271.1598358,10,200,24,500,33918.9419,106.3071503,4.71678904,16,40,4,6,2,3,1
195,300,492,600,324.0229486,381.203469,0.012211707,0.005164562,255.6211704,10,150,30,400,40411.1793,116.0472476,4.416473438,16,40,4,10,3,4,1
196,300,542,650,324.6281527,381.9154737,0.009907723,0.004310394,207.7763911,10,250,27,400,37459.715,113.2366102,4.741221013,16,40,4,9,3,4,1
197,500,442,500,324.8713342,382.2015697,0.006388958,0.00311678,395.6937995,10,100,24,500,46680.7989,142.6729556,6.06886126,16,40,8,7,1,4,1
198,300,517,600,325.2387376,382.6338089,0.00822893,0.004107981,303.7658303,10,150,27,500,35350.7156,106.1077023,4.381652954,16,40,4,7,2,4,1
199,300,564,650,326.458919,384.0693164,0.006877004,0.003063396,484.2036805,13,150,27,500,39643.67579,117.7091862,4.75575222,16,40,4,6,2,3,1
200,300,614,700,327.6921527,385.5201796,0.005872873,0.002572508,418.4150995,13,200,24,500,37639.68309,116.758597,5.087021778,16,40,4,6,2,3,1
201,500,467,550,328.0797146,385.9761349,0.007687014,0.003123733,363.0575291,10,100,24,400,52588.25264,159.3637414,6.684304778,16,40,8,9,2,4,1
202,300,564,650,328.1350842,386.0412756,0.007112569,0.002910965,671.3562088,13,100,27,500,45240.56552,128.8441722,4.793878981,16,40,4,6,2,3,1
203,300,542,650,328.2987302,386.2338002,0.010094836,0.004348194,361.0232807,10,100,27,400,43588.64558,125.4258386,4.782983641,16,40,4,9,3,4,1
204,300,564,650,328.7729214,386.7916722,0.008926834,0.003982258,559.0646918,13,100,27,400,49034.16199,136.2953913,4.819982294,16,40,4,8,2,4,1
205,300,548,650,329.2037151,387.2984884,0.007012396,0.002959626,385.3218407,13,200,30,500,36152.75475,110.7707904,4.731953215,22,50,3,4,2,2,1
206,300,576,650,330.6163089,388.9603634,0.006451656,0.003094297,488.086951,13,150,24,500,38836.4153,116.1092387,4.750236519,22,50,3,3,1,2,1
207,300,576,650,330.9210576,389.3188914,0.006459413,0.002754295,494.5058864,13,150,27,500,38390.32445,115.2330462,4.747167018,22,50,3,3,1,2,1
208,400,426,500,331.0822283,389.5085039,0.009017612,0.003766107,328.7047374,13,200,30,500,40219.386,119.7591663,4.874939426,22,50,5,4,1,2,1
209,400,514,600,331.2297836,389.6820983,0.006343049,0.002685708,637.5867492,13,100,24,500,51128.28303,149.5645357,5.869027444,16,40,6,7,2,3,1
210,300,492,600,332.0376191,390.632493,0.011916788,0.005955622,216.9795808,10,200,30,400,39459.38762,114.1384774,4.41003091,16,40,4,9,3,5,2
211,300,542,650,332.2998712,390.941025,0.010394351,0.004297036,207.7763911,10,250,27,400,38057.64514,114.4110389,4.745335303,16,40,4,9,3,4,1
212,300,551,650,332.6040065,391.2988312,0.008956295,0.004309192,237.1918158,10,200,27,400,37261.97095,112.867011,4.739809342,22,50,3,4,2,2,1
213,400,429,500,332.6627656,391.3679596,0.008664662,0.004010578,285.9543946,10,150,30,500,38654.65458,116.6460083,4.864280625,22,50,5,4,1,2,1
214,500,414,500,332.9112525,391.6602971,0.009991954,0.004721668,346.5657658,1.30E+01,150,24,400,55335.06522,159.7051993,6.128318296,16,40,8,10,2,5,1
215,400,476,550,333.5294012,392.3875308,0.007063593,0.003053447,439.5712769,13,150,27,500,42986.71416,129.3327633,5.353632485,22,50,5,4,1,2,1
216,400,464,550,333.5892468,392.4579374,0.009625263,0.004184253,373.4227629,13,150,30,400,48490.05838,140.1565565,5.391461412,16,40,6,9,2,4,1
217,300,567,650,334.6451766,393.7002078,0.006955183,0.003282778,244.0794185,10,250,27,500,33027.79478,104.531623,4.710725466,16,40,4,6,2,3,1
218,500,426,500,335.6113877,394.8369267,0.006962543,0.002965901,562.4272236,13,100,27,500,53102.84946,155.4500269,6.112607956,22,50,7,4,1,2,1
219,300,564,650,335.8338689,395.0986693,0.007329622,0.003386561,665.0710012,13,100,24,500,46151.17937,130.6327608,4.800144813,16,40,4,7,2,3,1
220,400,514,600,336.4275317,395.7970961,0.007971686,0.003789609,330.5769634,13,200,24,400,46741.17745,140.7213842,5.83945401,16,40,6,8,2,4,1
221,500,442,500,336.4947107,395.8761302,0.006696593,0.002915118,403.9032018,10,100,27,500,46862.77165,143.0303786,6.070113395,16,40,8,7,1,3,1
222,400,417,500,336.868543,396.315933,0.012472015,0.006097534,310.7067737,10,100,30,400,49191.55952,137.4292454,4.936547543,16,40,6,10,2,5,1
223,400,451,550,337.3305049,396.8594176,0.010665559,0.00450891,258.8590658,10,150,27,400,45035.54994,133.2470596,5.368028608,22,50,5,6,2,3,1
224,500,426,500,337.3575373,396.8912203,0.00921738,0.004040451,356.6111503,13,150,24,400,53055.95962,155.2143169,6.112674994,22,50,7,5,1,3,1
225,300,548,650,337.6356359,397.2183952,0.010031087,0.004338554,391.6232073,13,150,24,400,44375.09077,126.988067,4.788347525,22,50,3,5,2,2,1
226,400,476,550,337.8620136,397.4847218,0.007094876,0.003180222,597.5227016,13,100,27,500,48430.29009,140.1594364,5.390723795,22,50,5,4,1,2,1
227,400,464,550,338.0000406,397.6471066,0.00766245,0.00374849,582.4591041,13,100,27,500,50518.64003,144.2828252,5.405035045,16,40,6,7,2,4,1
228,400,476,550,338.150035,397.8235706,0.007188901,0.003520928,432.498561,13,150,24,500,43863.69143,131.0552843,5.359666867,22,50,5,4,1,2,1
229,500,426,500,339.5755679,399.5006682,0.006973547,0.00308892,350.3873909,13,200,27,500,44989.07132,139.2978762,6.05736248,22,50,7,4,1,2,1
230,300,567,650,339.8992921,399.8815202,0.009491052,0.004620608,282.2928548,10,150,24,400,40745.25309,119.7570546,4.763646274,16,40,4,8,2,4,1
231,400,464,550,340.1890479,400.2224093,0.009536885,0.004563739,311.8349805,13,200,30,400,46166.07186,135.5209742,5.375662726,16,40,6,9,2,5,1
232,300,598,700,340.7875704,400.9265534,0.006469289,0.002648877,705.1639339,13,100,24,500,46181.33359,133.7403854,5.145240622,22,50,3,4,2,2,1
233,500,439,500,340.8922202,401.0496708,0.00733144,0.002957509,425.7631253,13,150,24,500,49217.77907,147.6898888,6.086225935,16,40,8,8,1,3,1
234,500,414,500,341.0484078,401.2334209,0.010243498,0.004325271,299.3039476,1.30E+01,200,27,400,52184.63006,153.4418542,6.106845087,16,40,8,11,2,5,1
235,500,467,550,343.1970847,403.7612762,0.007934473,0.00353252,363.0575291,10,100,24,400,53778.87711,161.7023148,6.692497332,16,40,8,9,2,4,1
236,300,617,700,343.3885002,403.9864709,0.006274191,0.002695603,355.6454713,10,150,24,500,36605.82058,114.6801929,5.080037414,16,40,4,6,2,3,1
237,400,464,550,343.831351,404.5074718,0.010284037,0.004744035,366.9018657,13,150,27,400,50247.35344,143.6081599,5.403553163,16,40,6,10,2,5,1
238,400,464,550,344.2753029,405.0297681,0.008348512,0.003420886,351.5049201,13,200,27,500,42804.18342,128.9176974,5.352529948,16,40,6,8,2,4,1
239,300,517,600,344.6163247,405.4309702,0.008793677,0.004096835,258.4587798,10,200,30,500,34497.08208,104.3917302,4.375885841,16,40,4,7,2,4,1
240,500,442,500,344.8170123,405.6670733,0.007164701,0.003187693,308.9073024,10,150,24,500,44682.04021,138.6578539,6.055350135,16,40,8,8,1,4,1
241,300,551,650,345.4533498,406.4157057,0.007498595,0.003471805,323.7426935,10,150,27,500,35855.5497,110.1444117,4.730023831,22,50,3,4,2,2,1
242,300,564,650,346.0126077,407.0736562,0.007166562,0.003540893,390.6274163,13,200,27,500,37908.31258,114.2297524,4.744003785,16,40,4,6,2,3,1
243,400,467,550,346.3828078,407.5091856,0.008296747,0.003492962,396.4158658,10,100,27,500,44453.30142,132.1958445,5.363771465,16,40,6,8,2,4,1
244,500,426,500,346.5775651,407.7383119,0.009286174,0.00441305,300.0671949,13,200,24,400,51007.94108,151.1198814,6.098777648,22,50,7,5,1,3,1
245,500,429,500,346.8466556,408.0548889,0.009215392,0.004402565,333.5153747,10,100,24,400,52561.17201,154.2101851,6.109358036,22,50,7,5,1,3,1
246,300,598,700,346.9743047,408.2050644,0.008312703,0.003630923,347.9813425,13,200,24,400,41784.26161,124.8884292,5.115569384,22,50,3,4,2,2,1
247,500,426,500,347.3753219,408.6768493,0.006962685,0.003352803,350.3873909,13,200,27,500,45407.82309,140.1203704,6.060243864,22,50,7,4,1,2,1
248,300,514,600,347.3794878,408.6817503,0.009224788,0.003876518,617.2564994,13,100,30,500,45517.9578,126.3190756,4.450957817,16,40,4,7,2,3,1
249,300,501,600,348.7276752,410.2678531,0.011584343,0.005724743,338.9940634,10,100,30,400,43245.6134,121.6803783,4.435798161,22,50,3,5,2,3,1
250,300,551,650,348.876726,410.443207,0.009684641,0.004546265,367.0181323,10,100,27,400,43125.96769,124.5043201,4.779834593,22,50,3,5,2,2,1
251,400,517,600,349.2657336,410.900863,0.00632078,0.002931035,337.3459654,10,150,27,500,40971.37047,129.3408415,5.799882143,16,40,6,7,2,3,1
252,500,489,550,349.2664773,410.901738,0.005740569,0.002386967,636.5207327,13,100,24,500,55987.09261,166.235288,6.707160817,16,40,8,7,1,3,1
253,300,601,700,349.2870381,410.9259272,0.006341452,0.002673653,471.1265074,10,100,27,500,39294.13998,120.0369536,5.098327916,22,50,3,4,2,2,1
254,500,429,500,350.4278884,412.268104,0.006982975,0.003378254,307.7897429,10,150,27,500,43845.09834,137.005471,6.04961429,22,50,7,4,1,2,1
255,400,451,550,350.9619476,412.896409,0.011054152,0.004955664,223.4376086,10,200,27,400,44665.11931,132.4796427,5.365587801,22,50,5,6,2,3,1
256,400,476,550,351.07306,413.0271294,0.007257674,0.003161221,367.2851056,13,200,30,500,40828.41132,125.0262,5.338964108,22,50,5,4,1,2,1
257,300,542,650,351.2642963,413.2521133,0.010967975,0.004875066,275.8861198,10,150,27,400,42110.32594,122.438272,4.773039187,16,40,4,10,3,5,2
258,300,514,600,351.544788,413.5821035,0.009112557,0.004180912,617.2564994,13,100,30,500,45748.19552,126.7712986,4.452542057,16,40,4,7,2,4,1
259,300,626,700,352.3800199,414.5647293,0.005724873,0.002739353,322.7295767,13,300,24,500,34708.10839,110.9179477,5.067074007,22,50,3,3,1,2,1
260,500,429,500,353.3452053,415.7002415,0.009324395,0.004623055,333.5153747,10,100,24,400,53110.3286,155.2888149,6.113136721,22,50,7,5,1,3,1
261,300,614,700,354.2539302,416.7693296,0.0083852,0.003731559,438.7895059,13,150,24,400,45811.73977,132.8851952,5.143048202,16,40,4,8,2,4,1
262,400,467,550,355.2952416,417.9944019,0.009983189,0.004961637,347.9617826,10,100,30,400,49032.75306,141.1906065,5.395282159,16,40,6,9,2,5,1
263,400,464,550,356.4053855,419.3004535,0.01059642,0.004584812,311.8349805,13,200,30,400,47724.42985,138.581834,5.386385613,16,40,6,10,2,5,1
264,300,598,700,357.3027266,420.356149,0.006456953,0.002845289,513.393264,13,150,27,500,40880.865,123.1858219,5.109158373,22,50,3,4,2,2,1
265,500,476,550,357.6363588,420.7486574,0.007741823,0.003114064,398.4669191,13,150,24,400,53884.10766,161.930567,6.693162902,22,50,7,5,1,2,1
266,300,539,650,357.7462011,420.8778837,0.010453294,0.005095472,539.9646465,13,100,30,400,51598.39652,141.3319506,4.837626504,16,40,4,9,3,5,2
267,500,467,550,357.8267682,420.9726685,0.008163779,0.003941428,289.7013407,10,150,24,400,51278.66268,156.6969643,6.675550157,16,40,8,10,2,5,1
268,300,598,700,358.5456823,421.8184498,0.006685399,0.002695922,414.1758775,13,200,27,500,38212.56769,117.8730615,5.090992958,22,50,3,4,2,2,1
269,400,526,600,359.4743959,422.911054,0.006284275,0.002814241,477.9290822,13,150,24,500,45188.44469,137.7326079,5.828604215,22,50,5,4,1,2,1
270,400,467,550,359.8004041,423.2945931,0.010746338,0.005194732,268.042536,10,150,27,400,47231.63808,137.5690192,5.383116587,16,40,6,10,2,5,1
271,400,479,550,360.5844149,424.2169587,0.00740242,0.003694707,406.6021407,10,100,27,500,43368.71137,130.0527927,5.356343109,22,50,5,4,1,2,1
272,500,479,550,360.6976907,424.3502243,0.005889267,0.002687917,287.7403434,10,200,24,500,43201.98022,140.7794501,6.620120964,22,50,7,4,1,2,1
273,400,517,600,360.9360946,424.6306995,0.008762268,0.004212729,248.4538748,10,200,24,400,45227.60773,137.6561469,5.82928989,16,40,6,9,2,5,1
274,300,601,700,361.1346027,424.8642384,0.008377579,0.004155478,393.6253279,10,100,24,400,44222.54964,129.717124,5.132239751,22,50,3,4,2,2,1
275,300,551,650,361.3385566,425.1041842,0.008261319,0.003432085,269.6483949,10,200,27,500,35242.81757,108.9010767,4.725915774,22,50,3,4,2,2,1
276,300,601,700,363.1491102,427.2342473,0.008811446,0.003898651,223.6965812,10,250,24,400,38551.80979,118.4259421,5.093635071,22,50,3,5,2,2,1
277,500,467,550,363.2445289,427.3465046,0.008576626,0.003846882,363.0575291,10,100,24,400,55514.27775,165.1109142,6.704438429,16,40,8,10,2,5,1
278,300,592,700,364.0189223,428.2575557,0.009862167,0.004075021,294.7396297,10,150,24,400,42937.87221,127.1173366,5.123607552,16,40,4,9,3,4,1
279,400,467,550,364.063258,428.3097152,0.008352753,0.003785431,265.4360705,10,200,30,500,40088.4427,123.4967045,5.334078908,16,40,6,8,2,4,1
280,400,464,550,364.0880719,428.3389081,0.011337049,0.004992574,305.3140833,13,200,27,400,49380.53772,141.8346898,5.397781106,16,40,6,11,2,5,1
281,300,617,700,364.7346509,429.0995893,0.006514947,0.003182166,258.7273379,10,250,24,500,34889.78239,111.2382439,5.068423235,16,40,4,6,2,3,1
282,500,426,500,365.4300168,429.9176668,0.009446038,0.00453482,307.9794244,13,200,27,400,51474.04688,152.0353864,6.10198487,22,50,7,5,1,3,1
283,500,439,500,365.9879341,430.5740402,0.007357005,0.003441323,579.5904957,1.30E+01,100,27,500,55921.44449,161.0077318,6.131943941,16,40,8,8,1,4,1
284,300,601,700,366.5109119,431.1893081,0.009000046,0.003885739,204.8156094,1.00E+01,300,24,400,38140.29645,117.6006699,5.09084961,22,50,3,5,2,2,1
285,400,448,550,366.5968568,431.2904197,0.011340849,0.005029089,479.4742474,13,100,30,400,56022.46682,155.0716636,5.442964713,22,50,5,6,2,3,1
286,400,529,600,367.3533234,432.1803804,0.007870549,0.003925503,229.2921582,10,250,24,400,42540.10567,132.3456046,5.810883957,22,50,5,5,1,3,1
287,400,514,600,367.9132001,432.8390589,0.007308819,0.003074128,330.5769634,13,250,24,500,42788.77666,132.913011,5.812380732,16,40,6,8,2,4,1
288,300,601,700,367.9274283,432.8557979,0.008735912,0.003639527,211.5131445,10,300,27,400,37425.33766,116.1963786,5.085930058,22,50,3,5,2,2,1
289,300,601,700,368.6943029,433.7580034,0.006681299,0.002991518,294.1173963,10,200,27,500,35283.24994,112.0314704,5.071075302,22,50,3,4,2,2,1
290,300,551,650,368.8017473,433.8844086,0.010582468,0.004839816,211.2265526,10,250,27,400,39107.31278,116.4676523,4.752571784,22,50,3,5,2,3,1
291,400,479,550,368.9889036,434.1045925,0.007838757,0.003287298,413.3338427,10,100,30,500,43411.7778,130.137382,5.356639444,22,50,5,4,1,2,1
292,400,451,550,369.1097943,434.2468169,0.011121941,0.005238801,336.0401797,10,100,30,400,49781.04521,142.6476232,5.40046566,22,50,5,6,2,3,1
293,300,567,650,370.8138775,436.2516206,0.008064142,0.003292078,339.1198881,10,150,30,500,37103.45001,112.6039816,4.738587435,16,40,4,7,2,3,1
294,400,526,600,371.201431,436.7075659,0.008443539,0.003686889,296.4044029,1.30E+01,250,24,400,45699.39032,138.6212965,5.83243172,22,50,5,5,1,2,1
295,400,517,600,371.958697,437.5984671,0.009465684,0.00411178,224.0908238,10,250,24,400,45159.89171,137.4963743,5.828896576,16,40,6,10,2,5,1
296,300,598,700,372.0660899,437.7248116,0.00917135,0.004006331,347.9813425,13,200,24,400,43504.4588,128.2671665,5.127405869,22,50,3,5,2,2,1
297,400,529,600,373.6449237,439.5822631,0.006793042,0.002786192,337.3158216,10,150,24,500,41525.92575,130.4215775,5.803721034,22,50,5,4,1,2,1
298,300,592,700,374.0060853,440.0071592,0.009708523,0.00415865,301.3368689,10,150,27,400,42841.25372,126.9275627,5.122942731,16,40,4,9,3,4,1
299,400,514,600,374.3902633,440.4591333,0.007097956,0.003492259,467.0257571,13,150,24,500,47787.8184,142.8525471,5.846451246,16,40,6,8,2,4,1
300,500,442,500,374.5419943,440.6376403,0.007099369,0.003517366,281.4881021,10,200,30,500,43409.65389,136.1140745,6.046716043,16,40,8,8,1,4,1
301,400,479,550,375.068013,441.2564859,0.007698128,0.00360242,319.2824127,10,150,30,500,40588.86343,124.5130691,5.337431456,22,50,5,4,1,2,1
302,300,601,700,375.2875178,441.5147268,0.009018956,0.004254089,223.6965812,10,250,24,400,39340.46136,119.9749776,5.099061694,22,50,3,5,2,3,1
303,300,648,750,375.410099,441.65894,0.007645552,0.003254162,463.0872962,13,150,24,400,46272.63749,136.8370726,5.49111278,22,50,3,4,2,2,1
304,300,539,650,375.8740961,442.204819,0.011370331,0.005329778,325.3365342,13,200,30,400,44813.55953,127.7927416,4.791518016,16,40,4,10,3,5,2
305,400,517,600,375.9677778,442.3150327,0.007177623,0.003062996,286.5896091,10,200,27,500,40833.90931,129.0262333,5.799057343,16,40,6,8,2,4,1
306,500,467,550,376.170201,442.5531776,0.008939737,0.004098764,363.0575291,10,100,24,400,56630.05618,167.3024782,6.712115976,16,40,8,11,2,5,1
307,400,476,550,376.2729306,442.674036,0.010127405,0.00496393,313.2101372,13,200,27,400,47740.8549,138.6033245,5.386527858,22,50,5,5,1,3,1
308,400,567,650,376.7755902,443.2654003,0.005730173,0.002761751,272.482296,10,250,24,500,40154.52232,131.728765,6.254308476,16,40,6,7,2,4,1
309,300,551,650,376.7850169,443.2764905,0.010643514,0.005196463,280.4672546,10,150,27,400,42109.9409,122.4290181,4.773059596,22,50,3,5,2,3,1
310,500,492,550,377.6100187,444.2470808,0.006020093,0.002917995,440.4555415,1.00E+01,100,24,500,50058.80864,154.3955162,6.666899957,16,40,8,7,1,4,1
311,300,564,650,377.8597872,444.5409262,0.008274034,0.00378482,484.2036805,13,150,27,500,42428.77282,123.179554,4.774916161,16,40,4,7,2,4,1
312,400,464,550,378.3520851,445.1201001,0.008775228,0.004065401,588.9800012,13,100,30,500,52580.41154,148.3324682,5.419221864,16,40,6,8,2,4,1
313,300,598,700,378.4182209,445.197907,0.007045328,0.003020509,513.393264,13,150,27,500,41945.26915,125.2764787,5.116482419,22,50,3,4,2,2,1
314,300,614,700,378.4903492,445.2827637,0.008735553,0.003951363,315.2357115,13,250,27,400,41959.84006,125.1988262,5.116871044,16,40,4,8,2,4,1
315,300,539,650,378.6771339,445.5025104,0.011944843,0.004978389,396.8792383,13,150,30,400,47837.69251,133.8035216,4.812134332,16,40,4,10,3,5,2
316,500,417,500,379.2293286,446.1521513,0.011529375,0.004630476,273.7546052,10,150,30,400,53084.90556,155.1624008,6.113169311,16,40,8,12,2,5,1
317,400,498,600,380.0485284,447.1159157,0.009874541,0.004540112,386.3873101,13,150,24,400,52624.88532,152.3389449,5.87977353,22,50,5,6,2,3,1
318,500,442,500,380.4792939,447.6226988,0.007823776,0.003149557,281.4881021,10,200,30,500,44021.99489,137.3168084,6.050929492,16,40,8,8,1,4,1
319,400,448,550,380.8544955,448.0641123,0.01239769,0.005009571,360.5461159,13,150,30,400,52257.07694,147.5412114,5.417420813,22,50,5,6,2,3,1
320,500,429,500,381.4751862,448.7943367,0.010464612,0.00448553,341.4833241,10,100,27,400,54781.47948,158.5712176,6.124635724,22,50,7,6,1,3,1
321,500,429,500,381.6354151,448.9828414,0.008325721,0.003469307,265.6727664,10,200,27,500,44590.6603,138.4273833,6.054859709,22,50,7,5,1,2,1
322,400,517,600,381.9725926,449.3795207,0.009217814,0.004212333,377.9510504,10,100,27,400,51137.87512,149.3986787,5.869594613,16,40,6,10,2,5,1
323,400,476,550,382.329301,449.7991777,0.01017403,0.004632511,383.0802481,13,150,30,400,49924.39916,142.9594659,5.401369918,22,50,5,5,1,3,1
324,400,517,600,382.6827303,450.2149768,0.009481601,0.004594919,224.0908238,10,250,24,400,45961.79141,139.0714312,5.834414358,16,40,6,10,2,5,1
325,300,598,700,382.7358736,450.2774984,0.008739345,0.004237792,592.7671732,13,100,27,400,51560.49992,144.3059127,5.182254063,22,50,3,5,2,3,1
326,300,551,650,382.7533558,450.2980656,0.010410753,0.005075117,242.9994899,10,200,30,400,40113.78833,118.4684281,4.759432379,22,50,3,5,2,3,1
327,500,464,550,383.0918908,450.6963422,0.007286394,0.003181555,450.009317,13,150,24,500,53234.39861,160.6687976,6.688653358,16,40,8,9,2,4,1
328,500,426,500,383.2947952,450.9350532,0.008332802,0.003615056,562.4272236,13,100,27,500,56444.99865,162.0145327,6.13560491,22,50,7,5,1,2,1
329,500,429,500,383.3030261,450.9447366,0.008046229,0.003745256,392.0236959,1.00E+01,100,27,500,49517.05557,148.2310625,6.088411812,22,50,7,5,1,2,1
330,400,451,550,383.3444149,450.9934293,0.012078718,0.005299403,336.0401797,10,100,30,400,51207.11515,145.4486485,5.410278288,22,50,5,6,2,3,1
331,500,414,500,383.7026189,451.4148458,0.009066422,0.003837526,416.4790513,13,150,30,500,52424.404,153.9882036,6.108290362,16,40,8,10,2,4,1
332,400,526,600,383.7315876,451.4489266,0.007091253,0.002894717,652.472043,13,100,24,500,52196.32012,151.6407866,5.87643494,22,50,5,4,1,2,1
333,400,514,600,383.7895303,451.5170945,0.007006873,0.003493004,389.3826055,13,200,27,500,44726.04719,136.7633519,5.825588124,16,40,6,7,2,4,1
334,400,517,600,385.5478897,453.5857526,0.00989812,0.004364852,370.26913,10,100,24,400,52476.08673,152.0271364,5.878802697,16,40,6,10,2,5,1
335,300,614,700,385.7792173,453.8579027,0.00692602,0.003154857,527.1295386,13,150,27,500,42897.91602,127.1619879,5.122998507,16,40,4,7,2,3,1
336,300,639,750,385.9341456,454.0401713,0.008618034,0.003727933,371.8395951,13,200,24,400,45662.77033,135.5736752,5.487094144,16,40,4,9,3,4,1
337,400,476,550,386.5513349,454.7662763,0.008314494,0.004015898,360.5955646,13,200,27,500,43656.2933,130.5806042,5.358422447,22,50,5,4,1,2,1
338,400,529,600,386.8480784,455.1153864,0.008904989,0.003918321,229.2921582,10,250,24,400,44229.05503,135.6629663,5.822505428,22,50,5,5,1,3,1
339,400,529,600,387.5882714,455.9862016,0.008748977,0.004067233,254.2206959,10,200,24,400,45203.84205,137.6030941,5.829143654,22,50,5,5,1,3,1
340,500,429,500,387.6548039,456.0644751,0.007881824,0.003612069,273.2090403,10,200,30,500,44088.77075,137.4415934,6.051406263,22,50,7,5,1,2,1
341,300,667,750,388.0886994,456.5749405,0.007984591,0.003353451,248.2622624,10,250,24,400,40017.87441,124.3600066,5.448594703,16,40,4,8,2,4,1
342,400,464,550,388.5514119,457.1193081,0.009138769,0.004179154,588.9800012,13,100,30,500,53268.72182,149.6844177,5.42395805,16,40,6,9,2,4,1
343,400,479,550,388.7524221,457.3557907,0.010252689,0.004817421,356.9029847,10,100,30,400,49283.41843,141.6702061,5.397041546,22,50,5,5,1,3,1
344,300,679,750,389.11793,457.7858,0.005732646,0.002313183,258.0616034,10,300,24,500,34228.24106,112.9651015,5.408819718,22,50,3,3,1,2,1
345,500,429,500,390.280044,459.1529929,0.010577442,0.004811051,240.4025805,10,200,27,400,50579.7628,150.190921,6.096070053,22,50,7,6,1,3,1
346,500,417,500,390.612848,459.544527,0.01182125,0.004995294,339.256812,10,100,30,400,57601.38917,164.1227096,6.144004619,16,40,8,12,2,5,1
347,500,429,500,391.1733623,460.2039557,0.009977612,0.004671044,281.6324356,10,150,30,400,50990.80235,151.0407556,6.098783079,22,50,7,6,1,3,1
348,400,451,550,391.2592939,460.3050517,0.012135515,0.005684649,265.1972654,10,150,30,400,48744.04202,140.5311203,5.393546327,22,50,5,6,2,3,1
349,300,664,750,391.7682444,460.9038169,0.007893309,0.003560233,298.2530698,13,300,24,400,41909.83658,128.1224404,5.461487388,16,40,4,8,2,4,1
350,400,498,600,392.6952622,461.9944261,0.009589051,0.004681237,393.7869162,13,150,27,400,52401.44072,151.9000646,5.878236033,22,50,5,6,2,3,1
351,300,614,700,392.7800337,462.0941572,0.007336815,0.002990992,425.2575064,13,200,27,500,40333.87514,122.0504132,5.105560211,16,40,4,7,2,3,1
352,300,567,650,393.6283541,463.0921812,0.008402685,0.00386997,450.4500778,10,100,30,500,41561.77955,121.4447555,4.769037003,16,40,4,7,2,4,1
353,400,514,600,393.6885312,463.1629779,0.009536903,0.003956711,345.4378879,13,200,30,400,49508.57749,146.1569924,5.85849618,16,40,6,10,2,4,1
354,400,529,600,394.4797994,464.0938816,0.008992169,0.004156076,295.7682588,10,150,24,400,47393.84998,141.947102,5.844097563,22,50,5,5,1,3,1
355,400,517,600,395.1329717,464.8623196,0.009493041,0.004556494,377.9510504,1.00E+01,100,27,400,52133.13033,151.3535162,5.876442853,16,40,6,10,2,5,1
356,300,651,750,395.380874,465.1539694,0.008086153,0.003609907,426.3728593,10,100,24,400,46229.68725,136.7184021,5.490910341,22,50,3,5,2,2,1
357,300,551,650,397.7676944,467.9619934,0.008545027,0.004211461,242.9994899,10,250,30,500,35683.41628,109.742582,4.729012335,22,50,3,4,2,2,1
358,500,517,600,398.1842433,468.4520509,0.007830333,0.003143031,280.1135298,10,200,24,400,51835.94769,162.8239437,7.254329641,16,40,8,10,2,4,1
359,400,567,650,398.5965728,468.9371445,0.008159224,0.003685278,272.482296,1.00E+01,200,24,400,47159.99062,145.5169657,6.302435362,16,40,6,9,2,5,1
360,500,479,550,398.6229198,468.9681409,0.007045155,0.002862501,428.8174885,10,100,24,500,50918.44426,156.071229,6.672849601,22,50,7,5,1,2,1
361,500,479,550,398.6387662,468.9867837,0.006456394,0.002954584,296.6369583,10,200,27,500,44753.5991,143.8270732,6.63079748,22,50,7,4,1,2,1
362,300,667,750,398.9466758,469.3490304,0.006093226,0.002946671,279.6938969,10,250,24,500,36444.77235,117.3418732,5.424008588,16,40,4,6,2,3,1
363,500,467,550,400.1655842,470.7830402,0.007342514,0.0032536,289.2055522,10,200,27,500,46711.66164,147.6793888,6.644253395,16,40,8,9,2,4,1
364,400,529,600,401.3673529,472.1968858,0.006998081,0.003093031,449.0449529,1.00E+01,100,27,500,45655.71997,138.6181187,5.831907105,22,50,5,4,1,2,1
365,500,464,550,401.4073737,472.2439691,0.007347065,0.003334254,458.6273322,13,150,27,500,53619.02867,161.4242714,6.691299955,16,40,8,9,2,4,1
366,300,589,700,401.559984,472.4235106,0.010688515,0.004592117,302.4003812,13,250,27,400,44781.57522,130.7411571,5.136287087,16,40,4,10,3,5,2
367,500,464,550,401.6076036,472.4795336,0.007384681,0.00296462,389.7937256,13,200,30,500,49929.40412,154.0973858,6.666128822,16,40,8,9,2,4,1
368,300,601,700,401.6498464,472.529231,0.007459788,0.003041498,477.4611935,10,100,30,500,41376.17864,124.1264044,5.112654191,22,50,3,4,2,2,1
369,500,479,550,401.8605329,472.7770975,0.008885204,0.003844222,372.3866305,10,100,24,400,56169.5188,166.3851639,6.708981657,22,50,7,6,1,3,1
370,300,589,700,401.8863114,472.8074252,0.009933132,0.004721336,590.0541314,13,100,30,400,54424.71732,149.953227,5.20190397,16,40,4,9,3,5,2
371,500,464,550,401.9379994,472.8682346,0.009669444,0.004061467,397.0395498,13,150,27,400,59116.34375,172.2218614,6.729126364,16,40,8,11,2,5,1
372,500,476,550,402.5405989,473.5771752,0.006914091,0.003141231,382.6717767,13,200,24,500,49451.46607,153.1478696,6.662869409,22,50,7,5,1,2,1
373,500,429,500,402.6488486,473.7045277,0.008394397,0.00375156,315.3260168,10,150,30,500,46819.64201,142.8479418,6.070081792,22,50,7,5,1,2,1
374,500,479,550,403.284803,474.4527094,0.007121348,0.002938541,334.7660585,10,150,24,500,47708.02473,149.675173,6.651004056,22,50,7,5,1,2,1
375,400,579,650,403.4702092,474.6708344,0.006033214,0.002463046,312.3550323,10,200,24,500,41329.85959,134.0592997,6.262336177,22,50,5,4,1,2,1
376,500,429,500,403.6910845,474.9306877,0.010940361,0.005177116,341.4833241,10,100,27,400,56727.03494,162.392594,6.138022873,22,50,7,6,1,3,1
377,300,664,750,404.5439781,475.9340919,0.00647882,0.002732322,562.6557907,13,150,24,500,44621.3144,133.6079758,5.479711242,16,40,4,7,2,3,1
378,400,526,600,404.6701852,476.0825708,0.007290351,0.002998374,346.1103617,13,250,27,500,42688.55989,132.7075528,5.811714533,22,50,5,4,1,2,1
379,500,492,550,405.241901,476.7551776,0.00673087,0.002768747,449.5936093,10,100,27,500,51132.12826,156.5036845,6.674285349,16,40,8,8,1,4,1
380,500,464,550,406.4337929,478.1574034,0.009875129,0.004687461,326.8337522,13,200,24,400,57524.44887,169.0152463,6.718389474,16,40,8,12,2,6,1
381,400,514,600,407.0113949,478.8369352,0.008041338,0.003382807,389.3826055,13,200,27,500,46202.57535,139.6634851,5.835747949,16,40,6,8,2,4,1
382,400,464,550,407.2224294,479.085211,0.012316459,0.005923586,373.4227629,13,150,30,400,54879.37832,152.7061841,5.435425607,16,40,6,12,2,6,1
383,500,489,550,408.9489764,481.1164429,0.006531063,0.003063554,483.3378565,13,150,27,500,52591.97161,159.4069701,6.68423289,16,40,8,8,1,4,1
384,300,548,650,409.0575697,481.2441996,0.009031295,0.004302937,330.7688697,13,250,30,500,38884.67862,116.0963272,4.750860875,22,50,3,4,2,2,1
385,300,648,750,409.1661782,481.3719744,0.008702363,0.003600162,325.4704583,13,250,24,400,43668.06646,131.5992168,5.473522247,22,50,3,5,2,2,1
386,400,564,650,409.2393523,481.4580615,0.008179401,0.004047277,437.5952669,13,150,24,400,54596.74624,160.3016506,6.353124585,16,40,6,9,2,5,1
387,300,642,750,410.4849505,482.9234712,0.009044358,0.003841999,246.1115186,10,250,27,400,41674.20593,127.6133018,5.459991735,16,40,4,9,3,4,1
388,500,429,500,411.6123452,484.2498179,0.008900933,0.003681604,273.2090403,10,200,30,500,45903.17307,141.0053644,6.063890962,22,50,7,5,1,2,1
389,500,489,550,411.6554333,484.3005098,0.006442948,0.003202483,645.6030806,13,100,27,500,58870.73594,171.8992163,6.727002844,16,40,8,8,1,4,1
390,300,598,700,411.6971166,484.3495489,0.007206613,0.003578772,519.6963295,13,150,30,500,42948.27392,127.2465376,5.123383982,22,50,3,4,2,2,1
391,500,479,550,411.8979987,484.5858808,0.006576026,0.003221344,437.7141034,10,100,27,500,50713.20945,155.6681156,6.671437403,22,50,7,4,1,2,1
392,400,498,600,412.8090203,485.657671,0.010796304,0.004677041,525.9882767,13,100,27,400,59820.57067,166.6160117,5.928896554,22,50,5,6,2,3,1
393,400,576,650,413.6154955,486.6064653,0.006032046,0.002743745,427.7923548,13,200,24,500,45367.05355,142.0824306,6.28986209,22,50,5,4,1,2,1
394,500,464,550,413.727944,486.7387577,0.007893274,0.003269533,612.5967881,13,100,27,500,60669.20466,175.4316912,6.739377905,16,40,8,9,2,4,1
395,400,564,650,413.9170086,486.9611865,0.006553787,0.003097384,362.7342555,13,250,24,500,45136.32604,141.5920862,6.28837531,16,40,6,8,2,4,1
396,300,639,750,414.1174001,487.1969412,0.009099557,0.003921097,633.4084008,13,100,27,400,55941.06436,156.0015093,5.557167654,16,40,4,9,3,4,1
397,400,564,650,414.3788687,487.5045514,0.006793204,0.002889623,362.7342555,13,250,24,500,45191.81737,141.7010798,6.288757139,16,40,6,8,2,4,1
398,500,426,500,414.4220914,487.5554016,0.008499626,0.004163762,428.5509078,13,150,30,500,52072.1517,153.2819637,6.105905522,22,50,7,5,1,3,1
399,400,526,600,415.521774,488.8491458,0.007259938,0.003346917,485.7447304,13,150,27,500,47654.28851,142.5759123,5.84557141,22,50,5,4,1,2,1
400,500,489,550,415.6677386,489.0208689,0.006571836,0.003213907,483.3378565,13,150,27,500,52955.06654,160.1201455,6.686731306,16,40,8,8,1,4,1
401,400,567,650,416.1978072,489.644479,0.006723346,0.00298558,305.8813529,10,200,24,500,43396.60342,138.1250823,6.276539916,16,40,6,8,2,4,1
402,400,517,600,416.724763,490.264427,0.009966454,0.004574132,304.0066213,10,150,30,400,49469.55697,146.0326142,5.858357213,16,40,6,10,2,5,1
403,500,529,600,417.2191198,490.8460233,0.005858609,0.002368657,473.5792306,10,100,24,500,52006.06652,163.2951091,7.255128398,22,50,7,4,1,2,1
404,400,579,650,417.3770054,491.031771,0.007785588,0.003530398,250.9643849,10,250,24,400,45355.93441,141.9400564,6.290112645,22,50,5,5,1,3,1
405,300,651,750,417.592012,491.28472,0.008916248,0.003723714,242.3069457,10,250,24,400,41373.35782,127.0172903,5.457935468,22,50,3,5,2,2,1
406,300,617,700,417.9265153,491.6782533,0.007462277,0.003709991,483.6689768,1.00E+01,100,27,500,43226.08905,127.7726654,5.12534863,16,40,4,7,2,4,1
407,500,464,550,419.070039,493.0235753,0.0077831,0.003172725,389.7937256,13,200,30,500,51022.75041,156.2448896,6.673652015,16,40,8,9,2,4,1
408,300,648,750,419.3578759,493.362207,0.006731843,0.00276141,771.3454314,13,100,27,500,50052.56918,144.4140386,5.51670803,22,50,3,4,2,2,1
409,500,426,500,420.2736722,494.4396143,0.008917075,0.004071063,357.8709636,13,200,30,500,49831.08586,148.808353,6.090679839,22,50,7,5,1,3,1
410,400,564,650,420.7277264,494.9737958,0.007033819,0.002844098,512.4562782,13,150,24,500,50479.57334,152.2148766,6.32479478,16,40,6,8,2,4,1
411,500,476,550,420.7527113,495.0031898,0.0087076,0.004139658,344.1272441,13,200,27,400,54614.48252,163.2888446,6.698395548,22,50,7,6,1,3,1
412,300,642,750,421.3064907,495.6546949,0.009444214,0.003903467,427.6327421,10,100,27,400,48949.20013,142.072699,5.509588417,16,40,4,10,3,4,1
413,300,651,750,421.6338938,496.0398751,0.006324878,0.003146779,280.2393323,10,250,27,500,36565.51496,117.573932,5.424853239,22,50,3,4,2,2,1
414,300,564,650,422.5294856,497.0935125,0.009045716,0.004450469,396.5721134,13,200,30,500,41574.61135,121.4309388,4.769231177,16,40,4,8,2,4,1
415,300,714,800,422.5410761,497.1071483,0.005591178,0.002598824,605.0244496,13,150,24,500,45889.98633,139.1608097,5.833295056,16,40,4,6,2,3,1
416,500,476,550,423.098369,497.762787,0.009056128,0.003989846,533.6689537,13,100,27,400,63838.52217,181.6351868,6.761244077,22,50,7,6,1,3,1
417,300,648,750,423.4804916,498.2123431,0.006479929,0.003084634,384.2980749,13,250,27,500,39532.40627,123.4761308,5.445065233,22,50,3,4,2,2,1
418,500,429,500,423.5666564,498.3137134,0.009043324,0.004000428,273.2090403,10,200,30,500,46671.86509,142.5151963,6.069180246,22,50,7,5,1,3,1
419,400,526,600,423.6303156,498.3886066,0.00740111,0.003479198,398.47325,13,200,27,500,45322.80178,137.9247008,5.829723552,22,50,5,4,1,2,1
420,300,648,750,424.0103081,498.8356566,0.006844454,0.002790528,448.8059676,13,200,27,500,41410.08596,127.2099646,5.457861125,22,50,3,4,2,2,1
421,400,548,650,424.2069357,499.0669832,0.00879622,0.003775262,578.7983446,13,100,27,400,59924.67187,170.9047587,6.389410377,22,50,5,6,2,3,1
422,300,664,750,424.2343108,499.0991892,0.006470852,0.002981222,790.3909976,13,100,27,500,51176.45123,146.643061,5.524382884,16,40,4,7,2,3,1
423,300,701,800,424.2363517,499.1015903,0.005850093,0.002489193,266.4229514,10,300,24,500,36525.87823,120.5263443,5.769518025,22,50,3,4,2,2,1
424,300,648,750,424.2673645,499.1380759,0.008738079,0.003616944,470.3085986,1.30E+01,150,27,400,48470.86398,141.1547346,5.50623853,22,50,3,5,2,2,1
425,300,714,800,424.3128936,499.1916395,0.005840539,0.002394434,841.9515866,13,100,24,500,52494.37749,152.3016138,5.878281256,16,40,4,7,2,3,1
426,400,526,600,425.9707923,501.1421086,0.009376261,0.004554703,415.9275461,13,150,27,400,53088.56803,153.2496906,5.882964079,22,50,5,5,1,3,1
427,400,526,600,426.0956946,501.2890524,0.007395727,0.003556669,485.7447304,13,150,27,500,48219.18263,143.6854531,5.849458383,22,50,5,4,1,2,1
428,300,692,800,426.5616213,501.8372015,0.008197506,0.00357592,235.8276235,1.00E+01,300,24,400,42054.78346,131.3902311,5.807550274,16,40,4,9,3,4,1
429,500,479,550,426.8066639,502.1254869,0.009221313,0.003963339,268.4215292,10,200,27,400,51776.08532,157.6203388,6.679118421,22,50,7,6,1,3,1
430,300,614,700,427.3172293,502.7261522,0.008099329,0.003426275,527.1295386,13,150,27,500,44965.65923,131.2233602,5.137226416,16,40,4,8,2,4,1
431,300,592,700,427.5814935,503.0370512,0.011388157,0.005246088,226.9439548,10,250,27,400,43897.59209,128.9309965,5.130404965,16,40,4,11,3,5,2
432,400,529,600,427.8656917,503.371402,0.00755395,0.003083627,300.6759771,10,200,30,500,41621.88163,130.5675614,5.804496586,22,50,5,4,1,2,1
433,400,498,600,427.8975014,503.4088252,0.01076823,0.004767133,400.7856377,13,150,30,400,54359.50337,155.7460071,5.891709243,22,50,5,6,2,3,1
434,300,617,700,427.9983491,503.5274695,0.00772239,0.003446427,247.8769734,1.00E+01,300,30,500,36315.90325,114.021524,5.078284635,16,40,4,7,2,4,1
435,500,517,600,428.2031785,503.7684452,0.008510649,0.003610103,255.7504787,10,250,24,400,52981.43825,165.0439127,7.262292913,16,40,8,11,2,5,1
436,400,576,650,428.281567,503.8606671,0.006288889,0.002576842,436.3509353,13,200,27,500,45528.06487,142.3986821,6.290969991,22,50,5,4,1,2,1
437,400,579,650,428.3873574,503.9851264,0.006207606,0.002947538,482.8846086,10,100,24,500,47756.11265,146.8169017,6.306187017,22,50,5,4,1,2,1
438,400,576,650,429.5938673,505.4045498,0.006196646,0.003011263,523.3596033,13,150,24,500,49092.82219,149.4767185,6.315291668,22,50,5,4,1,2,1
439,500,426,500,429.7914265,505.6369723,0.012169479,0.004959162,485.0948632,1.30E+01,100,30,400,65019.24781,178.8557043,6.194603359,22,50,7,7,1,3,1
440,300,639,750,429.9070681,505.7730213,0.009985643,0.004303701,456.6555282,13,150,24,400,51648.56234,147.4105942,5.528064948,16,40,4,10,3,5,2
441,300,589,700,430.0164265,505.9016782,0.011392808,0.004753204,308.6085845,13,250,30,400,45969.70669,133.0748338,5.144462487,16,40,4,11,3,5,2
442,300,648,750,430.1034,506.004,0.009008644,0.00413719,463.0872962,13,150,24,400,49665.37373,143.5009393,5.514457818,22,50,3,5,2,3,1
443,400,551,650,430.3184981,506.2570566,0.009031924,0.004338647,264.7932012,10,200,24,400,48937.7796,149.0024491,6.314685423,22,50,5,6,2,3,1
444,300,651,750,430.4147655,506.3703123,0.007024955,0.003143404,272.984598,10,250,24,500,37622.74759,119.6505029,5.432127939,22,50,3,4,2,2,1
445,300,717,800,432.0230942,508.2624638,0.005630134,0.002800656,300.6604559,10,250,24,500,37926.9694,123.3025257,5.779093061,16,40,4,6,2,3,1
446,300,598,700,432.3286008,508.6218833,0.010087995,0.004714989,360.9485111,13,200,30,400,45770.0299,132.7171039,5.14299501,22,50,3,5,2,3,1
447,400,517,600,432.3428784,508.6386804,0.008452722,0.003460891,446.124419,10,100,30,500,48701.05303,144.6123775,5.852827113,16,40,6,9,2,4,1
448,300,598,700,432.7252199,509.088494,0.010445824,0.005021039,434.0193548,13,150,27,400,49473.96632,140.0640221,5.168286541,22,50,3,5,2,3,1
449,300,642,750,433.4491628,509.9401915,0.009830504,0.004036924,427.6327421,10,100,27,400,49727.00216,143.6004243,5.514940386,16,40,4,10,3,4,1
450,400,579,650,433.7951517,510.3472373,0.006260258,0.003041299,312.3550323,10,200,24,500,42779.01862,136.9056755,6.272307678,22,50,5,4,1,2,1
451,400,614,700,433.8701768,510.4355021,0.005599639,0.002739622,761.6308639,1.30E+01,100,24,500,57902.54337,171.0387983,6.835235398,16,40,6,7,2,4,1
452,300,601,700,434.2170278,510.8435621,0.010532601,0.004996037,258.7155741,10,200,27,400,43486.85116,128.1446313,5.127523364,22,50,3,5,2,3,1
453,400,548,650,434.2350904,510.8648122,0.009316136,0.004296874,425.1812167,13,150,24,400,55794.20991,162.6392962,6.361403167,22,50,5,6,2,3,1
454,300,717,800,434.7479358,511.4681598,0.005967697,0.002531821,342.8952421,10,200,24,500,39200.92622,125.8347313,5.787777735,16,40,4,7,2,3,1
455,500,492,550,434.7710916,511.4954019,0.007125821,0.002943903,458.2366087,10,100,30,500,52221.84134,158.6440521,6.681783543,16,40,8,8,1,4,1
456,300,667,750,434.7824295,511.5087406,0.006904199,0.0032057,515.4311556,10,100,24,500,44693.00587,133.7128652,5.480302021,16,40,4,7,2,4,1
457,500,476,550,435.5245534,512.3818276,0.009860475,0.004464106,398.4669191,13,150,24,400,60298.62517,174.5296866,6.737300478,22,50,7,6,1,3,1
458,300,651,750,435.7919486,512.6964101,0.007186702,0.003151165,247.4198878,10,300,24,500,37181.22899,118.7652334,5.429138897,22,50,3,4,2,2,1
459,400,551,650,436.1103948,513.0710527,0.009741193,0.003978073,264.7932012,10,200,24,400,49534.92118,150.1753289,6.318794287,22,50,5,6,2,3,1
460,500,467,550,436.1921163,513.1671956,0.01045517,0.00427956,269.9008042,1.00E+01,200,30,400,54220.3312,162.4275948,6.69591971,16,40,8,12,2,5,1
461,300,601,700,437.4697634,514.6703099,0.008157377,0.003979641,353.1204333,10,150,27,500,40379.52447,122.0838422,5.106026906,22,50,3,4,2,2,1
462,400,514,600,438.3104815,515.65939,0.008386427,0.003772987,396.6061855,13,200,30,500,47377.17759,141.9705883,5.843830256,16,40,6,9,2,4,1
463,300,614,700,438.3537405,515.710283,0.008232512,0.003307467,370.6059963,13,250,30,500,40318.30403,121.9745917,5.105575818,16,40,4,8,2,3,1
464,500,464,550,439.0134128,516.486368,0.009870725,0.004859471,343.6028888,13,200,30,400,57826.58275,169.6086846,6.720468423,16,40,8,12,2,6,1
465,300,642,750,439.7925512,517.4030014,0.010030499,0.004717732,319.6331795,10,150,24,400,47387.00282,138.9097614,5.499095634,16,40,4,10,3,5,2
466,300,648,750,440.1787288,517.857328,0.009561009,0.004043864,463.0872962,1.30E+01,150,24,400,50358.74599,144.8628312,5.519228835,22,50,3,5,2,3,1
467,400,517,600,440.247593,517.9383447,0.010448503,0.005190648,304.0066213,1.00E+01,150,30,400,51234.77209,149.4997738,5.87050346,16,40,6,11,2,6,1
468,400,617,700,440.4147045,518.1349465,0.005745052,0.002765181,393.4288505,10,150,24,500,46446.79936,148.2313854,6.757241469,16,40,6,7,2,4,1
469,500,526,600,440.6125714,518.3677311,0.006041915,0.002795453,510.1398723,13,150,24,500,54562.63269,168.3529341,7.27262127,22,50,7,4,1,2,1
470,400,551,650,440.7784317,518.5628608,0.00951762,0.00435428,264.7932012,1.00E+01,200,24,400,49796.30994,150.6887375,6.320592874,22,50,5,6,2,3,1
471,400,567,650,441.0237012,518.8514132,0.007319687,0.003152831,305.8813529,10,200,24,500,44742.23225,140.7681086,6.285799038,16,40,6,9,2,4,1
472,500,479,550,441.0791526,518.9166501,0.00726364,0.003525908,437.7141034,10,100,27,500,52559.56987,159.2946574,6.684142002,22,50,7,5,1,3,1
473,500,464,550,441.5643444,519.4874641,0.010543146,0.004464451,343.6028888,13,200,30,400,58326.63642,170.5908686,6.723909237,16,40,8,12,2,5,1
474,300,714,800,443.0691031,521.2577683,0.005915651,0.002796816,415.4827401,13,250,24,500,41535.90771,130.4737213,5.803701429,16,40,4,7,2,3,1
475,400,514,600,443.5128117,521.7797784,0.011213145,0.004721554,345.4378879,13,200,30,400,53408.24026,153.8165423,5.885329323,16,40,6,12,2,5,1
476,500,467,550,443.9782748,522.3273822,0.010729744,0.00495875,261.6969815,10,200,27,400,55950.74038,165.8263901,6.707826461,16,40,8,13,2,6,1
477,500,517,600,444.3017563,522.7079486,0.00906088,0.003703561,255.7504787,10,250,24,400,54274.31719,167.5833299,7.271189068,16,40,8,12,2,5,1
478,500,514,600,444.9213691,523.4369048,0.006729111,0.003179868,362.0529066,13,250,24,500,51622.59472,162.4576047,7.25271853,16,40,8,9,2,4,1
479,400,579,650,445.0073239,523.5380281,0.008422777,0.003947868,278.2491171,10,200,24,400,48301.94127,147.7535628,6.31031029,22,50,5,5,1,3,1
480,300,651,750,445.2131839,523.7802163,0.008835002,0.004284078,433.6275936,10,100,27,400,48389.09347,140.959815,5.505768973,22,50,3,5,2,3,1
481,500,514,600,446.4611718,525.2484375,0.006772518,0.002828504,678.609373,13,100,27,500,62760.81665,184.6385586,7.328535212,16,40,8,9,2,4,1
482,300,589,700,446.6302888,525.4473986,0.009196873,0.003878859,414.1506646,13,200,30,500,43504.81145,128.27863,5.127379069,16,40,4,9,3,4,1
483,500,464,550,446.7431622,525.5801908,0.010452242,0.00474575,528.366236,13,100,30,400,67943.19058,189.7189417,6.789429388,16,40,8,12,2,6,1
484,400,567,650,446.9020433,525.7671098,0.007107276,0.003165049,280.9071488,10,250,27,500,43292.00832,137.8912801,6.275897166,16,40,6,8,2,4,1
485,300,692,800,447.0107091,525.8949519,0.008370914,0.004155878,290.1771764,10,200,24,400,45201.81952,137.621428,5.82906921,16,40,4,9,3,5,2
486,500,517,600,447.2222002,526.143765,0.00648338,0.003065533,472.438813,10,100,27,500,54770.3273,168.7372978,7.27411438,16,40,8,9,2,4,1
487,400,501,600,448.9894323,528.2228615,0.011151077,0.005344674,231.6407758,10,250,30,400,48831.50696,144.7029045,5.854174385,22,50,5,6,2,3,1
488,300,664,750,449.1617143,528.4255462,0.007049078,0.003140563,570.0553968,13,150,27,500,46135.81853,136.5826997,5.490132376,16,40,4,7,2,4,1
489,300,601,700,449.2332609,528.5097187,0.011180251,0.004518642,217.8478306,10,300,30,400,42081.26665,125.3413541,5.117966984,22,50,3,6,2,3,1
490,300,651,750,449.368591,528.6689306,0.009783563,0.004192514,242.3069457,10,250,24,400,43400.88661,130.9996752,5.471886666,22,50,3,6,2,3,1
491,400,526,600,449.6358686,528.9833748,0.008158423,0.003283608,493.1369543,13,150,30,500,49019.64086,145.2576787,5.854966247,22,50,5,5,1,2,1
492,400,567,650,449.9091911,529.3049307,0.009575942,0.003837921,254.1879033,10,250,27,400,48828.13935,148.7651107,6.313990663,16,40,6,11,2,5,1
493,300,598,700,450.3242856,529.7932772,0.011074895,0.00468682,599.0702387,13,100,30,400,55442.02984,151.9298469,5.208962436,22,50,3,6,2,3,1
494,400,567,650,450.367313,529.8438977,0.007052529,0.00331405,369.9713005,10,150,27,500,46384.60359,144.0412522,6.29697175,16,40,6,8,2,4,1
495,400,617,700,450.5504854,530.0593946,0.00616804,0.002615859,393.4288505,10,150,24,500,46971.59151,149.2621596,6.760852505,16,40,6,8,2,4,1
496,500,514,600,450.9253418,530.5004021,0.006718034,0.002989658,678.609373,13,100,27,500,62973.82509,185.0569406,7.330000899,16,40,8,9,2,4,1
497,500,526,600,451.2048931,530.829286,0.008190324,0.003482554,328.615193,13,250,24,400,55355.67292,169.7813397,7.278428804,22,50,7,6,1,3,1
498,500,517,600,451.3531601,531.0037178,0.006830426,0.003235285,280.1135298,10,250,24,500,48853.7958,156.9365748,7.233891067,16,40,8,9,2,5,1
499,400,514,600,452.0749111,531.8528366,0.008909043,0.003777343,345.4378879,13,250,30,500,46468.548,140.1406597,5.837700827,16,40,6,9,2,4,1
500,400,548,650,452.34196,532.1670118,0.010137659,0.004334703,425.1812167,1.30E+01,150,24,400,57257.84424,165.5141038,6.371474271,22,50,5,6,2,3,1
501,500,529,600,453.1298527,533.0939444,0.008148367,0.00354671,411.2578863,10,100,24,400,59132.98767,177.2935012,7.304167944,22,50,7,6,1,3,1
502,300,651,750,453.6384981,533.6923507,0.009746834,0.004402293,221.8551776,10,300,24,400,42964.74383,130.1249647,5.468934615,22,50,3,5,2,3,1
503,400,517,600,453.6954062,533.7593014,0.011525791,0.00488829,263.4015363,10,200,30,400,50753.65094,148.5101635,5.867313974,16,40,6,12,2,5,1
504,300,692,800,453.9446665,534.0525489,0.008596858,0.003690101,297.8888141,10,200,27,400,44814.95662,136.8615685,5.82640725,16,40,4,9,3,4,1
505,500,514,600,454.2527606,534.4150125,0.006849884,0.002964916,371.5995872,13,250,27,500,51434.5292,162.0882144,7.251424473,16,40,8,9,2,4,1
506,500,476,550,454.887164,535.1613694,0.010316351,0.004245787,407.307814,13,150,27,400,60737.9281,175.3925465,6.740323273,22,50,7,7,1,3,1
507,300,589,700,455.4176439,535.7854634,0.012004571,0.005447761,590.0541314,13,100,30,400,58266.0707,157.4982482,5.228335893,16,40,4,11,3,5,2
508,400,551,650,455.7011467,536.1189961,0.009170082,0.004582601,272.9803157,10,200,27,400,49592.14856,150.2877325,6.319188062,22,50,5,6,2,3,1
509,400,514,600,455.9669127,536.431662,0.008662623,0.00413424,481.8866816,13,150,30,500,51312.96644,149.7764913,5.870707395,16,40,6,9,2,5,1
510,400,548,650,456.0073485,536.4792335,0.009756364,0.004183476,316.9440837,13,250,27,400,51627.36267,154.3328846,6.333062787,22,50,5,6,2,3,1
511,400,551,650,456.3443808,536.8757422,0.009963341,0.004598844,238.827938,10,250,24,400,49930.31338,150.9248549,6.321588434,22,50,5,6,2,3,1
512,400,579,650,458.1500513,539.0000603,0.006837985,0.003195764,312.3550323,10,200,24,500,44096.6227,139.4936568,6.281373964,22,50,5,4,1,2,1
513,500,542,600,458.2700128,539.1411916,0.006238001,0.002914594,378.7958324,10,150,24,500,50999.6149,161.2311787,7.248439462,16,40,8,8,1,4,1
514,400,567,650,458.3829845,539.2740994,0.007216898,0.003394813,314.3062057,10,200,27,500,44987.52202,141.2498962,6.287486849,16,40,6,8,2,4,1
515,400,501,600,458.8768951,539.8551707,0.012113847,0.005042782,231.6407758,10,250,30,400,49860.56493,146.724136,5.861255217,22,50,5,7,2,3,1
516,500,479,550,458.9665167,539.9606079,0.00780707,0.003626571,437.7141034,10,100,27,500,53758.17364,161.6489034,6.692389461,22,50,7,5,1,3,1
517,300,601,700,459.6363717,540.7486726,0.008533851,0.003994028,300.4520825,10,200,30,500,39282.99435,119.8875964,5.098597096,22,50,3,5,2,2,1
518,300,598,700,460.1626975,541.3678795,0.01146346,0.004788821,599.0702387,13,100,30,400,56125.84672,153.2729706,5.213667703,22,50,3,6,2,3,1
519,300,592,700,460.4062801,541.6544472,0.012026659,0.005676453,307.5766929,10,150,30,400,48134.66548,137.3246545,5.159366105,16,40,4,11,3,6,2
520,400,526,600,460.5024888,541.7676339,0.007942714,0.003778013,493.1369543,13,150,30,500,49475.25519,146.1525768,5.858101278,22,50,5,5,1,2,1
521,400,564,650,460.6682774,541.9626793,0.007419713,0.003298404,520.836555,13,150,27,500,51952.37201,155.1076844,6.334928942,16,40,6,9,2,4,1
522,300,651,750,461.2843592,542.6874814,0.010010987,0.004470152,242.3069457,10,250,24,400,44167.30808,132.5050473,5.477160327,22,50,3,6,2,3,1
523,300,648,750,461.5842695,543.040317,0.009661132,0.00421213,470.3085986,13,150,27,400,50764.14568,145.6590999,5.522018345,22,50,3,5,2,3,1
524,400,548,650,461.6375948,543.1030528,0.009436433,0.004623855,578.7983446,13,100,27,400,62460.38147,175.8852905,6.40685831,22,50,5,6,2,3,1
525,500,479,550,461.6865801,543.1606825,0.010047219,0.004646526,268.4215292,10,200,27,400,54584.37976,163.13627,6.698441981,22,50,7,6,1,3,1
526,300,642,750,463.0337327,544.7455679,0.009870634,0.004714578,434.3995783,10,100,30,400,50801.16889,145.7102564,5.522331607,16,40,4,10,3,5,2
527,300,592,700,464.4288573,546.3868909,0.012376528,0.00554641,233.1837788,10,250,30,400,45675.92554,132.4239226,5.142641479,16,40,4,12,3,5,2
528,300,692,800,464.8580038,546.8917692,0.008880003,0.003807948,265.2790823,10,250,27,400,44302.68704,135.8254363,5.82296366,16,40,4,10,3,4,1
529,400,614,700,465.0268259,547.0903835,0.006323354,0.002841595,456.014767,13,200,24,500,49683.89685,154.6429717,6.779370626,16,40,6,8,2,4,1
530,300,648,750,465.1473242,547.2321462,0.007399466,0.003462629,771.3454314,13,100,27,500,52120.18829,148.4751672,5.530935085,22,50,3,4,2,2,1
531,300,701,800,465.1695986,547.2583513,0.008685694,0.003506049,238.8947457,10,300,24,400,42820.91164,132.8907783,5.812833445,22,50,3,5,2,2,1
532,400,579,650,465.8419796,548.0493877,0.007037653,0.00322972,482.8846086,10,100,24,500,49757.60628,150.7481494,6.31995907,22,50,5,5,1,2,1
533,300,701,800,466.1692892,548.4344578,0.006431178,0.002998363,335.2434654,10,200,24,500,40157.00165,127.7062403,5.794373677,22,50,3,4,2,2,1
534,400,551,650,466.6316085,548.9783629,0.009765782,0.004012036,254.7586177,10,250,30,400,48587.07887,148.2865314,6.312345788,22,50,5,6,2,3,1
535,300,601,700,466.831317,549.2133141,0.008753035,0.004043348,241.4490454,10,300,30,500,38015.04989,117.354666,5.089987802,22,50,3,5,2,2,1
536,300,701,800,467.3245921,549.7936377,0.008323669,0.00391142,459.1203908,10,100,24,400,50290.19159,147.752815,5.863709917,22,50,3,5,2,3,1
537,500,464,550,467.4794123,549.9757792,0.010753216,0.005358206,528.366236,13,100,30,400,69589.77657,192.9530951,6.800759362,16,40,8,13,2,6,1
538,300,689,800,467.5605024,550.0711794,0.009411799,0.003871108,346.0634966,13,250,24,400,48368.58577,143.8941738,5.850716322,16,40,4,10,3,5,2
539,400,498,600,467.6922774,550.2262087,0.012249343,0.005410671,334.6849575,13,200,30,400,54869.47553,156.675867,5.895413145,22,50,5,7,2,3,1
540,500,514,600,467.8281979,550.3861152,0.006869591,0.003298048,371.5995872,13,250,27,500,52139.11011,163.472122,7.256272615,16,40,8,9,2,5,1
541,400,564,650,468.7144841,551.4288049,0.009919178,0.004865001,437.5952669,13,150,24,400,59079.82013,169.1071117,6.383972115,16,40,6,11,2,6,1
542,500,517,600,469.3050989,552.1236458,0.008987066,0.004119547,411.5311854,10,100,27,400,61916.12812,182.7727726,7.323283835,16,40,8,12,2,6,1
543,400,551,650,469.8107686,552.7185513,0.009810941,0.004089504,323.9993198,10,150,30,400,51592.04894,154.2609949,6.332826657,22,50,5,6,2,3,1
544,400,501,600,470.3361267,553.3366197,0.012159901,0.005534456,255.2498446,10,200,30,400,51684.32513,150.3317804,5.873735133,22,50,5,7,2,3,1
545,500,476,550,472.2851922,555.6296379,0.010076599,0.004500121,415.6697403,13,150,30,400,60764.89392,175.4455116,6.740508821,22,50,7,6,1,3,1
546,400,526,600,472.705881,556.1245659,0.008349261,0.00382809,405.8654739,13,200,30,500,47443.21933,142.0895338,5.844313908,22,50,5,5,1,3,1
547,500,517,600,474.1384057,557.8098891,0.007215178,0.003524702,310.5673436,10,200,24,500,51366.98562,161.9028286,7.251102765,16,40,8,9,2,5,1
548,400,614,700,474.5688191,558.3162578,0.006630408,0.002784231,557.8867993,13,150,24,500,53425.15623,162.075764,6.804884875,16,40,6,8,2,4,1
549,300,701,800,474.6332489,558.3920576,0.008879185,0.003651613,260.9173102,10,250,24,400,44114.78211,135.4512629,5.821684542,22,50,3,5,2,3,1
550,500,479,550,475.2477447,559.1149937,0.010505629,0.004823969,381.2832453,10,100,27,400,61008.218,175.8891289,6.742276204,22,50,7,7,1,3,1
551,500,479,550,476.6094017,560.7169431,0.008250079,0.003798642,296.6369583,10,200,27,500,49662.21589,153.4683673,6.664573122,22,50,7,5,1,3,1
552,400,529,600,477.1569109,561.3610716,0.008481905,0.003804069,269.515305,10,250,30,500,43345.60377,133.9277293,5.816426499,22,50,5,5,1,3,1
553,300,701,800,477.5213357,561.7898067,0.008479925,0.004111299,238.8947457,10,300,24,400,43473.67492,134.1729079,5.817325036,22,50,3,5,2,3,1
554,400,626,700,477.7798273,562.0939145,0.006127076,0.002579566,568.7901244,13,150,24,500,51843.09322,158.9539828,6.794037844,22,50,5,4,1,2,1
555,400,529,600,477.9718843,562.3198639,0.008354113,0.003932257,300.6759771,10,200,30,500,44332.71474,135.8920633,5.823149525,22,50,5,5,1,3,1
556,300,589,700,478.4215649,562.8488999,0.012506546,0.006135219,308.6085845,13,250,30,400,49396.27382,139.8051497,5.168040312,16,40,4,12,3,6,2
557,400,548,650,478.5484158,562.9981363,0.009584836,0.004575767,324.6454881,13,250,30,400,52003.36225,155.0714068,6.335649998,22,50,5,6,2,3,1
558,400,529,600,478.9225035,563.4382394,0.008420337,0.003908173,269.515305,10,250,30,500,43415.53774,134.0650906,5.816907707,22,50,5,5,1,3,1
559,400,551,650,478.9415992,563.460705,0.010339411,0.004546104,316.2557545,10,150,27,400,53278.9885,157.574409,6.344434299,22,50,5,6,2,3,1
560,300,667,750,479.6503591,564.2945402,0.007525532,0.003219528,267.9642484,10,300,30,500,38364.29569,121.093211,5.437267917,16,40,4,8,2,4,1
561,300,714,800,480.0233919,564.7334022,0.006701174,0.002961405,486.5608812,13,200,24,500,45076.07536,137.4777893,5.827923564,16,40,4,7,2,4,1
562,500,479,550,480.6415161,565.4606072,0.008142045,0.003598896,305.0515858,10,200,30,500,49089.46261,152.34339,6.660632071,22,50,7,5,1,3,1
563,300,664,750,480.6658786,565.4892689,0.007907288,0.003200877,570.0553968,13,150,27,500,47557.49635,139.3750982,5.499914782,16,40,4,8,2,4,1
564,500,517,600,480.7139766,565.5458548,0.007206107,0.003326839,472.438813,10,100,27,500,56746.80243,172.6194053,7.287714284,16,40,8,9,2,5,1
565,500,467,550,483.227474,568.5029106,0.01182535,0.005147652,379.9350869,10,100,30,400,63768.40071,181.3233077,6.761234125,16,40,8,14,2,6,1
566,500,476,550,483.3855869,568.6889258,0.007948373,0.003876899,636.8017348,13,100,30,500,61581.12577,177.2013058,6.745711185,22,50,7,5,1,3,1
567,300,651,750,486.6617617,572.5432491,0.010574134,0.004353336,331.3687528,10,150,27,400,47639.57867,139.3973623,5.500856638,22,50,3,6,2,3,1
568,300,714,800,486.8369686,572.7493748,0.006641405,0.002865732,849.908392,13,100,27,500,54611.68247,156.4603332,5.892850195,16,40,4,7,2,3,1
569,400,564,650,487.644063,573.6988976,0.008002437,0.003552205,371.1145323,13,250,27,500,48472.94371,148.1457272,6.311334202,16,40,6,9,2,4,1
570,500,467,550,487.9549183,574.0646098,0.011911991,0.005283043,269.9008042,10,200,30,400,58684.04852,171.1950364,6.726634049,16,40,8,14,2,6,1
571,300,651,750,488.2333192,574.3921402,0.009961548,0.004415574,287.1010307,10,200,30,400,45057.57891,134.2807654,5.483212683,22,50,3,6,2,3,1
572,500,529,600,489.7464078,576.1722445,0.006455709,0.003226847,379.5356037,10,150,27,500,51297.70119,161.8081693,7.250513619,22,50,7,5,1,3,1
573,500,529,600,490.7073729,577.3027916,0.007267748,0.002969801,317.7758699,10,200,24,500,50588.68995,160.3677604,7.245764693,22,50,7,5,1,2,1
574,300,692,800,491.3773352,578.0909826,0.009257906,0.004410341,243.5392612,10,300,27,400,45111.22859,137.3935693,5.82858133,16,40,4,10,3,5,2
575,400,576,650,491.4154449,578.1358175,0.007465333,0.003194255,379.0105862,13,250,27,500,46968.1308,145.1814217,6.301003134,22,50,5,5,1,2,1
576,300,598,700,491.423437,578.14522,0.012400174,0.005393596,313.3241656,13,250,30,400,48271.88233,137.5880516,5.160326881,22,50,3,6,2,3,1
577,400,564,650,491.6801937,578.4472867,0.010333031,0.004791516,326.1979255,13,250,27,400,54730.67342,160.4368909,6.35439294,16,40,6,12,2,6,1
578,300,717,800,492.1333265,578.9803841,0.006651802,0.002993684,280.4941691,10,300,27,500,39184.39725,125.7523419,5.787799467,16,40,4,7,2,4,1
579,500,567,650,492.389883,579.2822153,0.008218963,0.003454604,351.735889,10,150,24,400,59852.7707,183.7024749,7.884166437,16,40,8,12,2,5,1
580,500,529,600,492.485822,579.3950847,0.008962218,0.004159281,261.6866601,10,250,24,400,55405.91569,169.8008684,7.278989305,22,50,7,6,1,3,1
581,300,689,800,492.5964545,579.5252405,0.010143185,0.004081685,400.9350251,13,200,24,400,51840.29561,150.7637799,5.874467406,16,40,4,11,3,5,2
582,500,451,550,492.9656454,579.9595828,0.012546654,0.00554891,260.6536674,10,200,30,400,58946.43894,171.7040391,6.728456821,22,50,7,8,2,4,1
583,300,717,800,495.5092733,582.9520862,0.007070685,0.002967147,272.5039317,10,300,24,500,39840.13548,127.0403148,5.792311529,16,40,4,8,2,4,1
584,500,479,550,496.1068992,583.6551756,0.00837558,0.003859936,446.1287309,10,100,30,500,55250.39451,164.5798595,6.702657265,22,50,7,5,1,3,1
585,500,526,600,496.1903756,583.753383,0.006718567,0.003213944,519.9094326,13,150,27,500,56800.56632,172.7485871,7.288020241,22,50,7,5,1,3,1
586,500,529,600,496.9804026,584.6828266,0.007143927,0.003238705,286.6151978,10,250,24,500,49777.09286,158.7449766,7.240258006,22,50,7,5,1,3,1
587,300,651,750,496.9985379,584.7041622,0.010539023,0.00480349,280.2393323,10,200,27,400,46522.54112,137.1581812,5.493292924,22,50,3,6,2,3,1
588,300,692,800,497.2358132,584.9833097,0.009703312,0.004770406,235.8276235,10,300,24,400,46410.49542,139.9455333,5.83752144,16,40,4,11,3,5,2
589,500,476,550,497.731628,585.5666212,0.010525919,0.005100716,352.4891704,13,200,30,400,59754.2732,173.3842005,6.733761872,22,50,7,7,1,4,1
590,500,529,600,497.922702,585.7914141,0.007281679,0.003144467,473.5792306,10,100,24,500,56525.12786,172.1712551,7.286223553,22,50,7,5,1,3,1
591,500,529,600,498.5791664,586.5637251,0.006629527,0.003299702,483.4045108,10,100,27,500,55503.88047,170.1653649,7.279196464,22,50,7,5,1,3,1
592,300,701,800,499.3087479,587.4220564,0.008584553,0.004198805,301.7630906,10,200,27,400,45637.23997,138.4702889,5.832082583,22,50,3,5,2,3,1
593,300,698,800,501.1870565,589.6318312,0.007006941,0.003382296,823.0843242,13,100,24,500,54858.75472,156.9240803,5.894608723,22,50,3,4,2,2,1
594,300,639,750,503.902068,592.8259623,0.008521905,0.004050439,767.3675158,13,100,30,500,55273.30277,154.6899207,5.552572861,16,40,4,9,3,4,1
595,300,642,750,504.088131,593.0448601,0.008557273,0.004006341,510.0334214,10,100,30,500,47775.8425,139.7680403,5.501514675,16,40,4,9,3,4,1
596,400,598,700,504.3222836,593.3203337,0.008877897,0.003957292,345.8623395,13,250,27,400,53757.30601,162.5845474,6.807560042,22,50,5,6,2,3,1
597,500,529,600,504.5159922,593.5482262,0.008868898,0.004050592,337.9880409,10,150,27,400,57950.13384,174.8745916,7.296288263,22,50,7,6,1,3,1
598,400,617,700,505.0353449,594.1592293,0.007002976,0.002830072,342.0228023,10,200,27,500,47051.66087,149.3695044,6.76153892,16,40,6,9,2,4,1
599,500,479,550,505.1508729,594.2951446,0.011144058,0.005508803,381.2832453,10,100,27,400,63470.69603,180.7258224,6.75922024,22,50,7,7,1,4,1
600,300,698,800,505.8820616,595.1553666,0.009353455,0.004306451,313.5250643,13,300,24,400,47676.87738,142.4946208,5.846067813,22,50,3,6,2,3,1
601,400,548,650,506.2141877,595.5461032,0.010638569,0.004786716,586.499749,13,100,30,400,64785.22251,180.4516433,6.422855281,22,50,5,7,2,3,1
602,300,614,750,506.565303,595.9591799,0.012621381,0.005581009,289.1083705,13,300,30,400,50234.10671,144.472614,5.518765758,16,40,4,13,4,6,2
603,400,598,700,507.0420641,596.5200755,0.009338258,0.004230323,384.6012142,13,200,24,400,56995.88421,168.9940922,6.829712818,22,50,5,6,2,3,1
604,500,579,650,507.4836238,597.0395574,0.005797615,0.002717473,404.6545884,10,150,24,500,52963.44256,170.162255,7.8367848,22,50,7,5,1,2,1
605,400,667,750,507.9569032,597.5963567,0.007869732,0.003185842,372.9251958,10,150,24,400,55056.90044,169.2109467,7.276328367,16,40,6,11,2,5,1
606,300,689,800,508.191187,597.8719847,0.009732716,0.004545914,317.1606833,13,300,27,400,48661.86677,144.4364752,5.852825931,16,40,4,11,3,5,2
607,500,479,550,509.332203,599.2143565,0.01131911,0.004910323,389.6978728,10,100,30,400,62682.73269,179.1781387,6.753798352,22,50,7,7,1,3,1
608,500,517,600,510.49529,600.5826941,0.010477799,0.004304246,330.3210153,10,150,27,400,61417.67492,181.6938844,7.320124967,16,40,8,14,2,6,1
609,300,701,800,510.9800536,601.1530042,0.009431962,0.004411202,238.8947457,10,300,24,400,45519.38287,138.1909995,5.831401323,22,50,3,6,2,3,1
610,400,664,750,511.2076193,601.4207286,0.007649376,0.003468064,374.1682956,13,250,24,400,55195.4265,169.4859781,7.27727356,16,40,6,10,2,5,1
611,500,517,600,511.6635395,601.9571053,0.009707882,0.004468237,420.6133617,10,100,30,400,64064.27993,186.9920801,7.338065027,16,40,8,13,2,6,1
612,300,642,750,511.728867,602.0339612,0.008665681,0.004146249,283.131892,10,250,30,500,41562.82729,127.3945367,5.459225351,16,40,4,9,3,5,2
613,400,579,650,512.072761,602.4385424,0.007904526,0.003317701,320.9581889,10,200,27,500,46235.32506,143.6944041,6.296090136,22,50,5,5,1,2,1
614,300,639,750,512.7969262,603.2905014,0.009109109,0.003735162,555.3276832,13,150,30,500,49496.11219,143.1828441,5.51325418,16,40,4,9,3,4,1
615,400,648,750,512.8405864,603.3418663,0.007947106,0.003335965,502.76903,13,150,24,400,59921.93882,178.8974042,7.309449345,22,50,5,6,2,3,1
616,400,567,650,513.577728,604.2090917,0.010422017,0.004986128,422.4718002,10,100,30,400,58927.15608,168.7713315,6.383019129,16,40,6,12,2,6,1
617,400,629,700,514.7722275,605.6143853,0.006533262,0.002693669,348.6747855,10,200,27,500,45986.86112,147.2716972,6.754229445,22,50,5,5,1,2,1
618,300,701,800,514.8638443,605.7221698,0.007272288,0.003472367,293.951157,10,250,24,500,41196.17099,129.7186524,5.801601906,22,50,3,5,2,2,1
619,400,592,700,514.8949682,605.7587861,0.010203846,0.004281665,432.7795394,10,100,27,400,60643.3201,176.215429,6.854655206,16,40,6,13,3,6,1
620,400,592,700,515.0808564,605.9774781,0.010314846,0.004173462,339.7883968,10,150,27,400,56784.8311,168.5369029,6.828376308,16,40,6,13,3,5,1
621,400,629,700,515.7875285,606.8088571,0.006485359,0.002757242,348.6747855,10,200,27,500,46017.49373,147.3318645,6.754440225,22,50,5,5,1,2,1
622,300,692,800,517.393164,608.69784,0.007900037,0.003266621,270.7140376,10,300,27,500,41076.0356,129.4678166,5.800815619,16,40,4,9,3,4,1
623,500,579,650,518.6490608,610.1753657,0.007697026,0.003518163,313.7054811,10,200,24,400,57084.71916,178.2066343,7.86527975,22,50,7,6,1,3,1
624,400,614,700,519.0248863,610.6175133,0.009066903,0.004121222,355.1161814,13,250,27,400,55402.50946,165.8246019,6.818857121,16,40,6,11,2,5,1
625,500,514,600,519.3004239,610.9416752,0.009902439,0.004573606,380.6290622,13,200,30,400,62701.38521,184.2687116,7.328813085,16,40,8,13,2,6,1
626,300,651,750,519.3039952,610.9458767,0.010554835,0.005062547,440.489292,10,100,30,400,52180.21799,148.4061788,5.531855277,22,50,3,6,2,3,1
627,400,551,650,519.507539,611.18534,0.010855957,0.005076109,323.9993198,10,150,30,400,55071.21674,161.0946267,6.356766421,22,50,5,7,2,3,1
628,500,567,650,519.9674417,611.726402,0.006674638,0.002683694,518.1292205,10,100,27,500,58821.93071,181.7829022,7.876787999,16,40,8,10,2,4,1
629,300,692,800,520.0140979,611.7812917,0.007698464,0.003574252,297.8888141,10,250,27,500,42019.83959,131.3415654,5.807255642,16,40,4,9,3,4,1
630,400,667,750,520.4549092,612.2998932,0.006228037,0.002555007,425.3112533,10,150,24,500,50345.86121,159.9577259,7.243912234,16,40,6,9,2,4,1
631,400,617,700,521.2412703,613.2250239,0.009458612,0.003839702,451.0557023,10,100,27,400,59492.23135,173.95451,6.846734694,16,40,6,12,2,5,1
632,400,564,650,521.8853514,613.9827664,0.010505697,0.005211403,334.1241884,13,250,30,400,55769.36616,162.4770465,6.361540068,16,40,6,12,2,6,1
633,500,567,650,522.1302191,614.270846,0.008910257,0.003740744,440.8000407,10,100,24,400,66075.00461,196.0290782,7.926695588,16,40,8,13,2,6,1
634,400,629,700,522.599267,614.8226671,0.006599074,0.002807011,286.9228549,10,300,27,500,44487.48176,144.2788812,6.744042085,22,50,5,5,1,2,1
635,300,692,800,524.9713999,617.6134117,0.009692871,0.004696388,272.5729306,10,250,30,400,47046.98531,141.215669,5.841846869,16,40,4,11,3,5,2
636,500,576,650,525.9023822,618.708685,0.005993141,0.00294768,749.7667526,13,100,24,500,65804.43212,195.6937687,7.9243016,22,50,7,5,1,3,1
637,500,517,600,527.3700665,620.4353723,0.007774351,0.003716193,380.0082766,10,150,30,500,54806.54656,168.7085902,7.274634533,16,40,8,10,2,5,1
638,400,564,650,528.0125892,621.1912814,0.008618653,0.003791338,715.9153463,13,100,30,500,61100.30531,173.235429,6.397441326,16,40,6,10,2,5,1
639,300,692,800,529.0832329,622.4508622,0.009901656,0.004652881,250.8331095,10,300,30,400,46540.86156,140.2015929,5.838418475,16,40,4,11,3,5,2
640,500,529,600,529.1805354,622.5653358,0.00770585,0.003173031,296.440478,10,250,27,500,50796.96672,160.748169,7.247275644,22,50,7,6,1,3,1
641,500,514,600,529.2287067,622.6220079,0.010530618,0.004977155,439.823984,13,150,27,400,68026.40393,194.8122559,7.365225004,16,40,8,14,2,7,1
642,300,689,800,529.512849,622.9562929,0.010160359,0.004930071,682.9708735,13,100,27,400,63024.7534,172.9849255,5.950739594,16,40,4,11,3,6,2
643,400,601,700,531.145251,624.8767659,0.009849311,0.00399138,269.4302114,10,250,27,400,52692.20783,160.4133713,6.800446006,22,50,5,7,2,3,1
644,300,642,750,531.4480431,625.2329919,0.009166733,0.004287214,510.0334214,10,100,30,500,49108.22827,142.3850552,5.510682672,16,40,4,9,3,5,2
645,500,514,600,532.9095639,626.9524282,0.010270824,0.004745497,380.6290622,13,200,30,400,63780.25835,186.3877878,7.33623669,16,40,8,13,2,6,1
646,500,564,650,532.9908248,627.0480292,0.008840597,0.003616742,632.330441,13,100,27,400,73926.3528,211.6680378,7.980129175,16,40,8,13,2,5,1
647,400,601,700,533.3362716,627.4544372,0.009815179,0.004691317,430.4289113,10,100,24,400,60594.47564,176.1067443,6.8543537,22,50,5,7,2,3,1
648,400,667,750,533.6821066,627.8613019,0.006160227,0.002920477,294.3461096,10,300,24,500,46893.77417,153.0721261,7.220444153,16,40,6,8,2,4,1
649,400,614,700,533.9483903,628.1745769,0.00729016,0.00330017,404.0147568,13,250,27,500,50445.1048,156.0874808,6.784745775,16,40,6,9,2,4,1
650,400,551,650,534.3261988,628.6190575,0.009207638,0.003756557,313.1804601,10,200,30,500,48241.85699,147.6355479,6.309896857,22,50,5,6,2,3,1
651,400,567,650,535.7309785,630.2717394,0.008712298,0.003899328,322.2746295,10,200,30,500,48511.84564,148.1722212,6.311737325,16,40,6,10,2,5,1
652,400,592,700,535.881452,630.4487671,0.010303005,0.004968879,339.7883968,10,150,27,400,58226.55996,171.3686848,6.838296683,16,40,6,13,3,6,1
653,400,617,700,536.0555776,630.6536207,0.007130432,0.003489408,402.5966356,10,150,27,500,50492.25728,156.1772999,6.785077812,16,40,6,9,2,5,1
654,300,670,800,536.5879693,631.2799639,0.011122559,0.00459893,308.4145977,13,300,27,400,50005.04116,147.0675,5.862087647,22,50,3,7,3,3,1
655,300,714,800,537.705868,632.5951389,0.007472385,0.003000852,349.7331179,13,350,30,500,42227.71697,131.7746886,5.808618677,16,40,4,8,2,4,1
656,400,601,700,537.8629713,632.7799663,0.00993012,0.004748549,336.024052,10,150,24,400,57216.85438,169.3769668,6.83137207,22,50,5,7,2,3,1
657,500,479,550,537.9700971,632.9059966,0.009127569,0.004501534,352.0773008,10,150,30,500,54350.02808,162.7211105,6.696706937,22,50,7,6,1,3,1
658,400,548,650,538.0972765,633.0556194,0.008762811,0.004307503,422.8408359,13,200,30,500,51917.71189,154.9489521,6.334936436,22,50,5,6,2,3,1
659,400,614,700,539.0232423,634.144991,0.009605542,0.004294886,404.0147568,13,200,27,400,58720.66932,172.3926118,6.841551645,16,40,6,12,2,6,1
660,300,651,750,539.7580386,635.0094572,0.008619336,0.004129501,261.5363204,10,300,30,500,40839.83223,125.9513047,5.454313336,22,50,3,5,2,3,1
661,500,514,600,539.864083,635.1342153,0.008022782,0.00386692,380.6290622,13,250,30,500,55577.87846,170.226403,7.279934395,16,40,8,10,2,5,1
662,300,714,800,540.7520178,636.1788444,0.007500451,0.003051417,620.5069887,13,150,30,500,49820.91938,146.8817794,5.860343366,16,40,4,8,2,4,1
663,400,564,650,541.6714333,637.2605097,0.009051182,0.00378378,715.9153463,13,100,30,500,61845.24154,174.6986007,6.402567149,16,40,6,10,2,5,1
664,500,567,650,543.904891,639.888107,0.009012224,0.004333387,440.8000407,10,100,24,400,67605.08744,199.0344011,7.937223917,16,40,8,13,2,6,1
665,300,689,800,545.1939372,641.404632,0.010748125,0.004377348,507.328006,13,150,30,400,56551.48886,160.1016747,5.906655661,16,40,4,12,3,5,2
666,400,614,700,545.6567643,641.9491345,0.007376805,0.003512396,363.2659439,13,300,27,500,49709.53838,154.6089643,6.779776,16,40,6,9,2,5,1
667,300,698,800,546.186478,642.572327,0.010282111,0.004263115,413.9507041,13,200,27,400,52243.17049,151.5443186,5.877268769,22,50,3,6,2,3,1
668,500,564,650,546.8465465,643.3488782,0.007133653,0.003259792,546.9940836,13,150,24,500,62527.21433,189.1006214,7.90217521,16,40,8,10,2,5,1
669,400,548,650,547.7093037,644.3638868,0.011567255,0.005613874,324.6454881,13,250,30,400,57147.87436,165.1760364,6.37104881,22,50,5,7,2,4,1
670,400,664,750,547.7178112,644.3738955,0.006346539,0.003049147,823.6529212,13,100,24,500,64020.56962,187.1398383,7.337130366,16,40,6,9,2,4,1
671,500,564,650,548.8123789,645.6616222,0.00903094,0.004463527,472.1330722,13,150,24,400,69321.98546,202.4466188,7.948929269,16,40,8,13,2,7,1
672,400,601,700,549.0156768,645.9007963,0.009723804,0.004151177,277.8764596,10,250,30,400,52756.25737,160.5391747,6.800886724,22,50,5,7,2,3,1
673,300,701,800,549.0580345,645.9506289,0.007908413,0.003364255,549.5169412,10,100,27,500,48717.56504,144.6639295,5.85288885,22,50,3,5,2,2,1
674,400,598,700,550.0714431,647.1428742,0.007992266,0.003316461,750.6692764,13,100,27,500,62173.29054,179.4056747,6.864680384,22,50,5,6,2,3,1
675,500,526,600,550.1048179,647.1821387,0.009908541,0.004719118,338.3847533,13,250,27,400,61393.79695,181.6411634,7.31997646,22,50,7,7,1,4,1
676,500,526,600,550.9198968,648.1410551,0.007842873,0.003651521,694.4523934,13,100,27,500,66243.97982,191.4584963,7.35256092,22,50,7,6,1,3,1
677,300,673,800,550.9810834,648.2130393,0.01114446,0.004522488,455.3752588,10,100,30,400,54875.40461,156.7588933,5.895260254,22,50,3,7,3,3,1
678,500,514,600,550.9822514,648.2144135,0.010925216,0.005441905,330.664949,13,250,27,400,64518.79346,187.7877639,7.34145583,16,40,8,14,2,7,1
679,400,551,650,552.2530255,649.7094417,0.012297084,0.005154611,280.723881,10,200,30,400,55926.7371,162.729859,6.362775657,22,50,5,8,2,3,1
680,400,567,650,552.2530424,649.7094616,0.00890481,0.004214414,489.269914,10,100,30,500,54893.53756,160.8486714,6.355264251,16,40,6,10,2,5,1
681,300,701,800,553.4594503,651.128765,0.007430322,0.003568562,261.9605914,10,350,30,500,40343.28127,128.0106662,5.795822205,22,50,3,5,2,2,1
682,400,667,750,553.5573843,651.2439816,0.006598297,0.00292168,294.3461096,10,300,24,500,47804.40396,154.8607459,7.226710095,16,40,6,9,2,4,1
683,300,670,800,553.6318117,651.3315432,0.011334555,0.005066792,397.3452317,13,200,27,400,54192.6679,155.3734376,5.890683042,22,50,3,7,3,3,1
684,300,689,800,554.0451564,651.8178311,0.010784829,0.00468311,690.2331011,13,100,30,400,63631.05364,174.1757944,5.954911478,16,40,4,12,3,5,2
685,400,601,700,554.6253848,652.5004527,0.009869825,0.004738892,344.9540988,10,150,27,400,57086.19013,169.1203217,6.830472984,22,50,5,7,2,3,1
686,500,564,650,556.3880948,654.5742292,0.008908332,0.004238645,407.7474069,13,200,27,400,65122.1591,194.1086411,7.92027185,16,40,8,13,2,6,1
687,500,567,650,556.8538704,655.1222005,0.009437986,0.003795901,291.0156336,10,250,27,400,60034.51608,183.9753242,7.885645282,16,40,8,13,2,6,1
688,500,614,700,557.4414735,655.8134983,0.006026655,0.002649178,391.7424023,13,300,24,500,55919.42176,181.0248224,8.432003829,16,40,8,9,2,4,1
689,500,548,650,557.937363,656.3968977,0.009718617,0.004444341,386.0019315,13,200,24,400,66051.16583,195.9225853,7.926693467,22,50,7,8,2,4,1
690,300,667,800,558.8587387,657.4808691,0.011874173,0.005282128,451.3154497,10,100,30,400,57465.12799,161.8582632,5.913045264,16,40,4,13,4,6,2
691,300,698,800,559.1245055,657.7935359,0.010223287,0.004766741,321.303566,13,300,27,400,49841.03574,146.7453676,5.860959144,22,50,3,6,2,3,1
692,300,670,800,560.1742645,659.0285465,0.0109451,0.005048408,671.1990968,13,100,30,400,62933.25271,172.7836621,5.95016844,22,50,3,7,3,3,1
693,400,551,650,560.6338798,659.5692703,0.012224581,0.005551718,323.9993198,10,150,30,400,58229.47952,167.2979507,6.378498074,22,50,5,8,2,4,1
694,400,617,700,561.9135494,661.074764,0.007391529,0.00354025,350.693909,10,200,30,500,49158.6262,153.5079152,6.776036712,16,40,6,9,2,5,1
695,300,701,800,561.9950222,661.1706143,0.007792365,0.003819694,343.055399,10,200,27,500,43723.30243,134.711015,5.818912993,22,50,3,5,2,3,1
696,400,564,650,563.2111831,662.6013919,0.00924804,0.004257807,435.1865538,13,200,30,500,53747.9027,158.554505,6.347500548,16,40,6,11,2,5,1
697,300,673,800,563.2530963,662.6507016,0.0109792,0.005127624,265.0889918,10,250,30,400,48906.85873,144.8636538,5.854658285,22,50,3,7,3,3,1
698,400,598,700,564.9721495,664.6731171,0.010136116,0.004876597,345.8623395,13,250,27,400,57804.41722,170.5337092,6.835407761,22,50,5,7,2,4,1
699,400,601,700,565.6720696,665.4965525,0.008095728,0.003582588,510.1626025,10,100,27,500,55311.69567,165.730535,6.818003483,22,50,5,6,2,3,1
700,400,617,700,567.3047998,667.4174115,0.009691911,0.004631211,314.349609,10,200,30,400,55661.98819,166.2815392,6.820785618,16,40,6,12,2,6,1
701,500,514,600,567.7749332,667.9705096,0.01176466,0.004720493,339.6944241,13,250,30,400,64754.48944,188.2507078,7.343077628,16,40,8,15,2,6,1
702,500,576,650,569.55446,670.0640706,0.006800623,0.00283424,569.3304813,13,150,27,500,60758.52518,185.6122771,7.890044026,22,50,7,5,1,3,1
703,400,617,700,570.5580312,671.2447425,0.008195057,0.003309552,402.5966356,10,150,27,500,52188.92215,159.5098161,6.796752373,16,40,6,10,2,4,1
704,500,614,700,571.2954465,672.11229,0.006092723,0.002857662,432.4912152,13,250,24,500,58019.16993,185.1863963,8.446350644,16,40,8,10,2,5,1
705,500,579,650,571.6479677,672.5270209,0.008782549,0.004082223,313.7054811,10,200,24,400,60795.31795,185.4948329,7.890811965,22,50,7,7,1,3,1
706,500,579,650,572.0507563,673.0008897,0.006685515,0.003308395,404.6545884,10,150,24,500,56289.92622,176.6959912,7.859673961,22,50,7,5,1,3,1
707,300,667,800,573.7409522,674.9893555,0.011906347,0.005866666,294.1572772,10,200,30,400,52628.52519,152.208644,5.88017154,16,40,4,13,4,7,2
708,500,517,600,574.2880334,675.6329804,0.011422959,0.005245424,339.4031916,10,150,30,400,65206.46909,189.135671,7.346195235,16,40,8,15,2,7,1
709,400,598,700,575.1815695,676.6841994,0.010289751,0.005083783,472.8605942,13,150,27,400,63476.38617,181.8035967,6.874085231,22,50,5,7,2,4,1
710,300,667,800,576.0653413,677.723931,0.012195717,0.005680741,451.3154497,10,100,30,400,58584.81212,164.0574986,5.920749685,16,40,4,13,4,6,2
711,300,701,800,576.2583776,677.9510325,0.008180479,0.003446821,309.1518011,10,250,30,500,42638.43948,132.5514941,5.811525994,22,50,3,5,2,2,1
712,400,626,700,577.2893585,679.1639512,0.007442236,0.003317434,785.8176706,13,100,27,500,62089.17292,179.2404544,6.86410158,22,50,5,5,1,3,1
713,300,701,800,577.5285006,679.4452948,0.010706995,0.004391843,276.1179543,10,250,30,400,48311.04045,143.6933731,5.850558526,22,50,3,6,2,3,1
714,500,526,600,578.8012711,680.9426719,0.008415287,0.003479774,529.1497125,13,150,30,500,60811.05845,180.6258234,7.315615988,22,50,7,6,1,3,1
715,300,698,800,579.0965571,681.2900672,0.010479926,0.005218233,413.9507041,13,200,27,400,54119.03686,155.2288147,5.890176395,22,50,3,6,2,3,1
716,500,551,650,579.1780986,681.3859984,0.009979847,0.004859014,272.5696592,10,250,24,400,62450.27023,188.715146,7.902281651,22,50,7,8,2,4,1
717,500,614,700,579.9704592,682.3181873,0.006284776,0.002532199,606.8904783,13,150,27,500,63480.27573,196.062221,8.483522633,16,40,8,10,2,4,1
718,400,639,750,580.4832093,682.9214227,0.0097676,0.004761729,665.4179929,13,100,24,400,73486.00255,205.7314348,7.40226095,16,40,6,13,3,7,2
719,500,564,650,580.5129462,682.9564073,0.007548456,0.003288064,744.621958,13,100,27,500,70374.91251,204.6924514,7.955692112,16,40,8,11,2,5,1
720,400,664,750,583.7171428,686.7260503,0.009123737,0.00365489,348.780741,13,300,27,400,57248.26663,173.4825347,7.291495369,16,40,6,12,2,5,1
721,500,548,650,584.2357782,687.3362096,0.010128977,0.004938407,604.2138156,13,100,24,400,77875.18077,219.4026143,8.00735907,22,50,7,8,2,4,1
722,500,567,650,584.6744561,687.8523013,0.009955711,0.004186444,291.0156336,10,250,27,400,62035.24545,187.9050708,7.899412077,16,40,8,14,2,6,1
723,500,517,600,586.236895,689.6904647,0.011925754,0.005246083,274.4350555,10,250,30,400,63126.76918,184.9709356,7.332101799,16,40,8,15,2,7,1
724,400,648,750,588.4318502,692.272765,0.009518027,0.004129944,330.7479827,13,300,24,400,58085.8019,175.1204049,7.29727784,22,50,5,7,2,3,1
725,500,501,600,591.4138382,695.7809861,0.012634985,0.005277758,289.5509698,10,200,30,400,64413.93303,187.5227086,7.340894643,22,50,7,9,2,4,1
726,500,629,700,591.6936422,696.1101673,0.006001101,0.002570871,439.5988534,10,150,24,500,57167.52988,183.5020507,8.440522055,22,50,7,5,1,3,1
727,400,617,700,592.0877517,696.5738255,0.008220876,0.003496645,290.1200757,10,300,30,500,48733.57477,152.6231235,6.773247447,16,40,6,10,2,5,1
728,400,714,800,592.5567024,697.1255322,0.00782317,0.003551859,402.3436191,13,250,24,400,59511.47456,182.0314938,7.766813156,16,40,6,11,2,5,1
729,400,601,700,594.5940604,699.522424,0.010943702,0.004582974,277.8764596,10,250,30,400,55841.47195,166.5990205,6.82211574,22,50,5,7,2,3,1
730,300,698,800,594.7478432,699.7033449,0.00811156,0.003999982,421.3077939,13,250,30,500,46407.96776,140.0345956,5.83724891,22,50,3,5,2,3,1
731,400,601,700,595.559843,700.6586388,0.008352096,0.003722296,306.1979174,10,250,30,500,49392.92319,153.9330582,6.777743998,22,50,5,6,2,3,1
732,500,617,700,595.6991348,700.8225115,0.008593995,0.003688278,479.6712965,10,100,24,400,70265.14198,209.346785,8.530322445,16,40,8,13,2,6,1
733,400,676,750,597.7275228,703.2088504,0.006506942,0.002833808,512.1063061,13,200,27,500,53523.50104,166.2445987,7.265653785,22,50,5,5,1,2,1
734,500,629,700,598.4891969,704.1049375,0.005993931,0.002696215,377.8469228,10,200,24,500,55401.18292,179.9795573,8.428512133,22,50,7,5,1,3,1
735,300,673,800,598.4945696,704.1112583,0.012026304,0.005500075,265.0889918,10,250,30,400,51133.80464,149.2377252,5.86998165,22,50,3,7,3,4,2
736,400,651,750,598.8021963,704.4731721,0.00931021,0.004601095,363.979464,10,150,24,400,59956.33063,178.8256992,7.310063856,22,50,5,7,2,4,1
737,400,626,700,602.1027352,708.3561591,0.007828784,0.003183356,794.6152602,13,100,30,500,62580.37973,180.2052618,6.867481519,22,50,5,5,1,3,1
738,300,689,800,603.9931504,710.5801769,0.008926028,0.004352044,598.7805535,13,150,30,500,53584.45372,154.2739518,5.886239825,16,40,4,10,3,5,2
739,500,576,650,604.0039085,710.5928335,0.007221553,0.003577564,405.7246579,13,250,24,500,58084.64104,180.2239184,7.872015526,22,50,7,6,1,3,1
740,500,517,600,604.4850676,711.158903,0.012149633,0.005733332,420.6133617,10,100,30,400,71509.64784,201.6159517,7.38929577,16,40,8,16,2,8,1
741,500,551,650,604.6048604,711.2998357,0.010123008,0.004341626,292.4830089,10,250,30,400,61649.18765,187.1416941,7.896769491,22,50,7,8,2,4,1
742,400,676,750,606.9720318,714.0847433,0.006635998,0.002897437,444.8110352,13,250,27,500,51948.63065,163.1001446,7.254956102,22,50,5,5,1,2,1
743,500,567,650,607.5911066,714.8130666,0.00783574,0.003269652,416.7595606,10,150,30,500,58601.19792,181.2441894,7.875554505,16,40,8,11,2,5,1
744,400,639,750,607.8750319,715.1470963,0.01055625,0.004275538,420.4648691,13,200,27,400,63771.39895,186.3838501,7.336139197,16,40,6,14,3,6,1
745,400,614,700,608.5299733,715.9176156,0.008132901,0.004015623,575.6389543,13,150,30,500,58642.26099,172.322977,6.840783188,16,40,6,10,2,5,1
746,500,564,650,609.095612,716.583073,0.00799261,0.003550499,407.7474069,13,250,27,500,59544.79978,183.1005161,7.882039334,16,40,8,11,2,5,1
747,400,714,800,609.7236689,717.3219634,0.006068532,0.003006102,459.206132,13,250,24,500,54406.64124,172.0047996,7.73168737,16,40,6,9,2,5,1
748,400,667,750,609.8025237,717.4147337,0.007364987,0.003426369,425.3112533,10,150,24,500,54509.16634,168.1351109,7.27255947,16,40,6,10,2,5,1
749,400,679,750,609.8436311,717.4630954,0.0067953,0.003143415,299.6416918,10,300,24,500,48878.72684,156.9666359,7.234113919,22,50,5,5,1,3,1
750,500,664,750,610.0573166,717.7144901,0.00568799,0.002400547,423.6432494,13,300,24,500,58437.00594,191.0504147,9.024140913,16,40,8,10,2,4,1
751,400,642,750,611.3797891,719.2703401,0.009782597,0.004613869,276.6640651,10,300,30,400,56794.93461,172.5195598,7.288572929,16,40,6,13,3,6,1
752,400,676,750,611.4833156,719.3921361,0.00670773,0.003274193,614.2206455,13,150,24,500,58170.11486,175.4565469,7.297395241,22,50,5,5,1,3,1
753,400,648,750,612.2354655,720.2770182,0.009459271,0.004291138,374.7805953,13,250,27,400,59611.91284,178.1520341,7.307686289,22,50,5,7,2,3,1
754,400,614,700,612.4510342,720.5306285,0.008456837,0.003812143,473.766922,13,200,30,500,55607.35729,166.2775781,6.820129294,16,40,6,11,2,5,1
755,400,679,750,612.7045042,720.8288285,0.006837357,0.003162966,566.2843682,10,100,24,500,56818.21597,172.7628593,7.288197025,22,50,5,5,1,3,1
756,500,517,600,613.2113792,721.425152,0.012661304,0.005607733,298.7981065,10,200,30,400,66489.63424,191.6060849,7.355160017,16,40,8,16,2,7,1
757,400,714,800,614.7243542,723.2051226,0.008526358,0.003417582,402.3436191,13,250,24,400,60773.95191,184.5111975,7.775500122,16,40,6,12,2,5,1
758,500,614,700,614.8762687,723.3838455,0.008690478,0.003585683,525.3928525,13,150,27,400,71731.78226,212.2694754,8.540300325,16,40,8,13,2,6,1
759,500,529,600,615.026167,723.5601965,0.008746518,0.004045661,388.8285848,10,150,30,500,57688.48827,174.3606786,7.294487909,22,50,7,6,1,3,1
760,400,648,750,617.8393681,726.8698449,0.009836202,0.004724451,674.7900774,13,100,24,400,73121.94183,204.9948207,7.399814341,22,50,5,7,2,4,1
761,400,639,750,620.4528397,729.9445173,0.010227243,0.005009507,420.4648691,13,200,27,400,64575.65894,187.963543,7.34167322,16,40,6,14,3,7,2
762,400,648,750,620.4672375,729.9614559,0.00741744,0.003106569,500.0015724,13,200,30,500,55093.69547,169.3287071,7.276458117,22,50,5,6,2,3,1
763,400,626,700,622.5626589,732.4266575,0.007632732,0.003796705,586.889227,13,150,30,500,57140.5864,169.3590912,6.830489302,22,50,5,5,1,3,1
764,500,548,650,623.2306904,733.2125769,0.010747329,0.004422184,478.5441548,13,150,30,400,71493.60389,206.6976573,7.963910901,22,50,7,8,2,4,1
765,500,548,650,623.275366,733.2651365,0.010978552,0.0048257,468.9173993,13,150,27,400,72844.95046,209.3519141,7.973209365,22,50,7,8,2,4,1
766,400,601,700,624.4531534,734.6507687,0.008903397,0.003959631,400.6027766,10,150,30,500,53825.40441,162.7156265,6.808035882,22,50,5,6,2,3,1
767,400,664,750,625.9153897,736.3710467,0.007062422,0.003374386,446.24661,13,250,30,500,53790.79726,166.7270657,7.267608463,16,40,6,10,2,5,1
768,500,629,700,630.8425332,742.1676861,0.008190685,0.003789341,291.39422,10,300,24,400,61385.42129,191.6804305,8.46983312,22,50,7,7,1,3,1
769,400,689,800,630.9374898,742.2793998,0.008792581,0.004155639,361.9125461,13,300,27,400,60551.64909,184.037221,7.774071798,16,40,6,13,3,6,1
770,400,648,750,631.041815,742.4021353,0.009866425,0.003952612,349.483156,13,300,30,400,58430.32702,175.7971064,7.299648478,22,50,5,7,2,3,1
771,400,676,750,631.0500909,742.4118717,0.007134714,0.002917067,444.8110352,13,250,27,500,53037.67966,165.2392078,7.262449726,22,50,5,5,1,2,1
772,400,667,750,631.3650975,742.7824676,0.00738532,0.003521761,369.7393989,10,200,27,500,52714.49293,164.5575111,7.260353195,16,40,6,10,2,5,1
773,400,617,700,632.4062917,744.007402,0.008889058,0.003874926,314.349609,10,250,30,500,51513.03858,158.1023964,6.79231844,16,40,6,11,2,5,1
774,400,717,800,632.6468844,744.2904522,0.006573392,0.002944354,457.1936561,10,150,24,500,55359.00838,173.872305,7.738248895,16,40,6,10,2,5,1
775,400,651,750,635.7460779,747.9365622,0.009582769,0.004315305,382.8013742,10,150,30,400,59929.56023,178.7731179,7.309879652,22,50,5,7,2,3,1
776,500,667,750,638.4854259,751.1593246,0.005827118,0.002748149,466.1564948,10,150,24,500,61181.39196,196.4767118,9.042927334,16,40,8,10,2,5,1
777,400,676,750,639.9790831,752.9165684,0.007296168,0.002944407,512.1063061,13,200,27,500,55414.04085,169.9579158,7.278662378,22,50,5,5,1,3,1
778,500,564,650,641.2674685,754.4323159,0.008399027,0.003552737,417.6552355,13,250,30,500,60440.2215,184.8592649,7.888200631,16,40,8,12,2,5,1
779,400,648,750,642.2150368,755.5471021,0.01002297,0.004663877,374.7805953,13,250,27,400,61497.88349,181.8563765,7.320663442,22,50,5,7,2,4,1
780,500,626,700,642.3184053,755.6687121,0.008186478,0.004054812,524.0342256,13,150,24,400,71663.58598,212.1211661,8.539870042,22,50,7,7,1,4,1
781,400,639,750,642.9648288,756.4292104,0.011001199,0.005015212,420.4648691,13,200,27,400,66124.07327,191.0048719,7.352327685,16,40,6,15,3,7,2
782,500,542,650,643.2588555,756.7751241,0.012154947,0.005186903,355.8153382,10,150,30,400,70654.50909,204.9187851,7.95849199,16,40,8,17,3,8,1
783,500,567,650,643.6302064,757.2120076,0.011070076,0.005046245,451.3311067,10,100,27,400,73708.39417,211.0222538,7.979220087,16,40,8,16,2,7,1
784,400,701,800,644.2697814,757.9644487,0.008801075,0.004024024,336.8784647,10,200,24,400,59707.52291,182.3518621,7.768337707,22,50,5,7,2,3,1
785,400,614,700,644.3531288,758.0625045,0.008917138,0.004192624,412.6437026,13,250,30,500,55252.96859,165.5308802,6.817828147,16,40,6,11,2,6,1
786,400,714,800,644.9612258,758.7779127,0.00689213,0.002849544,459.206132,13,250,24,500,55886.87649,174.912214,7.741872703,16,40,6,10,2,4,1
787,500,617,700,646.3728698,760.4386704,0.009147786,0.004002903,491.1310279,10,100,27,400,72346.77501,213.4354391,8.544645928,16,40,8,14,2,6,1
788,500,626,700,646.7066293,760.8313286,0.006915898,0.002771438,503.2616222,13,200,24,500,61979.18494,193.009725,8.473476314,22,50,7,6,1,3,1
789,500,617,700,648.8525903,763.3559886,0.009547491,0.004244655,479.6712965,10,100,24,400,73884.37482,216.4555266,8.555225981,16,40,8,15,2,7,1
790,500,598,700,650.7710188,765.6129633,0.00922695,0.004187344,670.4496519,13,100,27,400,80003.46048,228.6815029,8.596768683,22,50,7,8,2,4,1
791,500,664,750,651.3186024,766.2571792,0.007779123,0.003625009,555.8446099,13,150,24,400,74561.53955,222.9172004,9.134561082,16,40,8,13,2,6,1
792,400,648,750,651.8425932,766.873639,0.010361124,0.004653993,426.3869095,13,200,27,400,64138.71496,187.0945456,7.338695883,22,50,5,8,2,4,1
793,400,689,800,652.1261126,767.2071913,0.00960096,0.004534245,534.5800335,13,150,24,400,70317.6491,203.4058727,7.840763965,16,40,6,14,3,7,2
794,500,614,700,653.0737295,768.3220347,0.009350713,0.004539138,513.9888411,13,150,24,400,75581.06398,219.8300691,8.566786802,16,40,8,14,2,7,1
795,400,714,800,653.1365556,768.3959477,0.006744399,0.002836689,659.3569154,13,150,27,500,61309.85974,185.71316,7.778782375,16,40,6,10,2,4,1
796,400,642,750,653.7475726,769.1147913,0.011005449,0.005379202,469.3318653,10,100,27,400,68900.32705,196.5067691,7.371298092,16,40,6,15,3,7,2
797,500,579,650,655.8758163,771.6186074,0.007773838,0.003400109,368.7366767,10,200,30,500,56991.94988,178.0244209,7.864641415,22,50,7,6,1,3,1
798,500,564,650,656.6577459,772.5385246,0.008690096,0.003640282,567.3772582,13,150,30,500,66771.30387,197.4366797,7.931378315,16,40,8,12,2,5,1
799,400,651,750,656.8642075,772.7814206,0.008157992,0.00354686,322.5230227,10,250,27,500,52368.20693,163.8407047,7.258069878,22,50,5,6,2,3,1
800,400,648,750,657.7616878,773.8372798,0.007770828,0.003574227,822.5410362,13,100,30,500,66645.78015,192.2746223,7.355252598,22,50,5,6,2,3,1
801,400,601,700,657.8156838,773.9008044,0.012009846,0.005781143,306.1979174,10,200,30,400,61180.76786,177.1149158,6.858777016,22,50,5,8,2,4,1
802,400,717,800,657.8364599,773.9252469,0.006723069,0.002951621,306.9528822,10,350,27,500,50823.42197,164.8374498,7.70738261,16,40,6,10,2,5,1
803,500,601,700,658.425214,774.6178988,0.00982342,0.004460225,325.6252058,10,200,24,400,67516.04372,203.7750462,8.511873133,22,50,7,8,2,4,1
804,400,667,750,658.7110081,774.9541272,0.007993347,0.003516835,435.2219708,10,150,27,500,55999.31774,171.0620023,7.282813035,16,40,6,11,2,5,1
805,500,601,700,658.7370741,774.9847931,0.009522035,0.004138268,308.4663065,10,250,27,400,64827.53676,198.46253,8.493460286,22,50,7,8,2,4,1
806,500,579,650,658.9153123,775.194485,0.008284623,0.003381624,324.4594268,10,250,27,500,56927.9179,177.868379,7.864282963,22,50,7,6,1,3,1
807,400,676,750,659.1193196,775.4344937,0.00715706,0.003452396,512.1063061,13,200,27,500,56189.0617,171.4801784,7.283995209,22,50,5,5,1,3,1
808,500,667,750,659.5465551,775.9371237,0.006346027,0.002592124,361.3843798,10,250,24,500,58537.59278,191.1912503,9.024986981,16,40,8,11,2,5,1
809,400,651,750,659.7777826,776.209156,0.010408132,0.004273727,280.5425333,10,300,30,400,57610.66151,174.1175266,7.294197384,22,50,5,8,2,3,1
810,500,679,750,659.8587706,776.304436,0.005807423,0.002419905,407.8824493,10,200,24,500,58176.63808,190.5106396,9.022426336,22,50,7,5,1,3,1
811,400,698,800,660.2617776,776.7785618,0.006849065,0.003010313,644.5814103,13,150,27,500,60881.42273,184.8572814,7.775873316,22,50,5,6,2,3,1
812,500,576,650,661.0379554,777.6917123,0.007536582,0.003722063,426.5415172,13,250,30,500,59112.95561,182.2436897,7.879091244,22,50,7,6,1,3,1
813,400,648,750,661.9994423,778.8228732,0.008260264,0.003603257,383.3816477,13,300,27,500,54491.94903,168.0615136,7.27254894,22,50,5,6,2,3,1
814,400,679,750,662.0710477,778.9071149,0.00725923,0.003403892,336.3949806,10,250,27,500,51188.41389,161.523406,7.249951854,22,50,5,5,1,3,1
815,500,579,650,664.2896329,781.5172152,0.008122267,0.003272081,368.7366767,10,200,30,500,57487.72507,178.9982012,7.868052789,22,50,7,6,1,3,1
816,400,651,750,667.7850789,785.6295046,0.010441001,0.004473151,300.9943015,10,250,30,400,58861.60764,176.5947633,7.302750241,22,50,5,8,2,4,1
817,500,614,700,667.8601082,785.7177743,0.007332249,0.00326845,403.1464138,13,300,27,500,60510.97628,190.0433564,8.463597802,16,40,8,11,2,5,1
818,500,626,700,667.9098947,785.7763468,0.008755436,0.003681322,402.7164555,13,250,27,400,66581.90753,201.9963408,8.505293264,22,50,7,7,1,3,1
819,500,551,650,668.8171571,786.8437143,0.01180579,0.004895439,448.2745886,10,100,30,400,73465.44812,210.5323231,7.97758299,22,50,7,9,2,4,1
820,400,726,800,669.7176097,787.9030702,0.0064489,0.002691238,395.1138521,13,350,27,500,52177.87102,167.5569807,7.716541839,22,50,5,5,1,2,1
821,400,648,750,670.0381704,788.2802005,0.01045392,0.004531557,383.8873654,13,250,30,400,62099.31895,183.0376902,7.324801852,22,50,5,8,2,4,1
822,500,576,650,670.9828965,789.3916429,0.007782496,0.003730696,483.8818663,13,200,30,500,61662.27046,187.3021057,7.89649397,22,50,7,6,1,3,1
823,400,701,800,671.3660141,789.8423695,0.008922752,0.004056888,402.3507874,10,150,27,400,62099.3453,187.1028874,7.784651456,22,50,5,7,2,3,1
824,500,598,700,672.0262293,790.6190933,0.009897897,0.004790888,659.3428134,13,100,24,400,82964.39581,234.4972447,8.617142548,22,50,7,8,2,4,1
825,400,729,800,675.3548842,794.5351579,0.006404487,0.003152027,464.8454328,10,150,24,500,55473.00152,174.0877078,7.739056327,22,50,5,5,1,3,1
826,500,614,700,678.5481528,798.2919445,0.007427171,0.003053585,617.6766606,13,150,30,500,67449.04414,203.8575053,8.510831284,16,40,8,12,2,5,1
827,500,614,700,678.558493,798.3041094,0.007144637,0.003312996,515.8046283,13,200,30,500,63781.79804,196.561111,8.485850667,16,40,8,11,2,5,1
828,400,726,800,679.9215877,799.9077503,0.006642466,0.002685251,477.7112597,13,250,27,500,54982.72143,173.1276949,7.735674694,22,50,5,5,1,2,1
829,500,567,650,682.0666009,802.4312952,0.008862318,0.004055063,528.0897503,10,100,30,500,66661.78752,197.181612,7.930733176,16,40,8,13,2,6,1
830,500,667,750,682.358196,802.7743483,0.008509797,0.003679161,518.5425523,10,100,24,400,75025.70708,223.7849015,9.13787435,16,40,8,14,2,6,1
831,400,651,750,683.3492416,803.9402843,0.011341705,0.004678896,373.6524431,10,150,27,400,64224.08633,187.2082415,7.339429805,22,50,5,8,2,4,1
832,500,651,750,683.8097728,804.4820856,0.008208152,0.004048943,322.0378369,10,250,24,400,66178.76476,206.1946132,9.077578865,22,50,7,8,2,4,1
833,400,651,750,684.7816027,805.625415,0.010852861,0.004593865,300.9943015,10,250,30,400,59939.16913,178.7112632,7.310164821,22,50,5,8,2,4,1
834,500,564,650,685.7716151,806.7901354,0.008892666,0.004150833,473.8009941,13,200,30,500,64895.42202,193.6632939,7.918711698,16,40,8,13,2,6,1
835,500,548,650,685.7811443,806.8013462,0.011525017,0.005678715,624.0187442,13,100,30,400,82423.4212,228.3360727,8.038655003,22,50,7,9,2,5,1
836,400,664,750,686.2769964,807.3847017,0.007865053,0.003909249,512.3472902,13,200,30,500,58614.05915,176.254025,7.300652119,16,40,6,11,2,6,1
837,500,617,700,686.9943193,808.2286109,0.009857488,0.004430288,316.6783878,10,250,27,400,67378.03502,203.4772077,8.510996144,16,40,8,15,2,7,1
838,500,664,750,687.4264401,808.7369884,0.006424641,0.003023236,643.9788502,13,150,24,500,69515.10806,213.0052166,9.099837152,16,40,8,11,2,5,1
839,400,698,800,687.5963882,808.9369273,0.007078146,0.003311061,459.287134,13,250,27,500,56473.76721,176.0563429,7.745934413,22,50,5,6,2,3,1
840,400,701,800,689.8231809,811.5566834,0.009538287,0.00396353,347.2943762,10,200,27,400,61181.89199,185.2477545,7.778482676,22,50,5,8,2,3,1
841,500,717,800,690.3530645,812.1800758,0.005620696,0.00236552,501.1007598,10,150,24,500,63617.33669,206.3435978,9.634498198,16,40,8,10,2,5,1
842,500,576,650,693.6026313,816.0030956,0.008529088,0.003581068,770.5836118,13,100,30,500,72896.64388,209.6239862,7.973102315,22,50,7,7,1,3,1
843,500,617,700,693.9018142,816.3550756,0.007574704,0.003200763,574.6585114,10,100,30,500,66653.26089,202.2524835,8.505469495,16,40,8,12,2,5,1
844,500,614,700,694.7896705,817.3996124,0.007808707,0.003354145,810.6345429,13,100,27,500,76300.28433,221.4294251,8.57122909,16,40,8,12,2,6,1
845,400,698,800,694.8111901,817.4249296,0.009776045,0.004456491,356.2686603,13,300,24,400,63422.15826,189.6681712,7.793842934,22,50,5,8,2,4,1
846,400,651,750,694.8140669,817.428314,0.008218171,0.003946167,561.7543457,10,100,30,500,60326.41574,179.6535145,7.312336555,22,50,5,6,2,3,1
847,400,642,750,696.8202156,819.788489,0.011706797,0.005508479,296.83309,10,250,30,400,63233.23704,185.1864284,7.332817099,16,40,6,16,3,8,2
848,500,548,650,698.5965251,821.8782648,0.012113262,0.005619426,362.1644832,13,250,30,400,71671.34745,206.9103431,7.965504132,22,50,7,9,2,5,1
849,500,617,700,700.0113929,823.5428152,0.007383302,0.003502082,332.3631779,10,300,30,500,58367.41622,185.7568436,8.449055036,16,40,8,12,2,6,1
850,500,629,700,700.5484149,824.1746058,0.007006944,0.002961896,462.3311528,10,150,30,500,60581.00617,190.2066541,8.464009803,22,50,7,6,1,3,1
851,500,548,650,701.0395636,824.7524278,0.01263984,0.005258785,405.8068601,13,200,30,400,74004.32559,211.5438399,7.981418269,22,50,7,10,2,4,1
852,500,676,750,701.1927229,824.9326152,0.008178744,0.003325071,565.8899944,13,150,24,400,74799.28742,223.3698135,9.136235967,22,50,7,7,1,3,1
853,400,717,800,703.439833,827.5762741,0.007304703,0.003618509,597.9762769,10,100,24,500,62765.66102,188.5306038,7.788913487,16,40,6,11,2,6,1
854,400,648,750,703.8527542,828.0620638,0.010879246,0.005120171,435.4936796,13,200,30,400,66121.07911,190.9882201,7.352336309,22,50,5,8,2,4,1
855,400,651,750,703.8853585,828.1004217,0.008680265,0.003721172,561.7543457,10,100,30,500,60806.14108,180.5957704,7.315637492,22,50,5,6,2,3,1
856,400,714,800,706.600074,831.2942047,0.007258806,0.003025706,906.3183639,13,100,30,500,70095.01153,203.1552718,7.838725434,16,40,6,11,2,5,1
857,400,692,800,707.5167549,832.3726528,0.010678765,0.004460254,397.1850855,10,150,27,400,66709.35349,196.166165,7.816349348,16,40,6,15,3,7,2
858,400,667,750,707.5653993,832.4298816,0.00869765,0.003521598,379.1131885,10,200,30,500,55434.66452,169.9003552,7.279070391,16,40,6,12,2,5,1
859,400,717,800,712.9089442,838.716405,0.007203253,0.003537291,608.6299267,10,100,27,500,62358.59592,187.731064,7.786112518,16,40,6,11,2,5,1
860,400,648,750,714.4852299,840.5708587,0.008591553,0.004071068,822.5410362,13,100,30,500,69299.33603,197.4866227,7.373511419,22,50,5,6,2,3,1
861,400,642,750,715.9627908,842.3091657,0.011951554,0.005896617,276.6640651,10,300,30,400,63682.24457,186.0473179,7.335963738,16,40,6,16,3,8,2
862,500,601,700,718.9731458,845.8507597,0.010253357,0.004536789,319.0241168,10,250,30,400,67465.59053,203.6440818,8.511612438,22,50,7,9,2,4,1
863,500,614,700,719.3887454,846.3397004,0.007643481,0.003648921,515.8046283,13,200,30,500,65773.04543,200.4722335,8.499552217,16,40,8,12,2,6,1
864,500,714,800,719.511968,846.4846683,0.005668228,0.002749548,455.5440965,13,300,24,500,63268.793,205.6214647,9.632201767,16,40,8,10,2,5,1
865,500,664,750,719.6782228,846.6802622,0.009104761,0.003976048,555.8446099,13,150,24,400,78886.76217,231.4126168,9.164322455,16,40,8,15,2,7,1
866,500,614,700,719.6990889,846.7048104,0.010122868,0.005049334,688.3881042,13,100,27,400,85864.1474,240.2143538,8.637036961,16,40,8,16,2,8,1
867,500,617,700,720.3276257,847.4442655,0.010090048,0.004571637,405.051778,10,150,30,400,71694.04087,212.0428968,8.540454293,16,40,8,16,2,7,1
868,500,676,750,721.1310508,848.3894716,0.007996806,0.003881403,565.8899944,13,150,24,400,75782.54506,225.3010858,9.143001652,22,50,7,7,1,4,1
869,400,701,800,722.0769518,849.5022962,0.00750423,0.003560265,595.0482268,10,100,27,500,62037.0544,187.0867594,7.783934614,22,50,5,6,2,3,1
870,400,689,800,724.6284753,852.5040886,0.010937055,0.004689015,544.8176411,13,150,27,400,73510.2058,209.6765553,7.86273159,16,40,6,16,3,7,2
871,400,714,800,725.1053455,853.0651123,0.007775731,0.00316931,422.4297785,13,300,27,500,57112.4482,177.2820905,7.750407042,16,40,6,11,2,5,1
872,400,701,800,726.9091145,855.1871935,0.009956178,0.00453145,314.2605294,10,250,27,400,62096.61212,187.0125421,7.78486323,22,50,5,8,2,4,1
873,500,676,750,727.2186134,855.5513098,0.006534531,0.002834138,476.1629666,13,250,24,500,63356.92755,200.7444305,9.057911535,22,50,7,6,1,3,1
874,400,698,800,727.7737968,856.2044669,0.010178747,0.004349733,459.287134,13,200,27,400,67537.33829,197.8407878,7.821915476,22,50,5,8,2,4,1
875,500,667,750,727.8696535,856.3172394,0.007037246,0.003123753,466.1564948,10,150,24,500,65290.4927,204.5476309,9.071201596,16,40,8,12,2,6,1
876,500,701,800,728.1008809,856.5892717,0.007967668,0.003221863,324.7493612,10,300,24,400,66994.67629,212.8518821,9.658077401,22,50,7,8,2,3,1
877,500,598,700,728.2929804,856.8152711,0.010498282,0.005162981,432.3279244,13,200,27,400,74804.20039,218.2000691,8.561723809,22,50,7,9,2,5,1
878,500,548,650,729.6490865,858.41069,0.012537528,0.006247053,478.5441548,13,150,30,400,79190.01186,221.814611,8.016869022,22,50,7,10,2,5,1
879,400,651,750,729.6727509,858.4385304,0.011636822,0.005206521,280.5425333,10,300,30,400,61984.0083,182.7074664,7.324289893,22,50,5,8,2,4,1
880,400,692,800,729.9994696,858.8229055,0.010851472,0.004375811,352.5606636,10,200,30,400,64761.85509,192.2857374,7.803098707,16,40,6,16,3,7,2
881,500,648,750,732.044089,861.22834,0.00905506,0.003894567,726.5073151,13,100,27,400,84481.34534,242.5753849,9.202345666,22,50,7,8,2,4,1
882,500,664,750,733.1562665,862.5367842,0.009134981,0.004275217,414.8298254,13,250,24,400,73679.27235,221.0277531,9.128915053,16,40,8,15,2,7,1
883,400,698,800,734.4182971,864.021526,0.010492196,0.004221509,551.9342722,13,150,27,400,71412.3221,205.5416213,7.848335255,22,50,5,8,2,4,1
884,500,614,700,735.4353303,865.2180356,0.010673274,0.004414066,454.6814089,13,200,30,400,74825.45269,218.2525828,8.561840818,16,40,8,16,2,7,1
885,500,667,750,736.0554451,865.9475825,0.009174129,0.003778056,426.1588341,10,150,27,400,72523.27842,218.7539577,9.120969585,16,40,8,15,2,7,1
886,400,698,800,736.4367015,866.3961194,0.010413689,0.004355125,403.6988511,13,250,27,400,65974.81762,194.7178977,7.811310077,22,50,5,8,2,4,1
887,500,717,800,737.8712734,868.083851,0.00582352,0.00288199,501.1007598,10,150,24,500,65620.96196,210.2790325,9.64828492,16,40,8,11,2,6,1
888,400,648,750,738.8238945,869.2045817,0.009255993,0.004003812,607.514727,13,150,30,500,63903.04947,186.7169306,7.336842922,22,50,5,7,2,3,1
889,400,664,750,741.7382063,872.6331838,0.008962242,0.004074832,622.5150906,13,150,30,500,64658.48591,188.2150875,7.342002027,16,40,6,12,2,6,1
890,400,698,800,742.2577068,873.244361,0.008090693,0.003415359,459.287134,13,250,27,500,58896.63322,180.8152322,7.762605883,22,50,5,6,2,3,1
891,500,714,800,742.7858154,873.8656651,0.006192303,0.002581897,692.4712335,13,150,24,500,72176.28324,223.3218198,9.692937914,16,40,8,11,2,5,1
892,400,714,800,744.1566308,875.4783892,0.007457545,0.003542598,906.3183639,13,100,30,500,71683.07622,206.2744802,7.84965273,16,40,6,11,2,5,1
893,500,714,800,744.4432021,875.8155319,0.007709708,0.00372697,597.7003787,13,150,24,400,79561.70442,237.8279467,9.74375617,16,40,8,14,2,7,1
894,400,648,750,746.7661231,878.5483801,0.011582688,0.005754367,349.483156,13,300,30,400,65515.55842,189.7136133,7.348401162,22,50,5,8,2,4,1
895,500,648,750,747.6264131,879.560486,0.009753818,0.004206507,714.4718112,13,100,24,400,87025.75754,247.5730099,9.219853482,22,50,7,9,2,4,1
896,500,642,750,749.404581,881.6524482,0.010393409,0.004164676,410.1858643,10,150,27,400,75270.68467,224.1502949,9.13987418,16,40,8,17,3,7,1
897,400,648,750,749.6812443,881.9779345,0.009131376,0.004367125,822.5410362,13,100,30,500,70982.78538,200.7931816,7.385095045,22,50,5,7,2,3,1
898,500,614,700,750.1007141,882.4714284,0.008090623,0.003845664,454.6814089,13,250,30,500,65141.71181,199.1761869,8.495360057,16,40,8,13,2,6,1
899,400,714,800,750.102613,882.4736624,0.007887891,0.003574381,540.8933469,13,200,27,500,61872.32911,186.7245911,7.782905956,16,40,6,11,2,5,1
900,500,679,750,750.4897232,882.9290861,0.006775087,0.002967158,367.8860478,10,250,24,500,60878.12929,195.7833329,9.041105786,22,50,7,6,1,3,1
901,500,589,700,754.2274661,887.3264307,0.011567647,0.005693235,436.1683222,13,200,30,400,78333.73743,225.1434048,8.585980932,16,40,8,18,3,9,2
902,500,679,750,755.0895461,888.3406425,0.006749178,0.003068055,367.8860478,10,250,24,500,61075.94062,196.1718654,9.042466903,22,50,7,6,1,3,1
903,400,698,800,755.1638939,888.4281104,0.009803247,0.004800637,561.7437252,13,150,30,400,71174.0781,205.0736726,7.846695925,22,50,5,8,2,4,1
904,400,698,800,759.3981873,893.4096321,0.007987756,0.003857171,412.9635649,13,300,27,500,58242.51961,179.4945476,7.758202421,22,50,5,6,2,3,1
905,500,629,700,759.6530024,893.7094146,0.007912144,0.003203693,585.835014,10,100,30,500,67494.13252,203.8913408,8.511290026,22,50,7,7,1,3,1
906,400,714,800,763.5771071,898.3260084,0.007890128,0.003848352,469.8152058,13,250,27,500,60318.01286,183.6156616,7.772362856,16,40,6,11,2,6,1
907,400,689,800,764.0733911,898.9098719,0.008793965,0.003575372,463.0480637,13,250,30,500,60756.85805,184.4776225,7.775382501,16,40,6,13,3,5,1
908,400,698,800,766.4283583,901.6804215,0.007882705,0.003707976,469.096587,13,250,30,500,59080.22467,181.1758346,7.763869155,22,50,5,6,2,3,1
909,400,701,800,766.4570289,901.7141517,0.008063941,0.003901984,595.0482268,10,100,27,500,64001.00839,190.9442734,7.797448361,22,50,5,6,2,3,1
910,400,714,800,766.6557149,901.9478999,0.00822779,0.003543561,659.3569154,13,150,27,500,66170.29986,195.2598276,7.812226519,16,40,6,12,2,5,1
911,400,714,800,766.7808351,902.0951001,0.00799983,0.003799784,659.3569154,13,150,27,500,66233.01716,195.3830142,7.81265807,16,40,6,12,2,6,1
912,500,717,800,769.6334314,905.4510958,0.006292946,0.002902744,360.318139,10,300,24,500,62300.69455,203.6364138,9.625767109,16,40,8,11,2,6,1
913,500,676,750,771.2815729,907.3900857,0.006961013,0.003159081,655.6170222,13,150,24,500,71165.27721,216.2320468,9.111230749,22,50,7,6,1,3,1
914,400,698,800,771.3899063,907.5175368,0.008151952,0.003940813,528.7724876,13,200,27,500,62253.33655,187.4621787,7.785556852,22,50,5,7,2,3,1
915,500,698,800,773.4516194,909.9430816,0.00837974,0.003752005,436.0711116,13,250,24,400,74067.16455,226.8634744,9.706416475,22,50,7,8,2,4,1
916,500,626,700,777.623179,914.8507989,0.008216068,0.003287735,629.7485171,13,150,30,500,69870.00927,208.5982999,8.527528642,22,50,7,7,1,3,1
917,500,589,700,780.2455252,917.9359121,0.012189496,0.00590958,436.1683222,13,200,30,400,80251.74554,228.9106739,8.599178532,16,40,8,19,3,9,2
918,500,589,700,780.7052644,918.4767816,0.012635792,0.005506498,436.1683222,13,200,30,400,80350.63216,229.1049028,8.599858959,16,40,8,19,3,9,2
919,400,689,800,782.4246777,920.4996208,0.0114941,0.005224417,554.5006112,13,150,30,400,75849.58349,214.2714604,7.878828586,16,40,6,17,3,8,2
920,400,717,800,782.8283012,920.974472,0.008289607,0.003428613,337.1411577,10,300,30,500,55987.96455,174.9972037,7.742876427,16,40,6,12,2,5,1
921,500,692,800,784.477824,922.9150871,0.009532687,0.003872762,320.5799686,10,300,24,400,72725.16094,224.1117026,9.697496695,16,40,8,17,3,7,1
922,500,651,750,785.0239147,923.5575467,0.009907326,0.004950195,506.1037504,10,100,24,400,80523.96567,234.5715982,9.175741839,22,50,7,9,2,5,1
923,500,714,800,788.281159,927.3895988,0.008738062,0.003630822,787.2420883,13,100,24,400,90066.34941,258.6653644,9.81548216,16,40,8,16,2,7,1
924,500,676,750,789.0759606,928.3246595,0.007076116,0.003346765,543.4582374,13,200,24,500,68313.65434,210.536767,9.09186478,22,50,7,7,1,3,1
925,400,698,800,789.4790477,928.7988796,0.010893925,0.005309872,737.2285485,13,100,27,400,81591.22772,225.7141039,7.917888063,22,50,5,9,2,4,1
926,500,617,700,792.224261,932.0285424,0.008915614,0.003884074,453.5108446,10,150,30,500,67230.75032,203.2762934,8.50974289,16,40,8,14,2,6,1
927,400,648,750,792.5941196,932.4636701,0.01264743,0.00620652,521.5042033,13,150,30,400,75169.56705,208.8461401,7.414366568,22,50,5,9,2,5,1
928,500,589,700,793.6252451,933.6767589,0.012444413,0.006079316,670.706278,13,100,30,400,92059.73022,252.3834513,8.679668073,16,40,8,19,3,10,2
929,500,629,700,795.2084357,935.5393362,0.007887156,0.003864721,462.3311528,10,150,30,500,64938.15081,198.7647703,8.493990828,22,50,7,7,1,4,1
930,400,689,800,799.8172641,940.9614872,0.012099769,0.005102345,408.1765352,13,250,30,400,71105.82371,204.804616,7.846592575,16,40,6,17,3,8,2
931,500,639,750,800.5002794,941.7650346,0.010602925,0.005300003,411.0795767,13,250,27,400,78565.04709,230.6241818,9.162533522,16,40,8,18,3,9,2
932,500,614,700,803.4271234,945.2083804,0.008920674,0.004146937,454.6814089,13,250,30,500,67840.35893,204.4767536,8.513929146,16,40,8,14,2,7,1
933,500,642,750,803.5505583,945.353598,0.010270309,0.005124789,340.7878252,10,250,30,400,73774.19931,221.1183379,9.129828365,16,40,8,17,3,9,2
934,500,717,800,804.4058907,946.3598714,0.008535067,0.004209405,354.6868342,10,250,24,400,73123.12476,224.9175845,9.700169324,16,40,8,15,2,8,1
935,500,648,750,806.6699306,949.0234478,0.010304972,0.004513084,468.4757441,13,200,27,400,78244.61827,230.0427395,9.160198631,22,50,7,9,2,4,1
936,500,651,750,808.3227589,950.9679517,0.010374399,0.004476033,313.6772926,10,300,27,400,71874.51081,217.3596463,9.116831183,22,50,7,9,2,4,1
937,500,614,700,809.1272717,951.9144373,0.008915333,0.004271175,515.8046283,13,200,30,500,70291.2277,209.346653,8.530641324,16,40,8,14,2,7,1
938,500,717,800,811.4245276,954.6170913,0.006719773,0.00312404,430.7094494,10,200,24,500,66448.91248,211.8447112,9.654146243,16,40,8,12,2,6,1
939,400,689,800,812.3310077,955.6835385,0.009147293,0.004276076,874.5845276,13,100,30,500,76017.49118,214.7879518,7.879477354,16,40,6,13,3,6,1
940,500,614,700,816.3525514,960.4147663,0.009002615,0.004337868,413.932596,13,300,30,500,67046.431,202.8800156,8.508567534,16,40,8,14,2,7,1
941,400,698,800,823.0650414,968.3118134,0.008632798,0.004106021,422.7730179,13,300,30,500,60181.7127,183.3034273,7.771545791,22,50,5,7,2,4,1
942,400,698,800,824.0481886,969.4684571,0.011318576,0.005223142,413.5083041,13,250,30,400,69820.92639,202.2722592,7.837774721,22,50,5,9,2,4,1
943,500,639,750,824.9789561,970.5634777,0.011220516,0.005367856,461.9691366,13,200,27,400,82538.12029,238.4866224,9.189712511,16,40,8,19,3,9,2
944,400,701,800,826.3868288,972.2197986,0.011092894,0.005477168,324.1121434,10,250,30,400,66633.62684,195.9239514,7.816081921,22,50,5,9,2,5,1
945,500,651,750,828.1568877,974.3022208,0.009956357,0.0047302,529.6311382,10,100,30,400,80091.57424,233.7223135,9.172766602,22,50,7,9,2,5,1
946,500,692,800,828.6917976,974.9315266,0.009561334,0.004334189,333.4326981,10,300,27,400,74042.68734,226.6995313,9.706562446,16,40,8,17,3,8,1
947,500,689,800,829.7560547,976.1835937,0.010051914,0.004416174,485.3199467,13,200,24,400,82605.88204,243.7048666,9.764980464,16,40,8,18,3,8,1
948,500,626,700,830.7760128,977.3835444,0.008325,0.004161279,463.5676905,13,250,30,500,66702.3428,202.2328945,8.506121965,22,50,7,7,1,4,1
949,500,692,800,832.2625639,979.1324282,0.009888416,0.004069462,355.1725193,10,250,27,400,75147.46129,228.8936993,9.714098557,16,40,8,18,3,8,1
950,400,701,800,832.9609622,979.9540732,0.01192588,0.004874231,286.3591757,10,350,30,400,65725.60993,194.1040449,7.809932778,22,50,5,9,2,4,1
951,400,698,800,833.9483194,981.1156699,0.011670122,0.005162861,561.7437252,13,150,30,400,76009.85198,214.5718918,7.879970343,22,50,5,9,2,4,1
952,500,598,700,834.1232746,981.3214996,0.012185614,0.005980164,680.954761,13,100,30,400,91042.24996,250.3634186,8.672725358,22,50,7,10,2,5,1
953,500,698,800,835.5572645,983.0085465,0.009023681,0.003892621,449.035281,13,250,27,400,76194.66975,231.0422287,9.7210556,22,50,7,9,2,4,1
954,500,701,800,846.787001,996.2200012,0.009223203,0.003941684,392.8256618,10,200,27,400,74634.97036,227.917041,9.710490884,22,50,7,9,2,4,1
955,500,601,700,849.4257564,999.3244193,0.012676301,0.005959522,394.5480041,10,150,30,400,79733.0023,227.8241816,8.595792544,22,50,7,11,2,5,1
956,500,701,800,850.0135898,1000.015988,0.009205108,0.00402258,337.7692505,10,300,27,400,72545.36335,223.7543031,9.696271057,22,50,7,9,2,4,1
957,500,692,800,853.877736,1004.562042,0.010222436,0.004221387,333.4326981,10,300,27,400,75516.74875,229.5948194,9.716705298,16,40,8,18,3,8,1
958,500,701,800,865.3238452,1018.028053,0.009626334,0.003941975,557.9948955,10,100,27,400,82515.55408,243.5710096,9.764240726,22,50,7,9,2,4,1
959,500,642,750,865.7089312,1018.481096,0.011403087,0.005652899,371.0413625,10,200,30,400,79260.78788,231.9295936,9.167486716,16,40,8,19,3,10,2
960,500,651,750,877.1983202,1031.998024,0.011311836,0.004670653,345.5652246,10,250,30,400,75600.78749,224.7009452,9.142410748,22,50,7,10,2,4,1
961,500,664,750,877.199058,1031.998892,0.008097641,0.004027209,557.8082625,13,200,30,500,72634.9865,219.0353127,9.121570157,16,40,8,14,2,7,1
962,500,726,800,878.8061466,1033.889584,0.006818377,0.003277367,463.2002998,13,300,24,500,68116.10361,215.1351633,9.665575053,22,50,7,7,1,4,1
963,500,676,750,891.228963,1048.504662,0.00816275,0.003634408,892.4901482,13,100,27,500,82863.3224,239.3973337,9.191212231,22,50,7,7,1,4,1
964,500,664,750,892.7060053,1050.242359,0.008389382,0.004022725,667.9760629,13,150,30,500,77161.75423,228.0244303,9.152452868,16,40,8,14,2,7,1
965,500,651,750,900.6477661,1059.585607,0.011110587,0.005391952,529.6311382,10,100,30,400,84684.44013,242.7434232,9.204369598,22,50,7,10,2,5,1
966,500,698,800,900.7447279,1059.69968,0.010085777,0.004859756,436.0711116,13,250,24,400,81697.39604,241.8504471,9.758919243,22,50,7,10,2,5,1
967,500,692,800,903.0503201,1062.412141,0.010988505,0.004573016,333.4326981,10,300,27,400,78521.58937,235.4967982,9.73738127,16,40,8,20,3,8,1
968,500,714,800,903.1479241,1062.526969,0.007366395,0.00322201,447.5015944,13,350,30,500,68158.62154,215.1966207,9.665927458,16,40,8,13,2,6,1
969,500,651,750,905.9509362,1065.824631,0.009074655,0.003812082,606.3252689,10,100,30,500,75539.58496,224.7814918,9.141444873,22,50,7,8,2,4,1
970,500,651,750,906.086745,1065.984406,0.008607715,0.00425254,414.5899422,10,200,30,500,68998.96507,211.7673891,9.096893556,22,50,7,8,2,4,1
971,500,676,750,908.337137,1068.631926,0.007958847,0.003719717,567.8891347,13,200,30,500,71611.40385,217.0140649,9.114556225,22,50,7,7,1,4,1
972,500,651,750,909.4208669,1069.906902,0.011456989,0.005302194,427.3722973,10,150,30,400,81017.76318,235.4299618,9.179442242,22,50,7,10,2,5,1
973,500,726,800,911.0544162,1071.828725,0.006793249,0.003384206,597.1390747,13,200,27,500,72167.047,223.1905848,9.693181235,22,50,7,7,1,4,1
974,500,698,800,911.6213455,1072.495701,0.007668943,0.003566559,921.5356856,13,100,27,500,85390.51301,249.4597459,9.783366706,22,50,7,8,2,4,1
975,500,676,750,912.4651987,1073.488469,0.007961296,0.003782029,455.73035,13,300,30,500,68134.66415,210.0909575,9.090888897,22,50,7,7,1,4,1
976,500,667,750,927.7362002,1091.454353,0.008817692,0.004219893,359.2969849,10,300,30,500,68264.4009,210.2730725,9.091978892,16,40,8,15,2,7,1
977,500,667,750,929.7787501,1093.857353,0.009236019,0.003791141,424.7795568,10,200,30,500,70477.47333,214.6777847,9.107049712,16,40,8,15,2,7,1
978,500,717,800,932.4299748,1096.976441,0.007949683,0.003403277,373.6352012,10,300,27,500,68309.86544,215.439369,9.667115541,16,40,8,14,2,6,1
979,500,648,750,936.3636059,1101.604242,0.012333549,0.005169646,393.8486831,13,300,30,400,81357.58265,236.0628456,9.181874319,22,50,7,11,2,5,1
980,500,689,800,938.3443419,1103.93452,0.010950139,0.004857719,455.3491404,13,250,30,400,83816.48856,246.0212942,9.773477101,16,40,8,20,3,9,2
981,500,692,800,941.4889799,1107.634094,0.011145899,0.00475239,399.9386648,10,200,30,400,81769.80742,241.9373545,9.759567606,16,40,8,20,3,9,2
982,500,698,800,946.9160017,1114.018826,0.01079329,0.004556336,411.9764257,13,300,27,400,81264.9947,240.96165,9.7560511,22,50,7,10,2,5,1
983,500,714,800,947.731504,1114.97824,0.007834899,0.003796139,516.1908662,13,250,27,500,73765.78875,226.2801417,9.704319361,16,40,8,14,2,7,1
984,500,692,800,950.4973582,1118.232186,0.011414181,0.004668752,562.9873236,10,100,30,400,89294.73496,256.8991319,9.810852923,16,40,8,20,3,9,2
985,500,698,800,951.0692732,1118.905027,0.008089968,0.003790919,921.5356856,13,100,27,500,87140.62271,252.8972362,9.795409015,22,50,7,8,2,4,1
986,500,717,800,953.8448696,1122.170435,0.007675453,0.003694788,366.1189889,10,350,30,500,67688.6197,214.2018459,9.662887758,16,40,8,14,2,7,1
987,500,701,800,954.0319073,1122.390479,0.007730373,0.003767868,652.8940299,10,100,30,500,76877.9629,232.4978954,9.725449092,22,50,7,8,2,4,1
988,500,714,800,954.3914179,1122.813433,0.007906866,0.003829915,705.7325758,13,150,27,500,80394.1556,239.4630115,9.749484174,16,40,8,14,2,7,1
989,500,729,800,957.119412,1126.022838,0.007356605,0.003512113,359.4401079,10,350,27,500,66657.38013,212.1726876,9.655801796,22,50,7,7,1,4,1
990,500,714,800,966.4900952,1137.047171,0.008299568,0.003602864,434.958705,13,350,27,500,71803.58696,222.3559051,9.691008057,16,40,8,15,2,7,1
991,500,698,800,972.4716442,1144.084287,0.008126764,0.003705773,516.8853802,13,250,30,500,73255.79431,225.2698159,9.700833527,22,50,7,8,2,4,1
992,500,726,800,977.4690396,1149.963576,0.007519782,0.003664896,442.2689353,13,350,27,500,70095.8866,218.9955587,9.679274263,22,50,7,7,1,4,1
993,500,698,800,979.0046208,1151.770142,0.011177423,0.004885275,411.9764257,13,300,27,400,83198.65368,244.7596598,9.769356391,22,50,7,11,2,5,1
994,500,692,800,985.3564565,1159.24289,0.011384679,0.005528662,454.2882177,10,150,30,400,86841.53523,251.9595703,9.794301308,16,40,8,20,3,10,2
995,500,698,800,988.4520826,1162.884803,0.011101757,0.005160528,504.6235639,13,200,27,400,87560.35937,253.4254672,9.799100894,22,50,7,11,2,5,1
996,500,714,800,997.0697059,1173.023183,0.008486553,0.003528255,447.5015944,13,350,30,500,72115.30504,222.9681683,9.693152954,16,40,8,15,2,7,1
997,500,689,800,1005.038453,1182.39818,0.011888128,0.005456747,510.220669,13,200,30,400,90306.36787,258.8298299,9.817966645,16,40,8,21,3,10,2
998,500,698,800,1027.714016,1209.075312,0.008579628,0.004136994,470.5618111,13,300,30,500,74125.00073,226.9375808,9.706921601,22,50,7,8,2,4,1
999,500,698,800,1059.723804,1246.733887,0.009109148,0.004144643,470.5618111,13,300,30,500,75581.65658,229.7986816,9.716944687,22,50,7,9,2,4,1
1000,500,701,800,1091.608623,1284.245439,0.012449122,0.005471425,570.309413,10,100,30,400,94368.37715,266.8518152,9.845798674,22,50,7,12,2,6,1
