name,h,b,PI_Pn_max,PI_Vn_z,PI_Vn_y,PI_Mn_z,PI_Mn_y,required_rebar,MainRebar_size,rho,side_rebars_top,side_rebars_bottom,side_rebars_left,side_rebars_right,spacing_h,spacing_b,Stirrup_size,Stirrup_verticle_size,fck,fy,Cover_size,aggregate,Cost,CO2,UnitWeight,PM_Volume,original_name
1,600,600,5493.279088,312.1862083,312.1862083,0,0,6,32,0.013404129,2,2,3,3,422.0,211.0,13,450,27,500,60,25,70739.67549,212.0909966,8.764110466,15881155.86,1
2,600,600,5493.279088,312.1862083,312.1862083,0,0,6,32,0.013404129,3,3,2,2,211.0,422.0,13,450,27,500,60,25,70739.67549,212.0909966,8.764110466,15881155.86,1
3,600,600,5557.725067,361.9254216,361.9254216,0,0,8,32,0.017872172,3,3,3,3,211.0,211.0,13,250,27,400,60,25,86794.20251,243.7165195,8.874330473,16654986.07,2
4,600,600,5557.725067,361.9254216,361.9254216,0,0,8,32,0.017872172,3,3,3,3,211.0,211.0,13,250,27,400,60,25,86794.20251,243.7165195,8.874330473,16654986.07,2
5,600,600,5802.637093,308.9326946,308.9326946,0,0,8,29,0.014678219,2,2,4,4,431.0,143.6666667,10,250,30,400,60,25,74592.92266,219.666857,8.790603937,17044161.34,3
6,600,600,5802.637093,308.9326946,308.9326946,0,0,8,29,0.014678219,4,4,2,2,143.6666667,431.0,10,250,30,400,60,25,74592.92266,219.666857,8.790603937,17044161.34,3
7,600,600,5920.713288,287.7151707,287.7151707,0,0,12,25,0.016362462,4,4,4,4,151.6666667,151.6666667,10,350,30,400,50,25,78092.14973,226.5085683,8.814766712,18294143.97,4
8,600,600,5920.713288,287.7151707,287.7151707,0,0,12,25,0.016362462,4,4,4,4,151.6666667,151.6666667,10,350,30,400,50,25,78092.14973,226.5085683,8.814766712,18294143.97,4
9,600,600,5892.292118,402.1590039,402.1590039,0,0,8,32,0.017872172,3,3,3,3,214.0,214.0,10,150,27,500,60,25,86683.71898,243.4966572,8.873577995,19319184.93,5
10,600,600,5892.292118,402.1590039,402.1590039,0,0,8,32,0.017872172,3,3,3,3,214.0,214.0,10,150,27,500,60,25,86683.71898,243.4966572,8.873577995,19319184.93,5
11,600,600,5850.305832,298.0657038,298.0657038,0,0,12,29,0.022017329,3,3,5,5,215.5,107.75,10,250,27,400,60,25,95121.87977,259.9889521,8.931861392,19479371.89,6
12,600,600,5850.305832,298.0657038,298.0657038,0,0,12,29,0.022017329,5,5,3,3,107.75,215.5,10,250,27,400,60,25,95121.87977,259.9889521,8.931861392,19479371.89,6
13,650,600,5949.31486,314.8857078,270.3030007,0,0,10,29,0.016936407,3,3,4,4,240.5,143.6666667,10,350,27,400,60,25,86080.69525,248.2862597,9.559538398,19776966.56,7
14,600,650,5949.31486,270.3030007,314.8857078,0,0,10,29,0.016936407,4,4,3,3,143.6666667,240.5,10,350,27,400,60,25,86080.69525,248.2862597,9.559538398,19776966.56,7
15,600,600,6586.559102,390.6795359,390.6795359,0,0,8,29,0.014678219,2,2,4,4,431.0,143.6666667,10,150,35,400,60,25,77749.59496,225.9486349,8.812103288,21131870.42,8
16,600,600,6586.559102,390.6795359,390.6795359,0,0,8,29,0.014678219,4,4,2,2,143.6666667,431.0,10,150,35,400,60,25,77749.59496,225.9486349,8.812103288,21131870.42,8
17,650,600,6362.040494,435.8158244,379.4801701,0,0,6,32,0.012373042,3,3,2,2,236.0,422.0,13,300,30,500,60,25,75709.81506,228.0055743,9.487935081,21281812.63,9
18,600,650,6362.040494,379.4801701,435.8158244,0,0,6,32,0.012373042,2,2,3,3,422.0,236.0,13,300,30,500,60,25,75709.81506,228.0055743,9.487935081,21281812.63,9
19,600,600,6703.295313,337.1509173,337.1509173,0,0,12,25,0.016362462,4,4,4,4,149.6666667,149.6666667,13,400,35,400,50,25,79778.82034,229.8650428,8.826254228,22393417.86,10
20,600,600,6703.295313,337.1509173,337.1509173,0,0,12,25,0.016362462,4,4,4,4,149.6666667,149.6666667,13,400,35,400,50,25,79778.82034,229.8650428,8.826254228,22393417.86,10
21,650,650,6303.600067,683.6240095,683.6240095,0,0,8,32,0.015228359,3,3,3,3,236.0,236.0,13,100,27,400,60,25,105881.3459,294.2499347,10.44177469,22553054.91,11
22,650,650,6303.600067,683.6240095,683.6240095,0,0,8,32,0.015228359,3,3,3,3,236.0,236.0,13,100,27,400,60,25,105881.3459,294.2499347,10.44177469,22553054.91,11
23,600,600,6861.335362,340.774814,340.774814,0,0,8,29,0.014678219,3,3,3,3,212.5,212.5,13,450,35,500,60,25,74303.56103,219.0910274,8.788633163,23196412.39,12
24,600,600,6861.335362,340.774814,340.774814,0,0,8,29,0.014678219,3,3,3,3,212.5,212.5,13,450,35,500,60,25,74303.56103,219.0910274,8.788633163,23196412.39,12
25,700,600,6473.509356,470.1152493,360.9343544,0,0,12,25,0.014024967,5,5,3,3,138.75,227.5,10,200,27,500,50,25,86150.99111,254.5936627,10.24960191,24254258.03,13
26,600,700,6473.509356,360.9343544,470.1152493,0,0,12,25,0.014024967,3,3,5,5,227.5,138.75,10,200,27,500,50,25,86150.99111,254.5936627,10.24960191,24254258.03,13
27,600,600,7283.186556,445.8671826,445.8671826,0,0,6,32,0.013404129,2,2,3,3,422.0,211.0,13,200,40,400,60,25,76296.73402,223.149543,8.801958282,24701481.11,14
28,600,600,7283.186556,445.8671826,445.8671826,0,0,6,32,0.013404129,3,3,2,2,211.0,422.0,13,200,40,400,60,25,76296.73402,223.149543,8.801958282,24701481.11,14
29,650,600,7050.659102,331.0443998,282.7134684,0,0,8,29,0.013549125,4,4,2,2,160.3333333,431.0,10,450,35,400,60,25,75025.48281,226.5516517,9.483524168,24841943.73,15
30,600,650,7050.659102,282.7134684,331.0443998,0,0,8,29,0.013549125,2,2,4,4,431.0,160.3333333,10,450,35,400,60,25,75025.48281,226.5516517,9.483524168,24841943.73,15
31,700,600,6759.840494,536.1244592,413.3932701,0,0,6,32,0.011489253,2,2,3,3,522.0,211.0,13,250,30,500,60,25,79929.75173,242.4272483,10.20665024,24956542.68,16
32,600,700,6759.840494,413.3932701,536.1244592,0,0,6,32,0.011489253,3,3,2,2,211.0,522.0,13,250,30,500,60,25,79929.75173,242.4272483,10.20665024,24956542.68,16
33,650,650,6792.990494,324.8212893,324.8212893,0,0,6,32,0.011421269,3,3,2,2,239.0,478.0,10,450,30,500,60,25,74198.60562,231.5242675,10.2251146,25163178.4,17
34,650,650,6792.990494,324.8212893,324.8212893,0,0,6,32,0.011421269,2,2,3,3,478.0,239.0,10,450,30,500,60,25,74198.60562,231.5242675,10.2251146,25163178.4,17
35,600,600,6653.03041,345.5670701,345.5670701,0,0,12,32,0.026808257,2,2,6,6,422.0,84.4,13,300,30,400,60,25,110456.5276,290.1585746,9.037241805,25687499.65,18
36,600,600,6653.03041,345.5670701,345.5670701,0,0,12,32,0.026808257,6,6,2,2,84.4,422.0,13,300,30,400,60,25,110456.5276,290.1585746,9.037241805,25687499.65,18
37,650,600,6737.592009,361.35301,311.6539702,0,0,10,32,0.020621736,3,3,4,4,236.0,140.6666667,13,400,30,400,60,25,98951.88758,273.6113269,9.647984173,25755833.4,19
38,600,650,6737.592009,311.6539702,361.35301,0,0,10,32,0.020621736,4,4,3,3,140.6666667,236.0,13,400,30,400,60,25,98951.88758,273.6113269,9.647984173,25755833.4,19
39,750,600,6631.785067,401.6861454,260.8658743,0,0,8,32,0.014297737,2,2,4,4,578.0,142.6666667,10,400,27,400,60,25,89413.82168,267.0015616,10.96209458,26218927.27,20
40,600,750,6631.785067,260.8658743,401.6861454,0,0,8,32,0.014297737,4,4,2,2,142.6666667,578.0,10,400,27,400,60,25,89413.82168,267.0015616,10.96209458,26218927.27,20
41,700,650,6691.455067,416.8268914,364.4976617,0,0,8,32,0.014140619,2,2,4,4,522.0,157.3333333,13,350,27,400,60,25,93000.96855,275.1439839,11.10152148,26300781.27,21
42,650,700,6691.455067,364.4976617,416.8268914,0,0,8,32,0.014140619,4,4,2,2,157.3333333,522.0,13,350,27,400,60,25,93000.96855,275.1439839,11.10152148,26300781.27,21
43,650,650,6888.646366,318.2827981,318.2827981,0,0,10,29,0.015633606,5,5,2,2,120.25,481.0,10,400,30,400,60,25,88390.04182,259.4078594,10.32273883,26516814.45,22
44,650,650,6888.646366,318.2827981,318.2827981,0,0,10,29,0.015633606,2,2,5,5,481.0,120.25,10,400,30,400,60,25,88390.04182,259.4078594,10.32273883,26516814.45,22
45,600,600,7095.238653,350.1922606,350.1922606,0,0,12,29,0.022017329,5,5,3,3,107.75,215.5,10,200,35,400,60,25,96305.63188,262.3446188,8.939923649,26581608.7,23
46,600,600,7095.238653,350.1922606,350.1922606,0,0,12,29,0.022017329,3,3,5,5,215.5,107.75,10,200,35,400,60,25,96305.63188,262.3446188,8.939923649,26581608.7,23
47,650,600,6602.565808,379.8834463,329.8620396,0,0,16,25,0.020138414,3,3,7,7,252.5,75.83333333,10,250,27,500,50,25,97404.35279,270.5695825,9.637341574,26791324.74,24
48,600,650,6602.565808,329.8620396,379.8834463,0,0,16,25,0.020138414,7,7,3,3,75.83333333,252.5,10,250,27,500,50,25,97404.35279,270.5695825,9.637341574,26791324.74,24
49,750,600,7157.640494,602.6249527,413.3932701,0,0,6,32,0.010723303,3,3,2,2,286.0,422.0,13,250,30,500,60,25,82746.53112,254.0566393,10.91580883,28368318.39,25
50,600,750,7157.640494,413.3932701,602.6249527,0,0,6,32,0.010723303,2,2,3,3,422.0,286.0,13,250,30,500,60,25,82746.53112,254.0566393,10.91580883,28368318.39,25
51,700,600,7112.75564,488.3478577,373.7123351,0,0,12,29,0.018871996,4,4,4,4,177.0,143.6666667,10,150,30,400,60,25,103900.6021,289.5066096,10.37159953,29398335.44,26
52,600,700,7112.75564,373.7123351,488.3478577,0,0,12,29,0.018871996,4,4,4,4,143.6666667,177.0,10,150,30,400,60,25,103900.6021,289.5066096,10.37159953,29398335.44,26
53,750,600,6910.198763,457.7426101,305.0041877,0,0,16,25,0.017453293,5,5,5,5,151.25,113.75,10,250,27,400,50,25,102697.5828,293.1511103,11.05334085,29706404.82,27
54,600,750,6910.198763,305.0041877,457.7426101,0,0,16,25,0.017453293,5,5,5,5,113.75,151.25,10,250,27,400,50,25,102697.5828,293.1511103,11.05334085,29706404.82,27
55,800,600,6989.805067,531.2281365,315.4160273,0,0,8,32,0.013404129,2,2,4,4,622.0,140.6666667,13,350,27,400,60,25,95298.66811,284.736406,11.69214905,29793035.34,28
56,600,800,6989.805067,315.4160273,531.2281365,0,0,8,32,0.013404129,4,4,2,2,140.6666667,622.0,13,350,27,400,60,25,95298.66811,284.736406,11.69214905,29793035.34,28
57,600,600,7792.182622,457.6464526,457.6464526,0,0,12,25,0.016362462,5,5,3,3,112.25,224.5,13,250,40,500,50,25,82904.66576,236.0854752,8.847543625,29961126.47,29
58,600,600,7792.182622,457.6464526,457.6464526,0,0,12,25,0.016362462,3,3,5,5,224.5,112.25,13,250,40,500,50,25,82904.66576,236.0854752,8.847543625,29961126.47,29
59,750,600,7253.296366,411.4185239,265.7462676,0,0,10,29,0.014678219,3,3,4,4,290.5,143.6666667,10,450,30,400,60,25,90363.97805,268.8579925,10.96865916,30153537.21,30
60,600,750,7253.296366,265.7462676,411.4185239,0,0,10,29,0.014678219,4,4,3,3,143.6666667,290.5,10,450,30,400,60,25,90363.97805,268.8579925,10.96865916,30153537.21,30
61,750,650,7112.87986,413.7939077,314.8857078,0,0,10,29,0.013549125,5,5,2,2,145.25,481.0,10,350,27,400,60,25,94409.15601,284.4378966,11.85867762,30264201.9,31
62,650,750,7112.87986,314.8857078,413.7939077,0,0,10,29,0.013549125,2,2,5,5,481.0,145.25,10,350,27,400,60,25,94409.15601,284.4378966,11.85867762,30264201.9,31
63,600,600,7427.301761,308.1251977,308.1251977,0,0,12,32,0.026808257,4,4,4,4,140.6666667,140.6666667,13,500,35,400,60,25,107789.1395,284.8504723,9.019074854,30438988.82,32
64,600,600,7427.301761,308.1251977,308.1251977,0,0,12,32,0.026808257,4,4,4,4,140.6666667,140.6666667,13,500,35,400,60,25,107789.1395,284.8504723,9.019074854,30438988.82,32
65,700,700,7142.71486,395.8643006,395.8643006,0,0,10,29,0.013479997,5,5,2,2,132.75,531.0,10,250,27,400,60,25,96243.86131,288.5909601,11.92867121,30704771.0,33
66,700,700,7142.71486,395.8643006,395.8643006,0,0,10,29,0.013479997,2,2,5,5,531.0,132.75,10,250,27,400,60,25,96243.86131,288.5909601,11.92867121,30704771.0,33
67,650,600,7606.601558,354.1602118,303.7576236,0,0,8,32,0.016497389,3,3,3,3,239.0,214.0,10,400,35,500,60,25,84305.5529,244.7881067,9.547355032,30852767.37,34
68,600,650,7606.601558,303.7576236,354.1602118,0,0,8,32,0.016497389,3,3,3,3,214.0,239.0,10,400,35,500,60,25,84305.5529,244.7881067,9.547355032,30852767.37,34
69,650,600,7545.427084,428.6609124,371.9599603,0,0,16,25,0.020138414,7,7,3,3,83.16666667,224.5,13,300,35,400,50,25,99519.07661,274.7778829,9.65174446,31029035.99,35
70,600,650,7545.427084,371.9599603,428.6609124,0,0,16,25,0.020138414,3,3,7,7,224.5,83.16666667,13,300,35,400,50,25,99519.07661,274.7778829,9.65174446,31029035.99,35
71,600,600,7859.569785,353.2193238,353.2193238,0,0,16,25,0.021816616,6,6,4,4,89.8,149.6666667,13,400,40,400,50,25,95035.17966,259.830928,8.931231529,31708232.82,36
72,600,600,7859.569785,353.2193238,353.2193238,0,0,16,25,0.021816616,4,4,6,6,149.6666667,89.8,13,400,40,400,50,25,95035.17966,259.830928,8.931231529,31708232.82,36
73,700,650,7486.718571,448.585121,393.0719256,0,0,12,25,0.012946124,5,5,3,3,138.75,252.5,10,250,30,500,50,25,87841.22351,264.9852251,11.06608355,32347920.84,37
74,650,700,7486.718571,393.0719256,448.585121,0,0,12,25,0.012946124,3,3,5,5,252.5,138.75,10,250,30,500,50,25,87841.22351,264.9852251,11.06608355,32347920.84,37
75,700,600,7769.098878,463.6416427,350.1922606,0,0,10,29,0.015726663,3,3,4,4,265.5,143.6666667,10,200,35,400,60,25,91457.69088,265.010481,10.28613401,32361664.42,38
76,600,700,7769.098878,350.1922606,463.6416427,0,0,10,29,0.015726663,4,4,3,3,143.6666667,265.5,10,200,35,400,60,25,91457.69088,265.010481,10.28613401,32361664.42,38
77,750,600,7890.55088,498.2161342,328.4730577,0,0,6,32,0.010723303,3,3,2,2,286.0,422.0,13,400,35,400,60,25,79276.8427,247.1519593,10.8921776,32415135.17,39
78,600,750,7890.55088,328.4730577,498.2161342,0,0,6,32,0.010723303,2,2,3,3,422.0,286.0,13,400,35,400,60,25,79276.8427,247.1519593,10.8921776,32415135.17,39
79,800,650,7360.604072,520.7080588,356.9287029,0,0,12,25,0.011327858,5,5,3,3,162.25,249.5,13,400,27,400,50,25,93881.25593,290.0568897,12.60216481,32433070.2,40
80,650,800,7360.604072,356.9287029,520.7080588,0,0,12,25,0.011327858,3,3,5,5,249.5,162.25,13,400,27,400,50,25,93881.25593,290.0568897,12.60216481,32433070.2,40
81,650,600,7089.64226,385.5242155,334.937557,0,0,20,25,0.025173018,5,5,7,7,124.75,74.83333333,13,400,27,500,50,25,112952.0261,301.1151826,9.744302945,32527518.79,41
82,600,650,7089.64226,334.937557,385.5242155,0,0,20,25,0.025173018,7,7,5,5,74.83333333,124.75,13,400,27,500,50,25,112952.0261,301.1151826,9.744302945,32527518.79,41
83,700,600,7084.367776,352.3571694,261.627156,0,0,16,29,0.025162661,4,4,6,6,177.0,86.2,10,400,27,400,60,25,118983.4775,318.991002,10.47576501,32653652.19,42
84,600,700,7084.367776,261.627156,352.3571694,0,0,16,29,0.025162661,6,6,4,4,86.2,177.0,10,400,27,400,60,25,118983.4775,318.991002,10.47576501,32653652.19,42
85,650,600,8119.715408,415.9316763,358.6620684,0,0,8,32,0.016497389,3,3,3,3,236.0,211.0,13,350,40,400,60,25,87205.56942,250.5591396,9.567106361,32993542.71,43
86,600,650,8119.715408,358.6620684,415.9316763,0,0,8,32,0.016497389,3,3,3,3,211.0,236.0,13,350,40,400,60,25,87205.56942,250.5591396,9.567106361,32993542.71,43
87,650,600,8175.657371,623.7005488,548.177685,0,0,8,29,0.013549125,3,3,3,3,240.5,215.5,10,100,40,500,60,25,84711.97289,245.827767,9.549496569,33073824.61,44
88,600,650,8175.657371,548.177685,623.7005488,0,0,8,29,0.013549125,3,3,3,3,215.5,240.5,10,100,40,500,60,25,84711.97289,245.827767,9.549496569,33073824.61,44
89,750,600,7183.376804,449.6349919,298.0657038,0,0,14,29,0.020549507,4,4,5,5,193.6666667,107.75,10,250,27,400,60,25,113326.2034,314.0222913,11.12648903,33082755.51,45
90,600,750,7183.376804,298.0657038,449.6349919,0,0,14,29,0.020549507,5,5,4,4,107.75,193.6666667,10,250,27,400,60,25,113326.2034,314.0222913,11.12648903,33082755.51,45
91,650,600,7364.068812,473.0472317,413.3932701,0,0,14,32,0.028870431,6,6,3,3,94.4,211.0,13,200,30,400,60,25,129209.7465,333.1784943,9.855816132,33402715.81,46
92,600,650,7364.068812,413.3932701,473.0472317,0,0,14,32,0.028870431,3,3,6,6,211.0,94.4,13,200,30,400,60,25,129209.7465,333.1784943,9.855816132,33402715.81,46
93,750,600,7336.530221,585.5324361,403.3326197,0,0,12,29,0.017613863,4,4,4,4,193.6666667,143.6666667,10,150,27,500,60,25,106711.6272,301.1245494,11.08071893,33903548.08,47
94,600,750,7336.530221,403.3326197,585.5324361,0,0,12,29,0.017613863,4,4,4,4,143.6666667,193.6666667,10,150,27,500,60,25,106711.6272,301.1245494,11.08071893,33903548.08,47
95,650,650,7540.241428,484.4307212,484.4307212,0,0,16,25,0.018589306,5,5,5,5,124.75,124.75,13,250,30,500,50,25,103994.5839,290.2101424,10.4296981,34205138.57,48
96,650,650,7540.241428,484.4307212,484.4307212,0,0,16,25,0.018589306,5,5,5,5,124.75,124.75,13,250,30,500,50,25,103994.5839,290.2101424,10.4296981,34205138.57,48
97,700,700,7387.558763,449.7198837,449.7198837,0,0,16,25,0.016028534,7,7,3,3,91.5,274.5,13,300,27,400,50,25,108561.0251,312.8513604,12.01324093,34326325.76,49
98,700,700,7387.558763,449.7198837,449.7198837,0,0,16,25,0.016028534,3,3,7,7,274.5,91.5,13,300,27,400,50,25,108561.0251,312.8513604,12.01324093,34326325.76,49
99,650,600,7552.680987,528.8943425,464.2629201,0,0,12,32,0.024746084,3,3,5,5,236.0,105.5,13,200,30,500,60,25,116711.7369,308.6304412,9.769818728,34632481.31,50
100,600,650,7552.680987,464.2629201,528.8943425,0,0,12,32,0.024746084,5,5,3,3,105.5,236.0,13,200,30,500,60,25,116711.7369,308.6304412,9.769818728,34632481.31,50
101,700,700,7801.213353,598.4145359,598.4145359,0,0,8,29,0.010783998,3,3,3,3,262.5,262.5,13,200,30,500,60,25,92344.51651,281.0965287,11.90139391,34749112.29,51
102,700,700,7801.213353,598.4145359,598.4145359,0,0,8,29,0.010783998,3,3,3,3,262.5,262.5,13,200,30,500,60,25,92344.51651,281.0965287,11.90139391,34749112.29,51
103,750,700,7560.40486,402.5935689,352.3571694,0,0,10,29,0.012581331,4,4,3,3,193.6666667,265.5,10,400,27,400,60,25,97052.44499,297.2280417,12.73914814,34945314.03,52
104,700,750,7560.40486,352.3571694,402.5935689,0,0,10,29,0.012581331,3,3,4,4,265.5,193.6666667,10,400,27,400,60,25,97052.44499,297.2280417,12.73914814,34945314.03,52
105,700,600,7406.358177,399.4484423,300.8818416,0,0,12,32,0.022978506,3,3,5,5,261.0,105.5,13,500,27,500,60,25,113005.9189,307.2798633,10.43455344,35472717.92,53
106,600,700,7406.358177,300.8818416,399.4484423,0,0,12,32,0.022978506,5,5,3,3,105.5,261.0,13,500,27,500,60,25,113005.9189,307.2798633,10.43455344,35472717.92,53
107,600,600,8267.97683,422.8374097,422.8374097,0,0,16,25,0.021816616,5,5,5,5,112.25,112.25,13,300,40,500,50,25,96771.76045,263.2867238,8.943058971,35929372.05,54
108,600,600,8267.97683,422.8374097,422.8374097,0,0,16,25,0.021816616,5,5,5,5,112.25,112.25,13,300,40,500,50,25,96771.76045,263.2867238,8.943058971,35929372.05,54
109,650,650,8062.113653,338.4467775,338.4467775,0,0,12,29,0.018760327,5,5,3,3,120.25,240.5,10,400,35,400,60,25,98654.52038,279.5689069,10.39336755,36120989.69,55
110,650,650,8062.113653,338.4467775,338.4467775,0,0,12,29,0.018760327,3,3,5,5,240.5,120.25,10,400,35,400,60,25,98654.52038,279.5689069,10.39336755,36120989.69,55
111,750,650,7522.592582,489.6690454,379.8834463,0,0,14,25,0.01409689,2,2,7,7,605.0,84.16666667,10,250,27,500,50,25,98316.01819,292.1589316,11.88543183,36375139.14,56
112,650,750,7522.592582,379.8834463,489.6690454,0,0,14,25,0.01409689,7,7,2,2,84.16666667,605.0,10,250,27,500,50,25,98316.01819,292.1589316,11.88543183,36375139.14,56
113,600,600,7837.390626,296.1995361,296.1995361,0,0,24,25,0.032724923,8,8,6,6,65.0,91.0,10,400,35,400,50,25,123420.8437,315.5298598,9.126699262,37009719.81,57
114,600,600,7837.390626,296.1995361,296.1995361,0,0,24,25,0.032724923,6,6,8,8,91.0,65.0,10,400,35,400,50,25,123420.8437,315.5298598,9.126699262,37009719.81,57
115,700,600,8546.677338,445.8250851,333.0747261,0,0,12,25,0.014024967,6,6,2,2,111.0,455.0,10,300,40,400,50,25,83890.3534,250.0949936,10.23420524,37264660.78,58
116,600,700,8546.677338,333.0747261,445.8250851,0,0,12,25,0.014024967,2,2,6,6,455.0,111.0,10,300,40,400,50,25,83890.3534,250.0949936,10.23420524,37264660.78,58
117,850,600,7640.405832,542.8702685,281.8707937,0,0,12,29,0.015541644,4,4,4,4,227.0,143.6666667,10,300,27,400,60,25,107360.2743,314.4633572,12.46508504,37560354.33,59
118,600,850,7640.405832,281.8707937,542.8702685,0,0,12,29,0.015541644,4,4,4,4,143.6666667,227.0,10,300,27,400,60,25,107360.2743,314.4633572,12.46508504,37560354.33,59
119,700,650,8277.584507,413.6077301,359.017689,0,0,8,32,0.014140619,2,2,4,4,522.0,157.3333333,13,500,35,400,60,25,91018.28946,271.1984525,11.08801792,37654853.33,60
120,650,700,8277.584507,359.017689,413.6077301,0,0,8,32,0.014140619,4,4,2,2,157.3333333,522.0,13,500,35,400,60,25,91018.28946,271.1984525,11.08801792,37654853.33,60
121,650,650,7782.477857,370.3935536,370.3935536,0,0,18,25,0.020912969,5,5,6,6,126.25,101.0,10,300,30,500,50,25,106974.8924,295.9438214,10.45053119,37906466.81,61
122,650,650,7782.477857,370.3935536,370.3935536,0,0,18,25,0.020912969,6,6,5,5,101.0,126.25,10,300,30,500,50,25,106974.8924,295.9438214,10.45053119,37906466.81,61
123,650,600,8068.018204,405.0681767,350.1922606,0,0,16,29,0.02709825,5,5,5,5,120.25,107.75,10,200,35,400,60,25,119542.8578,314.0801688,9.78960065,37984346.81,62
124,600,650,8068.018204,350.1922606,405.0681767,0,0,16,29,0.02709825,5,5,5,5,107.75,120.25,10,200,35,400,60,25,119542.8578,314.0801688,9.78960065,37984346.81,62
125,700,600,8706.057371,582.3231173,446.9594967,0,0,8,29,0.012581331,3,3,3,3,265.5,215.5,10,150,40,500,60,25,83371.64504,249.1845145,10.23034208,38630360.47,63
126,600,700,8706.057371,446.9594967,582.3231173,0,0,8,29,0.012581331,3,3,3,3,215.5,265.5,10,150,40,500,60,25,83371.64504,249.1845145,10.23034208,38630360.47,63
127,900,600,7739.41486,630.4326374,298.0657038,0,0,10,29,0.012231849,2,2,5,5,731.0,107.75,10,250,27,400,60,25,100737.0914,307.5724879,13.10923049,38766047.67,64
128,600,900,7739.41486,298.0657038,630.4326374,0,0,10,29,0.012231849,5,5,2,2,107.75,731.0,10,250,27,400,60,25,100737.0914,307.5724879,13.10923049,38766047.67,64
129,800,650,7745.578763,541.3147467,373.2689958,0,0,16,25,0.015103811,3,3,7,7,324.5,83.16666667,13,350,27,400,50,25,110067.9264,321.874094,12.71347824,38937884.32,65
130,650,800,7745.578763,373.2689958,541.3147467,0,0,16,25,0.015103811,7,7,3,3,83.16666667,324.5,13,350,27,400,50,25,110067.9264,321.874094,12.71347824,38937884.32,65
131,750,600,7577.898867,585.2072007,402.6211416,0,0,14,32,0.02502104,3,3,6,6,286.0,84.4,13,200,27,400,60,25,135051.695,356.8519718,11.2755526,38941632.36,66
132,600,750,7577.898867,402.6211416,585.2072007,0,0,14,32,0.02502104,6,6,3,3,84.4,286.0,13,200,27,400,60,25,135051.695,356.8519718,11.2755526,38941632.36,66
133,850,650,7888.58986,1028.219761,685.4518811,0,0,10,29,0.011955111,3,3,4,4,337.5,158.3333333,13,100,27,400,60,25,121779.4943,351.9568698,13.54003457,39067023.62,67
134,650,850,7888.58986,685.4518811,1028.219761,0,0,10,29,0.011955111,4,4,3,3,158.3333333,337.5,13,100,27,400,60,25,121779.4943,351.9568698,13.54003457,39067023.62,67
135,700,600,8682.701389,501.5536915,379.150692,0,0,10,29,0.015726663,2,2,5,5,525.0,106.25,13,300,40,400,60,25,92285.49531,266.6578118,10.29177199,39306599.44,68
136,600,700,8682.701389,379.150692,501.5536915,0,0,10,29,0.015726663,5,5,2,2,106.25,525.0,13,300,40,400,60,25,92285.49531,266.6578118,10.29177199,39306599.44,68
137,750,650,7766.130808,664.3051859,528.5017787,0,0,16,25,0.016110732,4,4,6,6,199.6666667,99.8,13,200,27,500,50,25,112528.819,320.2452703,11.98276679,39345800.45,69
138,650,750,7766.130808,528.5017787,664.3051859,0,0,16,25,0.016110732,6,6,4,4,99.8,199.6666667,13,200,27,500,50,25,112528.819,320.2452703,11.98276679,39345800.45,69
139,700,600,7950.480987,475.1018711,362.5325419,0,0,12,32,0.022978506,5,5,3,3,132.0,214.0,10,200,30,500,60,25,115123.3555,311.4935621,10.4489748,39374406.92,70
140,600,700,7950.480987,362.5325419,475.1018711,0,0,12,32,0.022978506,3,3,5,5,214.0,132.0,10,200,30,500,60,25,115123.3555,311.4935621,10.4489748,39374406.92,70
141,900,600,7905.589356,808.6878047,412.7215458,0,0,12,25,0.010908308,5,5,3,3,188.75,227.5,10,150,27,500,50,25,99655.72898,305.564091,13.10147616,39578742.07,71
142,600,900,7905.589356,412.7215458,808.6878047,0,0,12,25,0.010908308,3,3,5,5,227.5,188.75,10,150,27,500,50,25,99655.72898,305.564091,13.10147616,39578742.07,71
143,600,600,7948.641316,718.6111701,718.6111701,0,0,16,32,0.035744343,5,5,5,5,105.5,105.5,13,100,30,500,60,25,148789.4872,365.7951924,9.300071373,39901461.44,72
144,600,600,7948.641316,718.6111701,718.6111701,0,0,16,32,0.035744343,5,5,5,5,105.5,105.5,13,100,30,500,60,25,148789.4872,365.7951924,9.300071373,39901461.44,72
145,750,600,7764.378177,760.6792876,538.2735416,0,0,12,32,0.021446606,3,3,5,5,286.0,105.5,13,150,27,500,60,25,126408.8948,339.9757853,11.21581212,40179095.05,73
146,600,750,7764.378177,538.2735416,760.6792876,0,0,12,32,0.021446606,5,5,3,3,105.5,286.0,13,150,27,500,60,25,126408.8948,339.9757853,11.21581212,40179095.05,73
147,650,650,7632.224719,314.8857078,314.8857078,0,0,20,29,0.031267212,5,5,7,7,120.25,80.16666667,10,350,27,400,60,25,140179.2416,361.142043,10.67906178,40308545.78,74
148,650,650,7632.224719,314.8857078,314.8857078,0,0,20,29,0.031267212,7,7,5,5,80.16666667,120.25,10,350,27,400,60,25,140179.2416,361.142043,10.67906178,40308545.78,74
149,650,650,8777.723562,364.7951101,364.7951101,0,0,14,25,0.016265642,5,5,4,4,126.25,168.3333333,10,400,40,400,50,25,90588.2142,263.7286017,10.33785556,40574104.5,75
150,650,650,8777.723562,364.7951101,364.7951101,0,0,14,25,0.016265642,4,4,5,5,168.3333333,126.25,10,400,40,400,50,25,90588.2142,263.7286017,10.33785556,40574104.5,75
151,750,600,8487.538653,499.3467306,329.4372643,0,0,12,29,0.017613863,5,5,3,3,143.75,212.5,13,400,35,400,60,25,103369.6853,294.4740852,11.05795775,40722398.7,76
152,600,750,8487.538653,329.4372643,499.3467306,0,0,12,29,0.017613863,3,3,5,5,212.5,143.75,13,400,35,400,60,25,103369.6853,294.4740852,11.05795775,40722398.7,76
153,700,600,8355.501761,433.5776597,324.9515931,0,0,12,32,0.022978506,4,4,4,4,176.0,142.6666667,10,250,35,400,60,25,113816.2958,308.8925134,10.44007273,40818585.96,77
154,600,700,8355.501761,324.9515931,433.5776597,0,0,12,32,0.022978506,4,4,4,4,142.6666667,176.0,10,250,35,400,60,25,113816.2958,308.8925134,10.44007273,40818585.96,77
155,750,600,8534.801558,629.0281567,429.9122036,0,0,8,32,0.014297737,4,4,2,2,192.6666667,428.0,10,150,35,500,60,25,95116.7941,278.3504767,11.00093618,40841239.21,78
156,600,750,8534.801558,429.9122036,629.0281567,0,0,8,32,0.014297737,2,2,4,4,428.0,192.6666667,10,150,35,500,60,25,95116.7941,278.3504767,11.00093618,40841239.21,78
157,800,600,7800.407776,596.5656602,362.8453443,0,0,16,29,0.022017329,6,6,4,4,126.2,143.6666667,10,150,27,400,60,25,130051.6093,353.0645844,11.93109578,41023638.69,79
158,600,800,7800.407776,362.8453443,596.5656602,0,0,16,29,0.022017329,4,4,6,6,143.6666667,126.2,10,150,27,400,60,25,130051.6093,353.0645844,11.93109578,41023638.69,79
159,800,600,8165.614913,957.6828603,618.6826486,0,0,14,29,0.019265162,5,5,4,4,156.25,141.6666667,13,100,30,400,60,25,134424.5545,362.03201,11.96015909,41936137.89,80
160,600,800,8165.614913,618.6826486,957.6828603,0,0,14,29,0.019265162,4,4,5,5,141.6666667,156.25,13,100,30,400,60,25,134424.5545,362.03201,11.96015909,41936137.89,80
161,650,600,7846.364236,348.8548258,301.2353399,0,0,16,32,0.032994778,4,4,6,6,159.3333333,85.6,10,300,27,500,60,25,135335.4294,345.0456173,9.898413121,41987533.93,81
162,600,650,7846.364236,301.2353399,348.8548258,0,0,16,32,0.032994778,6,6,4,4,85.6,159.3333333,10,300,27,500,60,25,135335.4294,345.0456173,9.898413121,41987533.93,81
163,700,700,7919.747776,766.2724582,766.2724582,0,0,16,29,0.021567995,3,3,7,7,262.5,87.5,13,100,27,400,60,25,145489.033,385.7930575,12.26622782,42031106.73,82
164,700,700,7919.747776,766.2724582,766.2724582,0,0,16,29,0.021567995,7,7,3,3,87.5,262.5,13,100,27,400,60,25,145489.033,385.7930575,12.26622782,42031106.73,82
165,900,600,8413.353607,628.9034327,291.3061102,0,0,8,32,0.011914781,4,4,2,2,240.6666667,422.0,13,500,30,400,60,25,98443.45854,303.042539,13.0935158,42925159.31,83
166,600,900,8413.353607,291.3061102,628.9034327,0,0,8,32,0.011914781,2,2,4,4,422.0,240.6666667,13,500,30,400,60,25,98443.45854,303.042539,13.0935158,42925159.31,83
167,850,600,8052.570221,535.3549898,276.8098843,0,0,12,29,0.015541644,4,4,4,4,227.0,143.6666667,10,400,27,500,60,25,106116.9235,311.9890892,12.45661687,42941239.75,84
168,600,850,8052.570221,276.8098843,535.3549898,0,0,12,29,0.015541644,4,4,4,4,143.6666667,227.0,10,400,27,500,60,25,106116.9235,311.9890892,12.45661687,42941239.75,84
169,700,600,7961.625332,413.9788396,313.1026061,0,0,18,29,0.028307994,5,5,6,6,131.25,85.0,13,450,27,500,60,25,130889.042,342.4178106,10.55757079,43073546.03,85
170,600,700,7961.625332,313.1026061,413.9788396,0,0,18,29,0.028307994,6,6,5,5,85.0,131.25,13,450,27,500,60,25,130889.042,342.4178106,10.55757079,43073546.03,85
171,600,600,8356.352641,317.168691,317.168691,0,0,18,32,0.040212386,5,5,6,6,105.5,84.4,13,450,35,400,60,25,145727.7328,359.3793154,9.280094892,43113048.43,86
172,600,600,8356.352641,317.168691,317.168691,0,0,18,32,0.040212386,6,6,5,5,84.4,105.5,13,450,35,400,60,25,145727.7328,359.3793154,9.280094892,43113048.43,86
173,650,650,7991.460332,361.9169252,361.9169252,0,0,18,29,0.028140491,4,4,7,7,158.3333333,79.16666667,13,450,27,500,60,25,131089.042,343.3178106,10.61643079,43178064.55,87
174,650,650,7991.460332,361.9169252,361.9169252,0,0,18,29,0.028140491,7,7,4,4,79.16666667,158.3333333,13,450,27,500,60,25,131089.042,343.3178106,10.61643079,43178064.55,87
175,850,600,8392.366691,633.5065485,338.0782926,0,0,10,29,0.01295137,3,3,4,4,337.5,141.6666667,13,400,30,500,60,25,98426.18103,296.9497764,12.40351725,43587870.4,88
176,600,850,8392.366691,338.0782926,633.5065485,0,0,10,29,0.01295137,4,4,3,3,141.6666667,337.5,13,400,30,500,60,25,98426.18103,296.9497764,12.40351725,43587870.4,88
177,850,650,8232.060185,637.8446165,397.4702171,0,0,10,29,0.011955111,3,3,4,4,337.5,158.3333333,13,350,27,500,60,25,103024.4218,314.6342755,13.41229819,43854631.62,89
178,650,850,8232.060185,397.4702171,637.8446165,0,0,10,29,0.011955111,4,4,3,3,158.3333333,337.5,13,350,27,500,60,25,103024.4218,314.6342755,13.41229819,43854631.62,89
179,800,650,8438.75564,616.6764443,429.3184634,0,0,12,29,0.015242766,6,6,2,2,126.2,481.0,10,150,30,400,60,25,113133.6773,327.9604291,12.73439772,43991219.21,90
180,650,800,8438.75564,429.3184634,616.6764443,0,0,12,29,0.015242766,2,2,6,6,481.0,126.2,10,150,30,400,60,25,113133.6773,327.9604291,12.73439772,43991219.21,90
181,650,600,8906.562222,587.699594,515.2012888,0,0,16,29,0.02709825,6,6,4,4,95.0,141.6666667,13,150,40,400,60,25,127347.4012,329.6112102,9.842755556,44091242.65,91
182,600,650,8906.562222,515.2012888,587.699594,0,0,16,29,0.02709825,4,4,6,6,141.6666667,95.0,13,150,40,400,60,25,127347.4012,329.6112102,9.842755556,44091242.65,91
183,800,650,8171.910221,606.655251,424.135186,0,0,12,29,0.015242766,3,3,5,5,312.5,118.75,13,300,27,500,60,25,111591.9223,324.8923368,12.72389719,44105884.05,92
184,650,800,8171.910221,424.135186,606.655251,0,0,12,29,0.015242766,5,5,3,3,118.75,312.5,13,300,27,500,60,25,111591.9223,324.8923368,12.72389719,44105884.05,92
185,650,600,8510.769014,567.5135695,498.0385577,0,0,16,32,0.032994778,4,4,6,6,157.3333333,84.4,13,150,35,400,60,25,145215.6492,364.7072549,9.96570497,44419460.23,93
186,600,650,8510.769014,498.0385577,567.5135695,0,0,16,32,0.032994778,6,6,4,4,84.4,157.3333333,13,150,35,400,60,25,145215.6492,364.7072549,9.96570497,44419460.23,93
187,700,650,7952.940133,394.8995623,344.4251802,0,0,16,32,0.028281238,4,4,6,6,176.0,95.6,10,250,27,400,60,25,141858.93,371.0793836,11.43778717,44421650.71,94
188,650,700,7952.940133,344.4251802,394.8995623,0,0,16,32,0.028281238,6,6,4,4,95.6,176.0,10,250,27,400,60,25,141858.93,371.0793836,11.43778717,44421650.71,94
189,800,650,8524.966691,497.2615623,334.9381479,0,0,10,29,0.012702305,3,3,4,4,315.5,160.3333333,10,400,30,500,60,25,96652.44499,295.4280417,12.62142814,44864759.11,95
190,650,800,8524.966691,334.9381479,497.2615623,0,0,10,29,0.012702305,4,4,3,3,160.3333333,315.5,10,400,30,500,60,25,96652.44499,295.4280417,12.62142814,44864759.11,95
191,700,700,8481.800823,901.0718895,901.0718895,0,0,10,32,0.016413219,3,3,4,4,261.0,174.0,13,100,30,500,60,25,125863.2524,347.2449428,12.13118502,44942366.9,96
192,700,700,8481.800823,901.0718895,901.0718895,0,0,10,32,0.016413219,4,4,3,3,174.0,261.0,13,100,30,500,60,25,125863.2524,347.2449428,12.13118502,44942366.9,96
193,750,750,8289.731333,448.6215396,448.6215396,0,0,10,32,0.014297737,3,3,4,4,289.0,192.6666667,10,250,27,400,60,25,113704.7464,337.6075159,13.71581387,45027830.06,97
194,750,750,8289.731333,448.6215396,448.6215396,0,0,10,32,0.014297737,4,4,3,3,192.6666667,289.0,10,250,27,400,60,25,113704.7464,337.6075159,13.71581387,45027830.06,97
195,750,650,8448.650823,536.5214347,417.1055735,0,0,10,32,0.016497389,3,3,4,4,289.0,159.3333333,10,200,30,500,60,25,108641.8835,312.4724187,11.95639649,45090117.57,98
196,650,750,8448.650823,417.1055735,536.5214347,0,0,10,32,0.016497389,4,4,3,3,159.3333333,289.0,10,200,30,500,60,25,108641.8835,312.4724187,11.95639649,45090117.57,98
197,700,650,8739.992969,620.5321641,549.7340197,0,0,18,25,0.019419185,7,7,4,4,92.5,168.3333333,10,100,35,400,50,25,119233.9808,326.8654073,11.28149697,45193216.31,99
198,650,700,8739.992969,549.7340197,620.5321641,0,0,18,25,0.019419185,4,4,7,7,168.3333333,92.5,10,100,35,400,50,25,119233.9808,326.8654073,11.28149697,45193216.31,99
199,750,700,8527.692009,410.4912094,358.5618737,0,0,10,32,0.015319004,3,3,4,4,289.0,176.0,10,450,30,400,60,25,107805.6498,318.3383136,12.81316881,45446142.13,100
200,700,750,8527.692009,358.5618737,410.4912094,0,0,10,32,0.015319004,4,4,3,3,176.0,289.0,10,450,30,400,60,25,107805.6498,318.3383136,12.81316881,45446142.13,100
201,650,650,8615.24974,355.3479742,355.3479742,0,0,22,25,0.025560295,7,7,6,6,84.16666667,101.0,10,350,35,400,50,25,121585.3552,324.6243726,10.55110944,45511999.6,101
202,650,650,8615.24974,355.3479742,355.3479742,0,0,22,25,0.025560295,6,6,7,7,101.0,84.16666667,10,350,35,400,50,25,121585.3552,324.6243726,10.55110944,45511999.6,101
203,750,700,8190.223454,457.7426101,403.5822074,0,0,20,25,0.018699956,7,7,5,5,100.8333333,138.75,10,250,27,400,50,25,124447.1722,351.0985233,12.92747742,45971222.35,102
204,700,750,8190.223454,403.5822074,457.7426101,0,0,20,25,0.018699956,5,5,7,7,138.75,100.8333333,10,250,27,400,50,25,124447.1722,351.0985233,12.92747742,45971222.35,102
205,750,600,8928.126948,1024.632395,735.4302576,0,0,10,32,0.017872172,5,5,2,2,143.0,422.0,13,100,35,500,60,25,121621.3039,330.7714653,11.18232856,46299255.78,103
206,600,750,8928.126948,735.4302576,1024.632395,0,0,10,32,0.017872172,2,2,5,5,422.0,143.0,13,100,35,500,60,25,121621.3039,330.7714653,11.18232856,46299255.78,103
207,700,650,8223.061206,399.721907,348.8548258,0,0,14,32,0.024746084,4,4,5,5,176.0,119.5,10,300,27,500,60,25,128448.4448,344.715504,11.34557511,46735208.79,104
208,650,700,8223.061206,348.8548258,399.721907,0,0,14,32,0.024746084,5,5,4,4,119.5,176.0,10,300,27,500,60,25,128448.4448,344.715504,11.34557511,46735208.79,104
209,850,650,8325.921108,520.8479649,311.8483304,0,0,18,25,0.01599227,5,5,6,6,176.25,101.0,10,400,27,400,50,25,116861.1111,341.7213966,13.50775195,47370767.26,105
210,650,850,8325.921108,311.8483304,520.8479649,0,0,18,25,0.01599227,6,6,5,5,101.0,176.25,10,400,27,400,50,25,116861.1111,341.7213966,13.50775195,47370767.26,105
211,750,600,8574.626706,999.7006212,720.7205962,0,0,16,29,0.02348515,6,6,4,4,115.0,141.6666667,13,100,30,500,60,25,141247.0845,369.31958,11.31737136,47649170.92,106
212,600,750,8574.626706,720.7205962,999.7006212,0,0,16,29,0.02348515,4,4,6,6,141.6666667,115.0,13,100,30,500,60,25,141247.0845,369.31958,11.31737136,47649170.92,106
213,800,700,8415.426108,761.1194183,615.5025134,0,0,18,25,0.015778088,6,6,5,5,129.8,137.25,13,150,27,400,50,25,131514.0572,372.3867593,13.78004325,47816706.88,107
214,700,800,8415.426108,615.5025134,761.1194183,0,0,18,25,0.015778088,5,5,6,6,137.25,129.8,13,150,27,400,50,25,131514.0572,372.3867593,13.78004325,47816706.88,107
215,750,750,8797.048835,427.705494,427.705494,0,0,14,25,0.012217305,2,2,7,7,605.0,100.8333333,10,400,30,400,50,25,102404.7518,315.3555114,13.63821465,48164446.08,108
216,750,750,8797.048835,427.705494,427.705494,0,0,14,25,0.012217305,7,7,2,2,100.8333333,605.0,10,400,30,400,50,25,102404.7518,315.3555114,13.63821465,48164446.08,108
217,700,600,8388.345615,487.157733,372.6249083,0,0,18,32,0.034467759,5,5,6,6,132.0,85.6,10,150,30,400,60,25,154795.8168,389.4728026,10.72180381,48546232.41,109
218,600,700,8388.345615,372.6249083,487.157733,0,0,18,32,0.034467759,6,6,5,5,85.6,132.0,10,150,30,400,60,25,154795.8168,389.4728026,10.72180381,48546232.41,109
219,650,650,8421.495615,428.1796876,428.1796876,0,0,18,32,0.034263808,6,6,5,5,95.6,119.5,10,150,30,400,60,25,154995.8168,390.3728026,10.78066381,48738003.89,110
220,650,650,8421.495615,428.1796876,428.1796876,0,0,18,32,0.034263808,5,5,6,6,119.5,95.6,10,150,30,400,60,25,154995.8168,390.3728026,10.78066381,48738003.89,110
221,800,600,8544.927857,612.734597,372.054311,0,0,18,25,0.018407769,3,3,8,8,327.5,65.0,10,200,30,500,50,25,114452.0677,322.3694002,11.82390696,48858134.65,111
222,600,800,8544.927857,372.054311,612.734597,0,0,18,25,0.018407769,8,8,3,3,65.0,327.5,10,200,30,500,50,25,114452.0677,322.3694002,11.82390696,48858134.65,111
223,750,600,9464.521667,568.6844618,379.150692,0,0,12,29,0.017613863,4,4,4,4,191.6666667,141.6666667,13,300,40,400,60,25,105297.29,298.3100185,11.07108621,49197905.75,112
224,600,750,9464.521667,379.150692,568.6844618,0,0,12,29,0.017613863,4,4,4,4,141.6666667,191.6666667,13,300,40,400,60,25,105297.29,298.3100185,11.07108621,49197905.75,112
225,750,600,8996.218204,578.4883583,390.6600329,0,0,16,29,0.02348515,5,5,5,5,143.75,106.25,13,250,35,400,60,25,127368.3309,341.7008602,11.22284643,49341309.79,113
226,600,750,8996.218204,390.6600329,578.4883583,0,0,16,29,0.02348515,5,5,5,5,106.25,143.75,13,250,35,400,60,25,127368.3309,341.7008602,11.22284643,49341309.79,113
227,850,700,8654.795832,555.9140306,386.8793304,0,0,12,29,0.013321409,6,6,2,2,135.0,525.0,13,450,27,400,60,25,115253.3269,347.2385318,14.47376956,49377063.73,114
228,700,850,8654.795832,386.8793304,555.9140306,0,0,12,29,0.013321409,2,2,6,6,525.0,135.0,13,450,27,400,60,25,115253.3269,347.2385318,14.47376956,49377063.73,114
229,750,600,8539.592733,551.2313977,373.7915743,0,0,20,29,0.029356438,6,6,6,6,115.0,85.0,13,250,30,400,60,25,147897.288,382.0229553,11.36410389,49703241.46,115
230,600,750,8539.592733,373.7915743,551.2313977,0,0,20,29,0.029356438,6,6,6,6,85.0,115.0,13,250,30,400,60,25,147897.288,382.0229553,11.36410389,49703241.46,115
231,800,600,8318.429719,484.175183,281.8707937,0,0,20,29,0.027521661,7,7,5,5,105.1666667,107.75,10,300,27,400,60,25,145812.676,383.8985775,12.03988025,49938247.09,116
232,600,800,8318.429719,281.8707937,484.175183,0,0,20,29,0.027521661,5,5,7,7,107.75,105.1666667,10,300,27,400,60,25,145812.676,383.8985775,12.03988025,49938247.09,116
233,700,650,9603.482459,580.9039707,511.3050296,0,0,8,32,0.014140619,3,3,3,3,264.0,239.0,10,150,40,500,60,25,95516.7941,280.1504767,11.11865618,50144204.86,117
234,650,700,9603.482459,511.3050296,580.9039707,0,0,8,32,0.014140619,3,3,3,3,239.0,264.0,10,150,40,500,60,25,95516.7941,280.1504767,11.11865618,50144204.86,117
235,700,650,9073.568204,391.1297573,338.4467775,0,0,16,29,0.023227072,5,5,5,5,132.75,120.25,10,400,35,400,60,25,121937.6119,331.8977294,11.30085478,50305114.2,118
236,650,700,9073.568204,338.4467775,391.1297573,0,0,16,29,0.023227072,5,5,5,5,120.25,132.75,10,400,35,400,60,25,121937.6119,331.8977294,11.30085478,50305114.2,118
237,800,650,8833.091428,541.3124516,370.3935536,0,0,16,25,0.015103811,6,6,4,4,131.0,168.3333333,10,300,30,500,50,25,107763.2503,317.2877885,12.69778163,50333955.63,119
238,650,800,8833.091428,370.3935536,541.3124516,0,0,16,25,0.015103811,4,4,6,6,168.3333333,131.0,10,300,30,500,50,25,107763.2503,317.2877885,12.69778163,50333955.63,119
239,700,650,9539.169785,594.2713644,523.982485,0,0,16,25,0.017261498,5,5,5,5,137.25,124.75,13,200,40,400,50,25,109407.8447,307.5085315,11.21403855,50342602.09,120
240,650,700,9539.169785,523.982485,594.2713644,0,0,16,25,0.017261498,5,5,5,5,124.75,137.25,13,200,40,400,50,25,109407.8447,307.5085315,11.21403855,50342602.09,120
241,800,600,9363.803043,704.2717014,431.1668112,0,0,12,29,0.016512996,6,6,2,2,126.2,431.0,10,150,35,500,60,25,109522.6522,312.7424893,11.78983832,51969981.85,121
242,600,800,9363.803043,431.1668112,704.2717014,0,0,12,29,0.016512996,2,2,6,6,431.0,126.2,10,150,35,500,60,25,109522.6522,312.7424893,11.78983832,51969981.85,121
243,750,700,9444.861198,503.4692463,443.110719,0,0,14,25,0.013089969,5,5,4,4,151.25,185.0,10,250,35,400,50,25,101562.6332,306.1496955,12.77001147,52091185.99,122
244,700,750,9444.861198,443.110719,503.4692463,0,0,14,25,0.013089969,4,4,5,5,185.0,151.25,10,250,35,400,50,25,101562.6332,306.1496955,12.77001147,52091185.99,122
245,650,600,9409.402778,357.2149519,305.2540331,0,0,20,29,0.033872813,7,7,5,5,80.16666667,107.75,10,400,40,400,60,25,136958.3002,348.2063697,9.909652691,52624775.01,123
246,600,650,9409.402778,305.2540331,357.2149519,0,0,20,29,0.033872813,5,5,7,7,107.75,80.16666667,10,400,40,400,60,25,136958.3002,348.2063697,9.909652691,52624775.01,123
247,850,600,9401.827084,593.4060085,305.0773403,0,0,16,25,0.015399964,7,7,3,3,117.5,227.5,10,350,35,400,50,25,106229.277,312.2271817,12.45734272,52905002.3,124
248,600,850,9401.827084,305.0773403,593.4060085,0,0,16,25,0.015399964,3,3,7,7,227.5,117.5,10,350,35,400,50,25,106229.277,312.2271817,12.45734272,52905002.3,124
249,650,650,9525.108454,425.9407273,425.9407273,0,0,22,25,0.025560295,8,8,5,5,71.28571429,124.75,13,350,40,400,50,25,124259.3667,329.9456554,10.56932151,53008332.25,125
250,650,650,9525.108454,425.9407273,425.9407273,0,0,22,25,0.025560295,5,5,8,8,124.75,71.28571429,13,350,40,400,50,25,124259.3667,329.9456554,10.56932151,53008332.25,125
251,650,600,9179.903117,354.1602118,303.7576236,0,0,16,32,0.032994778,4,4,6,6,159.3333333,85.6,10,400,35,500,60,25,134297.5911,342.9803193,9.89134465,53031568.9,126
252,600,650,9179.903117,303.7576236,354.1602118,0,0,16,32,0.032994778,6,6,4,4,85.6,159.3333333,10,400,35,500,60,25,134297.5911,342.9803193,9.89134465,53031568.9,126
253,750,650,8886.614285,682.078671,541.6217465,0,0,20,25,0.020138414,4,4,8,8,199.6666667,71.28571429,13,200,30,500,50,25,127785.1783,350.2111554,12.08774409,53197590.07,127
254,650,750,8886.614285,541.6217465,682.078671,0,0,20,25,0.020138414,8,8,4,4,71.28571429,199.6666667,13,200,30,500,50,25,127785.1783,350.2111554,12.08774409,53197590.07,127
255,700,600,9764.223688,443.1226929,330.3176053,0,0,12,32,0.022978506,6,6,2,2,105.6,428.0,10,350,40,500,60,25,112322.5134,305.9198864,10.42989893,54568534.68,128
256,600,700,9764.223688,330.3176053,443.1226929,0,0,12,32,0.022978506,2,2,6,6,428.0,105.6,10,350,40,500,60,25,112322.5134,305.9198864,10.42989893,54568534.68,128
257,850,600,9044.273368,612.4214713,323.9063554,0,0,14,29,0.018131918,3,3,6,6,337.5,85.0,13,450,30,500,60,25,118254.7172,335.8780338,12.54000431,55281331.86,129
258,600,850,9044.273368,323.9063554,612.4214713,0,0,14,29,0.018131918,6,6,3,3,85.0,337.5,13,450,30,500,60,25,118254.7172,335.8780338,12.54000431,55281331.86,129
259,750,700,9695.051558,759.4042519,679.5172406,0,0,8,32,0.012255203,3,3,3,3,289.0,264.0,10,100,35,500,60,25,106912.2471,316.8834283,12.80620764,55490920.05,130
260,700,750,9695.051558,679.5172406,759.4042519,0,0,8,32,0.012255203,3,3,3,3,264.0,289.0,10,100,35,500,60,25,106912.2471,316.8834283,12.80620764,55490920.05,130
261,700,650,9965.086056,461.4699749,401.6292181,0,0,12,29,0.017420304,4,4,4,4,177.0,160.3333333,10,300,40,500,60,25,102549.2493,293.8454174,11.16736565,55918745.84,131
262,650,700,9965.086056,401.6292181,461.4699749,0,0,12,29,0.017420304,4,4,4,4,160.3333333,177.0,10,300,40,500,60,25,102549.2493,293.8454174,11.16736565,55918745.84,131
263,650,650,9443.379564,604.9323743,604.9323743,0,0,18,29,0.028140491,6,6,5,5,96.2,120.25,10,100,35,500,60,25,139250.9032,359.5599144,10.6720193,56221031.13,132
264,650,650,9443.379564,604.9323743,604.9323743,0,0,18,29,0.028140491,5,5,6,6,120.25,96.2,10,100,35,500,60,25,139250.9032,359.5599144,10.6720193,56221031.13,132
265,650,600,9650.359667,387.5648898,332.823516,0,0,18,32,0.037119126,6,6,5,5,94.4,105.5,13,450,40,400,60,25,148359.2769,370.6400882,9.987991885,56421477.59,133
266,600,650,9650.359667,332.823516,387.5648898,0,0,18,32,0.037119126,5,5,6,6,105.5,94.4,13,450,40,400,60,25,148359.2769,370.6400882,9.987991885,56421477.59,133
267,900,650,9386.866691,622.5935018,334.9381479,0,0,10,29,0.011290938,4,4,3,3,243.6666667,240.5,10,400,30,500,60,25,102160.7138,319.4414965,14.15388769,56467847.95,134
268,650,900,9386.866691,334.9381479,622.5935018,0,0,10,29,0.011290938,3,3,4,4,240.5,243.6666667,10,400,30,500,60,25,102160.7138,319.4414965,14.15388769,56467847.95,134
269,900,600,8754.208145,743.6961067,371.2917927,0,0,24,25,0.021816616,8,8,6,6,107.8571429,91.0,10,150,27,400,50,25,145424.807,395.4617466,13.41640806,56874447.46,135
270,600,900,8754.208145,371.2917927,743.6961067,0,0,24,25,0.021816616,6,6,8,8,91.0,107.8571429,10,150,27,400,50,25,145424.807,395.4617466,13.41640806,56874447.46,135
271,750,700,9154.168812,419.1829491,366.5991149,0,0,14,32,0.021446606,3,3,6,6,289.0,105.6,10,400,30,400,60,25,133216.1191,368.2591759,12.98798634,57043879.67,136
272,700,750,9154.168812,366.5991149,419.1829491,0,0,14,32,0.021446606,6,6,3,3,105.6,289.0,10,400,30,400,60,25,133216.1191,368.2591759,12.98798634,57043879.67,136
273,900,600,8879.74226,755.5700451,378.4488607,0,0,20,25,0.018180513,6,6,6,6,149.8,89.8,13,300,27,500,50,25,128512.0167,362.1995639,13.3001492,57316668.77,137
274,600,900,8879.74226,378.4488607,755.5700451,0,0,20,25,0.018180513,6,6,6,6,89.8,149.8,13,300,27,500,50,25,128512.0167,362.1995639,13.3001492,57316668.77,137
275,750,600,9438.969014,437.8098839,281.8908298,0,0,16,32,0.028595474,6,6,4,4,115.6,142.6666667,10,450,35,400,60,25,139025.6618,364.4371798,11.30349476,57323475.27,138
276,600,750,9438.969014,281.8908298,437.8098839,0,0,16,32,0.028595474,4,4,6,6,142.6666667,115.6,10,450,35,400,60,25,139025.6618,364.4371798,11.30349476,57323475.27,138
277,800,700,9305.03041,503.2287638,390.7108385,0,0,12,32,0.01723388,4,4,4,4,209.3333333,176.0,10,300,30,400,60,25,124966.9728,359.1943606,13.7358968,57659915.92,139
278,700,800,9305.03041,390.7108385,503.2287638,0,0,12,32,0.01723388,4,4,4,4,176.0,209.3333333,10,300,30,400,60,25,124966.9728,359.1943606,13.7358968,57659915.92,139
279,700,600,9154.686721,429.0426038,323.9063554,0,0,22,29,0.034598659,7,7,6,6,87.5,85.0,13,450,30,500,60,25,151417.9991,382.7399057,10.69882824,58130532.01,140
280,600,700,9154.686721,323.9063554,429.0426038,0,0,22,29,0.034598659,6,6,7,7,85.0,87.5,13,450,30,500,60,25,151417.9991,382.7399057,10.69882824,58130532.01,140
281,850,700,9419.184383,635.6643031,448.585121,0,0,16,25,0.013199969,4,4,6,6,235.0,111.0,10,200,30,400,50,25,116948.6943,350.6268222,14.48527694,58151894.91,141
282,700,850,9419.184383,448.585121,635.6643031,0,0,16,25,0.013199969,6,6,4,4,111.0,235.0,10,200,30,400,50,25,116948.6943,350.6268222,14.48527694,58151894.91,141
283,750,750,9106.953177,760.6792876,760.6792876,0,0,12,32,0.017157285,3,3,5,5,286.0,143.0,13,150,27,500,60,25,137492.7917,384.6227402,13.87870505,58281064.15,142
284,750,750,9106.953177,760.6792876,760.6792876,0,0,12,32,0.017157285,5,5,3,3,143.0,286.0,13,150,27,500,60,25,137492.7917,384.6227402,13.87870505,58281064.15,142
285,650,650,9187.836721,810.2906719,810.2906719,0,0,22,29,0.034393933,7,7,6,6,79.16666667,95.0,13,100,30,500,60,25,168798.5717,417.8292452,10.87470107,58574320.27,143
286,650,650,9187.836721,810.2906719,810.2906719,0,0,22,29,0.034393933,6,6,7,7,95.0,79.16666667,13,100,30,500,60,25,168798.5717,417.8292452,10.87470107,58574320.27,143
287,750,700,9058.441206,435.211427,382.4992473,0,0,14,32,0.021446606,6,6,3,3,115.6,264.0,10,350,27,500,60,25,133748.9837,369.3195765,12.99161555,59006595.85,144
288,700,750,9058.441206,382.4992473,435.211427,0,0,14,32,0.021446606,3,3,6,6,264.0,115.6,10,350,27,500,60,25,133748.9837,369.3195765,12.99161555,59006595.85,144
289,750,750,9043.973748,439.9766352,439.9766352,0,0,18,29,0.021136635,6,6,5,5,115.0,143.75,13,450,27,400,60,25,143215.2184,395.5609017,13.91889876,59019332.36,145
290,750,750,9043.973748,439.9766352,439.9766352,0,0,18,29,0.021136635,5,5,6,6,143.75,115.0,13,450,27,400,60,25,143215.2184,395.5609017,13.91889876,59019332.36,145
291,850,750,9312.692582,734.5744401,596.0904966,0,0,14,25,0.010779975,6,6,3,3,141.0,302.5,10,150,27,500,50,25,115905.9587,357.2829133,15.4551036,59059790.36,146
292,750,850,9312.692582,596.0904966,734.5744401,0,0,14,25,0.010779975,3,3,6,6,302.5,141.0,10,150,27,500,50,25,115905.9587,357.2829133,15.4551036,59059790.36,146
293,750,600,9054.111279,550.800518,373.7123351,0,0,24,29,0.035227726,8,8,6,6,83.0,86.2,10,150,30,400,60,25,168298.4985,422.0908347,11.50449129,59294500.67,147
294,600,750,9054.111279,373.7123351,550.800518,0,0,24,29,0.035227726,6,6,8,8,86.2,83.0,10,150,30,400,60,25,168298.4985,422.0908347,11.50449129,59294500.67,147
295,650,650,8974.575443,349.7826312,349.7826312,0,0,24,29,0.037520655,7,7,7,7,80.16666667,80.16666667,10,300,27,500,60,25,161330.608,402.7027327,10.82455831,59886331.94,148
296,650,650,8974.575443,349.7826312,349.7826312,0,0,24,29,0.037520655,7,7,7,7,80.16666667,80.16666667,10,300,27,500,60,25,161330.608,402.7027327,10.82455831,59886331.94,148
297,750,650,10284.27973,515.7310674,393.9530169,0,0,14,25,0.01409689,4,4,5,5,201.6666667,126.25,10,350,40,500,50,25,96624.94375,288.7936935,11.87391432,60187131.95,149
298,650,750,10284.27973,393.9530169,515.7310674,0,0,14,25,0.01409689,5,5,4,4,126.25,201.6666667,10,350,40,500,50,25,96624.94375,288.7936935,11.87391432,60187131.95,149
299,800,600,9183.945615,475.1900494,271.7012443,0,0,18,32,0.030159289,6,6,5,5,125.6,107.0,10,400,30,400,60,25,154458.0039,400.8485547,12.09945137,60633302.1,150
300,600,800,9183.945615,271.7012443,475.1900494,0,0,18,32,0.030159289,5,5,6,6,107.0,125.6,10,400,30,400,60,25,154458.0039,400.8485547,12.09945137,60633302.1,150
301,850,650,9116.505133,571.6553079,348.5413443,0,0,16,32,0.023290432,7,7,3,3,112.0,236.0,13,400,27,400,60,25,150748.3518,408.3473331,13.74074697,60784338.53,151
302,650,850,9116.505133,348.5413443,571.6553079,0,0,16,32,0.023290432,3,3,7,7,236.0,112.0,13,400,27,400,60,25,150748.3518,408.3473331,13.74074697,60784338.53,151
303,850,700,9292.574034,581.9126721,408.5105808,0,0,18,25,0.014849965,8,8,3,3,100.7142857,277.5,10,300,27,500,50,25,121802.455,360.088671,14.51886968,61172291.02,152
304,700,850,9292.574034,408.5105808,581.9126721,0,0,18,25,0.014849965,3,3,8,8,277.5,100.7142857,10,300,27,500,50,25,121802.455,360.088671,14.51886968,61172291.02,152
305,800,600,9826.267661,717.1136118,441.5780462,0,0,20,25,0.020453077,7,7,5,5,108.1666667,112.25,13,250,35,500,50,25,124684.502,342.5348095,11.89413257,61547312.64,153
306,600,800,9826.267661,441.5780462,717.1136118,0,0,20,25,0.020453077,5,5,7,7,112.25,108.1666667,13,250,35,500,50,25,124684.502,342.5348095,11.89413257,61547312.64,153
307,850,700,9218.090799,674.3174104,482.8764096,0,0,22,25,0.018149958,8,8,5,5,99.85714286,137.25,13,250,27,400,50,25,142763.0198,401.4059251,14.66269698,61619800.51,154
308,700,850,9218.090799,482.8764096,674.3174104,0,0,22,25,0.018149958,5,5,8,8,137.25,99.85714286,13,250,27,400,50,25,142763.0198,401.4059251,14.66269698,61619800.51,154
309,650,650,9588.152306,378.419617,378.419617,0,0,24,29,0.037520655,7,7,7,7,80.16666667,80.16666667,10,250,35,400,60,25,162201.9811,404.4367652,10.83049303,61833618.21,155
310,650,650,9588.152306,378.419617,378.419617,0,0,24,29,0.037520655,7,7,7,7,80.16666667,80.16666667,10,250,35,400,60,25,162201.9811,404.4367652,10.83049303,61833618.21,155
311,800,650,9128.138712,1097.695322,814.4569052,0,0,24,25,0.022655716,8,8,6,6,92.71428571,99.8,13,100,27,500,50,25,159186.8678,418.8322476,13.05015544,61914341.1,156
312,650,800,9128.138712,814.4569052,1097.695322,0,0,24,25,0.022655716,6,6,8,8,99.8,92.71428571,13,100,27,500,50,25,159186.8678,418.8322476,13.05015544,61914341.1,156
313,700,700,9940.252338,462.511728,462.511728,0,0,12,32,0.019695863,4,4,4,4,176.0,176.0,10,250,35,500,60,25,119909.5259,335.0740412,12.091512,61962018.65,157
314,700,700,9940.252338,462.511728,462.511728,0,0,12,32,0.019695863,4,4,4,4,176.0,176.0,10,250,35,500,60,25,119909.5259,335.0740412,12.091512,61962018.65,157
315,900,600,9968.969202,742.9760151,354.9467512,0,0,10,29,0.012231849,2,2,5,5,725.0,106.25,13,400,35,500,60,25,101086.6681,308.2681457,13.11161137,61980314.72,158
316,600,900,9968.969202,354.9467512,742.9760151,0,0,10,29,0.012231849,5,5,2,2,106.25,725.0,13,400,35,500,60,25,101086.6681,308.2681457,13.11161137,61980314.72,158
317,900,600,9902.218134,797.4906481,389.542738,0,0,10,32,0.014893476,2,2,5,5,728.0,107.0,10,150,35,400,60,25,116047.8788,337.7523493,13.21429177,62053366.36,159
318,600,900,9902.218134,389.542738,797.4906481,0,0,10,32,0.014893476,5,5,2,2,107.0,728.0,10,150,35,400,60,25,116047.8788,337.7523493,13.21429177,62053366.36,159
319,850,750,9421.001804,825.8030194,674.4703469,0,0,14,29,0.014505534,5,5,4,4,168.75,191.6666667,13,150,27,400,60,25,141745.3489,408.2263908,15.63238367,62073269.76,160
320,750,850,9421.001804,674.4703469,825.8030194,0,0,14,29,0.014505534,4,4,5,5,191.6666667,168.75,13,150,27,400,60,25,141745.3489,408.2263908,15.63238367,62073269.76,160
321,750,700,10088.37695,512.8388081,451.4541303,0,0,10,32,0.015319004,4,4,3,3,190.6666667,261.0,13,450,35,500,60,25,110093.4151,322.8909667,12.82875024,62322573.13,161
322,700,750,10088.37695,451.4541303,512.8388081,0,0,10,32,0.015319004,3,3,4,4,261.0,190.6666667,13,450,35,500,60,25,110093.4151,322.8909667,12.82875024,62322573.13,161
323,750,700,9103.6914,427.2823226,375.1186136,0,0,18,32,0.027574208,4,4,7,7,190.6666667,87.0,13,500,27,400,60,25,159525.1166,419.9681091,13.16892353,62352961.69,162
324,700,750,9103.6914,375.1186136,427.2823226,0,0,18,32,0.027574208,7,7,4,4,87.0,190.6666667,13,500,27,400,60,25,159525.1166,419.9681091,13.16892353,62352961.69,162
325,800,700,9605.727857,1118.059072,920.9810065,0,0,18,25,0.015778088,6,6,5,5,129.8,137.25,13,100,30,500,50,25,140544.2773,390.3568973,13.84154595,62376805.18,163
326,700,800,9605.727857,920.9810065,1118.059072,0,0,18,25,0.015778088,5,5,6,6,137.25,129.8,13,100,30,500,50,25,140544.2773,390.3568973,13.84154595,62376805.18,163
327,700,650,10285.2004,521.8965461,457.1470508,0,0,14,29,0.020323688,2,2,7,7,531.0,80.16666667,10,200,40,500,60,25,115094.9168,318.546031,11.25353101,62378992.67,164
328,650,700,10285.2004,457.1470508,521.8965461,0,0,14,29,0.020323688,7,7,2,2,80.16666667,531.0,10,200,40,500,60,25,115094.9168,318.546031,11.25353101,62378992.67,164
329,950,700,9476.008763,713.715772,408.2742262,0,0,16,25,0.011810499,5,5,5,5,199.75,137.25,13,400,27,400,50,25,121779.5637,374.2962523,16.12811858,62548706.95,165
330,700,950,9476.008763,408.2742262,713.715772,0,0,16,25,0.011810499,5,5,5,5,137.25,199.75,13,400,27,400,50,25,121779.5637,374.2962523,16.12811858,62548706.95,165
331,900,700,9484.650221,654.7024496,413.9788396,0,0,12,29,0.012581331,4,4,4,4,241.6666667,175.0,13,450,27,500,60,25,118284.871,360.2993046,15.29938656,62740383.41,166
332,700,900,9484.650221,413.9788396,654.7024496,0,0,12,29,0.012581331,4,4,4,4,175.0,241.6666667,13,450,27,500,60,25,118284.871,360.2993046,15.29938656,62740383.41,166
333,850,600,9540.761152,744.6358845,412.9943739,0,0,14,32,0.022077388,5,5,4,4,169.5,142.6666667,10,150,30,500,60,25,138232.8728,375.2305158,12.67716718,63739593.78,167
334,600,850,9540.761152,412.9943739,744.6358845,0,0,14,32,0.022077388,4,4,5,5,142.6666667,169.5,10,150,30,500,60,25,138232.8728,375.2305158,12.67716718,63739593.78,167
335,800,750,9756.814913,616.6764443,550.800518,0,0,14,29,0.01541213,5,5,4,4,157.75,193.6666667,10,150,30,400,60,25,130620.2059,378.5573563,14.69414523,63755765.99,168
336,750,800,9756.814913,550.800518,616.6764443,0,0,14,29,0.01541213,4,4,5,5,193.6666667,157.75,10,150,30,400,60,25,130620.2059,378.5573563,14.69414523,63755765.99,168
337,950,650,9754.242009,1017.142088,547.5100461,0,0,10,32,0.013024255,3,3,4,4,386.0,157.3333333,13,150,30,400,60,25,130784.0468,382.6393237,15.0970896,63778210.01,169
338,650,950,9754.242009,547.5100461,1017.142088,0,0,10,32,0.013024255,4,4,3,3,157.3333333,386.0,13,150,30,400,60,25,130784.0468,382.6393237,15.0970896,63778210.01,169
339,850,650,9386.626206,646.8142467,404.2253963,0,0,14,32,0.020379128,7,7,2,2,113.0,478.0,10,200,27,500,60,25,139454.4401,386.1954347,13.66295039,63906553.56,170
340,650,850,9386.626206,404.2253963,646.8142467,0,0,14,32,0.020379128,2,2,7,7,478.0,113.0,10,200,27,500,60,25,139454.4401,386.1954347,13.66295039,63906553.56,170
341,850,600,10575.88246,662.8937347,344.1278826,0,0,8,32,0.01261565,3,3,3,3,336.0,211.0,13,500,40,500,60,25,95835.06884,291.8278435,12.38577651,64080262.02,171
342,600,850,10575.88246,344.1278826,662.8937347,0,0,8,32,0.01261565,3,3,3,3,211.0,336.0,13,500,40,500,60,25,95835.06884,291.8278435,12.38577651,64080262.02,171
343,900,750,9632.306333,1119.959278,848.4153311,0,0,10,32,0.011914781,4,4,3,3,240.6666667,286.0,13,100,27,400,60,25,145872.9947,424.2123301,16.52230735,64139431.32,172
344,750,900,9632.306333,848.4153311,1119.959278,0,0,10,32,0.011914781,3,3,4,4,286.0,240.6666667,13,100,27,400,60,25,145872.9947,424.2123301,16.52230735,64139431.32,172
345,800,650,9559.800714,569.8813097,393.0719256,0,0,22,25,0.02076774,8,8,5,5,93.57142857,126.25,10,250,30,500,50,25,131675.3519,364.2814659,12.86224607,64264824.67,173
346,650,800,9559.800714,393.0719256,569.8813097,0,0,22,25,0.02076774,5,5,8,8,126.25,93.57142857,10,250,30,500,50,25,131675.3519,364.2814659,12.86224607,64264824.67,173
347,600,600,10262.50615,369.5627076,369.5627076,0,0,20,32,0.044680429,6,6,6,6,84.4,84.4,13,400,40,500,60,25,158781.4483,385.0332232,9.369877078,64773029.04,174
348,600,600,10262.50615,369.5627076,369.5627076,0,0,20,32,0.044680429,6,6,6,6,84.4,84.4,13,400,40,500,60,25,158781.4483,385.0332232,9.369877078,64773029.04,174
349,750,650,10567.85307,654.4557589,511.3050296,0,0,10,32,0.016497389,4,4,3,3,192.6666667,239.0,10,150,40,500,60,25,111025.8287,317.2164697,11.97263298,64780532.8,175
350,650,750,10567.85307,511.3050296,654.4557589,0,0,10,32,0.016497389,3,3,4,4,239.0,192.6666667,10,150,40,500,60,25,111025.8287,317.2164697,11.97263298,64780532.8,175
351,900,650,9668.955479,621.3098078,334.756112,0,0,20,25,0.016782012,6,6,6,6,151.0,101.0,10,350,30,400,50,25,127837.9435,369.8941582,14.3305195,64910190.07,176
352,650,900,9668.955479,334.756112,621.3098078,0,0,20,25,0.016782012,6,6,6,6,101.0,151.0,10,350,30,400,50,25,127837.9435,369.8941582,14.3305195,64910190.07,176
353,800,700,9361.960486,549.4332379,433.1524482,0,0,22,25,0.01928433,7,7,6,6,109.1666667,111.0,10,250,27,500,50,25,135121.9669,379.1722298,13.80568571,65139865.88,177
354,700,800,9361.960486,433.1524482,549.4332379,0,0,22,25,0.01928433,6,6,7,7,111.0,109.1666667,10,250,27,500,50,25,135121.9669,379.1722298,13.80568571,65139865.88,177
355,700,650,9919.651193,430.4377586,374.7865788,0,0,24,25,0.025892247,7,7,7,7,92.5,84.16666667,10,350,35,500,50,25,131989.6885,351.6578608,11.36997783,65158064.66,178
356,650,700,9919.651193,374.7865788,430.4377586,0,0,24,25,0.025892247,7,7,7,7,84.16666667,92.5,10,350,35,500,50,25,131989.6885,351.6578608,11.36997783,65158064.66,178
357,900,700,9919.992009,586.8188127,358.5618737,0,0,10,32,0.012765837,4,4,3,3,242.6666667,264.0,10,450,30,400,60,25,116616.6748,356.9562535,15.2880882,65297677.65,179
358,700,900,9919.992009,358.5618737,586.8188127,0,0,10,32,0.012765837,3,3,4,4,264.0,242.6666667,10,450,30,400,60,25,116616.6748,356.9562535,15.2880882,65297677.65,179
359,850,600,9968.87474,855.1118966,482.6334251,0,0,22,25,0.02117495,6,6,7,7,141.0,75.83333333,10,100,35,400,50,25,140123.4152,379.085112,12.68979245,65420532.62,180
360,600,850,9968.87474,482.6334251,855.1118966,0,0,22,25,0.02117495,7,7,6,6,75.83333333,141.0,10,100,35,400,50,25,140123.4152,379.085112,12.68979245,65420532.62,180
361,900,650,10373.0612,940.7002404,549.7340197,0,0,14,25,0.011747408,5,5,4,4,188.75,168.3333333,10,100,35,400,50,25,116843.7717,348.6071611,14.25403604,65840556.66,181
362,650,900,10373.0612,549.7340197,940.7002404,0,0,14,25,0.011747408,4,4,5,5,168.3333333,188.75,10,100,35,400,50,25,116843.7717,348.6071611,14.25403604,65840556.66,181
363,750,600,9360.430295,421.2425597,276.0044239,0,0,20,32,0.035744343,8,8,4,4,82.57142857,142.6666667,10,400,27,500,60,25,164401.879,414.2898804,11.478079,66122692.94,182
364,600,750,9360.430295,276.0044239,421.2425597,0,0,20,32,0.035744343,4,4,8,8,142.6666667,82.57142857,10,400,27,500,60,25,164401.879,414.2898804,11.478079,66122692.94,182
365,700,700,9672.441316,438.9342857,438.9342857,0,0,16,32,0.02626115,7,7,3,3,88.0,264.0,10,250,30,500,60,25,144905.545,384.1701475,12.26350681,66354174.66,183
366,700,700,9672.441316,438.9342857,438.9342857,0,0,16,32,0.02626115,3,3,7,7,264.0,88.0,10,250,30,500,60,25,144905.545,384.1701475,12.26350681,66354174.66,183
367,650,600,10225.75945,410.151854,353.7896027,0,0,28,25,0.035242225,8,8,8,8,72.14285714,65.0,10,300,40,500,50,25,142310.2782,358.7495644,9.946394746,66358398.93,184
368,600,650,10225.75945,353.7896027,410.151854,0,0,28,25,0.035242225,8,8,8,8,65.0,72.14285714,10,300,40,500,50,25,142310.2782,358.7495644,9.946394746,66358398.93,184
369,850,650,9748.514285,1221.733003,827.5768729,0,0,20,25,0.017769189,6,6,6,6,139.8,99.8,13,100,30,500,50,25,147572.4569,402.6398399,13.7174546,66450988.82,185
370,650,850,9748.514285,827.5768729,1221.733003,0,0,20,25,0.017769189,6,6,6,6,99.8,139.8,13,100,30,500,50,25,147572.4569,402.6398399,13.7174546,66450988.82,185
371,750,650,9408.942265,453.6031356,348.5413443,0,0,18,32,0.0296953,6,6,5,5,114.4,118.0,13,500,27,500,60,25,156316.7269,406.0534137,12.28460424,66474233.04,186
372,650,750,9408.942265,348.5413443,453.6031356,0,0,18,32,0.0296953,5,5,6,6,118.0,114.4,13,500,27,500,60,25,156316.7269,406.0534137,12.28460424,66474233.04,186
373,800,600,9319.437265,464.4676644,267.5941186,0,0,18,32,0.030159289,5,5,6,6,157.0,85.6,10,450,27,500,60,25,154060.6797,400.0578796,12.09674529,66651286.8,187
374,600,800,9319.437265,267.5941186,464.4676644,0,0,18,32,0.030159289,6,6,5,5,85.6,157.0,10,450,27,500,60,25,154060.6797,400.0578796,12.09674529,66651286.8,187
375,800,650,10205.0009,537.5280224,362.637451,0,0,18,25,0.016991787,5,5,6,6,163.75,101.0,10,400,35,500,50,25,114106.9767,329.7146692,12.74152218,66689147.86,188
376,650,800,10205.0009,362.637451,537.5280224,0,0,18,25,0.016991787,6,6,5,5,101.0,163.75,10,400,35,500,50,25,114106.9767,329.7146692,12.74152218,66689147.86,188
377,950,650,9663.180258,961.5056731,517.4625771,0,0,14,29,0.014975349,6,6,3,3,155.0,237.5,13,200,27,500,60,25,135421.8491,391.6266263,15.12933302,66819127.15,189
378,650,950,9663.180258,517.4625771,961.5056731,0,0,14,29,0.014975349,3,3,6,6,237.5,155.0,13,200,27,500,60,25,135421.8491,391.6266263,15.12933302,66819127.15,189
379,900,600,10804.30139,665.6373825,298.5061538,0,0,10,29,0.012231849,3,3,4,4,365.5,143.6666667,10,450,40,400,60,25,97975.00309,302.0759323,13.09041855,67525184.3,190
380,600,900,10804.30139,298.5061538,665.6373825,0,0,10,29,0.012231849,4,4,3,3,143.6666667,365.5,10,450,40,400,60,25,97975.00309,302.0759323,13.09041855,67525184.3,190
381,850,800,9847.506108,838.7992637,761.1194183,0,0,18,25,0.01299372,3,3,8,8,349.5,92.71428571,13,150,27,400,50,25,143197.9541,419.7337142,16.61951618,69224189.75,191
382,800,850,9847.506108,761.1194183,838.7992637,0,0,18,25,0.01299372,8,8,3,3,92.71428571,349.5,13,150,27,400,50,25,143197.9541,419.7337142,16.61951618,69224189.75,191
383,750,700,9780.645615,602.6249527,536.1244592,0,0,18,32,0.027574208,5,5,6,6,143.0,104.4,13,200,30,400,60,25,167089.6626,435.0215555,13.22044387,69515298.84,192
384,700,750,9780.645615,536.1244592,602.6249527,0,0,18,32,0.027574208,6,6,5,5,104.4,143.0,13,200,30,400,60,25,167089.6626,435.0215555,13.22044387,69515298.84,192
385,900,650,9571.499719,906.3407486,536.1280553,0,0,20,29,0.022581875,7,7,5,5,120.8333333,118.75,13,150,27,400,60,25,167644.1522,448.4272151,14.60347887,69545493.16,193
386,650,900,9571.499719,536.1280553,906.3407486,0,0,20,29,0.022581875,5,5,7,7,118.75,120.8333333,13,150,27,400,60,25,167644.1522,448.4272151,14.60347887,69545493.16,193
387,700,700,10333.57773,408.2603499,408.2603499,0,0,14,32,0.022978506,3,3,6,6,264.0,105.6,10,400,35,500,60,25,130261.9847,355.3524485,12.16289656,69648388.84,194
388,700,700,10333.57773,408.2603499,408.2603499,0,0,14,32,0.022978506,6,6,3,3,105.6,264.0,10,400,35,500,60,25,130261.9847,355.3524485,12.16289656,69648388.84,194
389,700,700,10718.50845,511.3800495,511.3800495,0,0,22,25,0.022039234,6,6,7,7,109.8,91.5,13,300,40,400,50,25,131445.5641,357.8001882,12.17070688,70105920.36,195
390,700,700,10718.50845,511.3800495,511.3800495,0,0,22,25,0.022039234,7,7,6,6,91.5,109.8,13,300,40,400,50,25,131445.5641,357.8001882,12.17070688,70105920.36,195
391,750,750,9964.657214,497.4086062,497.4086062,0,0,16,32,0.02287638,4,4,6,6,192.6666667,115.6,10,200,30,400,60,25,152752.4497,414.3434878,13.98438779,71310839.35,196
392,750,750,9964.657214,497.4086062,497.4086062,0,0,16,32,0.02287638,6,6,4,4,115.6,192.6666667,10,200,30,400,60,25,152752.4497,414.3434878,13.98438779,71310839.35,196
393,850,600,10367.16901,570.2444059,288.619074,0,0,16,32,0.025231301,7,7,3,3,113.0,214.0,10,400,35,400,60,25,144514.1287,387.407229,12.72082374,71606616.06,197
394,600,850,10367.16901,288.619074,570.2444059,0,0,16,32,0.025231301,3,3,7,7,214.0,113.0,10,400,35,400,60,25,144514.1287,387.407229,12.72082374,71606616.06,197
395,900,600,10432.97474,736.3609859,352.0690786,0,0,22,25,0.019998564,8,8,5,5,107.0,112.25,13,350,35,400,50,25,134850.1649,374.6153439,13.34385175,72071218.59,198
396,600,900,10432.97474,352.0690786,736.3609859,0,0,22,25,0.019998564,5,5,8,8,112.25,107.0,13,350,35,400,50,25,134850.1649,374.6153439,13.34385175,72071218.59,198
397,850,600,9937.641316,557.122073,286.8397939,0,0,16,32,0.025231301,5,5,5,5,169.5,107.0,10,400,30,500,60,25,144514.1287,387.407229,12.72082374,72235690.45,199
398,600,850,9937.641316,286.8397939,557.122073,0,0,16,32,0.025231301,5,5,5,5,107.0,169.5,10,400,30,500,60,25,144514.1287,387.407229,12.72082374,72235690.45,199
399,900,750,10003.75581,646.2085597,463.0636826,0,0,16,25,0.011635528,4,4,6,6,251.6666667,121.0,10,300,27,500,50,25,120985.3004,374.7236682,16.35270042,72289450.53,200
400,750,900,10003.75581,463.0636826,646.2085597,0,0,16,25,0.011635528,6,6,4,4,121.0,251.6666667,10,300,27,500,50,25,120985.3004,374.7236682,16.35270042,72289450.53,200
401,750,600,10837.02908,539.3727479,356.4755925,0,0,18,29,0.026420794,6,6,5,5,115.0,106.25,13,450,40,500,60,25,133520.5861,353.6785834,11.26546778,72331093.75,201
402,600,750,10837.02908,356.4755925,539.3727479,0,0,18,29,0.026420794,5,5,6,6,106.25,115.0,13,450,40,500,60,25,133520.5861,353.6785834,11.26546778,72331093.75,201
403,800,600,10865.37104,818.8310723,509.860017,0,0,20,25,0.020453077,6,6,6,6,129.8,89.8,13,200,40,500,50,25,127185.1783,347.5111554,11.91116409,72745864.95,202
404,600,800,10865.37104,509.860017,818.8310723,0,0,20,25,0.020453077,6,6,6,6,89.8,129.8,13,200,40,500,50,25,127185.1783,347.5111554,11.91116409,72745864.95,202
405,900,600,10514.4009,875.7085424,441.203672,0,0,18,25,0.016362462,5,5,6,6,188.75,91.0,10,150,35,500,50,25,122540.268,350.5129188,13.25894211,72945164.17,203
406,600,900,10514.4009,441.203672,875.7085424,0,0,18,25,0.016362462,6,6,5,5,91.0,188.75,10,150,35,500,50,25,122540.268,350.5129188,13.25894211,72945164.17,203
407,800,750,10794.12708,544.670237,482.1849561,0,0,16,25,0.013089969,5,5,5,5,163.75,151.25,10,300,35,400,50,25,114574.2753,346.9057284,14.58410103,73047520.22,204
408,750,800,10794.12708,482.1849561,544.670237,0,0,16,25,0.013089969,5,5,5,5,151.25,163.75,10,300,35,400,50,25,114574.2753,346.9057284,14.58410103,73047520.22,204
409,800,600,9512.7752,511.0054241,300.8818416,0,0,24,32,0.040212386,8,8,6,6,88.85714286,84.4,13,400,27,400,60,25,194419.4158,479.4028069,12.37424835,73087187.52,205
410,600,800,9512.7752,300.8818416,511.0054241,0,0,24,32,0.040212386,6,6,8,8,84.4,88.85714286,13,400,27,400,60,25,194419.4158,479.4028069,12.37424835,73087187.52,205
411,900,650,10730.41736,783.2628885,439.554441,0,0,14,25,0.011747408,3,3,6,6,374.5,99.8,13,350,35,500,50,25,108235.1459,331.4759957,14.19540471,73182923.8,206
412,650,900,10730.41736,439.554441,783.2628885,0,0,14,25,0.011747408,6,6,3,3,99.8,374.5,13,350,35,500,50,25,108235.1459,331.4759957,14.19540471,73182923.8,206
413,800,750,9953.491206,546.3951708,486.5041519,0,0,14,32,0.01876578,4,4,5,5,207.3333333,143.0,13,400,27,500,60,25,142310.8294,401.4176493,14.77486368,73989013.92,207
414,750,800,9953.491206,486.5041519,546.3951708,0,0,14,32,0.01876578,5,5,4,4,143.0,207.3333333,13,400,27,500,60,25,142310.8294,401.4176493,14.77486368,73989013.92,207
415,750,600,10501.42851,805.2922862,565.8647577,0,0,18,32,0.032169909,5,5,6,6,143.0,84.4,13,150,35,500,60,25,163902.9234,413.6199447,11.47380433,75132674.66,208
416,600,750,10501.42851,565.8647577,805.2922862,0,0,18,32,0.032169909,6,6,5,5,84.4,143.0,13,150,35,500,60,25,163902.9234,413.6199447,11.47380433,75132674.66,208
417,850,650,11298.84426,753.8020799,466.9918919,0,0,10,32,0.01455652,5,5,2,2,168.0,472.0,13,250,40,400,60,25,117192.8884,342.5409185,13.50957939,75275339.44,209
418,650,850,11298.84426,466.9918919,753.8020799,0,0,10,32,0.01455652,2,2,5,5,472.0,168.0,13,250,40,400,60,25,117192.8884,342.5409185,13.50957939,75275339.44,209
419,850,750,10043.30726,647.8828268,520.4210137,0,0,20,25,0.015399964,5,5,7,7,174.75,99.83333333,13,350,27,500,50,25,135617.3844,395.9172456,15.59095823,75358524.49,210
420,750,850,10043.30726,520.4210137,647.8828268,0,0,20,25,0.015399964,7,7,5,5,99.83333333,174.75,13,350,27,500,50,25,135617.3844,395.9172456,15.59095823,75358524.49,210
421,950,650,10368.17786,1004.071712,541.6217465,0,0,18,25,0.014308873,6,6,5,5,159.8,124.75,13,200,30,500,50,25,132640.8956,386.1751678,15.11016837,75920064.74,211
422,650,950,10368.17786,541.6217465,1004.071712,0,0,18,25,0.014308873,5,5,6,6,124.75,159.8,13,200,30,500,50,25,132640.8956,386.1751678,15.11016837,75920064.74,211
423,850,700,10050.07533,1180.032317,888.2202493,0,0,18,29,0.019982113,5,5,6,6,168.75,105.0,13,100,27,500,60,25,167279.357,449.9745374,14.83026594,76818522.35,212
424,700,850,10050.07533,888.2202493,1180.032317,0,0,18,29,0.019982113,6,6,5,5,105.0,168.75,13,100,27,500,60,25,167279.357,449.9745374,14.83026594,76818522.35,212
425,750,750,11545.57171,506.5963474,506.5963474,0,0,10,29,0.011742575,3,3,4,4,290.5,193.6666667,10,350,40,500,60,25,100761.4632,312.1389879,13.6268771,78018852.0,213
426,750,750,11545.57171,506.5963474,506.5963474,0,0,10,29,0.011742575,4,4,3,3,193.6666667,290.5,10,350,40,500,60,25,100761.4632,312.1389879,13.6268771,78018852.0,213
427,850,800,10306.96403,941.600422,857.2839622,0,0,18,25,0.01299372,9,9,2,2,87.375,649.0,13,150,27,500,50,25,143197.9541,419.7337142,16.61951618,78239564.0,214
428,800,850,10306.96403,857.2839622,941.600422,0,0,18,25,0.01299372,2,2,9,9,649.0,87.375,13,150,27,500,50,25,143197.9541,419.7337142,16.61951618,78239564.0,214
429,750,700,10875.02773,695.6222319,620.411274,0,0,14,32,0.021446606,4,4,5,5,190.6666667,130.5,13,200,35,500,60,25,142093.6434,385.9254493,13.04844906,78400588.97,215
430,700,750,10875.02773,620.411274,695.6222319,0,0,14,32,0.021446606,5,5,4,4,130.5,190.6666667,13,200,35,500,60,25,142093.6434,385.9254493,13.04844906,78400588.97,215
431,950,700,10330.18818,721.7449449,412.9650138,0,0,12,32,0.014512741,5,5,3,3,193.0,261.0,13,450,27,500,60,25,134717.6011,399.6821109,16.21721561,79094452.17,216
432,700,950,10330.18818,412.9650138,721.7449449,0,0,12,32,0.014512741,3,3,5,5,261.0,193.0,13,450,27,500,60,25,134717.6011,399.6821109,16.21721561,79094452.17,216
433,800,700,11566.07973,745.7999815,593.6762893,0,0,14,25,0.012271846,6,6,3,3,131.0,277.5,10,150,40,500,50,25,108883.9086,327.7470336,13.62484481,79321007.49,217
434,700,800,11566.07973,593.6762893,745.7999815,0,0,14,25,0.012271846,3,3,6,6,277.5,131.0,10,150,40,500,50,25,108883.9086,327.7470336,13.62484481,79321007.49,217
435,1000,700,10348.86515,809.0165907,423.8336306,0,0,10,32,0.011489253,3,3,4,4,414.0,176.0,10,250,27,500,60,25,125691.2065,389.0705715,16.95983242,79387916.6,218
436,700,1000,10348.86515,423.8336306,809.0165907,0,0,10,32,0.011489253,4,4,3,3,176.0,414.0,10,250,27,500,60,25,125691.2065,389.0705715,16.95983242,79387916.6,218
437,850,700,10395.60721,644.8864652,455.0250302,0,0,16,32,0.021626829,3,3,7,7,336.0,87.0,13,300,30,400,60,25,156683.7598,428.6927949,14.75863503,79498358.84,219
438,700,850,10395.60721,455.0250302,644.8864652,0,0,16,32,0.021626829,7,7,3,3,87.0,336.0,13,300,30,400,60,25,156683.7598,428.6927949,14.75863503,79498358.84,219
439,750,650,10638.46127,472.5768426,359.6972689,0,0,20,32,0.032994778,6,6,6,6,115.6,95.6,10,300,35,400,60,25,168747.986,430.4686334,12.37014702,79680141.81,220
440,650,750,10638.46127,359.6972689,472.5768426,0,0,20,32,0.032994778,6,6,6,6,95.6,115.6,10,300,35,400,60,25,168747.986,430.4686334,12.37014702,79680141.81,220
441,800,750,10461.90721,578.1760542,514.8889092,0,0,16,32,0.021446606,5,5,5,5,155.5,143.0,13,300,30,400,60,25,157083.7598,430.4927949,14.87635503,79691400.89,221
442,750,800,10461.90721,514.8889092,578.1760542,0,0,16,32,0.021446606,5,5,5,5,143.0,155.5,13,300,30,400,60,25,157083.7598,430.4927949,14.87635503,79691400.89,221
443,800,750,10563.62671,512.3138583,453.730915,0,0,16,29,0.017613863,3,3,7,7,315.5,96.83333333,10,350,30,500,60,25,134731.0524,386.4726762,14.72286302,80034652.04,222
444,750,800,10563.62671,453.730915,512.3138583,0,0,16,29,0.017613863,7,7,3,3,96.83333333,315.5,10,350,30,500,60,25,134731.0524,386.4726762,14.72286302,80034652.04,222
445,750,700,9891.503607,402.5935689,352.3571694,0,0,28,29,0.035227726,9,9,7,7,72.625,88.5,10,400,27,400,60,25,189432.752,478.6774696,13.37480669,80103901.52,223
446,700,750,9891.503607,352.3571694,402.5935689,0,0,28,29,0.035227726,7,7,9,9,88.5,72.625,10,400,27,400,60,25,189432.752,478.6774696,13.37480669,80103901.52,223
447,950,650,10569.33099,988.5714625,528.8943425,0,0,12,32,0.015629105,3,3,5,5,386.0,118.0,13,200,30,500,60,25,138558.5566,397.7876123,15.15091636,81120098.16,224
448,650,950,10569.33099,528.8943425,988.5714625,0,0,12,32,0.015629105,5,5,3,3,118.0,386.0,13,200,30,500,60,25,138558.5566,397.7876123,15.15091636,81120098.16,224
449,900,700,11272.13865,725.6437854,456.433805,0,0,12,29,0.012581331,3,3,5,5,362.5,131.25,13,350,35,400,60,25,120084.2995,363.8801673,15.31164204,81213577.72,225
450,700,900,11272.13865,456.433805,725.6437854,0,0,12,29,0.012581331,5,5,3,3,131.25,362.5,13,350,35,400,60,25,120084.2995,363.8801673,15.31164204,81213577.72,225
451,850,750,10645.91881,616.0266731,489.8214682,0,0,14,32,0.017661911,4,4,5,5,224.0,143.0,13,350,30,400,60,25,146583.495,417.4502539,15.66643151,81233874.66,226
452,750,850,10645.91881,489.8214682,616.0266731,0,0,14,32,0.017661911,5,5,4,4,143.0,224.0,13,350,30,400,60,25,146583.495,417.4502539,15.66643151,81233874.66,226
453,800,600,11241.55967,827.1665149,513.6933826,0,0,18,32,0.030159289,6,6,5,5,124.4,105.5,13,150,40,400,60,25,166997.5557,425.802263,12.18485531,82199186.58,227
454,600,800,11241.55967,513.6933826,827.1665149,0,0,18,32,0.030159289,5,5,6,6,105.5,124.4,13,150,40,400,60,25,166997.5557,425.802263,12.18485531,82199186.58,227
455,900,750,10386.54875,618.7541211,439.9766352,0,0,18,29,0.017613863,5,5,6,6,181.25,115.0,13,450,27,400,60,25,152909.8507,437.44322,16.57232973,82392182.41,228
456,750,900,10386.54875,439.9766352,618.7541211,0,0,18,29,0.017613863,6,6,5,5,115.0,181.25,13,450,27,400,60,25,152909.8507,437.44322,16.57232973,82392182.41,228
457,900,650,10147.38694,971.1670498,583.988794,0,0,26,25,0.021816616,7,7,8,8,125.8333333,72.14285714,10,100,27,500,50,25,162612.8497,438.5048167,14.56896794,82904173.38,229
458,650,900,10147.38694,583.988794,971.1670498,0,0,26,25,0.021816616,8,8,7,7,72.14285714,125.8333333,10,100,27,500,50,25,162612.8497,438.5048167,14.56896794,82904173.38,229
459,850,650,11604.97311,633.4046175,378.4156604,0,0,12,32,0.017467824,4,4,4,4,226.0,159.3333333,10,300,40,400,60,25,124366.9728,356.4943606,13.5593168,83152647.4,230
460,650,850,11604.97311,378.4156604,633.4046175,0,0,12,32,0.017467824,4,4,4,4,159.3333333,226.0,10,300,40,400,60,25,124366.9728,356.4943606,13.5593168,83152647.4,230
461,800,800,10867.68099,672.5487121,672.5487121,0,0,12,32,0.015079645,5,5,3,3,155.5,311.0,13,250,30,500,60,25,137524.4567,400.2477536,15.66135397,83814220.82,231
462,800,800,10867.68099,672.5487121,672.5487121,0,0,12,32,0.015079645,3,3,5,5,311.0,155.5,13,250,30,500,60,25,137524.4567,400.2477536,15.66135397,83814220.82,231
463,950,750,10977.23438,846.4187766,560.7323079,0,0,16,25,0.011023132,3,3,7,7,402.5,100.8333333,10,150,30,400,50,25,130356.1885,400.9017355,17.27899104,83945713.37,232
464,750,950,10977.23438,560.7323079,846.4187766,0,0,16,25,0.011023132,7,7,3,3,100.8333333,402.5,10,150,30,400,50,25,130356.1885,400.9017355,17.27899104,83945713.37,232
465,900,600,10551.71,672.3747134,320.2671196,0,0,28,25,0.025452718,12,12,4,4,68.63636364,151.6666667,10,300,30,500,50,25,155337.8408,414.794414,13.48499323,84484129.12,233
466,600,900,10551.71,320.2671196,672.3747134,0,0,28,25,0.025452718,4,4,12,12,151.6666667,68.63636364,10,300,30,500,50,25,155337.8408,414.794414,13.48499323,84484129.12,233
467,800,700,11737.57311,675.8829653,532.6805235,0,0,12,32,0.01723388,4,4,4,4,209.3333333,176.0,10,150,40,400,60,25,130145.8883,369.5004025,13.77116917,84789410.48,234
468,700,800,11737.57311,532.6805235,675.8829653,0,0,12,32,0.01723388,4,4,4,4,176.0,209.3333333,10,150,40,400,60,25,130145.8883,369.5004025,13.77116917,84789410.48,234
469,750,600,11463.93553,556.4298689,369.5627076,0,0,18,32,0.032169909,6,6,5,5,114.4,105.5,13,400,40,500,60,25,154264.9001,394.4402781,11.40816202,85235431.4,235
470,600,750,11463.93553,369.5627076,556.4298689,0,0,18,32,0.032169909,5,5,6,6,105.5,114.4,13,400,40,500,60,25,154264.9001,394.4402781,11.40816202,85235431.4,235
471,750,750,11179.34401,493.4370178,493.4370178,0,0,16,32,0.02287638,6,6,4,4,115.6,192.6666667,10,250,35,400,60,25,151198.7751,411.2516753,13.97380608,85541310.22,236
472,750,750,11179.34401,493.4370178,493.4370178,0,0,16,32,0.02287638,4,4,6,6,192.6666667,115.6,10,250,35,400,60,25,151198.7751,411.2516753,13.97380608,85541310.22,236
473,800,750,10314.11267,495.2766478,438.9804617,0,0,20,32,0.026808257,6,6,6,6,124.4,114.4,13,450,27,400,60,25,179046.5511,473.5527779,15.02769124,85607098.11,237
474,750,800,10314.11267,438.9804617,495.2766478,0,0,20,32,0.026808257,6,6,6,6,114.4,124.4,13,450,27,400,60,25,179046.5511,473.5527779,15.02769124,85607098.11,237
475,800,700,11120.40651,620.9490679,489.0594144,0,0,26,25,0.022790572,6,6,9,9,129.8,68.625,13,300,35,400,50,25,152996.5557,414.3483917,13.92849515,85817601.4,238
476,700,800,11120.40651,489.0594144,620.9490679,0,0,26,25,0.022790572,9,9,6,6,68.625,129.8,13,300,35,400,50,25,152996.5557,414.3483917,13.92849515,85817601.4,238
477,750,650,10948.14489,483.5934603,368.9460642,0,0,22,32,0.036294256,8,8,5,5,81.71428571,118.0,13,450,35,400,60,25,181849.9284,456.2185128,12.46025767,85904538.87,239
478,650,750,10948.14489,368.9460642,483.5934603,0,0,22,32,0.036294256,5,5,8,8,118.0,81.71428571,13,450,35,400,60,25,181849.9284,456.2185128,12.46025767,85904538.87,239
479,850,750,10446.2664,501.8035658,392.9944057,0,0,18,32,0.022708171,8,8,3,3,96.85714286,289.0,10,450,27,400,60,25,167208.713,457.848466,15.80865782,86172432.91,240
480,750,850,10446.2664,392.9944057,501.8035658,0,0,18,32,0.022708171,3,3,8,8,289.0,96.85714286,10,450,27,400,60,25,167208.713,457.848466,15.80865782,86172432.91,240
481,800,600,11604.56492,651.9030074,387.7304398,0,0,16,32,0.026808257,5,5,5,5,155.5,105.5,13,350,40,500,60,25,145290.7063,382.9286186,12.03613866,87136153.84,241
482,600,800,11604.56492,387.7304398,651.9030074,0,0,16,32,0.026808257,5,5,5,5,105.5,155.5,13,350,40,500,60,25,145290.7063,382.9286186,12.03613866,87136153.84,241
483,850,600,11633.66814,636.9638882,327.896007,0,0,22,25,0.02117495,8,8,5,5,100.7142857,113.75,10,400,40,500,50,25,128563.336,356.0805544,12.61105948,87207637.64,242
484,600,850,11633.66814,327.896007,636.9638882,0,0,22,25,0.02117495,5,5,8,8,113.75,100.7142857,10,400,40,500,50,25,128563.336,356.0805544,12.61105948,87207637.64,242
485,800,700,11303.93443,608.9285,478.698,0,0,22,25,0.01928433,6,6,7,7,129.8,91.5,13,400,35,500,50,25,135482.6414,379.889972,13.80814218,87281105.79,243
486,700,800,11303.93443,478.698,608.9285,0,0,22,25,0.01928433,7,7,6,6,91.5,129.8,13,400,35,500,50,25,135482.6414,379.889972,13.80814218,87281105.79,243
487,850,700,12120.17171,694.7704424,485.6406033,0,0,10,29,0.011101174,4,4,3,3,227.0,265.5,10,250,40,500,60,25,105383.7064,327.8632518,14.40583012,87922684.35,244
488,700,850,12120.17171,485.6406033,694.7704424,0,0,10,29,0.011101174,3,3,4,4,265.5,227.0,10,250,40,500,60,25,105383.7064,327.8632518,14.40583012,87922684.35,244
489,750,650,11737.16492,538.1515266,412.385828,0,0,16,32,0.026395823,7,7,3,3,95.33333333,236.0,13,450,40,500,60,25,144355.8997,382.5743533,12.20226546,88029029.32,245
490,650,750,11737.16492,412.385828,538.1515266,0,0,16,32,0.026395823,3,3,7,7,236.0,95.33333333,13,450,40,500,60,25,144355.8997,382.5743533,12.20226546,88029029.32,245
491,750,600,10729.56197,527.4226297,355.2565273,0,0,24,32,0.042893212,8,8,6,6,81.71428571,84.4,13,350,30,500,60,25,192585.045,469.728409,11.67178072,88687724.6,246
492,600,750,10729.56197,355.2565273,527.4226297,0,0,24,32,0.042893212,6,6,8,8,84.4,81.71428571,13,350,30,500,60,25,192585.045,469.728409,11.67178072,88687724.6,246
493,800,750,12102.76978,631.5245487,561.3402607,0,0,16,25,0.013089969,6,6,4,4,131.0,201.6666667,10,200,40,400,50,25,117348.6943,352.4268222,14.60299694,88882167.05,247
494,750,800,12102.76978,561.3402607,631.5245487,0,0,16,25,0.013089969,4,4,6,6,201.6666667,131.0,10,200,40,400,50,25,117348.6943,352.4268222,14.60299694,88882167.05,247
495,800,600,10730.48181,1097.225673,718.6111701,0,0,22,32,0.036861354,7,7,6,6,103.6666667,84.4,13,100,30,500,60,25,200051.3097,490.9332616,12.41172945,89055118.48,248
496,600,800,10730.48181,718.6111701,1097.225673,0,0,22,32,0.036861354,6,6,7,7,84.4,103.6666667,13,100,30,500,60,25,200051.3097,490.9332616,12.41172945,89055118.48,248
497,750,750,11956.36222,568.6844618,568.6844618,0,0,16,29,0.01878812,4,4,6,6,191.6666667,115.0,13,300,40,400,60,25,135868.1956,381.2055911,13.86814013,89237332.81,249
498,750,750,11956.36222,568.6844618,568.6844618,0,0,16,29,0.01878812,6,6,4,4,115.0,191.6666667,13,300,40,400,60,25,135868.1956,381.2055911,13.86814013,89237332.81,249
499,900,750,10734.37049,605.5887484,429.8069792,0,0,22,25,0.015998851,8,8,5,5,107.8571429,151.25,10,400,27,500,50,25,142379.8736,416.7074641,16.50001857,89819028.3,250
500,750,900,10734.37049,429.8069792,605.5887484,0,0,22,25,0.015998851,5,5,8,8,151.25,107.8571429,10,400,27,500,50,25,142379.8736,416.7074641,16.50001857,89819028.3,250
501,900,700,10710.52424,635.552787,399.4484423,0,0,16,32,0.020425339,6,6,4,4,144.4,174.0,13,500,27,500,60,25,156052.2762,434.4641425,15.55930401,90147197.22,251
502,700,900,10710.52424,399.4484423,635.552787,0,0,16,32,0.020425339,4,4,6,6,174.0,144.4,13,500,27,500,60,25,156052.2762,434.4641425,15.55930401,90147197.22,251
503,750,750,10850.06,514.2138035,514.2138035,0,0,28,25,0.02443461,6,6,10,10,119.8,66.55555556,13,400,30,500,50,25,158567.1803,425.7387997,14.02446813,90373862.61,252
504,750,750,10850.06,514.2138035,514.2138035,0,0,28,25,0.02443461,10,10,6,6,66.55555556,119.8,13,400,30,500,50,25,158567.1803,425.7387997,14.02446813,90373862.61,252
505,800,650,11921.9943,591.2348701,399.9753589,0,0,14,32,0.021652823,5,5,4,4,155.5,157.3333333,13,500,40,500,60,25,134129.0975,369.0720029,12.87920872,90435185.35,253
506,650,800,11921.9943,399.9753589,591.2348701,0,0,14,32,0.021652823,4,4,5,5,157.3333333,155.5,13,500,40,500,60,25,134129.0975,369.0720029,12.87920872,90435185.35,253
507,900,600,11926.17104,821.1515475,397.9738076,0,0,20,25,0.018180513,8,8,4,4,107.0,149.6666667,13,350,40,500,50,25,127221.9853,359.6324013,13.2913631,90576576.85,254
508,600,900,11926.17104,397.9738076,821.1515475,0,0,20,25,0.018180513,4,4,8,8,149.6666667,107.0,13,350,40,500,50,25,127221.9853,359.6324013,13.2913631,90576576.85,254
509,850,800,11298.47337,633.5065485,567.5743654,0,0,14,29,0.013598938,6,6,3,3,135.0,312.5,13,400,30,500,60,25,133597.0866,400.5453489,16.55435118,90985113.63,255
510,800,850,11298.47337,567.5743654,633.5065485,0,0,14,29,0.013598938,3,3,6,6,312.5,135.0,13,400,30,500,60,25,133597.0866,400.5453489,16.55435118,90985113.63,255
511,750,750,10645.33544,469.2883492,469.2883492,0,0,24,29,0.02818218,7,7,7,7,95.83333333,95.83333333,13,450,27,500,60,25,174008.6541,456.0440444,14.13078494,91556016.65,256
512,750,750,10645.33544,469.2883492,469.2883492,0,0,24,29,0.02818218,7,7,7,7,95.83333333,95.83333333,13,450,27,500,60,25,174008.6541,456.0440444,14.13078494,91556016.65,256
513,950,750,10834.07375,624.6857513,393.8821943,0,0,18,29,0.016686817,4,4,7,7,260.3333333,96.83333333,10,450,27,400,60,25,153380.9507,445.9107089,17.43800599,92063670.32,257
514,750,950,10834.07375,393.8821943,624.6857513,0,0,18,29,0.016686817,7,7,4,4,96.83333333,260.3333333,10,450,27,400,60,25,153380.9507,445.9107089,17.43800599,92063670.32,257
515,1000,700,11193.85548,780.7071994,399.3013862,0,0,20,25,0.014024967,5,5,7,7,213.75,92.5,10,300,30,400,50,25,138447.1722,414.0985233,17.04767742,92148159.02,258
516,700,1000,11193.85548,399.3013862,780.7071994,0,0,20,25,0.014024967,7,7,5,5,92.5,213.75,10,300,30,400,50,25,138447.1722,414.0985233,17.04767742,92148159.02,258
517,850,750,11752.28385,593.4060085,466.9818917,0,0,20,25,0.015399964,6,6,6,6,141.0,121.0,10,350,35,400,50,25,132214.0971,389.1447038,15.56777924,92916500.71,259
518,750,850,11752.28385,466.9818917,593.4060085,0,0,20,25,0.015399964,6,6,6,6,121.0,141.0,10,350,35,400,50,25,132214.0971,389.1447038,15.56777924,92916500.71,259
519,900,800,11485.09143,997.3332035,827.0010335,0,0,16,25,0.010908308,4,4,6,6,251.6666667,131.0,10,100,30,500,50,25,137121.564,415.8708329,17.49756196,94075527.24,260
520,800,900,11485.09143,827.0010335,997.3332035,0,0,16,25,0.010908308,6,6,4,4,131.0,251.6666667,10,100,30,500,50,25,137121.564,415.8708329,17.49756196,94075527.24,260
521,900,650,12291.65307,770.965385,422.7121168,0,0,10,32,0.013747824,4,4,3,3,242.6666667,239.0,10,250,40,500,60,25,115751.3614,346.1982798,14.24723351,94080294.06,261
522,650,900,12291.65307,422.7121168,770.965385,0,0,10,32,0.013747824,3,3,4,4,239.0,242.6666667,10,250,40,500,60,25,115751.3614,346.1982798,14.24723351,94080294.06,261
523,850,750,10884.97537,551.4591584,436.1945853,0,0,20,29,0.020722192,8,8,4,4,97.28571429,193.6666667,10,350,27,500,60,25,158436.1631,440.6453169,15.74822022,94186858.43,262
524,750,850,10884.97537,436.1945853,551.4591584,0,0,20,29,0.020722192,4,4,8,8,193.6666667,97.28571429,10,350,27,500,60,25,158436.1631,440.6453169,15.74822022,94186858.43,262
525,800,750,11105.07357,685.3186244,614.932724,0,0,26,25,0.0212712,7,7,8,8,108.1666667,85.57142857,13,250,30,500,50,25,158419.3791,433.1718102,14.88539428,94347827.09,263
526,750,800,11105.07357,614.932724,685.3186244,0,0,26,25,0.0212712,8,8,7,7,85.57142857,108.1666667,13,250,30,500,50,25,158419.3791,433.1718102,14.88539428,94347827.09,263
527,700,650,11885.77211,703.1762596,623.7005488,0,0,24,29,0.034840608,8,8,6,6,75.85714286,96.2,10,100,40,500,60,25,173260.8764,432.9699668,11.65328457,94772040.59,264
528,650,700,11885.77211,623.7005488,703.1762596,0,0,24,29,0.034840608,6,6,8,8,96.2,75.85714286,10,100,40,500,60,25,173260.8764,432.9699668,11.65328457,94772040.59,264
529,1050,700,11466.76993,1010.988546,498.2353007,0,0,18,25,0.0120214,6,6,5,5,179.8,137.25,13,250,30,400,50,25,140373.778,425.1576038,17.86523402,95079327.76,265
530,700,1050,11466.76993,498.2353007,1010.988546,0,0,18,25,0.0120214,5,5,6,6,137.25,179.8,13,250,30,400,50,25,140373.778,425.1576038,17.86523402,95079327.76,265
531,850,650,12147.17104,905.9559538,581.1735102,0,0,20,25,0.017769189,5,5,7,7,174.75,83.16666667,13,200,40,500,50,25,134027.1268,375.6846329,13.62520055,95210127.39,266
532,650,850,12147.17104,581.1735102,905.9559538,0,0,20,25,0.017769189,7,7,5,5,83.16666667,174.75,13,200,40,500,50,25,134027.1268,375.6846329,13.62520055,95210127.39,266
533,800,700,10568.20458,540.3704216,424.8690548,0,0,30,29,0.035384992,9,9,8,8,78.875,75.85714286,10,200,27,400,60,25,206535.5515,519.4747759,14.29697947,95389690.83,267
534,700,800,10568.20458,424.8690548,540.3704216,0,0,30,29,0.035384992,8,8,9,9,75.85714286,78.875,10,200,27,400,60,25,206535.5515,519.4747759,14.29697947,95389690.83,267
535,950,700,10785.23069,636.0151198,352.3571694,0,0,22,29,0.021851785,5,5,8,8,195.25,75.85714286,10,400,27,400,60,25,170455.8539,469.8212367,16.4632796,95623381.38,268
536,700,950,10785.23069,352.3571694,636.0151198,0,0,22,29,0.021851785,8,8,5,5,75.85714286,195.25,10,400,27,400,60,25,170455.8539,469.8212367,16.4632796,95623381.38,268
537,900,700,11906.7009,1038.187787,694.4577662,0,0,18,25,0.014024967,4,4,7,7,251.6666667,92.5,10,100,35,500,50,25,136316.6686,395.999956,15.42269243,96867838.8,269
538,700,900,11906.7009,694.4577662,1038.187787,0,0,18,25,0.014024967,7,7,4,4,92.5,251.6666667,10,100,35,500,50,25,136316.6686,395.999956,15.42269243,96867838.8,269
539,900,650,11148.41,713.2427287,398.6441833,0,0,28,25,0.023494817,8,8,8,8,107.0,71.28571429,13,400,30,500,50,25,160627.6675,434.3571691,14.55598224,97992391.19,270
540,650,900,11148.41,398.6441833,713.2427287,0,0,28,25,0.023494817,8,8,8,8,71.28571429,107.0,13,400,30,500,50,25,160627.6675,434.3571691,14.55598224,97992391.19,270
541,800,800,11316.25201,616.6764443,616.6764443,0,0,22,29,0.02270537,7,7,6,6,105.1666667,126.2,10,150,30,400,60,25,175289.1451,474.4194863,15.92121954,98739473.07,271
542,800,800,11316.25201,616.6764443,616.6764443,0,0,22,29,0.02270537,6,6,7,7,126.2,105.1666667,10,150,30,400,60,25,175289.1451,474.4194863,15.92121954,98739473.07,271
543,900,700,12669.04426,720.5644652,446.2591108,0,0,10,32,0.012765837,4,4,3,3,240.6666667,261.0,13,450,40,400,60,25,119188.0475,362.073285,15.30560121,99227027.63,272
544,700,900,12669.04426,446.2591108,720.5644652,0,0,10,32,0.012765837,3,3,4,4,261.0,240.6666667,13,450,40,400,60,25,119188.0475,362.073285,15.30560121,99227027.63,272
545,800,700,10823.18984,520.8643797,408.5105808,0,0,34,25,0.029803055,11,11,8,8,65.5,79.28571429,10,300,27,500,50,25,179822.3798,466.9432418,14.11333918,99821785.25,273
546,700,800,10823.18984,408.5105808,520.8643797,0,0,34,25,0.029803055,8,8,11,11,79.28571429,65.5,10,300,27,500,50,25,179822.3798,466.9432418,14.11333918,99821785.25,273
547,1000,700,11048.62284,711.697441,359.2268461,0,0,28,25,0.019634954,10,10,6,6,95.0,111.0,10,400,27,400,50,25,167418.547,470.9630193,17.24713429,100368112.6,274
548,700,1000,11048.62284,359.2268461,711.697441,0,0,28,25,0.019634954,6,6,10,10,111.0,95.0,10,400,27,400,50,25,167418.547,470.9630193,17.24713429,100368112.6,274
549,900,600,11714.73473,713.2292974,337.6292892,0,0,28,25,0.025452718,10,10,6,6,83.88888889,91.0,10,300,35,500,50,25,155337.8408,414.794414,13.48499323,100699957.1,275
550,600,900,11714.73473,337.6292892,713.2292974,0,0,28,25,0.025452718,6,6,10,10,91.0,83.88888889,10,300,35,500,50,25,155337.8408,414.794414,13.48499323,100699957.1,275
551,800,650,12210.64333,639.7680793,438.3757682,0,0,24,29,0.030485532,9,9,5,5,78.125,118.75,13,300,40,400,60,25,173178.7937,445.8586221,13.14766955,100912879.6,276
552,650,800,12210.64333,438.3757682,639.7680793,0,0,24,29,0.030485532,5,5,9,9,118.75,78.125,13,300,40,400,60,25,173178.7937,445.8586221,13.14766955,100912879.6,276
553,900,750,11523.09273,758.6980948,550.800518,0,0,20,29,0.019570959,7,7,5,5,121.8333333,145.25,10,150,30,400,60,25,168235.6916,467.6763786,16.67743021,101151610.3,277
554,750,900,11523.09273,550.800518,758.6980948,0,0,20,29,0.019570959,5,5,7,7,145.25,121.8333333,10,150,30,400,60,25,168235.6916,467.6763786,16.67743021,101151610.3,277
555,1000,800,11472.07345,845.9023678,568.7903307,0,0,20,25,0.012271846,7,7,5,5,141.5,162.25,13,300,27,400,50,25,151395.9137,459.9465188,19.43578213,101173236.5,278
556,800,1000,11472.07345,568.7903307,845.9023678,0,0,20,25,0.012271846,5,5,7,7,162.25,141.5,13,300,27,400,50,25,151395.9137,459.9465188,19.43578213,101173236.5,278
557,950,650,12599.01601,1072.550562,568.9004578,0,0,18,25,0.014308873,6,6,5,5,161.0,126.25,10,100,40,400,50,25,135316.6686,391.499956,15.12839243,101278945.5,279
558,650,950,12599.01601,568.9004578,1072.550562,0,0,18,25,0.014308873,5,5,6,6,126.25,161.0,10,100,40,400,50,25,135316.6686,391.499956,15.12839243,101278945.5,279
559,950,650,11363.09132,901.2553506,472.4761441,0,0,16,32,0.020838807,4,4,6,6,259.3333333,95.6,10,150,30,500,60,25,160563.9575,440.9323884,15.30254277,101349882.6,280
560,650,950,11363.09132,472.4761441,901.2553506,0,0,16,32,0.020838807,6,6,4,4,95.6,259.3333333,10,150,30,500,60,25,160563.9575,440.9323884,15.30254277,101349882.6,280
561,850,800,12299.97843,625.4740022,558.1640811,0,0,14,29,0.013598938,3,3,6,6,340.5,126.2,10,250,35,400,60,25,133205.8935,399.7668747,16.55168685,101407176.3,281
562,800,850,12299.97843,558.1640811,625.4740022,0,0,14,29,0.013598938,6,6,3,3,126.2,340.5,10,250,35,400,60,25,133205.8935,399.7668747,16.55168685,101407176.3,281
563,900,850,11864.56993,607.3830154,544.0672423,0,0,18,25,0.011549973,5,5,6,6,188.75,141.0,10,400,30,400,50,25,134631.783,419.7550338,18.51610081,101447600.5,282
564,850,900,11864.56993,544.0672423,607.3830154,0,0,18,25,0.011549973,6,6,5,5,141.0,188.75,10,400,30,400,50,25,134631.783,419.7550338,18.51610081,101447600.5,282
565,750,750,11217.61082,602.6249527,602.6249527,0,0,24,32,0.034314569,7,7,7,7,95.33333333,95.33333333,13,200,30,400,60,25,208104.6655,523.2024537,14.36488432,101835616.6,283
566,750,750,11217.61082,602.6249527,602.6249527,0,0,24,32,0.034314569,7,7,7,7,95.33333333,95.33333333,13,200,30,400,60,25,208104.6655,523.2024537,14.36488432,101835616.6,283
567,850,800,11589.39273,535.670063,476.1883478,0,0,20,29,0.019427055,6,6,6,6,136.2,126.2,10,400,30,400,60,25,161391.3753,455.0601891,16.74581087,102432620.2,284
568,800,850,11589.39273,476.1883478,535.670063,0,0,20,29,0.019427055,6,6,6,6,126.2,136.2,10,400,30,400,60,25,161391.3753,455.0601891,16.74581087,102432620.2,284
569,750,750,12459.20278,464.2839563,464.2839563,0,0,20,29,0.02348515,6,6,6,6,116.2,116.2,10,450,40,400,60,25,151097.3959,410.98117,13.97330219,102774320.3,285
570,750,750,12459.20278,464.2839563,464.2839563,0,0,20,29,0.02348515,6,6,6,6,116.2,116.2,10,450,40,400,60,25,151097.3959,410.98117,13.97330219,102774320.3,285
571,850,700,10997.34162,887.2362081,654.9292546,0,0,32,25,0.026399938,10,10,8,8,78.33333333,79.28571429,10,100,27,500,50,25,186297.3887,487.0536444,14.96187389,102927795.8,286
572,700,850,10997.34162,654.9292546,887.2362081,0,0,32,25,0.026399938,8,8,10,10,79.28571429,78.33333333,10,100,27,500,50,25,186297.3887,487.0536444,14.96187389,102927795.8,286
573,800,700,11072.18332,491.171202,382.4992473,0,0,22,32,0.031595446,7,7,6,6,104.6666667,105.6,10,350,27,500,60,25,186717.1756,480.4623346,14.16084491,103108807.6,287
574,700,800,11072.18332,382.4992473,491.171202,0,0,22,32,0.031595446,6,6,7,7,105.6,104.6666667,10,350,27,500,60,25,186717.1756,480.4623346,14.16084491,103108807.6,287
575,1000,700,11202.92069,738.4410966,376.5277978,0,0,22,29,0.020759195,8,8,5,5,118.7142857,132.75,10,300,27,400,60,25,174910.2297,485.7134445,17.29858717,103279989.1,288
576,700,1000,11202.92069,376.5277978,738.4410966,0,0,22,29,0.020759195,5,5,8,8,132.75,118.7142857,10,300,27,400,60,25,174910.2297,485.7134445,17.29858717,103279989.1,288
577,700,700,12231.65656,593.6762893,593.6762893,0,0,30,25,0.030053501,9,9,8,8,69.375,79.28571429,10,150,40,500,50,25,163487.2959,420.7746947,12.39107522,103382641.8,289
578,700,700,12231.65656,593.6762893,593.6762893,0,0,30,25,0.030053501,8,8,9,9,79.28571429,69.375,10,150,40,500,50,25,163487.2959,420.7746947,12.39107522,103382641.8,289
579,950,650,12754.17311,818.0700051,399.9753589,0,0,12,32,0.015629105,5,5,3,3,193.0,236.0,13,400,40,400,60,25,131473.307,383.6879656,15.10266039,103976895.4,290
580,650,950,12754.17311,399.9753589,818.0700051,0,0,12,32,0.015629105,3,3,5,5,236.0,193.0,13,400,40,400,60,25,131473.307,383.6879656,15.10266039,103976895.4,290
581,800,800,12168.99063,601.8079534,601.8079534,0,0,24,25,0.018407769,5,5,9,9,163.75,81.875,10,200,35,400,50,25,151369.6818,427.3720474,15.75681109,104129769.1,291
582,800,800,12168.99063,601.8079534,601.8079534,0,0,24,25,0.018407769,9,9,5,5,81.875,163.75,10,200,35,400,50,25,151369.6818,427.3720474,15.75681109,104129769.1,291
583,750,750,12008.29208,543.3143015,543.3143015,0,0,26,29,0.030530696,7,7,8,8,95.83333333,82.14285714,13,300,35,400,60,25,187190.5884,482.0108288,14.22128377,106872619.8,292
584,750,750,12008.29208,543.3143015,543.3143015,0,0,26,29,0.030530696,8,8,7,7,82.14285714,95.83333333,13,300,35,400,60,25,187190.5884,482.0108288,14.22128377,106872619.8,292
585,900,800,11430.8214,667.6318896,539.2375696,0,0,18,32,0.020106193,7,7,4,4,121.3333333,209.3333333,10,200,27,400,60,25,179083.5344,498.0453604,17.78696338,106974142.0,293
586,800,900,11430.8214,539.2375696,667.6318896,0,0,18,32,0.020106193,4,4,7,7,209.3333333,121.3333333,10,200,27,400,60,25,179083.5344,498.0453604,17.78696338,106974142.0,293
587,950,650,11359.37529,702.6978613,348.5413443,0,0,20,32,0.026048509,8,8,4,4,110.2857143,157.3333333,13,500,27,500,60,25,180048.2953,479.0602488,15.43699882,107438501.8,294
588,650,950,11359.37529,348.5413443,702.6978613,0,0,20,32,0.026048509,4,4,8,8,157.3333333,110.2857143,13,500,27,500,60,25,180048.2953,479.0602488,15.43699882,107438501.8,294
589,850,750,12446.39572,661.5473398,525.9126585,0,0,16,29,0.016577753,6,6,4,4,136.2,193.6666667,10,250,35,500,60,25,139823.7571,404.1371584,15.62001594,107608350.1,295
590,750,850,12446.39572,525.9126585,661.5473398,0,0,16,29,0.016577753,4,4,6,6,193.6666667,136.2,10,250,35,500,60,25,139823.7571,404.1371584,15.62001594,107608350.1,295
591,800,700,12666.42306,564.9124104,437.2993464,0,0,22,29,0.025948994,5,5,8,8,157.75,75.85714286,10,300,40,400,60,25,162888.1796,433.6775648,13.99682838,109390396.5,296
592,700,800,12666.42306,437.2993464,564.9124104,0,0,22,29,0.025948994,8,8,5,5,75.85714286,157.75,10,300,40,400,60,25,162888.1796,433.6775648,13.99682838,109390396.5,296
593,950,650,12460.02956,1035.241983,550.3655072,0,0,18,29,0.01925402,6,6,5,5,155.0,118.75,13,200,35,500,60,25,155950.8062,431.9487214,15.27059048,111328951.4,297
594,650,950,12460.02956,550.3655072,1035.241983,0,0,18,29,0.01925402,5,5,6,6,118.75,155.0,13,200,35,500,60,25,155950.8062,431.9487214,15.27059048,111328951.4,297
595,900,750,12703.48688,1079.991594,807.1197271,0,0,14,29,0.013699671,3,3,6,6,362.5,115.0,13,150,35,500,60,25,145439.9812,423.1087091,16.52001464,111641332.9,298
596,750,900,12703.48688,807.1197271,1079.991594,0,0,14,29,0.013699671,6,6,3,3,115.0,362.5,13,150,35,500,60,25,145439.9812,423.1087091,16.52001464,111641332.9,298
597,850,700,11801.14006,595.7922924,415.8359723,0,0,24,29,0.026642818,7,7,7,7,113.5,88.5,10,300,30,500,60,25,176158.1706,466.8475823,14.8928968,112071771.5,299
598,700,850,11801.14006,415.8359723,595.7922924,0,0,24,29,0.026642818,7,7,7,7,88.5,113.5,10,300,30,500,60,25,176158.1706,466.8475823,14.8928968,112071771.5,299
599,950,800,11862.93121,646.2225741,464.4676644,0,0,14,32,0.01481509,6,6,3,3,155.6,314.0,10,450,27,500,60,25,152423.719,453.6702996,18.5236024,112695816.8,300
600,800,950,11862.93121,464.4676644,646.2225741,0,0,14,32,0.01481509,3,3,6,6,314.0,155.6,10,450,27,500,60,25,152423.719,453.6702996,18.5236024,112695816.8,300
601,900,850,12324.02786,672.3747134,605.1319495,0,0,18,25,0.011549973,5,5,6,6,188.75,141.0,10,300,30,500,50,25,136224.5051,422.9245506,18.52694847,112996597.5,301
602,850,900,12324.02786,605.1319495,672.3747134,0,0,18,25,0.011549973,6,6,5,5,141.0,188.75,10,300,30,500,50,25,136224.5051,422.9245506,18.52694847,112996597.5,301
603,850,700,13033.80278,917.2212854,664.1507463,0,0,20,29,0.022202348,8,8,4,4,96.42857143,175.0,13,150,40,400,60,25,168444.1522,452.0272151,14.83891887,113717582.2,302
604,700,850,13033.80278,664.1507463,917.2212854,0,0,20,29,0.022202348,4,4,8,8,175.0,96.42857143,13,150,40,400,60,25,168444.1522,452.0272151,14.83891887,113717582.2,302
605,900,900,12461.26993,899.8456565,899.8456565,0,0,18,25,0.010908308,2,2,9,9,755.0,94.375,10,100,30,400,50,25,153182.8188,465.707595,19.6774088,114118070.7,303
606,900,900,12461.26993,899.8456565,899.8456565,0,0,18,25,0.010908308,9,9,2,2,94.375,755.0,10,100,30,400,50,25,153182.8188,465.707595,19.6774088,114118070.7,303
607,800,800,11534.37162,616.8726026,616.8726026,0,0,32,25,0.024543693,9,9,9,9,81.125,81.125,13,300,27,500,50,25,182975.727,489.4795377,15.97421208,114288550.0,304
608,800,800,11534.37162,616.8726026,616.8726026,0,0,32,25,0.024543693,9,9,9,9,81.125,81.125,13,300,27,500,50,25,182975.727,489.4795377,15.97421208,114288550.0,304
609,800,750,11831.78286,612.734597,547.4296266,0,0,32,25,0.026179939,8,8,10,10,93.57142857,67.22222222,10,200,30,500,50,25,178374.1316,472.2903629,15.02290614,115122651.7,305
610,750,800,11831.78286,547.4296266,612.734597,0,0,32,25,0.026179939,10,10,8,8,67.22222222,93.57142857,10,200,30,500,50,25,178374.1316,472.2903629,15.02290614,115122651.7,305
611,850,750,13282.36222,658.6971047,520.0367539,0,0,16,29,0.016577753,4,4,6,6,227.0,116.2,10,250,40,400,60,25,139823.7571,404.1371584,15.62001594,115475199.3,306
612,750,850,13282.36222,520.0367539,658.6971047,0,0,16,29,0.016577753,6,6,4,4,116.2,227.0,10,250,40,400,60,25,139823.7571,404.1371584,15.62001594,115475199.3,306
613,1050,700,12252.00721,882.1829038,414.4753157,0,0,16,32,0.017507433,6,6,4,4,174.4,174.0,13,400,30,400,60,25,166650.7874,476.6391799,18.04639755,117297389.2,307
614,700,1050,12252.00721,414.4753157,882.1829038,0,0,16,32,0.017507433,4,4,6,6,174.0,174.4,13,400,30,400,60,25,166650.7874,476.6391799,18.04639755,117297389.2,307
615,950,700,11562.26361,737.9794363,424.8690548,0,0,28,29,0.027811362,9,9,7,7,97.625,88.5,10,200,27,400,60,25,205595.8793,538.954093,16.70476938,117298623.4,308
616,700,950,11562.26361,424.8690548,737.9794363,0,0,28,29,0.027811362,7,7,9,9,88.5,97.625,10,200,27,400,60,25,205595.8793,538.954093,16.70476938,117298623.4,308
617,1000,850,12215.98778,754.1770881,555.9140306,0,0,16,29,0.012433315,6,6,4,4,165.0,225.0,13,450,27,400,60,25,157571.5486,482.1252635,20.62820897,117343401.6,309
618,850,1000,12215.98778,555.9140306,754.1770881,0,0,16,29,0.012433315,4,4,6,6,225.0,165.0,13,450,27,400,60,25,157571.5486,482.1252635,20.62820897,117343401.6,309
619,850,750,13412.07393,636.9638882,501.4781945,0,0,18,25,0.013859968,6,6,5,5,141.0,151.25,10,400,40,500,50,25,123969.3799,372.9348515,15.5110915,117378522.2,310
620,750,850,13412.07393,501.4781945,636.9638882,0,0,18,25,0.013859968,5,5,6,6,151.25,141.0,10,400,40,500,50,25,123969.3799,372.9348515,15.5110915,117378522.2,310
621,850,650,12480.4289,660.2510354,403.9937253,0,0,20,32,0.02911304,6,6,6,6,135.6,95.6,10,250,35,500,60,25,175394.7942,456.7477816,13.91036089,117557029.6,311
622,650,850,12480.4289,403.9937253,660.2510354,0,0,20,32,0.02911304,6,6,6,6,95.6,135.6,10,250,35,500,60,25,175394.7942,456.7477816,13.91036089,117557029.6,311
623,950,700,13438.81601,1353.231629,842.945309,0,0,18,25,0.013286811,4,4,7,7,266.3333333,91.5,13,100,40,400,50,25,152070.1227,434.3773297,16.33495535,117822553.5,312
624,700,950,13438.81601,842.945309,1353.231629,0,0,18,25,0.013286811,7,7,4,4,91.5,266.3333333,13,100,40,400,50,25,152070.1227,434.3773297,16.33495535,117822553.5,312
625,800,750,12642.93473,669.0313398,597.9194309,0,0,28,25,0.022907446,8,8,8,8,92.71428571,85.57142857,13,300,35,500,50,25,164172.0515,444.4224934,14.92510929,118855481.1,313
626,750,800,12642.93473,597.9194309,669.0313398,0,0,28,25,0.022907446,8,8,8,8,85.57142857,92.71428571,13,300,35,500,50,25,164172.0515,444.4224934,14.92510929,118855481.1,313
627,950,850,12159.67513,759.839112,622.1599441,0,0,16,32,0.015935559,6,6,4,4,154.4,224.0,13,300,27,400,60,25,175420.3406,508.6485907,19.77356248,120390163.8,314
628,850,950,12159.67513,622.1599441,759.839112,0,0,16,32,0.015935559,4,4,6,6,224.0,154.4,13,300,27,400,60,25,175420.3406,508.6485907,19.77356248,120390163.8,314
629,900,750,12919.71901,683.2961784,483.5934603,0,0,16,32,0.01906365,5,5,5,5,180.5,143.0,13,450,35,400,60,25,160513.6202,452.3782172,16.62465042,120483066.8,315
630,750,900,12919.71901,483.5934603,683.2961784,0,0,16,32,0.01906365,5,5,5,5,143.0,180.5,13,450,35,400,60,25,160513.6202,452.3782172,16.62465042,120483066.8,315
631,850,700,13400.62908,739.8621144,521.8965461,0,0,18,29,0.019982113,7,7,4,4,113.5,177.0,10,200,40,500,60,25,148056.949,411.7219455,14.69934665,120948135.4,316
632,700,850,13400.62908,521.8965461,739.8621144,0,0,18,29,0.019982113,4,4,7,7,177.0,113.5,10,200,40,500,60,25,148056.949,411.7219455,14.69934665,120948135.4,316
633,850,750,12697.36328,593.4060085,466.9818917,0,0,30,25,0.023099946,7,7,10,10,117.5,67.22222222,10,350,35,400,50,25,170354.9954,464.0594168,15.83022249,121126691.0,317
634,750,850,12697.36328,466.9818917,593.4060085,0,0,30,25,0.023099946,10,10,7,7,67.22222222,117.5,10,350,35,400,50,25,170354.9954,464.0594168,15.83022249,121126691.0,317
635,900,900,12288.1803,636.8375594,636.8375594,0,0,16,29,0.013047306,5,5,5,5,182.75,182.75,10,300,27,500,60,25,153327.819,465.6482417,19.67934038,121291346.5,318
636,900,900,12288.1803,636.8375594,636.8375594,0,0,16,29,0.013047306,5,5,5,5,182.75,182.75,10,300,27,500,60,25,153327.819,465.6482417,19.67934038,121291346.5,318
637,950,650,12649.56127,878.423391,448.2901817,0,0,20,32,0.026048509,7,7,5,5,129.6666667,119.5,10,150,35,400,60,25,185559.9766,490.0284947,15.47453758,121352372.8,319
638,650,950,12649.56127,448.2901817,878.423391,0,0,20,32,0.026048509,5,5,7,7,119.5,129.6666667,10,150,35,400,60,25,185559.9766,490.0284947,15.47453758,121352372.8,319
639,850,650,13276.13553,738.4123519,455.9344591,0,0,18,32,0.026201736,7,7,4,4,113.0,159.3333333,10,200,40,500,60,25,164450.4593,435.291541,13.8349452,122299452.3,320
640,650,850,13276.13553,455.9344591,738.4123519,0,0,18,32,0.026201736,4,4,7,7,159.3333333,113.0,10,200,40,500,60,25,164450.4593,435.291541,13.8349452,122299452.3,320
641,900,700,12842.93627,683.2961784,424.4209873,0,0,20,32,0.025531674,8,8,4,4,103.1428571,174.0,13,450,35,400,60,25,181678.0952,484.8135507,15.73558824,123333508.5,321
642,700,900,12842.93627,424.4209873,683.2961784,0,0,20,32,0.025531674,4,4,8,8,174.0,103.1428571,13,450,35,400,60,25,181678.0952,484.8135507,15.73558824,123333508.5,321
643,1050,700,12048.54037,848.0416595,400.6984263,0,0,20,29,0.017973329,6,6,6,6,176.2,106.2,10,300,27,500,60,25,167651.2636,478.5613669,18.05339814,123479518.4,322
644,700,1050,12048.54037,400.6984263,848.0416595,0,0,20,29,0.017973329,6,6,6,6,106.2,176.2,10,300,27,500,60,25,167651.2636,478.5613669,18.05339814,123479518.4,322
645,1050,700,13337.07695,1019.536246,490.072906,0,0,10,32,0.010942146,4,4,3,3,290.6666667,261.0,13,350,35,500,60,25,130280.5746,405.2314141,17.79605938,123964422.0,323
646,700,1050,13337.07695,490.072906,1019.536246,0,0,10,32,0.010942146,3,3,4,4,261.0,290.6666667,13,350,35,500,60,25,130280.5746,405.2314141,17.79605938,123964422.0,323
647,1050,850,12543.3226,808.8679512,541.8065123,0,0,12,32,0.010813415,4,4,4,4,292.6666667,226.0,10,300,27,400,60,25,153211.073,482.16612,21.57547438,124166663.7,324
648,850,1050,12543.3226,541.8065123,808.8679512,0,0,12,32,0.010813415,4,4,4,4,226.0,292.6666667,10,300,27,400,60,25,153211.073,482.16612,21.57547438,124166663.7,324
649,850,750,13008.72812,780.2598748,629.0281567,0,0,16,32,0.020185041,4,4,6,6,226.0,115.6,10,150,35,500,60,25,162163.9575,448.1323884,15.77342277,124456986.3,325
650,750,850,13008.72812,629.0281567,780.2598748,0,0,16,32,0.020185041,6,6,4,4,115.6,226.0,10,150,35,500,60,25,162163.9575,448.1323884,15.77342277,124456986.3,325
651,800,750,13462.76524,582.5493632,515.7310674,0,0,24,25,0.019634954,6,6,8,8,131.0,86.42857143,10,350,40,500,50,25,144294.3028,405.2600433,14.7886568,124506585.5,326
652,750,800,13462.76524,515.7310674,582.5493632,0,0,24,25,0.019634954,8,8,6,6,86.42857143,131.0,10,350,40,500,50,25,144294.3028,405.2600433,14.7886568,124506585.5,326
653,850,850,13337.6759,794.0471894,794.0471894,0,0,18,25,0.012229383,6,6,5,5,141.0,176.25,10,150,35,500,50,25,138784.3681,419.4846781,17.56691969,124809533.3,327
654,850,850,13337.6759,794.0471894,794.0471894,0,0,18,25,0.012229383,5,5,6,6,176.25,141.0,10,150,35,500,50,25,138784.3681,419.4846781,17.56691969,124809533.3,327
655,800,700,11870.20938,791.5859995,640.8391432,0,0,26,32,0.037340073,8,8,7,7,89.71428571,88.0,10,100,27,500,60,25,222810.8707,551.6428163,14.40842338,124910483.4,328
656,700,800,11870.20938,640.8391432,791.5859995,0,0,26,32,0.037340073,7,7,8,8,88.0,89.71428571,10,100,27,500,60,25,222810.8707,551.6428163,14.40842338,124910483.4,328
657,850,800,11899.5752,501.8035658,445.7751881,0,0,24,32,0.028385214,9,9,5,5,84.75,157.0,10,450,27,400,60,25,208239.7501,547.065272,17.06820316,124992318.6,329
658,800,850,11899.5752,445.7751881,501.8035658,0,0,24,32,0.028385214,5,5,9,9,157.0,84.75,10,450,27,400,60,25,208239.7501,547.065272,17.06820316,124992318.6,329
659,900,800,12183.59727,612.8335378,491.171202,0,0,18,32,0.020106193,6,6,5,5,145.6,157.0,10,350,27,500,60,25,175225.7708,490.3684109,17.76068906,126039802.2,330
660,800,900,12183.59727,491.171202,612.8335378,0,0,18,32,0.020106193,5,5,6,6,157.0,145.6,10,350,27,500,60,25,175225.7708,490.3684109,17.76068906,126039802.2,330
661,1100,750,12347.88549,1058.33765,543.4424813,0,0,26,25,0.015469964,10,10,5,5,105.4444444,149.75,13,250,27,400,50,25,178920.0555,519.1481561,20.1998258,127206848.8,331
662,750,1100,12347.88549,543.4424813,1058.33765,0,0,26,25,0.015469964,5,5,10,10,149.75,105.4444444,13,250,27,400,50,25,178920.0555,519.1481561,20.1998258,127206848.8,331
663,800,800,12997.63627,534.5629542,534.5629542,0,0,20,32,0.025132741,7,7,5,5,104.6666667,157.0,10,300,35,400,60,25,181770.0361,487.004513,15.96620581,127580059.8,332
664,800,800,12997.63627,534.5629542,534.5629542,0,0,20,32,0.025132741,5,5,7,7,157.0,104.6666667,10,300,35,400,60,25,181770.0361,487.004513,15.96620581,127580059.8,332
665,850,800,12588.72148,573.1946854,511.2398251,0,0,18,32,0.02128891,5,5,6,6,169.5,125.6,10,350,30,500,60,25,171849.6172,475.6178653,16.81772932,128212230.3,333
666,800,850,12588.72148,511.2398251,573.1946854,0,0,18,32,0.02128891,6,6,5,5,125.6,169.5,10,350,30,500,60,25,171849.6172,475.6178653,16.81772932,128212230.3,333
667,950,900,12513.41814,817.1300758,743.6961067,0,0,24,25,0.013778915,9,9,5,5,100.625,188.75,10,150,27,400,50,25,173501.9822,514.5873254,20.85236383,128278160.6,334
668,900,950,12513.41814,743.6961067,817.1300758,0,0,24,25,0.013778915,5,5,9,9,188.75,100.625,10,150,27,400,50,25,173501.9822,514.5873254,20.85236383,128278160.6,334
669,850,650,12873.75429,630.2488256,381.8454971,0,0,22,32,0.032024344,7,7,6,6,113.0,95.6,10,300,35,500,60,25,186857.0206,479.2346263,13.98930382,128288109.5,335
670,650,850,12873.75429,381.8454971,630.2488256,0,0,22,32,0.032024344,6,6,7,7,95.6,113.0,10,300,35,500,60,25,186857.0206,479.2346263,13.98930382,128288109.5,335
671,900,750,13945.36222,1009.483826,744.5547456,0,0,16,29,0.015656767,6,6,4,4,145.0,191.6666667,13,150,40,400,60,25,155704.4597,443.2697567,16.59064337,128939713.8,336
672,750,900,13945.36222,744.5547456,1009.483826,0,0,16,29,0.015656767,4,4,6,6,191.6666667,145.0,13,150,40,400,60,25,155704.4597,443.2697567,16.59064337,128939713.8,336
673,950,750,13423.04266,832.0058739,541.9644751,0,0,20,25,0.013778915,7,7,5,5,133.1666667,149.75,13,400,35,500,50,25,141096.4102,421.8805069,17.35320999,128984421.4,337
674,750,950,13423.04266,541.9644751,832.0058739,0,0,20,25,0.013778915,5,5,7,7,149.75,133.1666667,13,400,35,500,50,25,141096.4102,421.8805069,17.35320999,128984421.4,337
675,850,700,13081.05609,985.3367553,723.5575378,0,0,24,29,0.026642818,8,8,6,6,96.42857143,105.0,13,150,35,500,60,25,188973.1093,492.3493102,14.98017633,129467190.1,338
676,700,850,13081.05609,723.5575378,985.3367553,0,0,24,29,0.026642818,6,6,8,8,105.0,96.42857143,13,150,35,500,60,25,188973.1093,492.3493102,14.98017633,129467190.1,338
677,950,800,13615.30176,833.447185,609.3785884,0,0,12,32,0.012698648,6,6,2,2,154.4,622.0,13,300,35,400,60,25,146277.0053,441.7613253,18.48086218,129573819.7,339
678,800,950,13615.30176,609.3785884,833.447185,0,0,12,32,0.012698648,2,2,6,6,622.0,154.4,13,300,35,400,60,25,146277.0053,441.7613253,18.48086218,129573819.7,339
679,900,600,13353.55366,791.8378584,379.326106,0,0,32,25,0.029088821,11,11,7,7,74.9,74.83333333,13,400,40,500,50,25,172023.5397,447.6046849,13.59970543,129676690.4,340
680,600,900,13353.55366,379.326106,791.8378584,0,0,32,25,0.029088821,7,7,11,11,74.83333333,74.9,13,400,40,500,50,25,172023.5397,447.6046849,13.59970543,129676690.4,340
681,900,850,12283.22267,561.0795388,501.8035658,0,0,20,32,0.021026084,5,5,7,7,182.0,113.0,10,450,27,400,60,25,190317.7476,529.114459,18.89931462,129957657.8,341
682,850,900,12283.22267,501.8035658,561.0795388,0,0,20,32,0.021026084,7,7,5,5,113.0,182.0,10,450,27,400,60,25,190317.7476,529.114459,18.89931462,129957657.8,341
683,850,800,12458.13986,696.7290103,627.0190261,0,0,36,25,0.025987439,9,9,11,11,88.125,65.5,10,150,30,400,50,25,203626.96,538.2132216,17.03589815,131730969.7,342
684,800,850,12458.13986,627.0190261,696.7290103,0,0,36,25,0.025987439,11,11,9,9,65.5,88.125,10,150,30,400,50,25,203626.96,538.2132216,17.03589815,131730969.7,342
685,900,900,12504.8814,797.0216173,797.0216173,0,0,18,32,0.017872172,6,6,5,5,144.4,180.5,13,200,27,400,60,25,193536.4822,544.8787266,19.9553215,131752347.5,343
686,900,900,12504.8814,797.0216173,797.0216173,0,0,18,32,0.017872172,5,5,6,6,180.5,144.4,13,200,27,400,60,25,193536.4822,544.8787266,19.9553215,131752347.5,343
687,1000,800,12989.28099,926.016852,625.3623832,0,0,12,32,0.012063716,2,2,6,6,822.0,124.4,13,300,30,500,60,25,149824.3215,456.8524844,19.42498767,131781249.1,344
688,800,1000,12989.28099,625.3623832,926.016852,0,0,12,32,0.012063716,6,6,2,2,124.4,822.0,13,300,30,500,60,25,149824.3215,456.8524844,19.42498767,131781249.1,344
689,850,800,13317.33753,561.3436242,498.2224933,0,0,22,29,0.02136976,9,9,4,4,85.125,210.3333333,10,450,35,400,60,25,171172.8995,474.2601574,16.81315031,132017288.3,345
690,800,850,13317.33753,498.2224933,561.3436242,0,0,22,29,0.02136976,4,4,9,9,210.3333333,85.125,10,450,35,400,60,25,171172.8995,474.2601574,16.81315031,132017288.3,345
691,900,750,14174.8004,982.5225797,722.5709601,0,0,14,29,0.013699671,5,5,4,4,181.25,191.6666667,13,200,40,500,60,25,140542.8233,413.363365,16.48666126,133103334.6,346
692,750,900,14174.8004,722.5709601,982.5225797,0,0,14,29,0.013699671,4,4,5,5,191.6666667,181.25,13,200,40,500,60,25,140542.8233,413.363365,16.48666126,133103334.6,346
693,850,750,12690.6434,747.3659657,603.9924828,0,0,26,29,0.026938849,9,9,6,6,84.375,115.0,13,250,30,500,60,25,195774.6206,514.1530529,16.004683,133481526.4,347
694,750,850,12690.6434,603.9924828,747.3659657,0,0,26,29,0.026938849,6,6,9,9,115.0,84.375,13,250,30,500,60,25,195774.6206,514.1530529,16.004683,133481526.4,347
695,1000,750,13637.2182,784.876183,447.5102869,0,0,16,29,0.01409109,5,5,5,5,207.75,145.25,10,400,35,400,60,25,146770.687,440.5515489,18.25473297,133528899.0,348
696,750,1000,13637.2182,447.5102869,784.876183,0,0,16,29,0.01409109,5,5,5,5,145.25,207.75,10,400,35,400,60,25,146770.687,440.5515489,18.25473297,133528899.0,348
697,1000,850,12646.23549,894.9867685,674.3174104,0,0,26,25,0.015014965,6,6,9,9,169.8,87.375,13,250,27,400,50,25,180920.0555,528.1481561,20.7884258,134279454.7,349
698,850,1000,12646.23549,674.3174104,894.9867685,0,0,26,25,0.015014965,9,9,6,6,87.375,169.8,13,250,27,400,50,25,180920.0555,528.1481561,20.7884258,134279454.7,349
699,1000,700,12626.37055,722.6709376,359.4378392,0,0,26,29,0.024533595,7,7,8,8,138.5,75.85714286,10,450,30,400,60,25,193438.8649,522.0548991,17.4262209,135154940.2,350
700,700,1000,12626.37055,359.4378392,722.6709376,0,0,26,29,0.024533595,8,8,7,7,75.85714286,138.5,10,450,30,400,60,25,193438.8649,522.0548991,17.4262209,135154940.2,350
701,950,750,12435.43544,1390.811672,982.2433434,0,0,24,29,0.02224909,6,6,8,8,155.0,82.14285714,13,100,27,500,60,25,210598.6381,558.9781125,17.82986152,135493901.7,351
702,750,950,12435.43544,982.2433434,1390.811672,0,0,24,29,0.02224909,8,8,6,6,82.14285714,155.0,13,100,27,500,60,25,210598.6381,558.9781125,17.82986152,135493901.7,351
703,850,700,13850.15945,905.9559538,656.4398505,0,0,28,25,0.023099946,11,11,5,5,69.9,137.25,13,200,40,500,50,25,168460.8197,451.953142,14.83932339,135642643.7,352
704,700,850,13850.15945,656.4398505,905.9559538,0,0,28,25,0.023099946,5,5,11,11,137.25,69.9,13,200,40,500,50,25,168460.8197,451.953142,14.83932339,135642643.7,352
705,900,800,13615.86901,683.2961784,546.4634831,0,0,16,32,0.017872172,6,6,4,4,144.4,207.3333333,13,450,35,400,60,25,164345.1643,469.03899,17.68570741,135691000.8,353
706,800,900,13615.86901,546.4634831,683.2961784,0,0,16,32,0.017872172,4,4,6,6,207.3333333,144.4,13,450,35,400,60,25,164345.1643,469.03899,17.68570741,135691000.8,353
707,800,800,13454.17225,844.7597979,844.7597979,0,0,22,29,0.02270537,5,5,8,8,157.75,90.14285714,10,100,35,500,60,25,180879.0857,485.543468,15.95929131,137018911.3,354
708,800,800,13454.17225,844.7597979,844.7597979,0,0,22,29,0.02270537,8,8,5,5,90.14285714,157.75,10,100,35,500,60,25,180879.0857,485.543468,15.95929131,137018911.3,354
709,850,850,13634.28151,692.4402195,692.4402195,0,0,26,25,0.017664665,9,9,6,6,87.375,139.8,13,300,35,400,50,25,167385.8203,475.6130283,17.76385711,137605415.5,355
710,850,850,13634.28151,692.4402195,692.4402195,0,0,26,25,0.017664665,6,6,9,9,139.8,87.375,13,300,35,400,50,25,167385.8203,475.6130283,17.76385711,137605415.5,355
711,900,800,12938.51,781.6413367,637.2363525,0,0,28,25,0.019089539,6,6,10,10,149.8,72.11111111,13,300,30,500,50,25,174814.0,489.6959709,17.75748576,137953546.2,356
712,800,900,12938.51,637.2363525,781.6413367,0,0,28,25,0.019089539,10,10,6,6,72.11111111,149.8,13,300,30,500,50,25,174814.0,489.6959709,17.75748576,137953546.2,356
713,1050,800,13420.07337,965.6879844,592.9060858,0,0,14,29,0.011008664,5,5,4,4,218.75,208.3333333,13,350,30,500,60,25,148637.2758,462.6033255,20.33664858,138239842.6,357
714,800,1050,13420.07337,592.9060858,965.6879844,0,0,14,29,0.011008664,4,4,5,5,208.3333333,218.75,13,350,30,500,60,25,148637.2758,462.6033255,20.33664858,138239842.6,357
715,850,750,14036.62306,647.3322966,510.0610339,0,0,22,29,0.022794411,6,6,7,7,135.0,95.83333333,13,450,40,400,60,25,170207.2637,463.8045423,15.8291102,138544794.4,358
716,750,850,14036.62306,510.0610339,647.3322966,0,0,22,29,0.022794411,7,7,6,6,95.83333333,135.0,13,450,40,400,60,25,170207.2637,463.8045423,15.8291102,138544794.4,358
717,900,750,13588.85312,733.5592376,524.7272806,0,0,16,32,0.01906365,4,4,6,6,242.6666667,115.6,10,250,35,500,60,25,160938.6201,453.223967,16.62754499,138647035.5,359
718,750,900,13588.85312,524.7272806,733.5592376,0,0,16,32,0.01906365,6,6,4,4,115.6,242.6666667,10,250,35,500,60,25,160938.6201,453.223967,16.62754499,138647035.5,359
719,950,750,14500.17683,865.7944951,561.3402607,0,0,16,25,0.011023132,7,7,3,3,134.1666667,302.5,10,250,40,500,50,25,125423.888,391.0864576,17.24539831,138887371.5,360
720,750,950,14500.17683,561.3402607,865.7944951,0,0,16,25,0.011023132,3,3,7,7,302.5,134.1666667,10,250,40,500,50,25,125423.888,391.0864576,17.24539831,138887371.5,360
721,1000,700,12853.92148,841.1291984,438.9342857,0,0,18,32,0.020680656,4,4,7,7,276.0,88.0,10,250,30,500,60,25,175683.2447,487.262784,17.30382203,138901640.5,361
722,700,1000,12853.92148,438.9342857,841.1291984,0,0,18,32,0.020680656,7,7,4,4,88.0,276.0,10,250,30,500,60,25,175683.2447,487.262784,17.30382203,138901640.5,361
723,900,850,12720.62727,743.1986739,672.6645803,0,0,18,32,0.018923476,4,4,7,7,240.6666667,112.0,13,300,27,500,60,25,184171.034,517.2054847,18.85657439,139173423.9,362
724,850,900,12720.62727,672.6645803,743.1986739,0,0,18,32,0.018923476,7,7,4,4,112.0,240.6666667,13,300,27,500,60,25,184171.034,517.2054847,18.85657439,139173423.9,362
725,1050,800,12719.38284,1052.646982,664.9548745,0,0,28,25,0.016362462,7,7,9,9,149.8333333,81.125,13,200,27,400,50,25,191186.6651,546.3735744,20.62889278,139287723.5,363
726,800,1050,12719.38284,664.9548745,1052.646982,0,0,28,25,0.016362462,9,9,7,7,81.125,149.8333333,13,200,27,400,50,25,191186.6651,546.3735744,20.62889278,139287723.5,363
727,950,750,13019.67148,765.538548,497.4086062,0,0,18,32,0.020317837,6,6,5,5,155.6,144.5,10,250,30,500,60,25,176683.2447,491.762784,17.59812203,139454370.6,364
728,750,950,13019.67148,497.4086062,765.538548,0,0,18,32,0.020317837,5,5,6,6,144.5,155.6,10,250,30,500,60,25,176683.2447,491.762784,17.59812203,139454370.6,364
729,950,850,13192.86212,1033.090309,861.9289491,0,0,26,25,0.015805226,5,5,10,10,199.75,77.66666667,13,150,30,400,50,25,185994.5697,529.7124395,19.84552372,139527202.1,365
730,850,950,13192.86212,861.9289491,1033.090309,0,0,26,25,0.015805226,10,10,5,5,77.66666667,199.75,13,150,30,400,50,25,185994.5697,529.7124395,19.84552372,139527202.1,365
731,800,800,14080.82306,677.3028875,677.3028875,0,0,22,29,0.02270537,7,7,6,6,105.1666667,126.2,10,150,40,400,60,25,175289.1451,474.4194863,15.92121954,139708501.7,366
732,800,800,14080.82306,677.3028875,677.3028875,0,0,22,29,0.02270537,6,6,7,7,126.2,105.1666667,10,150,40,400,60,25,175289.1451,474.4194863,15.92121954,139708501.7,366
733,900,900,12858.64424,595.7090528,595.7090528,0,0,16,32,0.015886375,4,4,6,6,242.6666667,145.6,10,400,27,500,60,25,169593.0694,497.5543211,19.79137215,140119457.3,367
734,900,900,12858.64424,595.7090528,595.7090528,0,0,16,32,0.015886375,6,6,4,4,145.6,242.6666667,10,400,27,500,60,25,169593.0694,497.5543211,19.79137215,140119457.3,367
735,850,700,13887.01737,646.058856,446.2591108,0,0,22,32,0.02973689,7,7,6,6,112.0,104.4,13,450,40,400,60,25,191144.5607,496.3008311,14.99596865,140422530.4,368
736,700,850,13887.01737,446.2591108,646.058856,0,0,22,32,0.02973689,6,6,7,7,104.4,112.0,13,450,40,400,60,25,191144.5607,496.3008311,14.99596865,140422530.4,368
737,1000,750,13032.11128,806.4233636,472.08977,0,0,24,29,0.021136635,7,7,7,7,137.5,95.83333333,13,400,30,400,60,25,191040.4536,527.5873254,18.55912305,141106216.6,369
738,750,1000,13032.11128,472.08977,806.4233636,0,0,24,29,0.021136635,7,7,7,7,95.83333333,137.5,13,400,30,400,60,25,191040.4536,527.5873254,18.55912305,141106216.6,369
739,900,750,13466.50417,648.2375993,455.5795933,0,0,32,25,0.023271057,8,8,10,10,107.8571429,67.22222222,10,400,35,400,50,25,180520.7719,491.622177,16.76246182,141246668.1,370
740,750,900,13466.50417,455.5795933,648.2375993,0,0,32,25,0.023271057,10,10,8,8,67.22222222,107.8571429,10,400,35,400,50,25,180520.7719,491.622177,16.76246182,141246668.1,370
741,950,950,13101.53375,941.9080695,941.9080695,0,0,18,29,0.013173803,6,6,5,5,156.2,195.25,10,100,27,400,60,25,185049.3539,547.0828313,22.0235284,141725976.9,371
742,950,950,13101.53375,941.9080695,941.9080695,0,0,18,29,0.013173803,5,5,6,6,195.25,156.2,10,100,27,400,60,25,185049.3539,547.0828313,22.0235284,141725976.9,371
743,800,750,13481.43993,528.6615808,467.1108798,0,0,26,29,0.028622527,8,8,7,7,90.14285714,96.83333333,10,400,35,500,60,25,185476.5422,486.1298769,15.07207751,141945787.7,372
744,750,800,13481.43993,467.1108798,528.6615808,0,0,26,29,0.028622527,7,7,8,8,96.83333333,90.14285714,10,400,35,500,60,25,185476.5422,486.1298769,15.07207751,141945787.7,372
745,1000,750,13204.53338,884.2850727,528.6195041,0,0,20,29,0.017613863,6,6,6,6,165.0,115.0,13,350,30,500,60,25,171635.3124,489.5016239,18.42551964,142015973.9,373
746,750,1000,13204.53338,528.6195041,884.2850727,0,0,20,29,0.017613863,6,6,6,6,115.0,165.0,13,350,30,500,60,25,171635.3124,489.5016239,18.42551964,142015973.9,373
747,1000,800,14156.37843,1401.512136,988.9512226,0,0,14,29,0.011559097,4,4,5,5,275.0,156.25,13,100,35,400,60,25,168360.1422,493.8198296,19.55101082,142158670.0,374
748,800,1000,14156.37843,988.9512226,1401.512136,0,0,14,29,0.011559097,5,5,4,4,156.25,275.0,13,100,35,400,60,25,168360.1422,493.8198296,19.55101082,142158670.0,374
749,800,800,12846.65571,637.2363525,637.2363525,0,0,36,25,0.027611654,10,10,10,10,72.11111111,72.11111111,13,300,30,500,50,25,198232.0863,519.4454229,16.07918938,142185658.9,375
750,800,800,12846.65571,637.2363525,637.2363525,0,0,36,25,0.027611654,10,10,10,10,72.11111111,72.11111111,13,300,30,500,50,25,198232.0863,519.4454229,16.07918938,142185658.9,375
751,950,700,14206.23082,875.2112557,500.3253967,0,0,16,32,0.019350321,3,3,7,7,386.0,87.0,13,300,40,400,60,25,162978.3921,455.2751132,16.41144601,142248863.9,376
752,700,950,14206.23082,500.3253967,875.2112557,0,0,16,32,0.019350321,7,7,3,3,87.0,386.0,13,300,40,400,60,25,162978.3921,455.2751132,16.41144601,142248863.9,376
753,750,700,13959.24738,611.2648961,540.8751112,0,0,24,32,0.03676561,8,8,6,6,81.71428571,104.4,13,300,40,500,60,25,200381.1657,500.3026892,13.44981367,143411157.6,377
754,700,750,13959.24738,540.8751112,611.2648961,0,0,24,32,0.03676561,6,6,8,8,104.4,81.71428571,13,300,40,500,60,25,200381.1657,500.3026892,13.44981367,143411157.6,377
755,1000,750,14003.16766,822.4811492,475.5336154,0,0,20,25,0.013089969,6,6,6,6,171.0,121.0,10,400,35,500,50,25,141059.9627,429.3379764,18.21542946,144157800.4,378
756,750,1000,14003.16766,475.5336154,822.4811492,0,0,20,25,0.013089969,6,6,6,6,121.0,171.0,10,400,35,500,50,25,141059.9627,429.3379764,18.21542946,144157800.4,378
757,950,800,13337.13338,1133.395712,863.111104,0,0,20,29,0.017382101,5,5,7,7,193.75,104.1666667,13,150,30,500,60,25,184422.6815,516.9564884,18.74260278,144837692.7,379
758,800,950,13337.13338,863.111104,1133.395712,0,0,20,29,0.017382101,7,7,5,5,104.1666667,193.75,13,150,30,500,60,25,184422.6815,516.9564884,18.74260278,144837692.7,379
759,950,800,13209.98402,652.4412124,465.8438112,0,0,20,32,0.021164414,6,6,6,6,155.6,125.6,10,450,30,400,60,25,189917.7476,527.314459,18.78159462,145539815.7,380
760,800,950,13209.98402,465.8438112,652.4412124,0,0,20,32,0.021164414,6,6,6,6,125.6,155.6,10,450,30,400,60,25,189917.7476,527.314459,18.78159462,145539815.7,380
761,950,700,13593.96708,811.9722206,463.6416427,0,0,26,29,0.025824836,7,7,8,8,130.1666667,75.85714286,10,200,35,400,60,25,195331.4008,518.7930455,16.63414066,146131119.7,381
762,700,950,13593.96708,463.6416427,811.9722206,0,0,26,29,0.025824836,8,8,7,7,75.85714286,130.1666667,10,200,35,400,60,25,195331.4008,518.7930455,16.63414066,146131119.7,381
763,1050,750,12765.16764,840.4586402,449.6349919,0,0,26,29,0.02180764,7,7,8,8,146.8333333,83.0,10,250,27,400,60,25,204132.6099,560.9054517,19.51147813,146884820.2,382
764,750,1050,12765.16764,449.6349919,840.4586402,0,0,26,29,0.02180764,8,8,7,7,83.0,146.8333333,10,250,27,400,60,25,204132.6099,560.9054517,19.51147813,146884820.2,382
765,900,800,13936.13753,799.5946324,648.4928998,0,0,22,29,0.020182551,7,7,6,6,120.8333333,125.0,13,250,35,400,60,25,182679.2223,505.1897398,17.81148272,146898917.7,383
766,800,900,13936.13753,648.4928998,799.5946324,0,0,22,29,0.020182551,6,6,7,7,125.0,120.8333333,13,250,35,400,60,25,182679.2223,505.1897398,17.81148272,146898917.7,383
767,800,750,14176.45656,631.5245487,561.3402607,0,0,30,25,0.024543693,7,7,10,10,109.1666667,67.22222222,10,250,40,500,50,25,169081.3006,453.994764,14.95907995,146955020.0,384
768,750,800,14176.45656,561.3402607,631.5245487,0,0,30,25,0.024543693,10,10,7,7,67.22222222,109.1666667,10,250,40,500,50,25,169081.3006,453.994764,14.95907995,146955020.0,384
769,850,850,12882.48048,1180.032317,1180.032317,0,0,26,29,0.023769573,7,7,8,8,112.5,96.42857143,13,100,27,500,60,25,221663.1166,582.73916,18.13593025,147722391.8,385
770,850,850,12882.48048,1180.032317,1180.032317,0,0,26,29,0.023769573,8,8,7,7,96.42857143,112.5,13,100,27,500,60,25,221663.1166,582.73916,18.13593025,147722391.8,385
771,850,850,14785.16222,917.2212854,917.2212854,0,0,16,29,0.014627429,4,4,6,6,225.0,135.0,13,150,40,400,60,25,160199.092,461.752075,17.71371435,147933159.3,386
772,850,850,14785.16222,917.2212854,917.2212854,0,0,16,29,0.014627429,6,6,4,4,135.0,225.0,13,150,40,400,60,25,160199.092,461.752075,17.71371435,147933159.3,386
773,950,850,13046.24016,1058.345487,887.2362081,0,0,28,25,0.017021013,6,6,10,10,161.0,78.33333333,10,100,27,500,50,25,191123.7171,539.7223079,19.88099205,150024073.8,387
774,850,950,13046.24016,887.2362081,1058.345487,0,0,28,25,0.017021013,10,10,6,6,78.33333333,161.0,10,100,27,500,50,25,191123.7171,539.7223079,19.88099205,150024073.8,387
775,850,800,14072.97225,1238.357682,1130.808857,0,0,22,29,0.02136976,6,6,7,7,135.0,104.1666667,13,100,35,500,60,25,196692.211,525.0435875,16.98695633,151927887.6,388
776,800,850,14072.97225,1130.808857,1238.357682,0,0,22,29,0.02136976,7,7,6,6,104.1666667,135.0,13,100,35,500,60,25,196692.211,525.0435875,16.98695633,151927887.6,388
777,1050,800,13710.99273,883.5598802,532.1099567,0,0,20,29,0.015726663,7,7,5,5,145.8333333,156.25,13,400,30,400,60,25,178232.4707,520.701969,20.54037382,152232274.3,389
778,800,1050,13710.99273,532.1099567,883.5598802,0,0,20,29,0.015726663,5,5,7,7,156.25,145.8333333,13,400,30,400,60,25,178232.4707,520.701969,20.54037382,152232274.3,389
779,1100,750,13717.66115,896.3944654,427.8746888,0,0,14,32,0.01364784,5,5,4,4,232.0,192.6666667,10,450,30,500,60,25,157897.7357,477.6155928,20.05582867,152459548.3,390
780,750,1100,13717.66115,427.8746888,896.3944654,0,0,14,32,0.01364784,4,4,5,5,192.6666667,232.0,10,450,30,500,60,25,157897.7357,477.6155928,20.05582867,152459548.3,390
781,1000,850,13878.62671,1166.074016,896.4034394,0,0,16,29,0.012433315,5,5,5,5,207.75,170.25,10,100,30,500,60,25,169968.3378,506.794874,20.71264058,153022362.6,391
782,850,1000,13878.62671,896.4034394,1166.074016,0,0,16,29,0.012433315,5,5,5,5,170.25,207.75,10,100,30,500,60,25,169968.3378,506.794874,20.71264058,153022362.6,391
783,1050,750,14443.86188,891.878334,467.1108798,0,0,14,29,0.011742575,4,4,5,5,293.6666667,145.25,10,400,35,500,60,25,139660.3428,434.1972288,19.06805401,153288599.1,392
784,750,1050,14443.86188,467.1108798,891.878334,0,0,14,29,0.011742575,5,5,4,4,145.25,293.6666667,10,400,35,500,60,25,139660.3428,434.1972288,19.06805401,153288599.1,392
785,900,750,13844.53594,745.7251464,535.3956817,0,0,36,25,0.026179939,10,10,10,10,83.88888889,67.22222222,10,200,35,400,50,25,200247.0285,530.4831578,16.89788254,154524102.6,393
786,750,900,13844.53594,535.3956817,745.7251464,0,0,36,25,0.026179939,10,10,10,10,67.22222222,83.88888889,10,200,35,400,50,25,200247.0285,530.4831578,16.89788254,154524102.6,393
787,950,900,13822.71212,917.0159214,836.3602231,0,0,26,25,0.014927158,6,6,9,9,159.8,93.625,13,200,30,400,50,25,184758.4854,536.7906318,20.92956413,155096045.0,394
788,900,950,13822.71212,836.3602231,917.0159214,0,0,26,25,0.014927158,9,9,6,6,93.625,159.8,13,200,30,400,50,25,184758.4854,536.7906318,20.92956413,155096045.0,394
789,950,900,13311.70166,941.9080695,861.0098302,0,0,24,29,0.018540908,10,10,4,4,86.77777778,243.6666667,10,100,27,400,60,25,211426.252,589.2390642,21.11287549,155528649.2,395
790,900,950,13311.70166,861.0098302,941.9080695,0,0,24,29,0.018540908,4,4,10,10,243.6666667,86.77777778,10,100,27,400,60,25,211426.252,589.2390642,21.11287549,155528649.2,395
791,1150,850,13737.57278,1132.098431,663.8696261,0,0,16,29,0.010811578,6,6,4,4,195.0,225.0,13,250,27,400,60,25,174986.4629,542.382943,23.67920806,155772509.2,396
792,850,1150,13737.57278,663.8696261,1132.098431,0,0,16,29,0.010811578,4,4,6,6,225.0,195.0,13,250,27,400,60,25,174986.4629,542.382943,23.67920806,155772509.2,396
793,1000,900,13435.42284,784.546867,646.1322723,0,0,28,25,0.015271631,10,10,6,6,94.33333333,149.8,13,400,27,400,50,25,187651.0773,551.3857547,21.98476106,155874653.3,397
794,900,1000,13435.42284,646.1322723,784.546867,0,0,28,25,0.015271631,6,6,10,10,149.8,94.33333333,13,400,27,400,50,25,187651.0773,551.3857547,21.98476106,155874653.3,397
795,900,800,14992.3825,1009.483826,828.911592,0,0,18,29,0.016512996,5,5,6,6,181.25,125.0,13,150,40,400,60,25,170263.5706,481.0131225,17.72548308,156189813.3,398
796,800,900,14992.3825,828.911592,1009.483826,0,0,18,29,0.016512996,6,6,5,5,125.0,181.25,13,150,40,400,60,25,170263.5706,481.0131225,17.72548308,156189813.3,398
797,950,750,14119.21127,742.7065884,472.5768426,0,0,20,32,0.022575375,6,6,6,6,155.6,115.6,10,300,35,400,60,25,187981.0611,513.9224528,17.67594521,156217637.7,399
798,750,950,14119.21127,472.5768426,742.7065884,0,0,20,32,0.022575375,6,6,6,6,115.6,155.6,10,300,35,400,60,25,187981.0611,513.9224528,17.67594521,156217637.7,399
799,900,650,14322.47507,720.5644652,387.5648898,0,0,26,32,0.035744343,9,9,6,6,90.25,94.4,13,450,40,400,60,25,215340.5798,541.7969373,14.93252346,156954562.8,400
800,650,900,14322.47507,387.5648898,720.5644652,0,0,26,32,0.035744343,6,6,9,9,94.4,90.25,13,450,40,400,60,25,215340.5798,541.7969373,14.93252346,156954562.8,400
801,900,600,13860.35545,1347.112481,735.4302576,0,0,28,32,0.041701734,10,10,6,6,80.22222222,84.4,13,100,35,500,60,25,244429.2353,590.324376,14.09655459,157704885.3,401
802,600,900,13860.35545,735.4302576,1347.112481,0,0,28,32,0.041701734,6,6,10,10,84.4,80.22222222,13,100,35,500,60,25,244429.2353,590.324376,14.09655459,157704885.3,401
803,1050,850,13500.21569,885.9567558,602.9924979,0,0,22,29,0.016281722,5,5,8,8,220.25,97.28571429,10,200,27,400,60,25,194543.7876,563.4382247,21.85964093,159983045.0,402
804,850,1050,13500.21569,602.9924979,885.9567558,0,0,22,29,0.016281722,8,8,5,5,97.28571429,220.25,10,200,27,400,60,25,194543.7876,563.4382247,21.85964093,159983045.0,402
805,800,800,14682.61737,547.7059851,547.7059851,0,0,22,32,0.027646015,6,6,7,7,125.6,104.6666667,10,350,40,400,60,25,193469.4827,509.9634259,16.04676439,160262235.6,403
806,800,800,14682.61737,547.7059851,547.7059851,0,0,22,32,0.027646015,7,7,6,6,104.6666667,125.6,10,350,40,400,60,25,193469.4827,509.9634259,16.04676439,160262235.6,403
807,950,650,14758.77211,1077.078814,569.0341158,0,0,24,29,0.025672027,9,9,5,5,96.875,118.75,13,200,40,500,60,25,186744.2419,492.431864,15.48247666,160443409.2,404
808,650,950,14758.77211,569.0341158,1077.078814,0,0,24,29,0.025672027,5,5,9,9,118.75,96.875,13,200,40,500,60,25,186744.2419,492.431864,15.48247666,160443409.2,404
809,750,750,14622.24738,579.9305949,579.9305949,0,0,24,32,0.034314569,7,7,7,7,95.33333333,95.33333333,13,350,40,500,60,25,202478.1437,512.0056754,14.3265634,160872536.2,405
810,750,750,14622.24738,579.9305949,579.9305949,0,0,24,32,0.034314569,7,7,7,7,95.33333333,95.33333333,13,350,40,500,60,25,202478.1437,512.0056754,14.3265634,160872536.2,405
811,1000,750,12992.73425,893.8116401,542.879771,0,0,42,25,0.027488936,13,13,10,10,71.25,67.22222222,10,150,27,400,50,25,232933.5491,609.997929,18.84704289,161018908.0,406
812,750,1000,12992.73425,542.879771,893.8116401,0,0,42,25,0.027488936,10,10,13,13,67.22222222,71.25,10,150,27,400,50,25,232933.5491,609.997929,18.84704289,161018908.0,406
813,950,950,13608.7764,623.603107,623.603107,0,0,18,32,0.016040398,5,5,6,6,194.5,155.6,10,450,27,400,60,25,189230.7631,554.8843457,22.05341661,161169016.0,407
814,950,950,13608.7764,623.603107,623.603107,0,0,18,32,0.016040398,6,6,5,5,155.6,194.5,10,450,27,400,60,25,189230.7631,554.8843457,22.05341661,161169016.0,407
815,850,750,14188.70429,592.7460633,466.0580378,0,0,22,32,0.027754431,7,7,6,6,113.0,115.6,10,400,35,500,60,25,192670.5605,507.8715707,15.98382527,161305513.3,408
816,750,850,14188.70429,466.0580378,592.7460633,0,0,22,32,0.027754431,6,6,7,7,115.6,113.0,10,400,35,500,60,25,192670.5605,507.8715707,15.98382527,161305513.3,408
817,1050,750,13833.56,1278.505953,746.9698474,0,0,28,25,0.017453293,11,11,5,5,90.5,151.25,10,100,30,500,50,25,189523.7171,532.5223079,19.41011205,161410738.4,409
818,750,1050,13833.56,746.9698474,1278.505953,0,0,28,25,0.017453293,5,5,11,11,151.25,90.5,10,100,30,500,50,25,189523.7171,532.5223079,19.41011205,161410738.4,409
819,950,800,15305.26223,777.1847523,558.0617705,0,0,20,25,0.012917733,5,5,7,7,201.25,109.1666667,10,350,40,400,50,25,142542.5579,434.2963407,18.45551846,161458934.4,410
820,800,950,15305.26223,558.0617705,777.1847523,0,0,20,25,0.012917733,7,7,5,5,109.1666667,201.25,10,350,40,400,50,25,142542.5579,434.2963407,18.45551846,161458934.4,410
821,900,850,15393.66223,750.7986936,674.6533476,0,0,20,25,0.012833303,8,8,4,4,107.0,233.0,13,400,40,400,50,25,145556.8973,441.2988762,18.59104411,162206710.2,411
822,850,900,15393.66223,674.6533476,750.7986936,0,0,20,25,0.012833303,4,4,8,8,233.0,107.0,13,400,40,400,50,25,145556.8973,441.2988762,18.59104411,162206710.2,411
823,1000,700,13647.68181,805.2365023,414.8225621,0,0,22,32,0.025276357,7,7,6,6,138.0,105.6,10,300,30,500,60,25,199479.0707,533.970506,17.46764261,163465096.3,412
824,700,1000,13647.68181,414.8225621,805.2365023,0,0,22,32,0.025276357,6,6,7,7,105.6,138.0,10,300,30,500,60,25,199479.0707,533.970506,17.46764261,163465096.3,412
825,850,750,13612.69214,744.6358845,601.7094823,0,0,26,32,0.032800691,9,9,6,6,84.75,115.6,10,150,30,500,60,25,224654.0053,570.8726541,16.20340979,164259954.9,413
826,750,850,13612.69214,601.7094823,744.6358845,0,0,26,32,0.032800691,6,6,9,9,115.6,84.75,10,150,30,500,60,25,224654.0053,570.8726541,16.20340979,164259954.9,413
827,1000,700,13655.40765,806.4233636,415.4928492,0,0,34,29,0.032082393,11,11,8,8,82.5,75.0,13,400,30,400,60,25,238102.3593,609.8741938,17.73329257,169941648.6,414
828,700,1000,13655.40765,415.4928492,806.4233636,0,0,34,29,0.032082393,8,8,11,11,75.0,82.5,13,400,30,400,60,25,238102.3593,609.8741938,17.73329257,169941648.6,414
829,1150,800,14391.86881,1038.300927,525.6597353,0,0,14,32,0.012238552,3,3,6,6,489.0,125.6,10,250,30,400,60,25,169520.3007,519.8204972,22.31990541,169946252.0,415
830,800,1150,14391.86881,525.6597353,1038.300927,0,0,14,32,0.012238552,6,6,3,3,125.6,489.0,10,250,30,400,60,25,169520.3007,519.8204972,22.31990541,169946252.0,415
831,1050,750,15682.94194,1017.977493,543.5601356,0,0,14,29,0.011742575,4,4,5,5,291.6666667,143.75,13,350,40,400,60,25,144139.5763,443.1109033,19.09856101,170054749.7,416
832,750,1050,15682.94194,543.5601356,1017.977493,0,0,14,29,0.011742575,5,5,4,4,143.75,291.6666667,13,350,40,400,60,25,144139.5763,443.1109033,19.09856101,170054749.7,416
833,850,750,15168.70615,613.4031443,480.6209654,0,0,20,32,0.025231301,8,8,4,4,96.85714286,192.6666667,10,450,40,500,60,25,179706.7226,482.3965191,15.89465522,170837771.8,417
834,750,850,15168.70615,480.6209654,613.4031443,0,0,20,32,0.025231301,4,4,8,8,192.6666667,96.85714286,10,450,40,500,60,25,179706.7226,482.3965191,15.89465522,170837771.8,417
835,1050,800,15155.4009,1046.912063,644.6612407,0,0,18,25,0.010518725,5,5,6,6,226.25,131.0,10,200,35,500,50,25,146026.4867,457.490494,20.31864287,170963337.2,418
836,800,1050,15155.4009,644.6612407,1046.912063,0,0,18,25,0.010518725,6,6,5,5,131.0,226.25,10,200,35,500,50,25,146026.4867,457.490494,20.31864287,170963337.2,418
837,900,750,14523.38502,959.1450233,709.8293426,0,0,34,25,0.024725498,10,10,9,9,83.22222222,74.875,13,200,35,500,50,25,198787.3071,527.7754472,16.8874058,172142442.3,419
838,750,900,14523.38502,709.8293426,959.1450233,0,0,34,25,0.024725498,9,9,10,10,74.875,83.22222222,13,200,35,500,50,25,198787.3071,527.7754472,16.8874058,172142442.3,419
839,1000,800,15016.73443,868.009699,573.2390952,0,0,22,25,0.013499031,5,5,8,8,213.75,93.57142857,10,300,35,500,50,25,154486.3769,465.8994057,19.45736547,172894271.9,420
840,800,1000,15016.73443,573.2390952,868.009699,0,0,22,25,0.013499031,8,8,5,5,93.57142857,213.75,10,300,35,500,50,25,154486.3769,465.8994057,19.45736547,172894271.9,420
841,1000,750,14699.33627,891.2682916,524.7272806,0,0,20,32,0.021446606,4,4,8,8,276.0,82.57142857,10,200,35,400,60,25,194289.8127,534.0068685,18.58138033,173765263.3,421
842,750,1000,14699.33627,524.7272806,891.2682916,0,0,20,32,0.021446606,8,8,4,4,82.57142857,276.0,10,200,35,400,60,25,194289.8127,534.0068685,18.58138033,173765263.3,421
843,1050,900,14226.97533,1135.500801,879.3795023,0,0,18,29,0.012581331,7,7,4,4,145.8333333,241.6666667,13,200,27,500,60,25,185797.6259,557.1058925,23.00608811,174189219.2,422
844,900,1050,14226.97533,879.3795023,1135.500801,0,0,18,29,0.012581331,4,4,7,7,241.6666667,145.8333333,13,200,27,500,60,25,185797.6259,557.1058925,23.00608811,174189219.2,422
845,750,750,15012.01799,550.1548828,550.1548828,0,0,26,32,0.037174117,7,7,8,8,96.33333333,82.57142857,10,250,40,500,60,25,213688.8228,533.991941,14.4037931,175060968.0,423
846,750,750,15012.01799,550.1548828,550.1548828,0,0,26,32,0.037174117,8,8,7,7,82.57142857,96.33333333,10,250,40,500,60,25,213688.8228,533.991941,14.4037931,175060968.0,423
847,900,750,15455.25777,740.3614727,525.2635787,0,0,22,29,0.021528055,8,8,5,5,104.4285714,145.25,10,300,40,500,60,25,172704.7171,476.3044746,16.70858747,176115584.0,424
848,750,900,15455.25777,525.2635787,740.3614727,0,0,22,29,0.021528055,5,5,8,8,145.25,104.4285714,10,300,40,500,60,25,172704.7171,476.3044746,16.70858747,176115584.0,424
849,1000,800,15022.2224,894.0386872,593.473484,0,0,28,25,0.017180585,8,8,8,8,121.2857143,92.71428571,13,350,35,400,50,25,180320.9013,516.7187045,19.63492307,176444640.2,425
850,800,1000,15022.2224,593.473484,894.0386872,0,0,28,25,0.017180585,8,8,8,8,92.71428571,121.2857143,13,350,35,400,50,25,180320.9013,516.7187045,19.63492307,176444640.2,425
851,900,700,14391.3544,668.9433935,413.6077301,0,0,30,32,0.03829751,10,10,7,7,80.22222222,87.0,13,500,35,400,60,25,243538.3431,606.3005144,16.16128584,176556489.9,426
852,700,900,14391.3544,413.6077301,668.9433935,0,0,30,32,0.03829751,7,7,10,10,87.0,80.22222222,13,500,35,400,60,25,243538.3431,606.3005144,16.16128584,176556489.9,426
853,1000,950,14259.75871,1060.646621,974.8831434,0,0,24,25,0.012401024,9,9,5,5,106.125,199.75,13,200,27,500,50,25,185772.2542,558.0811666,23.12085195,176999529.9,427
854,950,1000,14259.75871,974.8831434,1060.646621,0,0,24,25,0.012401024,5,5,9,9,199.75,106.125,13,200,27,500,50,25,185772.2542,558.0811666,23.12085195,176999529.9,427
855,900,900,15283.97773,861.4220586,861.4220586,0,0,14,32,0.013900578,5,5,4,4,182.0,242.6666667,10,150,35,500,60,25,165110.0481,488.9560946,19.75996294,177641421.7,428
856,900,900,15283.97773,861.4220586,861.4220586,0,0,14,32,0.013900578,4,4,5,5,242.6666667,182.0,10,150,35,500,60,25,165110.0481,488.9560946,19.75996294,177641421.7,428
857,1000,750,15820.91474,1326.985663,832.4898874,0,0,16,29,0.01409109,5,5,5,5,206.25,143.75,13,150,40,500,60,25,163093.7244,473.0343933,18.36590533,178042992.1,429
858,750,1000,15820.91474,832.4898874,1326.985663,0,0,16,29,0.01409109,5,5,5,5,143.75,206.25,13,150,40,500,60,25,163093.7244,473.0343933,18.36590533,178042992.1,429
859,1050,700,15611.66814,1003.35236,470.4669524,0,0,22,25,0.014692823,6,6,7,7,181.0,92.5,10,300,40,500,50,25,149080.8644,442.0904358,17.92560577,178078754.5,430
860,700,1050,15611.66814,470.4669524,1003.35236,0,0,22,25,0.014692823,7,7,6,6,92.5,181.0,10,300,40,500,50,25,149080.8644,442.0904358,17.92560577,178078754.5,430
861,1000,700,15437.28852,1082.966085,581.4248257,0,0,20,32,0.022978506,7,7,5,5,137.0,130.5,13,200,40,400,60,25,196192.5433,527.7533023,17.44438244,178328458.7,431
862,700,1000,15437.28852,581.4248257,1082.966085,0,0,20,32,0.022978506,5,5,7,7,130.5,137.0,13,200,40,400,60,25,196192.5433,527.7533023,17.44438244,178328458.7,431
863,1150,900,14469.0508,1230.456991,810.2889315,0,0,22,25,0.010434034,5,5,8,8,249.75,107.0,13,200,27,400,50,25,185986.023,575.7717015,25.07669976,178876967.3,432
864,900,1150,14469.0508,810.2889315,1230.456991,0,0,22,25,0.010434034,8,8,5,5,107.0,249.75,13,200,27,400,50,25,185986.023,575.7717015,25.07669976,178876967.3,432
865,1200,850,14380.27887,1043.263781,541.8065123,0,0,14,32,0.011038694,3,3,6,6,514.0,135.6,10,300,27,400,60,25,176525.6201,553.8410828,24.66753087,179267731.8,433
866,850,1200,14380.27887,541.8065123,1043.263781,0,0,14,32,0.011038694,6,6,3,3,135.6,514.0,10,300,27,400,60,25,176525.6201,553.8410828,24.66753087,179267731.8,433
867,950,700,15277.08389,853.9545704,485.6406033,0,0,28,29,0.027811362,9,9,7,7,97.625,88.5,10,200,40,400,60,25,205595.8793,538.954093,16.70476938,179439381.1,434
868,700,950,15277.08389,485.6406033,853.9545704,0,0,28,29,0.027811362,7,7,9,9,88.5,97.625,10,200,40,400,60,25,205595.8793,538.954093,16.70476938,179439381.1,434
869,1100,800,14487.94562,1002.580297,559.3061927,0,0,18,32,0.016450522,4,4,7,7,309.3333333,104.6666667,10,200,30,400,60,25,193116.6095,558.0991799,21.56240157,179801211.8,435
870,800,1100,14487.94562,559.3061927,1002.580297,0,0,18,32,0.016450522,7,7,4,4,104.6666667,309.3333333,10,200,30,400,60,25,193116.6095,558.0991799,21.56240157,179801211.8,435
871,1150,800,14171.38424,1056.564971,546.3951708,0,0,16,32,0.013986917,4,4,6,6,324.0,124.4,13,400,27,500,60,25,182492.7359,545.3126574,22.40913402,180343192.1,436
872,800,1150,14171.38424,546.3951708,1056.564971,0,0,16,32,0.013986917,6,6,4,4,124.4,324.0,13,400,27,500,60,25,182492.7359,545.3126574,22.40913402,180343192.1,436
873,950,800,14149.69922,755.9249419,551.2124377,0,0,26,32,0.027513738,7,7,8,8,128.6666667,88.85714286,13,350,30,400,60,25,232264.6511,610.6158392,19.07263862,180502235.1,437
874,800,950,14149.69922,551.2124377,755.9249419,0,0,26,32,0.027513738,8,8,7,7,88.85714286,128.6666667,13,350,30,400,60,25,232264.6511,610.6158392,19.07263862,180502235.1,437
875,900,900,16157.57311,792.3283898,792.3283898,0,0,12,32,0.011914781,3,3,5,5,361.0,180.5,13,300,40,400,60,25,150624.3215,460.4524844,19.66042767,180695189.8,438
876,900,900,16157.57311,792.3283898,792.3283898,0,0,12,32,0.011914781,5,5,3,3,180.5,361.0,13,300,40,400,60,25,150624.3215,460.4524844,19.66042767,180695189.8,438
877,950,900,13860.82956,748.2113869,678.7044087,0,0,38,25,0.021816616,10,10,11,11,89.44444444,75.5,10,200,27,400,50,25,223508.2833,612.7199199,21.19668937,181075129.1,439
878,900,950,13860.82956,678.7044087,748.2113869,0,0,38,25,0.021816616,11,11,10,10,75.5,89.44444444,10,200,27,400,50,25,223508.2833,612.7199199,21.19668937,181075129.1,439
879,900,850,13917.66635,675.9199946,609.5337851,0,0,24,32,0.025231301,6,6,8,8,144.4,96.0,13,400,27,500,60,25,219042.8257,585.6313925,19.09670717,181701761.3,440
880,850,900,13917.66635,609.5337851,675.9199946,0,0,24,32,0.025231301,8,8,6,6,96.0,144.4,13,400,27,500,60,25,219042.8257,585.6313925,19.09670717,181701761.3,440
881,1100,750,15240.21901,1001.332167,483.5934603,0,0,16,32,0.015597532,4,4,6,6,307.3333333,114.4,13,450,35,400,60,25,173439.7967,508.2213083,20.16255839,181836849.7,441
882,750,1100,15240.21901,483.5934603,1001.332167,0,0,16,32,0.015597532,6,6,4,4,114.4,307.3333333,13,450,35,400,60,25,173439.7967,508.2213083,20.16255839,181836849.7,441
883,850,850,15891.96492,625.904065,625.904065,0,0,16,32,0.01781033,4,4,6,6,226.0,135.6,10,400,40,500,60,25,162284.8006,465.4408662,17.72917261,184342115.6,442
884,850,850,15891.96492,625.904065,625.904065,0,0,16,32,0.01781033,6,6,4,4,135.6,226.0,10,400,40,500,60,25,162284.8006,465.4408662,17.72917261,184342115.6,442
885,1200,800,14405.98533,1974.592977,1079.514033,0,0,18,29,0.012384747,5,5,6,6,256.25,125.0,13,100,27,500,60,25,205856.8932,600.0358346,23.48769413,184507370.7,443
886,800,1200,14405.98533,1079.514033,1974.592977,0,0,18,29,0.012384747,6,6,5,5,125.0,256.25,13,100,27,500,60,25,205856.8932,600.0358346,23.48769413,184507370.7,443
887,1050,1000,14738.29887,839.1529044,765.9453554,0,0,14,32,0.010723303,6,6,3,3,175.6,414.0,10,250,27,400,60,25,180413.5308,567.602025,25.38398468,184933864.6,444
888,1000,1050,14738.29887,765.9453554,839.1529044,0,0,14,32,0.010723303,3,3,6,6,414.0,175.6,10,250,27,400,60,25,180413.5308,567.602025,25.38398468,184933864.6,444
889,900,900,14652.04006,824.1876062,824.1876062,0,0,24,29,0.019570959,10,10,4,4,80.55555556,241.6666667,13,250,30,500,60,25,200977.2596,559.4095693,20.00674862,185747515.7,445
890,900,900,14652.04006,824.1876062,824.1876062,0,0,24,29,0.019570959,4,4,10,10,241.6666667,80.55555556,13,250,30,500,60,25,200977.2596,559.4095693,20.00674862,185747515.7,445
891,1050,750,16163.8004,1011.89393,539.3727479,0,0,14,29,0.011742575,3,3,6,6,437.5,115.0,13,450,40,500,60,25,142075.526,439.0034432,19.08450325,186681086.6,446
892,750,1050,16163.8004,539.3727479,1011.89393,0,0,14,29,0.011742575,6,6,3,3,115.0,437.5,13,450,40,500,60,25,142075.526,439.0034432,19.08450325,186681086.6,446
893,1000,700,15028.43993,1036.537389,560.3241566,0,0,26,29,0.024533595,8,8,7,7,118.7142857,88.5,10,150,35,500,60,25,201440.1523,537.9774611,17.48071578,186982994.4,447
894,700,1000,15028.43993,560.3241566,1036.537389,0,0,26,29,0.024533595,7,7,8,8,88.5,118.7142857,10,150,35,500,60,25,201440.1523,537.9774611,17.48071578,186982994.4,447
895,1050,800,14710.32148,1328.62796,861.294028,0,0,18,32,0.01723388,4,4,7,7,290.6666667,103.6666667,13,150,30,500,60,25,202049.2466,567.8431278,20.7032741,188139805.1,448
896,800,1050,14710.32148,861.294028,1328.62796,0,0,18,32,0.01723388,7,7,4,4,103.6666667,290.6666667,13,150,30,500,60,25,202049.2466,567.8431278,20.7032741,188139805.1,448
897,900,850,16142.06814,710.6360056,636.9638882,0,0,22,25,0.014116634,5,5,8,8,188.75,100.7142857,10,400,40,500,50,25,149888.1424,449.720919,18.62107811,188276066.4,449
898,850,900,16142.06814,636.9638882,710.6360056,0,0,22,25,0.014116634,8,8,5,5,100.7142857,188.75,10,400,40,500,50,25,149888.1424,449.720919,18.62107811,188276066.4,449
899,900,650,15464.62948,1117.328811,662.3615069,0,0,32,29,0.036131001,11,11,7,7,72.5,79.16666667,13,150,40,500,60,25,229231.0235,569.3935004,15.02725124,188466295.3,450
900,650,900,15464.62948,662.3615069,1117.328811,0,0,32,29,0.036131001,7,7,11,11,79.16666667,72.5,13,150,40,500,60,25,229231.0235,569.3935004,15.02725124,188466295.3,450
901,1100,900,14509.48284,872.461186,595.1436541,0,0,28,25,0.013883301,6,6,10,10,191.0,83.88888889,10,350,27,400,50,25,192336.0444,578.7808393,24.08659176,188890104.8,451
902,900,1100,14509.48284,595.1436541,872.461186,0,0,28,25,0.013883301,10,10,6,6,83.88888889,191.0,10,350,27,400,50,25,192336.0444,578.7808393,24.08659176,188890104.8,451
903,1100,750,14573.04643,1062.9647,538.1944989,0,0,30,25,0.017849958,7,7,10,10,158.1666667,66.55555556,13,350,30,500,50,25,190246.7805,541.2940692,20.27803928,189308176.8,452
904,750,1100,14573.04643,538.1944989,1062.9647,0,0,30,25,0.017849958,10,10,7,7,66.55555556,158.1666667,13,350,30,500,50,25,190246.7805,541.2940692,20.27803928,189308176.8,452
905,950,900,14909.22148,750.482918,679.1381799,0,0,18,32,0.016931531,5,5,6,6,193.0,144.4,13,450,30,500,60,25,188337.8062,543.5693614,20.95487579,190647953.2,453
906,900,950,14909.22148,679.1381799,750.482918,0,0,18,32,0.016931531,6,6,5,5,144.4,193.0,13,450,30,500,60,25,188337.8062,543.5693614,20.95487579,190647953.2,453
907,1050,850,14277.24861,1039.684679,724.5946486,0,0,28,29,0.020722192,7,7,9,9,145.8333333,84.375,13,200,27,400,60,25,232399.0444,637.9743915,22.11962351,191210374.4,454
908,850,1050,14277.24861,724.5946486,1039.684679,0,0,28,29,0.020722192,9,9,7,7,84.375,145.8333333,13,200,27,400,60,25,232399.0444,637.9743915,22.11962351,191210374.4,454
909,1050,900,15103.29273,998.5392261,759.480615,0,0,20,29,0.013979256,4,4,8,8,291.6666667,103.5714286,13,250,30,400,60,25,192498.6406,570.1756472,23.05244692,191226825.2,455
910,900,1050,15103.29273,759.480615,998.5392261,0,0,20,29,0.013979256,8,8,4,4,103.5714286,291.6666667,13,250,30,400,60,25,192498.6406,570.1756472,23.05244692,191226825.2,455
911,850,750,15030.66645,706.6390119,565.1138444,0,0,32,29,0.033155506,10,10,8,8,75.66666667,83.0,10,200,35,500,60,25,223616.5676,568.7627332,16.19646729,191543556.3,456
912,750,850,15030.66645,565.1138444,706.6390119,0,0,32,29,0.033155506,8,8,10,10,83.0,75.66666667,10,200,35,500,60,25,223616.5676,568.7627332,16.19646729,191543556.3,456
913,1150,850,14587.94371,1872.250795,1198.603318,0,0,24,25,0.012052146,4,4,10,10,333.0,77.66666667,13,100,27,500,50,25,207248.301,606.3404997,23.89959656,191603871.6,457
914,850,1150,14587.94371,1198.603318,1872.250795,0,0,24,25,0.012052146,10,10,4,4,77.66666667,333.0,13,100,27,500,50,25,207248.301,606.3404997,23.89959656,191603871.6,457
915,900,850,14707.24674,770.2651135,696.7617803,0,0,28,29,0.02417589,11,11,5,5,72.5,168.75,13,300,30,500,60,25,215391.6477,578.5276721,19.07139994,192527465.5,458
916,850,900,14707.24674,696.7617803,770.2651135,0,0,28,29,0.02417589,5,5,11,11,168.75,72.5,13,300,30,500,60,25,215391.6477,578.5276721,19.07139994,192527465.5,458
917,1000,800,16406.7825,882.8855436,576.7202417,0,0,18,29,0.014861697,9,9,2,2,103.125,625.0,13,450,40,400,60,25,163604.4831,483.8255383,19.52006071,192640205.1,459
918,800,1000,16406.7825,576.7202417,882.8855436,0,0,18,29,0.014861697,2,2,9,9,625.0,103.125,13,450,40,400,60,25,163604.4831,483.8255383,19.52006071,192640205.1,459
919,950,750,15964.41737,750.6869778,471.9292258,0,0,22,32,0.024832912,9,9,4,4,97.25,192.6666667,10,400,40,400,60,25,198978.8293,535.4850256,17.75172482,194656479.3,460
920,750,950,15964.41737,471.9292258,750.6869778,0,0,22,32,0.024832912,4,4,9,9,192.6666667,97.25,10,400,40,400,60,25,198978.8293,535.4850256,17.75172482,194656479.3,460
921,900,850,15395.30686,1187.83658,1086.545126,0,0,28,29,0.02417589,8,8,8,8,103.5714286,96.42857143,13,100,35,400,60,25,236369.5436,620.273685,19.21427544,194940017.2,461
922,850,900,15395.30686,1086.545126,1187.83658,0,0,28,29,0.02417589,8,8,8,8,96.42857143,103.5714286,13,100,35,400,60,25,236369.5436,620.273685,19.21427544,194940017.2,461
923,1050,900,15308.86115,1009.738634,768.8430856,0,0,14,32,0.011914781,4,4,5,5,290.6666667,180.5,13,300,30,500,60,25,174964.2795,535.674015,22.93196154,194983001.5,462
924,900,1050,15308.86115,768.8430856,1009.738634,0,0,14,32,0.011914781,5,5,4,4,180.5,290.6666667,13,300,30,500,60,25,174964.2795,535.674015,22.93196154,194983001.5,462
925,1050,700,16011.84333,1105.580804,534.0731024,0,0,24,29,0.021567995,8,8,6,6,125.0,105.0,13,250,40,400,60,25,194560.4802,531.5801783,18.23811003,195004251.9,463
926,700,1050,16011.84333,534.0731024,1105.580804,0,0,24,29,0.021567995,6,6,8,8,105.0,125.0,13,250,40,400,60,25,194560.4802,531.5801783,18.23811003,195004251.9,463
927,1000,1000,14856.45871,863.432511,863.432511,0,0,24,25,0.011780972,7,7,7,7,141.5,141.5,13,350,27,500,50,25,182255.3402,561.1225078,24.24685602,195139354.4,464
928,1000,1000,14856.45871,863.432511,863.432511,0,0,24,25,0.011780972,7,7,7,7,141.5,141.5,13,350,27,500,50,25,182255.3402,561.1225078,24.24685602,195139354.4,464
929,1050,800,14413.70332,1038.064391,652.564411,0,0,22,32,0.021063631,7,7,6,6,145.3333333,124.4,13,250,27,500,60,25,218098.4015,599.1349742,20.81433392,195642248.8,465
930,800,1050,14413.70332,652.564411,1038.064391,0,0,22,32,0.021063631,6,6,7,7,124.4,145.3333333,13,250,27,500,60,25,218098.4015,599.1349742,20.81433392,195642248.8,465
931,900,800,15464.97929,648.317357,515.870478,0,0,22,32,0.024574236,10,10,3,3,80.88888889,314.0,10,450,35,500,60,25,199078.7489,537.1898655,17.92489889,196456478.5,466
932,800,900,15464.97929,515.870478,648.317357,0,0,22,32,0.024574236,3,3,10,10,314.0,80.88888889,10,450,35,500,60,25,199078.7489,537.1898655,17.92489889,196456478.5,466
933,900,900,14293.76629,810.2889315,810.2889315,0,0,38,25,0.02302865,11,11,10,10,74.9,83.22222222,13,250,27,500,50,25,223072.354,602.8164207,20.15875911,196807462.9,467
934,900,900,14293.76629,810.2889315,810.2889315,0,0,38,25,0.02302865,10,10,11,11,83.22222222,74.9,13,250,27,500,50,25,223072.354,602.8164207,20.15875911,196807462.9,467
935,1000,750,16378.16492,1082.966085,655.1329178,0,0,16,32,0.017157285,7,7,3,3,137.0,286.0,13,250,40,500,60,25,172570.814,491.4320328,18.43170454,197188100.8,468
936,750,1000,16378.16492,655.1329178,1082.966085,0,0,16,32,0.017157285,3,3,7,7,286.0,137.0,13,250,40,500,60,25,172570.814,491.4320328,18.43170454,197188100.8,468
937,950,850,14825.46929,1004.071712,836.2286595,0,0,34,25,0.020668373,8,8,11,11,114.1428571,69.9,13,200,30,500,50,25,210950.2298,578.5856634,20.0176305,197685332.9,469
938,850,950,14825.46929,836.2286595,1004.071712,0,0,34,25,0.020668373,11,11,8,8,69.9,114.1428571,13,200,30,500,50,25,210950.2298,578.5856634,20.0176305,197685332.9,469
939,1100,950,15092.6703,964.8168085,737.9794363,0,0,16,29,0.010113223,4,4,6,6,310.3333333,156.2,10,250,27,500,60,25,174643.2923,555.2540334,25.22931267,198269625.7,470
940,950,1100,15092.6703,737.9794363,964.8168085,0,0,16,29,0.010113223,6,6,4,4,156.2,310.3333333,10,250,27,500,60,25,174643.2923,555.2540334,25.22931267,198269625.7,470
941,950,750,14459.56443,731.4358344,471.0208875,0,0,32,32,0.036120599,10,10,8,8,85.77777778,81.71428571,13,400,30,400,60,25,264574.3768,664.4052357,18.20286267,198650475.1,471
942,750,950,14459.56443,471.0208875,731.4358344,0,0,32,32,0.036120599,8,8,10,10,81.71428571,85.77777778,13,400,30,400,60,25,264574.3768,664.4052357,18.20286267,198650475.1,471
943,1000,950,14704.44264,810.3442985,737.9794363,0,0,26,29,0.018077386,10,10,5,5,92.33333333,195.25,10,200,27,400,60,25,219981.0134,625.0737747,23.35677793,199834062.9,472
944,950,1000,14704.44264,737.9794363,810.3442985,0,0,26,29,0.018077386,5,5,10,10,195.25,92.33333333,10,200,27,400,60,25,219981.0134,625.0737747,23.35677793,199834062.9,472
945,950,950,14702.89544,873.9318584,873.9318584,0,0,24,29,0.017565071,8,8,6,6,111.5714286,156.2,10,150,27,500,60,25,209019.7739,593.9881728,22.18894463,200225586.4,473
946,950,950,14702.89544,873.9318584,873.9318584,0,0,24,29,0.017565071,6,6,8,8,156.2,111.5714286,10,150,27,500,60,25,209019.7739,593.9881728,22.18894463,200225586.4,473
947,1050,750,14802.50571,1086.574277,613.9430335,0,0,36,25,0.022439948,12,12,8,8,82.27272727,86.42857143,10,150,30,500,50,25,213460.0352,579.3670411,19.57527633,201221915.1,474
948,750,1050,14802.50571,613.9430335,1086.574277,0,0,36,25,0.022439948,8,8,12,12,86.42857143,82.27272727,10,150,30,500,50,25,213460.0352,579.3670411,19.57527633,201221915.1,474
949,900,800,14762.45341,662.6242644,532.3835864,0,0,32,29,0.029356438,9,9,9,9,91.375,78.875,10,300,30,500,60,25,227832.6224,593.7186822,18.1226108,201769381.8,475
950,800,900,14762.45341,532.3835864,662.6242644,0,0,32,29,0.029356438,9,9,9,9,78.875,91.375,10,300,30,500,60,25,227832.6224,593.7186822,18.1226108,201769381.8,475
951,1000,950,15416.14562,1349.233757,1245.707091,0,0,18,32,0.015238378,8,8,3,3,117.4285714,386.0,13,100,30,400,60,25,224116.7238,633.8454074,23.38347576,202245344.3,476
952,950,1000,15416.14562,1245.707091,1349.233757,0,0,18,32,0.015238378,3,3,8,8,386.0,117.4285714,13,100,30,400,60,25,224116.7238,633.8454074,23.38347576,202245344.3,476
953,1000,900,16191.19063,831.5868592,680.7334484,0,0,24,25,0.013089969,9,9,5,5,106.875,188.75,10,300,35,400,50,25,170525.5816,517.7002881,21.86705351,203289906.2,477
954,900,1000,16191.19063,680.7334484,831.5868592,0,0,24,25,0.013089969,5,5,9,9,188.75,106.875,10,300,35,400,50,25,170525.5816,517.7002881,21.86705351,203289906.2,477
955,950,850,15798.44208,743.9960095,601.4251104,0,0,26,29,0.021267512,7,7,8,8,130.1666667,97.28571429,10,300,35,400,60,25,204450.2118,565.5534794,19.97362402,205026485.4,478
956,850,950,15798.44208,601.4251104,743.9960095,0,0,26,29,0.021267512,8,8,7,7,97.28571429,130.1666667,10,300,35,400,60,25,204450.2118,565.5534794,19.97362402,205026485.4,478
957,1100,900,14980.65694,1023.370277,716.4851263,0,0,26,25,0.012891637,3,3,12,12,474.5,68.09090909,13,350,27,500,50,25,189083.5199,572.5054504,24.06390467,205575866.0,479
958,900,1100,14980.65694,716.4851263,1023.370277,0,0,26,25,0.012891637,12,12,3,3,68.09090909,474.5,13,350,27,500,50,25,189083.5199,572.5054504,24.06390467,205575866.0,479
959,1100,800,14642.06984,1339.366369,806.5529617,0,0,34,25,0.018965581,11,11,8,8,95.5,93.57142857,10,100,27,500,50,25,221041.3312,613.2249552,21.75379618,205737272.9,480
960,800,1100,14642.06984,806.5529617,1339.366369,0,0,34,25,0.018965581,8,8,11,11,93.57142857,95.5,10,100,27,500,50,25,221041.3312,613.2249552,21.75379618,205737272.9,480
961,1100,900,14968.37267,1124.907173,797.0216173,0,0,20,32,0.016247429,6,6,6,6,184.4,144.4,13,200,27,400,60,25,222518.3887,638.3737347,24.29343184,206176810.7,481
962,900,1100,14968.37267,797.0216173,1124.907173,0,0,20,32,0.016247429,6,6,6,6,144.4,184.4,13,200,27,400,60,25,222518.3887,638.3737347,24.29343184,206176810.7,481
963,1150,900,15301.03533,1216.715266,798.4957633,0,0,18,29,0.011487302,8,8,3,3,139.2857143,362.5,13,250,27,500,60,25,190267.7209,584.0733816,25.10645537,206491600.6,482
964,900,1150,15301.03533,798.4957633,1216.715266,0,0,18,29,0.011487302,3,3,8,8,362.5,139.2857143,13,250,27,500,60,25,190267.7209,584.0733816,25.10645537,206491600.6,482
965,900,800,15473.97078,695.2003913,556.9939258,0,0,28,32,0.0312763,9,9,7,7,91.0,104.6666667,10,250,35,400,60,25,239773.2925,617.2030497,18.20468906,206738930.4,483
966,800,900,15473.97078,556.9939258,695.2003913,0,0,28,32,0.0312763,7,7,9,9,104.6666667,91.0,10,250,35,400,60,25,239773.2925,617.2030497,18.20468906,206738930.4,483
967,900,850,14842.47603,1145.60369,1048.923555,0,0,30,32,0.031539126,10,10,7,7,80.22222222,112.0,13,100,30,400,60,25,280136.9873,706.2398164,19.51543432,207074194.1,484
968,850,900,14842.47603,1048.923555,1145.60369,0,0,30,32,0.031539126,7,7,10,10,112.0,80.22222222,13,100,30,400,60,25,280136.9873,706.2398164,19.51543432,207074194.1,484
969,1000,800,14734.36938,850.8242482,571.6735614,0,0,26,32,0.026138051,7,7,8,8,137.0,88.85714286,13,350,27,500,60,25,235762.3506,625.6082613,20.01642618,213166551.9,485
970,800,1000,14734.36938,571.6735614,850.8242482,0,0,26,32,0.026138051,8,8,7,7,88.85714286,137.0,13,350,27,500,60,25,235762.3506,625.6082613,20.01642618,213166551.9,485
971,1000,850,16201.57731,800.2840119,584.2473306,0,0,24,29,0.018649972,6,6,8,8,166.2,97.28571429,10,350,35,400,60,25,196845.8882,559.2201402,20.89857638,214551207.8,486
972,850,1000,16201.57731,584.2473306,800.2840119,0,0,24,29,0.018649972,8,8,6,6,97.28571429,166.2,10,350,35,400,60,25,196845.8882,559.2201402,20.89857638,214551207.8,486
973,1100,850,15657.63338,1163.577771,746.0978659,0,0,20,29,0.014128767,4,4,8,8,310.3333333,97.28571429,10,150,30,500,60,25,191501.8419,566.1840176,22.81566657,214853972.2,487
974,850,1100,15657.63338,746.0978659,1163.577771,0,0,20,29,0.014128767,8,8,4,4,97.28571429,310.3333333,10,150,30,500,60,25,191501.8419,566.1840176,22.81566657,214853972.2,487
975,950,950,16505.07276,802.1901551,802.1901551,0,0,20,29,0.014637559,10,10,2,2,86.11111111,775.0,13,350,35,400,60,25,184728.4111,546.1788903,22.02206232,215091757.6,488
976,950,950,16505.07276,802.1901551,802.1901551,0,0,20,29,0.014637559,2,2,10,10,775.0,86.11111111,13,350,35,400,60,25,184728.4111,546.1788903,22.02206232,215091757.6,488
977,1200,800,15047.75727,1196.377153,581.2956412,0,0,18,32,0.015079645,4,4,7,7,342.6666667,104.6666667,10,200,27,500,60,25,200133.147,588.1260897,23.45012066,215213919.9,489
978,800,1200,15047.75727,581.2956412,1196.377153,0,0,18,32,0.015079645,7,7,4,4,104.6666667,342.6666667,10,200,27,500,60,25,200133.147,588.1260897,23.45012066,215213919.9,489
979,1150,800,14829.02691,1047.087333,541.3147467,0,0,40,25,0.021342341,13,13,9,9,83.25,81.125,13,350,27,400,50,25,236583.078,651.5936264,22.78121766,215557815.1,490
980,800,1150,14829.02691,541.3147467,1047.087333,0,0,40,25,0.021342341,9,9,13,13,81.125,83.25,13,350,27,400,50,25,236583.078,651.5936264,22.78121766,215557815.1,490
981,950,750,15667.6294,947.7296864,629.8201994,0,0,30,32,0.033863062,9,9,8,8,96.5,81.71428571,13,200,35,400,60,25,259682.5911,654.993568,18.16866946,216462762.0,491
982,750,950,15667.6294,629.8201994,947.7296864,0,0,30,32,0.033863062,8,8,9,9,81.71428571,96.5,13,200,35,400,60,25,259682.5911,654.993568,18.16866946,216462762.0,491
983,1000,700,16537.48646,1263.040313,703.1762596,0,0,26,29,0.024533595,8,8,7,7,118.7142857,88.5,10,100,40,500,60,25,207441.1179,549.9193825,17.52158695,216769385.2,492
984,700,1000,16537.48646,703.1762596,1263.040313,0,0,26,29,0.024533595,7,7,8,8,88.5,118.7142857,10,100,40,500,60,25,207441.1179,549.9193825,17.52158695,216769385.2,492
985,1100,900,15803.99767,894.8787677,607.3830154,0,0,28,25,0.013883301,7,7,9,9,159.1666667,94.375,10,400,30,400,50,25,191543.3533,577.2033839,24.08119293,217142953.5,493
986,900,1100,15803.99767,607.3830154,894.8787677,0,0,28,25,0.013883301,9,9,7,7,94.375,159.1666667,10,400,30,400,50,25,191543.3533,577.2033839,24.08119293,217142953.5,493
987,1050,750,16115.8789,985.3695325,531.1171505,0,0,20,32,0.020425339,5,5,7,7,218.0,95.33333333,13,400,35,500,60,25,196107.2937,545.1536556,19.45622647,218354395.9,494
988,750,1050,16115.8789,531.1171505,985.3695325,0,0,20,32,0.020425339,7,7,5,5,95.33333333,218.0,13,400,35,500,60,25,196107.2937,545.1536556,19.45622647,218354395.9,494
989,1050,950,15271.30764,1167.439508,990.1260731,0,0,26,29,0.017216558,7,7,8,8,145.8333333,110.7142857,13,150,27,400,60,25,237689.2787,669.8512226,24.56984385,218421942.4,495
990,950,1050,15271.30764,990.1260731,1167.439508,0,0,26,29,0.017216558,8,8,7,7,110.7142857,145.8333333,13,150,27,400,60,25,237689.2787,669.8512226,24.56984385,218421942.4,495
991,1150,950,15628.00472,1075.687208,761.1628735,0,0,20,29,0.012091897,7,7,5,5,162.5,193.75,13,300,27,400,60,25,202964.9466,620.621596,26.51610345,218438065.4,496
992,950,1150,15628.00472,761.1628735,1075.687208,0,0,20,29,0.012091897,5,5,7,7,193.75,162.5,13,300,27,400,60,25,202964.9466,620.621596,26.51610345,218438065.4,496
993,950,950,15568.77983,757.2418843,757.2418843,0,0,28,29,0.020492583,9,9,7,7,96.875,129.1666667,13,350,30,400,60,25,225786.3253,626.8230804,22.30457723,218480791.5,497
994,950,950,15568.77983,757.2418843,757.2418843,0,0,28,29,0.020492583,7,7,9,9,129.1666667,96.875,13,350,30,400,60,25,225786.3253,626.8230804,22.30457723,218480791.5,497
995,900,850,16793.66361,733.9565507,658.6971047,0,0,26,29,0.022449041,8,8,7,7,104.4285714,113.5,10,250,40,400,60,25,202085.9949,552.3146878,18.98005849,218517824.6,498
996,850,900,16793.66361,658.6971047,733.9565507,0,0,26,29,0.022449041,7,7,8,8,113.5,104.4285714,10,250,40,400,60,25,202085.9949,552.3146878,18.98005849,218517824.6,498
997,1000,850,17290.7825,1084.749234,816.0129146,0,0,18,29,0.013987479,7,7,4,4,137.5,225.0,13,200,40,400,60,25,177155.6774,520.8324151,20.76231164,218635131.2,499
998,850,1000,17290.7825,816.0129146,1084.749234,0,0,18,29,0.013987479,4,4,7,7,225.0,137.5,13,200,40,400,60,25,177155.6774,520.8324151,20.76231164,218635131.2,499
999,1100,750,17015.0009,1014.590573,481.5241724,0,0,26,25,0.015469964,8,8,7,7,136.4285714,100.8333333,10,400,40,400,50,25,170252.7705,501.900259,20.14079496,219186138.8,500
1000,750,1100,17015.0009,481.5241724,1014.590573,0,0,26,25,0.015469964,7,7,8,8,100.8333333,136.4285714,10,400,40,400,50,25,170252.7705,501.900259,20.14079496,219186138.8,500
1001,950,950,16714.95273,946.2817923,946.2817923,0,0,14,32,0.012475865,5,5,4,4,194.5,259.3333333,10,150,35,500,60,25,173332.0982,523.8919742,21.94338173,219691508.4,501
1002,950,950,16714.95273,946.2817923,946.2817923,0,0,14,32,0.012475865,4,4,5,5,259.3333333,194.5,10,150,35,500,60,25,173332.0982,523.8919742,21.94338173,219691508.4,501
1003,850,850,16022.58261,610.0140003,610.0140003,0,0,30,29,0.02742643,9,9,8,8,85.125,97.28571429,10,350,35,500,60,25,216910.8631,572.7516459,18.10500334,220586206.2,502
1004,850,850,16022.58261,610.0140003,610.0140003,0,0,30,29,0.02742643,8,8,9,9,97.28571429,85.125,10,350,35,500,60,25,216910.8631,572.7516459,18.10500334,220586206.2,502
1005,1100,800,15580.24006,1063.881292,602.6276346,0,0,24,29,0.018014178,5,5,9,9,232.75,78.875,10,200,30,500,60,25,203808.2661,579.0992723,21.63596966,221446716.1,503
1006,800,1100,15580.24006,602.6276346,1063.881292,0,0,24,29,0.018014178,9,9,5,5,78.875,232.75,10,200,30,500,60,25,203808.2661,579.0992723,21.63596966,221446716.1,503
1007,1100,800,16448.83828,1158.629792,658.9456698,0,0,30,25,0.016734336,10,10,7,7,106.1111111,109.1666667,10,150,35,400,50,25,198797.5463,569.354093,21.60122917,222333327.0,504
1008,800,1100,16448.83828,658.9456698,1158.629792,0,0,30,25,0.016734336,7,7,10,10,109.1666667,106.1111111,10,150,35,400,50,25,198797.5463,569.354093,21.60122917,222333327.0,504
1009,950,850,16333.09326,863.0972276,707.1260993,0,0,32,25,0.019452586,9,9,9,9,99.875,87.375,13,350,35,500,50,25,196177.2606,549.3845896,19.91648037,223569143.7,505
1010,850,950,16333.09326,707.1260993,863.0972276,0,0,32,25,0.019452586,9,9,9,9,87.375,99.875,13,350,35,500,50,25,196177.2606,549.3845896,19.91648037,223569143.7,505
1011,900,800,16709.27507,732.6065387,586.1590792,0,0,26,32,0.029042279,8,8,7,7,104.0,104.6666667,10,250,40,400,60,25,227275.2829,592.6549966,18.11869165,225164337.8,506
1012,800,900,16709.27507,586.1590792,732.6065387,0,0,26,32,0.029042279,7,7,8,8,104.6666667,104.0,10,250,40,400,60,25,227275.2829,592.6549966,18.11869165,225164337.8,506
1013,1100,950,15624.74267,923.6186559,702.6978613,0,0,20,32,0.015392301,8,8,4,4,131.7142857,257.3333333,13,400,27,400,60,25,218009.7293,640.4455024,25.52767706,226030648.0,507
1014,950,1100,15624.74267,702.6978613,923.6186559,0,0,20,32,0.015392301,4,4,8,8,257.3333333,131.7142857,13,400,27,400,60,25,218009.7293,640.4455024,25.52767706,226030648.0,507
1015,1100,800,15492.51096,1258.027244,741.2944589,0,0,40,25,0.022312448,11,11,11,11,95.5,65.5,10,100,30,400,50,25,243925.8702,658.173783,21.91126213,226419466.3,508
1016,800,1100,15492.51096,741.2944589,1258.027244,0,0,40,25,0.022312448,11,11,11,11,65.5,95.5,10,100,30,400,50,25,243925.8702,658.173783,21.91126213,226419466.3,508
1017,950,950,17792.97311,842.5591125,842.5591125,0,0,12,32,0.010693598,3,3,5,5,386.0,193.0,13,350,40,400,60,25,157071.6829,491.8567336,21.83175947,227544045.2,509
1018,950,950,17792.97311,842.5591125,842.5591125,0,0,12,32,0.010693598,5,5,3,3,193.0,386.0,13,350,40,400,60,25,157071.6829,491.8567336,21.83175947,227544045.2,509
1019,1250,850,16404.08346,1200.621726,578.6853477,0,0,18,29,0.011189983,8,8,3,3,153.5714286,337.5,13,450,30,400,60,25,185993.7477,581.0901749,25.70982266,227828694.4,510
1020,850,1250,16404.08346,578.6853477,1200.621726,0,0,18,29,0.011189983,3,3,8,8,337.5,153.5714286,13,450,30,400,60,25,185993.7477,581.0901749,25.70982266,227828694.4,510
1021,1250,850,15567.18518,1220.822144,603.8251876,0,0,30,25,0.013859968,7,7,10,10,183.1666667,77.66666667,13,350,27,400,50,25,210735.2784,629.7561798,25.87987709,228671030.0,511
1022,850,1250,15567.18518,603.8251876,1220.822144,0,0,30,25,0.013859968,10,10,7,7,77.66666667,183.1666667,13,350,27,400,50,25,210735.2784,629.7561798,25.87987709,228671030.0,511
1023,1000,800,17133.53957,941.2431415,623.0675367,0,0,32,25,0.019634954,8,8,10,10,121.2857143,72.11111111,13,350,40,400,50,25,195577.2606,546.6845896,19.73990037,228912344.0,512
1024,800,1000,17133.53957,623.0675367,941.2431415,0,0,32,25,0.019634954,10,10,8,8,72.11111111,121.2857143,13,350,40,400,50,25,195577.2606,546.6845896,19.73990037,228912344.0,512
1025,1050,900,16102.62148,855.2467865,638.5728117,0,0,18,32,0.015319004,7,7,4,4,146.3333333,242.6666667,10,350,30,500,60,25,194106.5387,573.1211391,23.06408777,229009477.9,513
1026,900,1050,16102.62148,638.5728117,855.2467865,0,0,18,32,0.015319004,4,4,7,7,242.6666667,146.3333333,10,350,30,500,60,25,194106.5387,573.1211391,23.06408777,229009477.9,513
1027,900,800,16251.63006,1077.997764,892.4965622,0,0,26,32,0.029042279,7,7,8,8,120.3333333,88.85714286,13,150,35,500,60,25,240357.3879,618.6883854,18.20779079,229445229.8,514
1028,800,900,16251.63006,892.4965622,1077.997764,0,0,26,32,0.029042279,8,8,7,7,88.85714286,120.3333333,13,150,35,500,60,25,240357.3879,618.6883854,18.20779079,229445229.8,514
1029,1050,900,15976.32242,945.960769,715.0201422,0,0,22,32,0.018723227,6,6,7,7,174.4,120.3333333,13,300,30,400,60,25,224956.3177,633.8662276,23.27595115,230698197.3,515
1030,900,1050,15976.32242,715.0201422,945.960769,0,0,22,32,0.018723227,7,7,6,6,120.3333333,174.4,13,300,30,400,60,25,224956.3177,633.8662276,23.27595115,230698197.3,515
1031,1000,750,16933.54622,894.8653865,518.86462,0,0,24,32,0.025735927,7,7,7,7,138.0,96.33333333,10,250,40,400,60,25,217423.8884,579.3977073,18.74069388,230725029.7,516
1032,750,1000,16933.54622,518.86462,894.8653865,0,0,24,32,0.025735927,7,7,7,7,96.33333333,138.0,10,250,40,400,60,25,217423.8884,579.3977073,18.74069388,230725029.7,516
1033,1100,800,16843.9384,1159.60784,657.9500754,0,0,20,29,0.015011815,6,6,6,6,185.0,125.0,13,300,35,500,60,25,184575.682,541.3569594,21.50354149,231955534.1,517
1034,800,1100,16843.9384,657.9500754,1159.60784,0,0,20,29,0.015011815,6,6,6,6,125.0,185.0,13,300,35,500,60,25,184575.682,541.3569594,21.50354149,231955534.1,517
1035,1050,750,17253.55945,1086.103853,591.7748657,0,0,28,25,0.017453293,7,7,9,9,149.8333333,74.875,13,350,40,500,50,25,179320.9013,512.2187045,19.34062307,233305839.2,518
1036,750,1050,17253.55945,591.7748657,1086.103853,0,0,28,25,0.017453293,9,9,7,7,74.875,149.8333333,13,350,40,500,50,25,179320.9013,512.2187045,19.34062307,233305839.2,518
1037,1050,800,15267.84059,1227.192623,793.2489953,0,0,32,29,0.025162661,9,9,9,9,110.125,78.875,10,100,27,500,60,25,251284.1662,664.4832544,21.0422304,234741789.4,519
1038,800,1050,15267.84059,793.2489953,1227.192623,0,0,32,29,0.025162661,9,9,9,9,78.875,110.125,10,100,27,500,60,25,251284.1662,664.4832544,21.0422304,234741789.4,519
1039,1050,800,17732.22908,1072.729562,653.2783302,0,0,18,29,0.014153997,8,8,3,3,125.0,312.5,13,350,40,500,60,25,169166.2329,502.9254206,20.47790603,235143123.0,520
1040,800,1050,17732.22908,653.2783302,1072.729562,0,0,18,29,0.014153997,3,3,8,8,312.5,125.0,13,350,40,500,60,25,169166.2329,502.9254206,20.47790603,235143123.0,520
1041,950,900,15390.73938,1042.063248,955.3232369,0,0,26,32,0.024456656,6,6,9,9,155.6,91.0,10,100,27,500,60,25,250726.6336,666.4311844,21.38329702,236163033.5,521
1042,900,950,15390.73938,955.3232369,1042.063248,0,0,26,32,0.024456656,9,9,6,6,91.0,155.6,10,100,27,500,60,25,250726.6336,666.4311844,21.38329702,236163033.5,521
1043,950,800,17334.50615,1157.837386,872.1539664,0,0,20,32,0.021164414,6,6,6,6,155.6,125.6,10,100,40,500,60,25,204399.5298,556.1332055,18.88022662,236596029.3,522
1044,800,950,17334.50615,872.1539664,1157.837386,0,0,20,32,0.021164414,6,6,6,6,125.6,155.6,10,100,40,500,60,25,204399.5298,556.1332055,18.88022662,236596029.3,522
1045,1200,900,16054.71694,1156.318747,687.1714371,0,0,26,25,0.011817333,11,11,4,4,104.9,249.6666667,13,400,27,500,50,25,195464.8461,603.2762895,26.17728887,236968079.3,523
1046,900,1200,16054.71694,687.1714371,1156.318747,0,0,26,25,0.011817333,4,4,11,11,249.6666667,104.9,13,400,27,500,50,25,195464.8461,603.2762895,26.17728887,236968079.3,523
1047,1050,850,15906.64922,995.8554977,684.6314648,0,0,26,32,0.023429065,9,9,6,6,109.75,135.6,10,150,30,400,60,25,247520.1555,667.580293,22.22392616,237228351.6,524
1048,850,1050,15906.64922,684.6314648,995.8554977,0,0,26,32,0.023429065,6,6,9,9,135.6,109.75,10,150,30,400,60,25,247520.1555,667.580293,22.22392616,237228351.6,524
1049,1000,950,16230.54643,853.5528791,777.5000878,0,0,30,25,0.01550128,11,11,6,6,85.5,161.0,10,250,30,500,50,25,199054.2207,583.9208752,23.21291704,237364517.5,525
1050,950,1000,16230.54643,777.5000878,853.5528791,0,0,30,25,0.01550128,6,6,11,11,161.0,85.5,10,250,30,500,50,25,199054.2207,583.9208752,23.21291704,237364517.5,525
1051,1100,850,17217.72773,1325.630334,857.1367974,0,0,14,32,0.012042212,4,4,5,5,307.3333333,168.0,13,200,35,500,60,25,180103.3858,543.8928366,22.73697139,237752121.1,526
1052,850,1100,17217.72773,857.1367974,1325.630334,0,0,14,32,0.012042212,5,5,4,4,168.0,307.3333333,13,200,35,500,60,25,180103.3858,543.8928366,22.73697139,237752121.1,526
1053,1000,850,16710.25686,820.8277839,601.4251104,0,0,28,29,0.021758301,6,6,10,10,166.2,75.66666667,10,300,35,400,60,25,218320.2029,601.4234969,21.04627244,238485864.4,527
1054,850,1000,16710.25686,601.4251104,820.8277839,0,0,28,29,0.021758301,10,10,6,6,75.66666667,166.2,10,300,35,400,60,25,218320.2029,601.4234969,21.04627244,238485864.4,527
1055,1000,800,16702.57929,1127.14027,774.5307398,0,0,22,32,0.022116812,6,6,7,7,164.4,103.6666667,13,200,35,500,60,25,217732.5013,590.3748329,19.89187631,238759068.1,528
1056,800,1000,16702.57929,774.5307398,1127.14027,0,0,22,32,0.022116812,7,7,6,6,103.6666667,164.4,13,200,35,500,60,25,217732.5013,590.3748329,19.89187631,238759068.1,528
1057,1150,800,16074.98286,1102.250849,569.8813097,0,0,32,25,0.017073873,10,10,8,8,111.6666667,93.57142857,10,250,30,500,50,25,204282.4004,588.1038178,22.55908569,239101171.7,529
1058,800,1150,16074.98286,569.8813097,1102.250849,0,0,32,25,0.017073873,8,8,10,10,93.57142857,111.6666667,10,250,30,500,50,25,204282.4004,588.1038178,22.55908569,239101171.7,529
1059,900,850,16412.66596,799.5946324,722.1949912,0,0,36,29,0.031083287,11,11,9,9,72.5,84.375,13,250,35,400,60,25,258547.3515,663.3464636,19.3682024,239340453.5,530
1060,850,900,16412.66596,722.1949912,799.5946324,0,0,36,29,0.031083287,9,9,11,11,84.375,72.5,13,250,35,400,60,25,258547.3515,663.3464636,19.3682024,239340453.5,530
1061,1000,900,16171.3934,851.8426939,702.8619977,0,0,26,29,0.019081685,6,6,9,9,165.0,90.625,13,400,30,500,60,25,214086.3935,603.303481,22.16667412,239592449.2,531
1062,900,1000,16171.3934,702.8619977,851.8426939,0,0,26,29,0.019081685,9,9,6,6,90.625,165.0,13,400,30,500,60,25,214086.3935,603.303481,22.16667412,239592449.2,531
1063,950,900,16099.86197,804.9031567,730.398126,0,0,24,32,0.022575375,8,8,6,6,110.2857143,144.4,13,350,30,500,60,25,227962.0407,621.4526303,21.22737634,241346635.9,532
1064,900,950,16099.86197,730.398126,804.9031567,0,0,24,32,0.022575375,6,6,8,8,144.4,110.2857143,13,350,30,500,60,25,227962.0407,621.4526303,21.22737634,241346635.9,532
1065,1150,800,17019.55264,1030.21395,506.5242398,0,0,18,32,0.015735281,4,4,7,7,326.0,104.6666667,10,400,35,400,60,25,191353.4821,562.6225565,22.47035888,241416363.6,533
1066,800,1150,17019.55264,506.5242398,1030.21395,0,0,18,32,0.015735281,7,7,4,4,104.6666667,326.0,10,400,35,400,60,25,191353.4821,562.6225565,22.47035888,241416363.6,533
1067,1100,900,15699.82458,862.2718582,586.5131721,0,0,30,29,0.020015753,8,8,9,9,133.0,91.375,10,350,27,400,60,25,239367.7846,671.1549197,24.41022178,242694097.4,534
1068,900,1100,15699.82458,586.5131721,862.2718582,0,0,30,29,0.020015753,9,9,8,8,91.375,133.0,10,350,27,400,60,25,239367.7846,671.1549197,24.41022178,242694097.4,534
1069,1200,800,15556.46647,1018.265679,467.1380182,0,0,26,32,0.021781709,8,8,7,7,146.8571429,104.6666667,10,350,27,400,60,25,245474.7306,677.0638973,23.76243713,243612528.5,535
1070,800,1200,15556.46647,467.1380182,1018.265679,0,0,26,32,0.021781709,7,7,8,8,104.6666667,146.8571429,10,350,27,400,60,25,245474.7306,677.0638973,23.76243713,243612528.5,535
1071,1050,950,17599.11039,1202.806292,1014.140194,0,0,14,32,0.011287687,5,5,4,4,219.5,259.3333333,10,100,35,400,60,25,188988.189,574.1235948,24.23492987,244333174.6,536
1072,950,1050,17599.11039,1014.140194,1202.806292,0,0,14,32,0.011287687,4,4,5,5,259.3333333,219.5,10,100,35,400,60,25,188988.189,574.1235948,24.23492987,244333174.6,536
1073,900,800,16629.97529,771.8630648,624.1744482,0,0,34,29,0.031191215,11,11,8,8,72.5,89.28571429,13,350,35,500,60,25,240788.9627,619.2365346,18.21157317,245193643.1,537
1074,800,900,16629.97529,624.1744482,771.8630648,0,0,34,29,0.031191215,8,8,11,11,89.28571429,72.5,13,350,35,500,60,25,240788.9627,619.2365346,18.21157317,245193643.1,537
1075,850,750,17117.55922,662.8937347,523.5288527,0,0,30,32,0.037846951,9,9,8,8,84.0,81.71428571,13,500,40,500,60,25,244138.3431,609.0005144,16.33786584,245277565.8,538
1076,750,850,17117.55922,523.5288527,662.8937347,0,0,30,32,0.037846951,8,8,9,9,81.71428571,84.0,13,500,40,500,60,25,244138.3431,609.0005144,16.33786584,245277565.8,538
1077,1100,750,16962.18993,975.6143343,467.1108798,0,0,26,29,0.020816383,10,10,5,5,103.4444444,145.25,10,400,35,500,60,25,204401.3485,568.9702415,20.37577615,246491105.4,539
1078,750,1100,16962.18993,467.1108798,975.6143343,0,0,26,29,0.020816383,5,5,10,10,145.25,103.4444444,10,400,35,500,60,25,204401.3485,568.9702415,20.37577615,246491105.4,539
1079,1150,950,16314.94537,935.3455573,647.3444883,0,0,20,29,0.012091897,7,7,5,5,163.5,195.25,10,450,27,500,60,25,195141.496,605.0529293,26.46281977,246898835.0,540
1080,950,1150,16314.94537,647.3444883,935.3455573,0,0,20,29,0.012091897,5,5,7,7,195.25,163.5,10,450,27,500,60,25,195141.496,605.0529293,26.46281977,246898835.0,540
1081,1100,750,17678.66235,1196.164811,601.2483049,0,0,26,25,0.015469964,5,5,10,10,238.75,67.22222222,10,200,40,500,50,25,175339.2053,512.0222644,20.17543747,247286190.4,541
1082,750,1100,17678.66235,601.2483049,1196.164811,0,0,26,25,0.015469964,10,10,5,5,67.22222222,238.75,10,200,40,500,50,25,175339.2053,512.0222644,20.17543747,247286190.4,541
1083,1100,900,17604.35798,985.5839822,670.8617851,0,0,18,29,0.012009452,5,5,6,6,232.75,146.2,10,300,35,400,60,25,178814.3477,552.2451689,23.99348789,247879520.2,542
1084,900,1100,17604.35798,670.8617851,985.5839822,0,0,18,29,0.012009452,6,6,5,5,146.2,232.75,10,300,35,400,60,25,178814.3477,552.2451689,23.99348789,247879520.2,542
1085,850,850,15930.43263,695.3911014,695.3911014,0,0,32,32,0.03562066,9,9,9,9,84.0,84.0,13,300,30,500,60,25,267909.7847,673.0506975,18.45557073,247937803.4,543
1086,850,850,15930.43263,695.3911014,695.3911014,0,0,32,32,0.03562066,9,9,9,9,84.0,84.0,13,300,30,500,60,25,267909.7847,673.0506975,18.45557073,247937803.4,543
1087,1200,850,16657.58402,1266.697019,685.2901742,0,0,20,32,0.015769563,8,8,4,4,146.0,224.0,13,250,30,400,60,25,221667.5095,642.704485,24.97761086,249511448.2,544
1088,850,1200,16657.58402,685.2901742,1266.697019,0,0,20,32,0.015769563,4,4,8,8,224.0,146.0,13,250,30,400,60,25,221667.5095,642.704485,24.97761086,249511448.2,544
1089,1150,800,17462.7384,1205.791729,624.1744482,0,0,20,29,0.014359127,7,7,5,5,162.5,156.25,13,350,35,500,60,25,186426.1106,553.0713124,22.43610988,252184255.5,545
1090,800,1150,17462.7384,624.1744482,1205.791729,0,0,20,29,0.014359127,5,5,7,7,156.25,162.5,13,350,35,500,60,25,186426.1106,553.0713124,22.43610988,252184255.5,545
1091,1000,850,18045.04333,882.8855436,647.3322966,0,0,24,29,0.018649972,9,9,5,5,103.125,168.75,13,450,40,400,60,25,198629.4628,562.7694537,20.91072388,253698247.2,546
1092,850,1000,18045.04333,647.3322966,882.8855436,0,0,24,29,0.018649972,5,5,9,9,168.75,103.125,13,450,40,400,60,25,198629.4628,562.7694537,20.91072388,253698247.2,546
1093,950,900,15789.75241,702.7712419,635.6661844,0,0,28,32,0.026337937,9,9,7,7,97.25,121.3333333,10,300,27,500,60,25,249989.6369,664.6415751,21.37915392,254109465.3,547
1094,900,950,15789.75241,635.6661844,702.7712419,0,0,28,32,0.026337937,7,7,9,9,121.3333333,97.25,10,300,27,500,60,25,249989.6369,664.6415751,21.37915392,254109465.3,547
1095,1050,900,18544.37311,1254.48866,962.7596165,0,0,12,32,0.010212669,2,2,6,6,878.0,145.6,10,100,40,400,60,25,171673.6418,529.448632,22.90867337,254762264.4,548
1096,900,1050,18544.37311,962.7596165,1254.48866,0,0,12,32,0.010212669,6,6,2,2,145.6,878.0,10,100,40,400,60,25,171673.6418,529.448632,22.90867337,254762264.4,548
1097,1150,900,16811.21128,1682.728971,1147.722562,0,0,24,29,0.015316402,7,7,7,7,162.5,120.8333333,13,100,30,400,60,25,243692.2774,689.5924547,25.47247678,254994993.5,549
1098,900,1150,16811.21128,1147.722562,1682.728971,0,0,24,29,0.015316402,7,7,7,7,120.8333333,162.5,13,100,30,400,60,25,243692.2774,689.5924547,25.47247678,254994993.5,549
1099,1050,850,17360.34725,876.0803772,581.3843673,0,0,22,29,0.016281722,3,3,10,10,440.5,75.66666667,10,450,35,500,60,25,188857.9412,552.1233904,21.82091597,255413757.0,550
1100,850,1050,17360.34725,581.3843673,876.0803772,0,0,22,29,0.016281722,10,10,3,3,75.66666667,440.5,10,450,35,500,60,25,188857.9412,552.1233904,21.82091597,255413757.0,550
1101,1150,850,16563.27983,1682.728971,1050.991078,0,0,28,29,0.018920262,8,8,8,8,139.2857143,96.42857143,13,100,30,400,60,25,258579.286,707.1410723,24.25285777,255609099.6,551
1102,850,1150,16563.27983,1050.991078,1682.728971,0,0,28,29,0.018920262,8,8,8,8,96.42857143,139.2857143,13,100,30,400,60,25,258579.286,707.1410723,24.25285777,255609099.6,551
1103,900,900,16296.9223,768.8430856,768.8430856,0,0,28,32,0.027801156,9,9,7,7,90.25,120.3333333,13,300,30,500,60,25,250608.3979,656.8369095,20.3484069,256126686.3,552
1104,900,900,16296.9223,768.8430856,768.8430856,0,0,28,32,0.027801156,7,7,9,9,120.3333333,90.25,13,300,30,500,60,25,250608.3979,656.8369095,20.3484069,256126686.3,552
1105,1100,800,18286.7943,1031.124951,556.718429,0,0,14,32,0.01279485,3,3,6,6,464.0,125.6,10,400,40,500,60,25,163003.3286,498.8197228,21.35555429,258358749.4,553
1106,800,1100,18286.7943,556.718429,1031.124951,0,0,14,32,0.01279485,6,6,3,3,125.6,464.0,10,400,40,500,60,25,163003.3286,498.8197228,21.35555429,258358749.4,553
1107,1050,750,17028.13261,891.878334,467.1108798,0,0,30,29,0.025162661,8,8,9,9,125.8571429,72.625,10,400,35,500,60,25,221776.1713,595.4856092,19.63308383,259679613.9,554
1108,750,1050,17028.13261,467.1108798,891.878334,0,0,30,29,0.025162661,9,9,8,8,72.625,125.8571429,10,400,35,500,60,25,221776.1713,595.4856092,19.63308383,259679613.9,554
1109,1050,1000,17072.07357,990.6084392,908.1871388,0,0,26,25,0.012154972,7,7,8,8,150.8333333,122.1428571,10,200,30,500,50,25,194572.2804,595.4760839,25.48123565,260019665.5,555
1110,1000,1050,17072.07357,908.1871388,990.6084392,0,0,26,25,0.012154972,8,8,7,7,122.1428571,150.8333333,10,200,30,500,50,25,194572.2804,595.4760839,25.48123565,260019665.5,555
1111,950,800,17722.60393,783.7852547,562.9230728,0,0,28,32,0.029630179,10,10,6,6,85.77777778,124.4,13,500,40,400,60,25,242065.5026,629.7965478,19.14026631,260951185.9,556
1112,800,950,17722.60393,562.9230728,783.7852547,0,0,28,32,0.029630179,6,6,10,10,124.4,85.77777778,13,500,40,400,60,25,242065.5026,629.7965478,19.14026631,260951185.9,556
1113,1000,800,18041.70615,1022.506527,685.6075281,0,0,20,32,0.020106193,4,4,8,8,274.0,88.85714286,13,300,40,500,60,25,199816.3597,555.044697,19.76897728,261802645.9,557
1114,800,1000,18041.70615,685.6075281,1022.506527,0,0,20,32,0.020106193,8,8,4,4,88.85714286,274.0,13,300,40,500,60,25,199816.3597,555.044697,19.76897728,261802645.9,557
1115,1100,850,16514.24837,924.3062206,565.7311777,0,0,32,29,0.022606027,8,8,10,10,133.0,75.66666667,10,300,30,400,60,25,246060.185,673.1635318,23.19156929,262533585.5,558
1116,850,1100,16514.24837,565.7311777,924.3062206,0,0,32,29,0.022606027,10,10,8,8,75.66666667,133.0,10,300,30,400,60,25,246060.185,673.1635318,23.19156929,262533585.5,558
1117,1000,1000,16861.62983,915.4297564,915.4297564,0,0,28,29,0.018494556,8,8,8,8,117.8571429,117.8571429,13,250,30,400,60,25,238373.3343,671.4492283,24.63272042,263101320.9,559
1118,1000,1000,16861.62983,915.4297564,915.4297564,0,0,28,29,0.018494556,8,8,8,8,117.8571429,117.8571429,13,250,30,400,60,25,238373.3343,671.4492283,24.63272042,263101320.9,559
1119,1000,950,16669.09922,721.4868781,652.4412124,0,0,26,32,0.02201099,7,7,8,8,138.0,111.1428571,10,450,30,400,60,25,243159.8097,670.4492048,23.51667936,264324614.3,560
1120,950,1000,16669.09922,652.4412124,721.4868781,0,0,26,32,0.02201099,8,8,7,7,111.1428571,138.0,10,450,30,400,60,25,243159.8097,670.4492048,23.51667936,264324614.3,560
1121,1000,1000,18110.73443,946.6291165,946.6291165,0,0,22,25,0.010799225,8,8,5,5,121.2857143,212.25,13,350,35,500,50,25,174627.1606,546.1395652,24.19436737,265215317.5,561
1122,1000,1000,18110.73443,946.6291165,946.6291165,0,0,22,25,0.010799225,5,5,8,8,212.25,121.2857143,13,350,35,500,50,25,174627.1606,546.1395652,24.19436737,265215317.5,561
1123,1000,850,16042.59066,748.7129826,551.4591584,0,0,36,29,0.027974959,12,12,8,8,75.54545455,97.28571429,10,350,27,500,60,25,258432.7595,680.1864255,21.32234874,266981671.4,562
1124,850,1000,16042.59066,551.4591584,748.7129826,0,0,36,29,0.027974959,8,8,12,12,97.28571429,75.54545455,10,350,27,500,60,25,258432.7595,680.1864255,21.32234874,266981671.4,562
1125,950,850,18047.90417,813.1688438,658.6971047,0,0,30,29,0.024539437,7,7,10,10,130.1666667,75.66666667,10,250,40,400,60,25,226261.567,608.4275468,20.12361558,267270640.8,563
1126,850,950,18047.90417,658.6971047,813.1688438,0,0,30,29,0.024539437,10,10,7,7,75.66666667,130.1666667,10,250,40,400,60,25,226261.567,608.4275468,20.12361558,267270640.8,563
1127,1050,850,18660.42908,943.64112,627.1329343,0,0,18,29,0.013321409,6,6,5,5,176.2,170.25,10,400,40,500,60,25,168897.5687,512.9327788,21.68353101,267686115.5,564
1128,850,1050,18660.42908,627.1329343,943.64112,0,0,18,29,0.013321409,5,5,6,6,170.25,176.2,10,400,40,500,60,25,168897.5687,512.9327788,21.68353101,267686115.5,564
1129,1000,850,18296.46361,847.0289312,617.4704331,0,0,26,29,0.020204137,6,6,9,9,166.2,85.125,10,350,40,400,60,25,207110.3667,579.3811877,20.96920511,268692618.2,565
1130,850,1000,18296.46361,617.4704331,847.0289312,0,0,26,29,0.020204137,9,9,6,6,85.125,166.2,10,350,40,400,60,25,207110.3667,579.3811877,20.96920511,268692618.2,565
1131,1300,900,16811.90069,1312.732972,668.8621695,0,0,22,29,0.012420031,4,4,9,9,377.0,91.375,10,200,27,400,60,25,218593.4002,667.0189539,28.40569821,271756591.8,566
1132,900,1300,16811.90069,668.8621695,1312.732972,0,0,22,29,0.012420031,9,9,4,4,91.375,377.0,10,200,27,400,60,25,218593.4002,667.0189539,28.40569821,271756591.8,566
1133,1100,900,17096.20165,1048.957845,730.398126,0,0,20,32,0.016247429,4,4,8,8,307.3333333,103.1428571,13,350,30,500,60,25,214659.1202,622.7337904,24.23990421,271987962.4,567
1134,900,1100,17096.20165,730.398126,1048.957845,0,0,20,32,0.016247429,8,8,4,4,103.1428571,307.3333333,13,350,30,500,60,25,214659.1202,622.7337904,24.23990421,271987962.4,567
1135,1150,900,16491.83984,1439.535187,971.1670498,0,0,34,25,0.016125325,8,8,11,11,143.5714286,75.5,10,100,27,500,50,25,235290.9439,672.7056844,25.41571346,272421474.3,568
1136,900,1150,16491.83984,971.1670498,1439.535187,0,0,34,25,0.016125325,11,11,8,8,75.5,143.5714286,10,100,27,500,50,25,235290.9439,672.7056844,25.41571346,272421474.3,568
1137,1150,950,16664.04861,939.330518,650.5814507,0,0,28,29,0.016928655,9,9,7,7,122.625,130.1666667,10,350,27,400,60,25,237655.6132,688.5949635,26.75525254,273043679.8,569
1138,950,1150,16664.04861,650.5814507,939.330518,0,0,28,29,0.016928655,7,7,9,9,130.1666667,122.625,10,350,27,400,60,25,237655.6132,688.5949635,26.75525254,273043679.8,569
1139,1250,900,16698.03487,1421.257382,810.2889315,0,0,34,25,0.014835299,10,10,9,9,122.1111111,93.625,13,200,27,400,50,25,239997.0495,700.1428345,27.51768813,273143378.1,570
1140,900,1250,16698.03487,810.2889315,1421.257382,0,0,34,25,0.014835299,9,9,10,10,93.625,122.1111111,13,200,27,400,50,25,239997.0495,700.1428345,27.51768813,273143378.1,570
1141,1050,900,16198.83847,826.7599644,618.7541211,0,0,38,29,0.026560587,10,10,11,11,97.22222222,72.5,13,450,27,400,60,25,278543.9009,739.0183321,23.64495896,274272294.3,571
1142,900,1050,16198.83847,618.7541211,826.7599644,0,0,38,29,0.026560587,11,11,10,10,72.5,97.22222222,13,450,27,400,60,25,278543.9009,739.0183321,23.64495896,274272294.3,571
1143,1350,900,17022.78013,1328.875983,617.6118058,0,0,16,32,0.010590916,3,3,7,7,586.0,120.3333333,13,450,27,400,60,25,206492.1495,652.3074904,29.35733433,274505572.8,572
1144,900,1350,17022.78013,617.6118058,1328.875983,0,0,16,32,0.010590916,7,7,3,3,120.3333333,586.0,13,450,27,400,60,25,206492.1495,652.3074904,29.35733433,274505572.8,572
1145,1200,800,17948.03627,1338.550353,646.717812,0,0,20,32,0.016755161,8,8,4,4,146.8571429,209.3333333,10,150,35,400,60,25,216248.1769,619.8720133,23.56075274,274733642.4,573
1146,800,1200,17948.03627,646.717812,1338.550353,0,0,20,32,0.016755161,4,4,8,8,209.3333333,146.8571429,10,150,35,400,60,25,216248.1769,619.8720133,23.56075274,274733642.4,573
1147,1100,850,18004.37851,1422.144727,930.270924,0,0,18,32,0.015482844,5,5,6,6,232.0,135.6,10,100,35,500,60,25,208367.6705,599.4927914,22.93122559,276426371.4,574
1148,850,1100,18004.37851,930.270924,1422.144727,0,0,18,32,0.015482844,6,6,5,5,135.6,232.0,10,100,35,500,60,25,208367.6705,599.4927914,22.93122559,276426371.4,574
1149,1150,1000,17754.90721,1257.866476,986.4764099,0,0,16,32,0.011189533,6,6,4,4,194.4,274.0,13,200,30,400,60,25,211885.2923,649.9878446,27.89912173,276694704.6,575
1150,1000,1150,17754.90721,986.4764099,1257.866476,0,0,16,32,0.011189533,4,4,6,6,274.0,194.4,13,200,30,400,60,25,211885.2923,649.9878446,27.89912173,276694704.6,575
1151,1000,900,17738.09663,964.6341876,798.9602255,0,0,30,29,0.022017329,8,8,9,9,118.7142857,91.375,10,150,35,400,60,25,239613.2096,653.5713155,22.34197082,276939372.8,576
1152,900,1000,17738.09663,798.9602255,964.6341876,0,0,30,29,0.022017329,9,9,8,8,91.375,118.7142857,10,150,35,400,60,25,239613.2096,653.5713155,22.34197082,276939372.8,576
1153,1200,900,16773.88458,1162.43728,690.650778,0,0,30,29,0.018347774,12,12,5,5,93.18181818,181.25,13,300,27,400,60,25,253287.3394,716.9268337,26.57494709,279311765.1,577
1154,900,1200,16773.88458,690.650778,1162.43728,0,0,30,29,0.018347774,5,5,12,12,181.25,93.18181818,13,300,27,400,60,25,253287.3394,716.9268337,26.57494709,279311765.1,577
1155,1250,950,17058.93518,1094.731807,644.8333537,0,0,30,25,0.012401024,8,8,9,9,157.8571429,100.625,10,400,27,400,50,25,215588.0705,664.5132362,28.78782067,279580395.3,578
1156,950,1250,17058.93518,644.8333537,1094.731807,0,0,30,25,0.012401024,9,9,8,8,100.625,157.8571429,10,400,27,400,50,25,215588.0705,664.5132362,28.78782067,279580395.3,578
1157,900,850,18117.13278,962.7596165,873.4222962,0,0,30,32,0.031539126,9,9,8,8,91.0,96.85714286,10,100,40,400,60,25,267289.5776,680.6734712,19.42793364,280545684.5,579
1158,850,900,18117.13278,873.4222962,962.7596165,0,0,30,32,0.031539126,8,8,9,9,96.85714286,91.0,10,100,40,400,60,25,267289.5776,680.6734712,19.42793364,280545684.5,579
1159,1150,850,19293.56222,1080.283368,594.5667267,0,0,16,29,0.010811578,7,7,3,3,163.5,340.5,10,450,40,400,60,25,165138.5222,522.785541,23.61213605,281025142.3,580
1160,850,1150,19293.56222,594.5667267,1080.283368,0,0,16,29,0.010811578,3,3,7,7,340.5,163.5,10,450,40,400,60,25,165138.5222,522.785541,23.61213605,281025142.3,580
1161,1150,850,18268.52812,1155.563497,660.2510354,0,0,16,32,0.013164157,4,4,6,6,326.0,135.6,10,250,35,500,60,25,186864.9253,565.5593142,23.76136245,282213375.3,581
1162,850,1150,18268.52812,660.2510354,1155.563497,0,0,16,32,0.013164157,6,6,4,4,135.6,326.0,10,250,35,500,60,25,186864.9253,565.5593142,23.76136245,282213375.3,581
1163,1000,850,17869.40468,1278.289164,983.3983879,0,0,24,32,0.022708171,8,8,6,6,117.4285714,134.4,13,150,35,500,60,25,240343.2753,645.0872872,21.19670631,282580357.5,582
1164,850,1000,17869.40468,983.3983879,1278.289164,0,0,24,32,0.022708171,6,6,8,8,134.4,117.4285714,13,150,35,500,60,25,240343.2753,645.0872872,21.19670631,282580357.5,582
1165,850,850,17470.28123,580.2451425,580.2451425,0,0,32,32,0.03562066,9,9,9,9,84.75,84.75,10,450,35,500,60,25,261768.7966,660.8301312,18.41374591,284642897.0,583
1166,850,850,17470.28123,580.2451425,580.2451425,0,0,32,32,0.03562066,9,9,9,9,84.75,84.75,10,450,35,500,60,25,261768.7966,660.8301312,18.41374591,284642897.0,583
1167,1200,850,16760.55052,1420.850456,800.5009267,0,0,28,29,0.018131918,8,8,8,8,146.4285714,96.42857143,13,200,27,500,60,25,244161.9671,686.9846077,25.13212821,284798864.4,584
1168,850,1200,16760.55052,800.5009267,1420.850456,0,0,28,29,0.018131918,8,8,8,8,96.42857143,146.4285714,13,200,27,500,60,25,244161.9671,686.9846077,25.13212821,284798864.4,584
1169,1150,800,19031.22306,1080.283368,527.448918,0,0,22,29,0.01579504,10,10,3,3,109.0,315.5,10,450,40,400,60,25,191194.9495,562.296037,22.4693091,284910391.4,585
1170,800,1150,19031.22306,527.448918,1080.283368,0,0,22,29,0.01579504,3,3,10,10,315.5,109.0,10,450,40,400,60,25,191194.9495,562.296037,22.4693091,284910391.4,585
1171,1100,900,17243.54837,956.209094,656.2193424,0,0,32,29,0.021350137,11,11,7,7,93.1,121.8333333,10,250,30,400,60,25,252112.5057,696.2516499,24.49774286,286871222.3,586
1172,900,1100,17243.54837,656.2193424,956.209094,0,0,32,29,0.021350137,7,7,11,11,121.8333333,93.1,10,250,30,400,60,25,252112.5057,696.2516499,24.49774286,286871222.3,586
1173,1150,800,18993.9943,1316.68567,685.6075281,0,0,14,32,0.012238552,2,2,7,7,972.0,103.6666667,13,300,40,500,60,25,172964.2795,526.674015,22.34336154,287059889.2,587
1174,800,1150,18993.9943,685.6075281,1316.68567,0,0,14,32,0.012238552,7,7,2,2,103.6666667,972.0,13,300,40,500,60,25,172964.2795,526.674015,22.34336154,287059889.2,587
1175,1100,950,18709.54776,932.4125265,698.6785355,0,0,20,29,0.012641528,6,6,6,6,186.2,156.2,10,450,35,400,60,25,191204.4877,587.6802827,25.34354664,290122690.4,588
1176,950,1100,18709.54776,698.6785355,932.4125265,0,0,20,29,0.012641528,6,6,6,6,156.2,186.2,10,450,35,400,60,25,191204.4877,587.6802827,25.34354664,290122690.4,588
1177,1100,800,19066.33553,1180.448777,661.8636081,0,0,18,32,0.016450522,7,7,4,4,154.6666667,209.3333333,10,200,40,500,60,25,193116.6095,558.0991799,21.56240157,291265560.9,589
1178,800,1100,19066.33553,661.8636081,1180.448777,0,0,18,32,0.016450522,4,4,7,7,209.3333333,154.6666667,10,200,40,500,60,25,193116.6095,558.0991799,21.56240157,291265560.9,589
1179,1200,950,17935.54562,1266.697019,834.2900856,0,0,18,32,0.012698648,5,5,6,6,255.5,154.4,13,250,30,400,60,25,219603.0587,663.0152139,27.72257063,291778079.5,590
1180,950,1200,17935.54562,834.2900856,1266.697019,0,0,18,32,0.012698648,6,6,5,5,154.4,255.5,13,250,30,400,60,25,219603.0587,663.0152139,27.72257063,291778079.5,590
1181,900,900,18802.4008,740.3614727,740.3614727,0,0,28,29,0.022832785,7,7,9,9,121.8333333,91.375,10,300,40,500,60,25,214914.6904,586.614527,20.10311274,293527267.6,591
1182,900,900,18802.4008,740.3614727,740.3614727,0,0,28,29,0.022832785,9,9,7,7,91.375,121.8333333,10,300,40,500,60,25,214914.6904,586.614527,20.10311274,293527267.6,591
1183,900,850,18647.02948,757.8455269,681.0684202,0,0,32,29,0.027629589,8,8,10,10,103.5714286,75.0,13,450,40,500,60,25,232424.2888,611.8920984,19.18884481,294443497.5,592
1184,850,900,18647.02948,681.0684202,757.8455269,0,0,32,29,0.027629589,10,10,8,8,75.0,103.5714286,13,450,40,500,60,25,232424.2888,611.8920984,19.18884481,294443497.5,592
1185,1150,850,17335.05765,1039.764697,589.7800695,0,0,34,29,0.022974604,9,9,10,10,122.625,75.66666667,10,250,30,400,60,25,261376.9842,711.9126974,24.27407159,298680001.5,593
1186,850,1150,17335.05765,589.7800695,1039.764697,0,0,34,29,0.022974604,10,10,9,9,75.66666667,122.625,10,250,30,400,60,25,261376.9842,711.9126974,24.27407159,298680001.5,593
1187,900,900,18037.25545,701.5935324,701.5935324,0,0,28,32,0.027801156,8,8,8,8,104.0,104.0,10,300,35,500,60,25,246184.1244,648.0326052,20.31827422,299399805.6,594
1188,900,900,18037.25545,701.5935324,701.5935324,0,0,28,32,0.027801156,8,8,8,8,104.0,104.0,10,300,35,500,60,25,246184.1244,648.0326052,20.31827422,299399805.6,594
1189,950,950,19224.66361,853.9545704,853.9545704,0,0,26,29,0.019028827,11,11,4,4,78.1,260.3333333,10,200,40,400,60,25,215872.7447,607.3603198,22.23633839,299542140.0,595
1190,950,950,19224.66361,853.9545704,853.9545704,0,0,26,29,0.019028827,4,4,11,11,260.3333333,78.1,10,200,40,400,60,25,215872.7447,607.3603198,22.23633839,299542140.0,595
1191,1100,850,17286.02619,1004.063404,625.8534071,0,0,38,29,0.026844657,13,13,8,8,77.58333333,97.28571429,10,200,30,400,60,25,280367.8848,740.64006,23.4273903,301039726.9,596
1192,850,1100,17286.02619,625.8534071,1004.063404,0,0,38,29,0.026844657,8,8,13,13,97.28571429,77.58333333,10,200,30,400,60,25,280367.8848,740.64006,23.4273903,301039726.9,596
1193,1250,900,18049.88402,1118.064196,586.8188127,0,0,20,32,0.014297737,7,7,5,5,179.6666667,182.0,10,450,30,400,60,25,220213.8144,660.8956318,27.38261967,303233115.0,597
1194,900,1250,18049.88402,586.8188127,1118.064196,0,0,20,32,0.014297737,5,5,7,7,182.0,179.6666667,10,450,30,400,60,25,220213.8144,660.8956318,27.38261967,303233115.0,597
1195,1150,850,17564.14214,1380.837009,836.2286595,0,0,38,25,0.019082564,11,11,10,10,99.9,77.66666667,13,200,30,500,50,25,241890.4861,673.8985035,24.13928073,303242710.7,598
1196,850,1150,17564.14214,836.2286595,1380.837009,0,0,38,25,0.019082564,10,10,11,11,77.66666667,99.9,13,200,30,500,50,25,241890.4861,673.8985035,24.13928073,303242710.7,598
1197,1200,950,17537.22044,1113.215723,723.0023402,0,0,24,29,0.013905681,7,7,7,7,170.8333333,129.1666667,13,450,27,500,60,25,223218.7275,669.9340904,27.74794584,303921747.3,599
1198,950,1200,17537.22044,723.0023402,1113.215723,0,0,24,29,0.013905681,7,7,7,7,129.1666667,170.8333333,13,450,27,500,60,25,223218.7275,669.9340904,27.74794584,303921747.3,599
1199,1000,900,17490.3223,882.8314534,730.398126,0,0,28,32,0.02502104,7,7,9,9,137.0,90.25,13,350,30,500,60,25,256855.7593,687.3411587,22.46087871,304226699.5,600
1200,900,1000,17490.3223,730.398126,882.8314534,0,0,28,32,0.02502104,9,9,7,7,90.25,137.0,13,350,30,500,60,25,256855.7593,687.3411587,22.46087871,304226699.5,600
1201,950,900,19160.65076,1237.157242,1133.830898,0,0,34,25,0.01952013,8,8,11,11,114.1428571,74.9,13,150,40,500,50,25,221001.9207,608.1265282,21.17854929,304440948.7,601
1202,900,950,19160.65076,1133.830898,1237.157242,0,0,34,25,0.01952013,11,11,8,8,74.9,114.1428571,13,150,40,500,50,25,221001.9207,608.1265282,21.17854929,304440948.7,601
1203,950,900,18340.08006,849.7732567,770.4380868,0,0,26,32,0.024456656,9,9,6,6,96.5,144.4,13,350,35,500,60,25,240460.0502,646.0006834,21.31337374,304718312.9,602
1204,900,950,18340.08006,770.4380868,849.7732567,0,0,26,32,0.024456656,6,6,9,9,144.4,96.5,13,350,35,500,60,25,240460.0502,646.0006834,21.31337374,304718312.9,602
1205,1100,850,19648.96492,1214.673108,763.9030071,0,0,16,32,0.013762528,6,6,4,4,184.4,224.0,13,300,40,500,60,25,186662.2891,556.6220682,22.78251894,305635472.6,603
1206,850,1100,19648.96492,763.9030071,1214.673108,0,0,16,32,0.013762528,4,4,6,6,224.0,184.4,13,300,40,500,60,25,186662.2891,556.6220682,22.78251894,305635472.6,603
1207,1000,900,18484.26856,1143.843226,959.1450233,0,0,38,25,0.020725785,9,9,12,12,106.125,68.09090909,13,200,35,500,50,25,234648.5376,643.925026,22.30752427,310156432.8,604
1208,900,1000,18484.26856,959.1450233,1143.843226,0,0,38,25,0.020725785,12,12,9,9,68.09090909,106.125,13,200,35,500,50,25,234648.5376,643.925026,22.30752427,310156432.8,604
1209,1050,950,17989.41197,964.1830161,804.9031567,0,0,24,32,0.019350321,9,9,5,5,109.0,193.0,13,350,30,500,60,25,240255.1393,674.5298967,24.58847902,313065853.5,605
1210,950,1050,17989.41197,804.9031567,964.1830161,0,0,24,32,0.019350321,5,5,9,9,193.0,109.0,13,350,30,500,60,25,240255.1393,674.5298967,24.58847902,313065853.5,605
1211,1050,900,19800.26235,1132.29943,860.2364664,0,0,26,25,0.013505524,7,7,8,8,149.8333333,107.0,13,300,40,500,50,25,186922.4011,559.168824,23.01422455,313749077.8,606
1212,900,1050,19800.26235,860.2364664,1132.29943,0,0,26,25,0.013505524,8,8,7,7,107.0,149.8333333,13,300,40,500,50,25,186922.4011,559.168824,23.01422455,313749077.8,606
1213,1100,1000,19474.20651,1159.752918,978.1833741,0,0,26,25,0.011602473,8,8,7,7,135.5714286,141.5,13,250,35,400,50,25,203003.9524,622.2951111,26.68861873,318051687.2,607
1214,1000,1100,19474.20651,978.1833741,1159.752918,0,0,26,25,0.011602473,7,7,8,8,141.5,135.5714286,13,250,35,400,50,25,203003.9524,622.2951111,26.68861873,318051687.2,607
1215,1050,850,17472.84123,860.9236154,577.5469503,0,0,36,32,0.032440244,11,11,9,9,87.2,84.0,13,450,30,400,60,25,304051.4363,778.4626124,22.61332942,318073904.5,608
1216,850,1050,17472.84123,577.5469503,860.9236154,0,0,36,32,0.032440244,9,9,11,11,84.0,87.2,13,450,30,400,60,25,304051.4363,778.4626124,22.61332942,318073904.5,608
1217,1250,850,19344.17956,1249.007634,593.9098317,0,0,18,29,0.011189983,6,6,5,5,216.2,170.25,10,400,35,500,60,25,183114.1063,575.3596885,25.6902101,318332556.0,609
1218,850,1250,19344.17956,593.9098317,1249.007634,0,0,18,29,0.011189983,5,5,6,6,170.25,216.2,10,400,35,500,60,25,183114.1063,575.3596885,25.6902101,318332556.0,609
1219,1200,900,18196.58286,1191.996704,704.8705624,0,0,32,25,0.01454441,8,8,10,10,150.7142857,83.88888889,10,250,30,500,50,25,217822.2455,647.1761095,26.3311646,319199642.0,610
1220,900,1200,18196.58286,704.8705624,1191.996704,0,0,32,25,0.01454441,10,10,8,8,83.88888889,150.7142857,10,250,30,500,50,25,217822.2455,647.1761095,26.3311646,319199642.0,610
1221,1050,950,20150.00278,1309.98853,1105.699214,0,0,20,29,0.013243506,3,3,9,9,437.5,96.875,13,150,40,400,60,25,206895.843,609.3680799,24.35795767,320779424.7,611
1222,950,1050,20150.00278,1105.699214,1309.98853,0,0,20,29,0.013243506,9,9,3,3,96.875,437.5,13,150,40,400,60,25,206895.843,609.3680799,24.35795767,320779424.7,611
1223,1100,950,18216.95571,1179.522612,917.0159214,0,0,36,25,0.016910487,11,11,9,9,94.9,99.875,13,250,30,500,50,25,236328.0713,676.580433,25.65330339,322945069.0,612
1224,950,1100,18216.95571,917.0159214,1179.522612,0,0,36,25,0.016910487,9,9,11,11,99.875,94.9,13,250,30,500,50,25,236328.0713,676.580433,25.65330339,322945069.0,612
1225,1000,1000,17520.18241,894.0096467,894.0096467,0,0,28,32,0.022518936,10,10,6,6,91.33333333,164.4,13,300,27,500,60,25,267197.6626,728.0015461,24.83122886,323407999.9,613
1226,1000,1000,17520.18241,894.0096467,894.0096467,0,0,28,32,0.022518936,6,6,10,10,164.4,91.33333333,13,300,27,500,60,25,267197.6626,728.0015461,24.83122886,323407999.9,613
1227,1050,950,17925.42603,920.1431147,765.538548,0,0,30,32,0.024187901,9,9,8,8,109.75,111.1428571,10,200,30,400,60,25,278121.2044,748.9144085,24.84900509,323537419.8,614
1228,950,1050,17925.42603,765.538548,920.1431147,0,0,30,32,0.024187901,8,8,9,9,111.1428571,109.75,10,200,30,400,60,25,278121.2044,748.9144085,24.84900509,323537419.8,614
1229,1350,900,18090.92727,1273.796525,582.3900089,0,0,18,32,0.011914781,6,6,5,5,235.6,182.0,10,450,27,500,60,25,215189.8215,669.2928719,29.41744853,325740757.4,615
1230,900,1350,18090.92727,582.3900089,1273.796525,0,0,18,32,0.011914781,5,5,6,6,182.0,235.6,10,450,27,500,60,25,215189.8215,669.2928719,29.41744853,325740757.4,615
1231,1100,900,17416.0392,1241.916362,892.3672611,0,0,46,25,0.02280828,15,15,10,10,67.78571429,83.22222222,13,200,27,500,50,25,273403.2047,738.3302739,24.64353533,326180532.9,616
1232,900,1100,17416.0392,892.3672611,1241.916362,0,0,46,25,0.02280828,10,10,15,15,83.22222222,67.78571429,13,200,27,500,50,25,273403.2047,738.3302739,24.64353533,326180532.9,616
1233,1100,850,18788.22618,1361.195005,884.1283845,0,0,34,29,0.024018904,9,9,10,10,115.625,75.0,13,150,35,400,60,25,273052.5606,726.6130944,23.37612778,327130029.2,617
1234,850,1100,18788.22618,884.1283845,1361.195005,0,0,34,29,0.024018904,10,10,9,9,75.0,115.625,13,150,35,400,60,25,273052.5606,726.6130944,23.37612778,327130029.2,617
1235,950,900,18733.40545,752.4006457,678.7608858,0,0,28,32,0.026337937,6,6,10,10,155.6,80.88888889,10,350,35,500,60,25,249044.2794,662.7603135,21.37271531,327913149.1,618
1236,900,950,18733.40545,678.7608858,752.4006457,0,0,28,32,0.026337937,10,10,6,6,80.88888889,155.6,10,350,35,500,60,25,249044.2794,662.7603135,21.37271531,327913149.1,618
1237,1200,850,19332.77225,1540.988335,858.8262918,0,0,22,29,0.014246507,6,6,7,7,205.0,112.5,13,200,35,500,60,25,213368.5315,626.5014651,24.92024203,328397578.9,619
1238,850,1200,19332.77225,858.8262918,1540.988335,0,0,22,29,0.014246507,7,7,6,6,112.5,205.0,13,200,35,500,60,25,213368.5315,626.5014651,24.92024203,328397578.9,619
1239,950,900,19413.86313,1353.231629,1243.268671,0,0,46,25,0.026409587,13,13,12,12,66.58333333,68.09090909,13,100,40,400,50,25,278232.4319,720.8324358,21.57154231,328551824.8,620
1240,900,950,19413.86313,1243.268671,1353.231629,0,0,46,25,0.026409587,12,12,13,13,68.09090909,66.58333333,13,100,40,400,50,25,278232.4319,720.8324358,21.57154231,328551824.8,620
1241,1350,900,18787.49767,1431.748129,672.2035639,0,0,28,25,0.011312319,8,8,8,8,171.2857143,107.0,13,400,30,400,50,25,214674.4871,668.4143402,29.41353987,328923972.7,621
1242,900,1350,18787.49767,672.2035639,1431.748129,0,0,28,25,0.011312319,8,8,8,8,107.0,171.2857143,13,400,30,400,50,25,214674.4871,668.4143402,29.41353987,328923972.7,621
1243,1300,900,17952.91029,1740.175997,955.3232369,0,0,20,32,0.013747824,4,4,8,8,376.0,104.0,10,100,27,500,60,25,242748.3679,714.7753932,28.57105845,331031652.2,622
1244,900,1300,17952.91029,955.3232369,1740.175997,0,0,20,32,0.013747824,8,8,4,4,104.0,376.0,10,100,27,500,60,25,242748.3679,714.7753932,28.57105845,331031652.2,622
1245,1150,1000,18820.92148,1046.657563,805.2365023,0,0,18,32,0.012588225,5,5,6,6,244.5,165.6,10,300,30,500,60,25,212332.6643,650.5551289,27.90304508,332321954.4,623
1246,1000,1150,18820.92148,805.2365023,1046.657563,0,0,18,32,0.012588225,6,6,5,5,165.6,244.5,10,300,30,500,60,25,212332.6643,650.5551289,27.90304508,332321954.4,623
1247,1150,850,18121.09214,1016.812433,573.1946854,0,0,26,32,0.021391755,6,6,9,9,195.6,84.75,10,350,30,500,60,25,246874.7306,683.3638973,24.17445713,332925913.9,624
1248,850,1150,18121.09214,573.1946854,1016.812433,0,0,26,32,0.021391755,9,9,6,6,84.75,195.6,10,350,30,500,60,25,246874.7306,683.3638973,24.17445713,332925913.9,624
1249,1050,900,20215.53553,1276.058057,980.7086918,0,0,18,32,0.015319004,4,4,7,7,290.6666667,120.3333333,13,200,40,500,60,25,205899.4049,596.5889428,23.1444062,334150682.9,625
1250,900,1050,20215.53553,980.7086918,1276.058057,0,0,18,32,0.015319004,7,7,4,4,120.3333333,290.6666667,13,200,40,500,60,25,205899.4049,596.5889428,23.1444062,334150682.9,625
1251,1200,900,18335.69651,1059.16624,607.3830154,0,0,42,25,0.019089539,12,12,11,11,95.90909091,75.5,10,400,30,400,50,25,252448.8797,715.0974369,26.56967303,336152788.5,626
1252,900,1200,18335.69651,607.3830154,1059.16624,0,0,42,25,0.019089539,11,11,12,12,75.5,95.90909091,10,400,30,400,50,25,252448.8797,715.0974369,26.56967303,336152788.5,626
1253,1050,950,18313.815,1023.923308,858.9787278,0,0,42,25,0.020668373,12,12,11,11,81.72727273,79.9,13,300,30,500,50,25,252495.1546,698.6235239,24.67255924,338503584.4,627
1254,950,1050,18313.815,858.9787278,1023.923308,0,0,42,25,0.020668373,11,11,12,12,79.9,81.72727273,13,300,30,500,50,25,252495.1546,698.6235239,24.67255924,338503584.4,627
1255,1100,800,19669.01691,1135.640065,631.5245487,0,0,44,25,0.024543693,13,13,11,11,79.58333333,65.5,10,200,40,400,50,25,248701.0911,667.2822025,21.94485487,340156541.9,628
1256,800,1100,19669.01691,631.5245487,1135.640065,0,0,44,25,0.024543693,11,11,13,13,65.5,79.58333333,10,200,40,400,50,25,248701.0911,667.2822025,21.94485487,340156541.9,628
1257,1200,850,19340.15686,1252.741545,661.5473398,0,0,28,29,0.018131918,6,6,10,10,206.2,75.66666667,10,200,35,400,60,25,236462.0295,671.661732,25.07968575,340649692.2,629
1258,850,1200,19340.15686,661.5473398,1252.741545,0,0,28,29,0.018131918,10,10,6,6,75.66666667,206.2,10,200,35,400,60,25,236462.0295,671.661732,25.07968575,340649692.2,629
1259,1050,900,19339.05468,975.6691434,733.5592376,0,0,24,32,0.020425339,8,8,6,6,125.4285714,145.6,10,250,35,500,60,25,234010.3485,651.5607629,23.33849243,342062535.3,630
1260,900,1050,19339.05468,733.5592376,975.6691434,0,0,24,32,0.020425339,6,6,8,8,145.6,125.4285714,10,250,35,500,60,25,234010.3485,651.5607629,23.33849243,342062535.3,630
1261,1050,1000,18685.56197,964.1830161,882.8314534,0,0,24,32,0.018382805,8,8,6,6,124.5714286,164.4,13,350,30,500,60,25,244752.8389,694.0223188,25.82656658,343046386.0,631
1262,1000,1050,18685.56197,882.8314534,964.1830161,0,0,24,32,0.018382805,6,6,8,8,164.4,124.5714286,13,350,30,500,60,25,244752.8389,694.0223188,25.82656658,343046386.0,631
1263,1150,900,18312.55315,1273.871375,836.3602231,0,0,48,25,0.022765164,14,14,12,12,76.84615385,68.09090909,13,200,30,400,50,25,285152.3586,770.5499552,25.75905221,343949891.6,632
1264,900,1150,18312.55315,836.3602231,1273.871375,0,0,48,25,0.022765164,12,12,14,14,68.09090909,76.84615385,13,200,30,400,50,25,285152.3586,770.5499552,25.75905221,343949891.6,632
1265,1250,950,19137.56,1339.215205,817.5235895,0,0,28,25,0.011574289,10,10,6,6,122.1111111,159.8,13,350,30,500,50,25,213702.4978,660.9580815,28.77444356,344558096.1,633
1266,950,1250,19137.56,817.5235895,1339.215205,0,0,28,25,0.011574289,6,6,10,10,159.8,122.1111111,13,350,30,500,50,25,213702.4978,660.9580815,28.77444356,344558096.1,633
1267,1050,950,20753.96492,1010.316952,837.1170886,0,0,16,32,0.012900214,4,4,6,6,290.6666667,154.4,13,450,40,500,60,25,187934.429,571.7036266,24.22862937,347709998.1,634
1268,950,1050,20753.96492,837.1170886,1010.316952,0,0,16,32,0.012900214,6,6,4,4,154.4,290.6666667,13,450,40,500,60,25,187934.429,571.7036266,24.22862937,347709998.1,634
1269,1100,900,20564.48852,1684.346315,1222.911937,0,0,20,32,0.016247429,6,6,6,6,184.4,144.4,13,100,40,400,60,25,240856.6818,674.866938,24.41832963,348055416.7,635
1270,900,1100,20564.48852,1222.911937,1684.346315,0,0,20,32,0.016247429,6,6,6,6,144.4,184.4,13,100,40,400,60,25,240856.6818,674.866938,24.41832963,348055416.7,635
1271,1250,1000,19404.85201,1457.790537,988.100685,0,0,22,29,0.011625149,8,8,5,5,153.5714286,206.25,13,200,30,400,60,25,233852.4284,713.44842,30.34955496,348977973.4,636
1272,1000,1250,19404.85201,988.100685,1457.790537,0,0,22,29,0.011625149,5,5,8,8,206.25,153.5714286,13,200,30,400,60,25,233852.4284,713.44842,30.34955496,348977973.4,636
1273,1200,850,18413.12619,1179.310265,625.8534071,0,0,38,29,0.024607602,11,11,10,10,103.1,75.66666667,10,200,30,400,60,25,287784.4223,772.4669697,25.43282939,352946957.5,637
1274,850,1200,18413.12619,625.8534071,1179.310265,0,0,38,29,0.024607602,10,10,11,11,75.66666667,103.1,10,200,30,400,60,25,287784.4223,772.4669697,25.43282939,352946957.5,637
1275,1000,950,20637.37211,877.8445892,795.6892467,0,0,24,29,0.016686817,7,7,7,7,138.5,130.1666667,10,350,40,500,60,25,205198.1954,595.9212315,23.25537586,355255345.2,638
1276,950,1000,20637.37211,795.6892467,877.8445892,0,0,24,29,0.016686817,7,7,7,7,130.1666667,138.5,10,350,40,500,60,25,205198.1954,595.9212315,23.25537586,355255345.2,638
1277,1050,1000,21078.20278,1105.580804,1012.078305,0,0,20,29,0.012581331,6,6,6,6,175.0,165.0,13,250,40,400,60,25,201732.1994,609.6344291,25.5302441,355564881.4,639
1278,1000,1050,21078.20278,1012.078305,1105.580804,0,0,20,29,0.012581331,6,6,6,6,165.0,175.0,13,250,40,400,60,25,201732.1994,609.6344291,25.5302441,355564881.4,639
1279,1100,1000,18370.68059,1227.369757,1046.879439,0,0,32,29,0.019215123,12,12,6,6,84.09090909,165.0,13,200,27,500,60,25,271611.8985,757.1434415,27.1604539,355959255.1,640
1280,1000,1100,18370.68059,1046.879439,1227.369757,0,0,32,29,0.019215123,6,6,12,12,165.0,84.09090909,13,200,27,500,60,25,271611.8985,757.1434415,27.1604539,355959255.1,640
1281,1100,900,19473.64948,974.1734234,662.1643918,0,0,44,25,0.021816616,12,12,12,12,86.81818182,68.63636364,10,350,35,400,50,25,253361.4817,698.64438,24.50650096,356493864.5,641
1282,900,1100,19473.64948,662.1643918,974.1734234,0,0,44,25,0.021816616,12,12,12,12,68.63636364,86.81818182,10,350,35,400,50,25,253361.4817,698.64438,24.50650096,356493864.5,641
1283,950,900,20112.23918,1003.631873,913.735062,0,0,42,25,0.024113102,13,13,10,10,67.08333333,83.88888889,10,150,40,500,50,25,242155.5992,649.4338087,21.32476168,357657355.5,642
1284,900,950,20112.23918,913.735062,1003.631873,0,0,42,25,0.024113102,10,10,13,13,83.88888889,67.08333333,10,150,40,500,50,25,242155.5992,649.4338087,21.32476168,357657355.5,642
1285,1100,950,20007.21826,1173.351341,904.5523659,0,0,32,25,0.015031544,10,10,8,8,105.4444444,114.1428571,13,300,35,500,50,25,218501.5724,641.4999701,25.53082148,359277128.2,643
1286,950,1100,20007.21826,904.5523659,1173.351341,0,0,32,25,0.015031544,8,8,10,10,114.1428571,105.4444444,13,300,35,500,50,25,218501.5724,641.4999701,25.53082148,359277128.2,643
1287,1050,850,20299.44497,1041.738695,705.6616838,0,0,38,25,0.020899951,11,11,10,10,90.5,78.33333333,10,250,40,500,50,25,224720.3244,622.6618817,22.067412,359524142.8,644
1288,850,1050,20299.44497,705.6616838,1041.738695,0,0,38,25,0.020899951,10,10,11,11,78.33333333,90.5,10,250,40,500,50,25,224720.3244,622.6618817,22.067412,359524142.8,644
1289,1000,1000,18801.20675,988.100685,988.100685,0,0,34,29,0.022457675,7,7,12,12,137.5,75.0,13,250,30,500,60,25,269166.7699,731.932371,24.8446066,359698230.3,645
1290,1000,1000,18801.20675,988.100685,988.100685,0,0,34,29,0.022457675,12,12,7,7,75.0,137.5,13,250,30,500,60,25,269166.7699,731.932371,24.8446066,359698230.3,645
1291,1250,900,18341.32555,1329.58559,744.5732707,0,0,30,29,0.017613863,6,6,11,11,215.0,72.5,13,300,27,500,60,25,257234.6555,733.8179929,27.63679257,360163287.4,646
1292,900,1250,18341.32555,744.5732707,1329.58559,0,0,30,29,0.017613863,11,11,6,6,72.5,215.0,13,300,27,500,60,25,257234.6555,733.8179929,27.63679257,360163287.4,646
1293,1150,900,18811.065,1007.045865,631.7549022,0,0,42,25,0.019919519,15,15,8,8,71.78571429,107.8571429,10,400,30,500,50,25,248694.7453,698.5907095,25.50914325,360948692.0,647
1294,900,1150,18811.065,631.7549022,1007.045865,0,0,42,25,0.019919519,8,8,15,15,107.8571429,71.78571429,10,400,30,500,50,25,248694.7453,698.5907095,25.50914325,360948692.0,647
1295,1050,800,20084.93628,1041.738695,631.5245487,0,0,44,25,0.02571244,14,14,10,10,69.61538462,72.77777778,10,250,40,500,50,25,243158.2483,648.2199455,20.98713832,362283769.4,648
1296,800,1050,20084.93628,631.5245487,1041.738695,0,0,44,25,0.02571244,10,10,14,14,72.77777778,69.61538462,10,250,40,500,50,25,243158.2483,648.2199455,20.98713832,362283769.4,648
1297,1150,900,18939.35341,1541.700914,1039.877577,0,0,32,29,0.02042187,8,8,10,10,139.2857143,80.55555556,13,150,30,500,60,25,272177.3467,745.2166835,25.66936101,365770585.6,649
1298,900,1150,18939.35341,1039.877577,1541.700914,0,0,32,29,0.02042187,10,10,8,8,80.55555556,139.2857143,13,150,30,500,60,25,272177.3467,745.2166835,25.66936101,365770585.6,649
1299,1200,850,19848.83641,1240.385252,652.7949655,0,0,32,29,0.020722192,10,10,8,8,113.8888889,96.42857143,13,350,35,400,60,25,256608.3811,711.2224419,25.21833737,367541568.0,650
1300,850,1200,19848.83641,652.7949655,1240.385252,0,0,32,29,0.020722192,8,8,10,10,96.42857143,113.8888889,13,350,35,400,60,25,256608.3811,711.2224419,25.21833737,367541568.0,650
1301,1100,950,21241.22306,1418.062459,1105.699214,0,0,22,29,0.013905681,8,8,5,5,132.1428571,193.75,13,150,40,400,60,25,221654.9539,648.0114458,25.55165737,367574424.3,651
1302,950,1100,21241.22306,1105.699214,1418.062459,0,0,22,29,0.013905681,5,5,8,8,193.75,132.1428571,13,150,40,400,60,25,221654.9539,648.0114458,25.55165737,367574424.3,651
1303,1150,800,20747.2008,2023.687437,1159.912739,0,0,28,29,0.020102778,11,11,5,5,97.5,156.25,13,100,40,500,60,25,252937.3375,684.3675949,22.89198131,369893200.2,652
1304,800,1150,20747.2008,1159.912739,2023.687437,0,0,28,29,0.020102778,5,5,11,11,156.25,97.5,13,100,40,500,60,25,252937.3375,684.3675949,22.89198131,369893200.2,652
1305,1250,1000,18767.24691,1888.939604,1336.746375,0,0,40,25,0.015707963,9,9,13,13,137.375,70.75,13,100,27,400,50,25,295283.4807,834.6714277,30.77072809,369957368.9,653
1306,1000,1250,18767.24691,1336.746375,1888.939604,0,0,40,25,0.015707963,13,13,9,9,70.75,137.375,13,100,27,400,50,25,295283.4807,834.6714277,30.77072809,369957368.9,653
1307,1100,850,20553.52444,989.4484764,594.5667267,0,0,32,29,0.022606027,8,8,10,10,133.0,75.66666667,10,450,40,400,60,25,243717.3423,668.5012748,23.17561274,369989213.9,654
1308,850,1100,20553.52444,594.5667267,989.4484764,0,0,32,29,0.022606027,10,10,8,8,75.66666667,133.0,10,450,40,400,60,25,243717.3423,668.5012748,23.17561274,369989213.9,654
1309,1100,900,20035.20468,957.5817134,648.317357,0,0,24,32,0.019496914,9,9,5,5,116.0,182.0,10,450,35,500,60,25,233998.8085,660.5737983,24.37337508,370896798.9,655
1310,900,1100,20035.20468,648.317357,957.5817134,0,0,24,32,0.019496914,5,5,9,9,182.0,116.0,10,450,35,500,60,25,233998.8085,660.5737983,24.37337508,370896798.9,655
1311,1150,900,18869.28547,1048.102712,662.4201282,0,0,40,29,0.025527337,14,14,8,8,75.0,103.5714286,13,400,30,400,60,25,297519.2047,794.585922,25.84483757,371185296.2,656
1312,900,1150,18869.28547,662.4201282,1048.102712,0,0,40,29,0.025527337,8,8,14,14,103.5714286,75.0,13,400,30,400,60,25,297519.2047,794.585922,25.84483757,371185296.2,656
1313,1250,1000,19834.53338,1226.299516,806.5580064,0,0,20,29,0.010568318,5,5,7,7,270.25,138.5,10,300,30,500,60,25,210906.3888,668.051066,30.19255511,371836736.2,657
1314,1000,1250,19834.53338,806.5580064,1226.299516,0,0,20,29,0.010568318,7,7,5,5,138.5,270.25,10,300,30,500,60,25,210906.3888,668.051066,30.19255511,371836736.2,657
1315,1250,900,18471.69027,1066.944017,561.0795388,0,0,32,32,0.02287638,11,11,7,7,107.8,121.3333333,10,450,27,400,60,25,295201.8718,808.1839507,27.8986041,375801736.0,658
1316,900,1250,18471.69027,561.0795388,1066.944017,0,0,32,32,0.02287638,7,7,11,11,121.3333333,107.8,10,450,27,400,60,25,295201.8718,808.1839507,27.8986041,375801736.0,658
1317,1150,850,21123.57211,1268.179985,729.2628825,0,0,24,29,0.016217367,8,8,6,6,139.2857143,135.0,13,350,40,500,60,25,211852.7673,614.6858296,23.9331749,377106875.2,659
1318,850,1150,21123.57211,729.2628825,1268.179985,0,0,24,29,0.016217367,6,6,8,8,135.0,139.2857143,13,350,40,500,60,25,211852.7673,614.6858296,23.9331749,377106875.2,659
1319,1150,950,19075.00315,993.4451533,688.890345,0,0,48,25,0.021566998,13,13,13,13,83.75,67.08333333,10,350,30,400,50,25,277170.1482,766.2113565,27.02713775,378508068.3,660
1320,950,1150,19075.00315,688.890345,993.4451533,0,0,48,25,0.021566998,13,13,13,13,67.08333333,83.75,10,350,30,400,50,25,277170.1482,766.2113565,27.02713775,378508068.3,660
1321,1250,850,19248.19214,1338.9967,669.6303599,0,0,26,32,0.019680415,9,9,6,6,134.75,135.6,10,200,30,500,60,25,258941.7228,724.445212,26.21156937,380035047.3,661
1322,850,1250,19248.19214,669.6303599,1338.9967,0,0,26,32,0.019680415,6,6,9,9,135.6,134.75,10,200,30,500,60,25,258941.7228,724.445212,26.21156937,380035047.3,661
1323,1250,950,20914.02276,1443.526216,879.9484316,0,0,20,29,0.011124545,5,5,7,7,270.25,130.1666667,10,150,35,400,60,25,213756.9671,661.1737167,28.77452355,381198247.2,662
1324,950,1250,20914.02276,879.9484316,1443.526216,0,0,20,29,0.011124545,7,7,5,5,130.1666667,270.25,10,150,35,400,60,25,213756.9671,661.1737167,28.77452355,381198247.2,662
1325,1050,850,20556.38528,1028.950087,694.7704424,0,0,38,29,0.028122974,12,12,9,9,80.09090909,85.125,10,200,40,400,60,25,276659.616,724.7266051,22.42467075,381445104.1,663
1326,850,1050,20556.38528,694.7704424,1028.950087,0,0,38,29,0.028122974,9,9,12,12,85.125,80.09090909,10,200,40,400,60,25,276659.616,724.7266051,22.42467075,381445104.1,663
1327,1100,950,21465.13957,1124.048026,855.7699697,0,0,32,25,0.015031544,9,9,9,9,118.625,99.875,13,350,40,400,50,25,216665.7585,637.8467003,25.51831818,385830475.6,664
1328,950,1100,21465.13957,855.7699697,1124.048026,0,0,32,25,0.015031544,9,9,9,9,99.875,118.625,13,350,40,400,50,25,216665.7585,637.8467003,25.51831818,385830475.6,664
1329,1200,850,20301.87377,1430.23983,782.9200137,0,0,28,29,0.018131918,7,7,9,9,170.8333333,84.375,13,250,35,500,60,25,240390.1136,679.4786193,25.10643901,386604423.4,665
1330,850,1200,20301.87377,782.9200137,1430.23983,0,0,28,29,0.018131918,9,9,7,7,84.375,170.8333333,13,250,35,500,60,25,240390.1136,679.4786193,25.10643901,386604423.4,665
1331,1000,1000,21353.54622,1203.8852,1203.8852,0,0,24,32,0.019301945,7,7,7,7,137.0,137.0,13,150,40,400,60,25,254427.1722,703.2342421,24.74249924,391109450.3,666
1332,1000,1000,21353.54622,1203.8852,1203.8852,0,0,24,32,0.019301945,7,7,7,7,137.0,137.0,13,150,40,400,60,25,254427.1722,703.2342421,24.74249924,391109450.3,666
1333,1150,850,20290.46645,1168.016356,669.0605965,0,0,32,29,0.021623156,10,10,8,8,108.3333333,96.42857143,13,400,35,500,60,25,251600.8034,692.7233624,24.20676854,392094827.4,667
1334,850,1150,20290.46645,669.0605965,1168.016356,0,0,32,29,0.021623156,8,8,10,10,96.42857143,108.3333333,13,400,35,500,60,25,251600.8034,692.7233624,24.20676854,392094827.4,667
1335,1250,850,20518.01002,1670.295857,872.3422465,0,0,34,25,0.015707963,10,10,9,9,122.1111111,87.375,13,200,35,500,50,25,234476.0752,676.6060958,26.0426399,392328161.9,668
1336,850,1250,20518.01002,872.3422465,1670.295857,0,0,34,25,0.015707963,9,9,10,10,87.375,122.1111111,13,200,35,500,50,25,234476.0752,676.6060958,26.0426399,392328161.9,668
1337,1200,900,19480.24214,1133.978003,661.1971987,0,0,26,32,0.019361519,5,5,10,10,255.5,80.22222222,13,500,30,500,60,25,256626.2209,723.3513631,26.59828396,393476695.7,669
1338,900,1200,19480.24214,661.1971987,1133.978003,0,0,26,32,0.019361519,10,10,5,5,80.22222222,255.5,13,500,30,500,60,25,256626.2209,723.3513631,26.59828396,393476695.7,669
1339,1000,950,20037.63529,1401.512136,1292.825583,0,0,42,29,0.02920193,12,12,11,11,75.0,77.5,13,100,35,400,60,25,327188.6874,836.2949277,24.0927024,395047241.2,670
1340,950,1000,20037.63529,1292.825583,1401.512136,0,0,42,29,0.02920193,11,11,12,12,77.5,75.0,13,100,35,400,60,25,327188.6874,836.2949277,24.0927024,395047241.2,670
1341,1050,950,21407.10417,983.4519712,813.1688438,0,0,30,29,0.019865259,8,8,9,9,125.8571429,97.625,10,250,40,400,60,25,242448.0271,678.7906024,24.60369413,397570101.5,671
1342,950,1050,21407.10417,813.1688438,983.4519712,0,0,30,29,0.019865259,9,9,8,8,97.625,125.8571429,10,250,40,400,60,25,242448.0271,678.7906024,24.60369413,397570101.5,671
1343,950,900,20962.95922,818.0700051,738.5054464,0,0,30,32,0.028219218,10,10,7,7,85.77777778,120.3333333,13,500,40,500,60,25,262580.2915,689.3739919,21.4657823,397575304.6,672
1344,900,950,20962.95922,738.5054464,818.0700051,0,0,30,32,0.028219218,7,7,10,10,120.3333333,85.77777778,13,500,40,500,60,25,262580.2915,689.3739919,21.4657823,397575304.6,672
1345,1300,950,19326.36052,1185.446109,647.3444883,0,0,28,29,0.014975349,8,8,8,8,161.5714286,111.5714286,10,450,27,500,60,25,248010.4353,737.8150593,30.10315408,397751213.0,673
1346,950,1300,19326.36052,647.3444883,1185.446109,0,0,28,29,0.014975349,8,8,8,8,111.5714286,161.5714286,10,450,27,500,60,25,248010.4353,737.8150593,30.10315408,397751213.0,673
1347,1300,1000,19363.94691,1201.740242,727.3072295,0,0,40,25,0.015103811,11,11,11,11,115.5,85.5,10,350,27,400,50,25,263962.0439,782.3817687,31.70736211,398502897.2,674
1348,1000,1300,19363.94691,727.3072295,1201.740242,0,0,40,25,0.015103811,11,11,11,11,85.5,115.5,10,350,27,400,50,25,263962.0439,782.3817687,31.70736211,398502897.2,674
1349,1100,950,18855.23847,1023.121203,787.5942435,0,0,32,32,0.024627681,9,9,9,9,116.0,97.25,10,200,27,500,60,25,294727.4827,791.1759165,26.05544204,399302232.9,675
1350,950,1100,18855.23847,787.5942435,1023.121203,0,0,32,32,0.024627681,9,9,9,9,97.25,116.0,10,200,27,500,60,25,294727.4827,791.1759165,26.05544204,399302232.9,675
1351,1000,1000,20583.23006,829.7379555,829.7379555,0,0,26,32,0.020910441,6,6,9,9,165.6,103.5,10,350,35,500,60,25,248674.7306,691.4638973,24.70419713,402202847.0,676
1352,1000,1000,20583.23006,829.7379555,829.7379555,0,0,26,32,0.020910441,9,9,6,6,103.5,165.6,10,350,35,500,60,25,248674.7306,691.4638973,24.70419713,402202847.0,676
1353,1350,1000,19763.97339,1540.464502,907.2578687,0,0,30,25,0.010908308,8,8,9,9,171.2857143,106.125,13,300,27,500,50,25,237357.2897,740.4639825,32.67344576,402802219.6,677
1354,1000,1350,19763.97339,907.2578687,1540.464502,0,0,30,25,0.010908308,9,9,8,8,106.125,171.2857143,13,300,27,500,50,25,237357.2897,740.4639825,32.67344576,402802219.6,677
1355,1150,800,21042.58528,1470.809514,789.6933647,0,0,38,29,0.027282342,14,14,7,7,75.46153846,105.1666667,10,100,40,400,60,25,289710.677,756.2202165,23.14603477,403758364.5,678
1356,800,1150,21042.58528,789.6933647,1470.809514,0,0,38,29,0.027282342,7,7,14,14,105.1666667,75.46153846,10,100,40,400,60,25,289710.677,756.2202165,23.14603477,403758364.5,678
1357,1150,950,22196.42908,1177.914904,819.9664649,0,0,18,29,0.010882707,4,4,7,7,327.0,130.1666667,10,300,40,500,60,25,187425.3727,589.9631087,26.40954729,406365001.9,679
1358,950,1150,22196.42908,819.9664649,1177.914904,0,0,18,29,0.010882707,7,7,4,4,130.1666667,327.0,10,300,40,500,60,25,187425.3727,589.9631087,26.40954729,406365001.9,679
1359,1150,1000,19085.41153,938.0081381,716.7210865,0,0,34,32,0.023777759,9,9,10,10,122.25,92.0,10,350,27,400,60,25,311195.2296,844.7077468,28.58338596,410143662.1,680
1360,1000,1150,19085.41153,716.7210865,938.0081381,0,0,34,32,0.023777759,10,10,9,9,92.0,122.25,10,350,27,400,60,25,311195.2296,844.7077468,28.58338596,410143662.1,680
1361,1050,900,21509.31514,927.8431632,686.9871225,0,0,30,29,0.020968884,7,7,10,10,146.8333333,81.22222222,10,450,40,500,60,25,234252.8637,651.9402272,23.34042401,410992098.9,681
1362,900,1050,21509.31514,686.9871225,927.8431632,0,0,30,29,0.020968884,10,10,7,7,81.22222222,146.8333333,10,450,40,500,60,25,234252.8637,651.9402272,23.34042401,410992098.9,681
1363,1050,800,21087.52984,1071.057776,651.9030074,0,0,32,32,0.030638008,10,10,8,8,96.88888889,88.85714286,13,350,40,500,60,25,276754.0789,714.2448428,21.21820595,411707907.7,682
1364,800,1050,21087.52984,651.9030074,1071.057776,0,0,32,32,0.030638008,8,8,10,10,88.85714286,96.88888889,13,350,40,500,60,25,276754.0789,714.2448428,21.21820595,411707907.7,682
1365,1150,900,20656.7044,1048.121028,651.3617099,0,0,30,32,0.023311528,9,9,8,8,122.25,104.0,10,350,35,400,60,25,276646.9033,753.5105492,25.70143167,413925836.4,683
1366,900,1150,20656.7044,651.3617099,1048.121028,0,0,30,32,0.023311528,8,8,9,9,104.0,122.25,10,350,35,400,60,25,276646.9033,753.5105492,25.70143167,413925836.4,683
1367,1100,1000,21216.43993,1075.613188,901.899502,0,0,26,29,0.015612287,8,8,7,7,132.1428571,137.5,13,400,35,500,60,25,231128.342,677.3769585,26.88257059,414193681.9,684
1368,1000,1100,21216.43993,901.899502,1075.613188,0,0,26,29,0.015612287,7,7,8,8,137.5,132.1428571,13,400,35,500,60,25,231128.342,677.3769585,26.88257059,414193681.9,684
1369,1300,950,19400.6875,1410.05537,806.9555134,0,0,36,29,0.01925402,9,9,11,11,140.625,77.5,13,250,27,400,60,25,300315.1454,840.8403734,30.46226826,415781073.4,685
1370,950,1300,19400.6875,806.9555134,1410.05537,0,0,36,29,0.01925402,11,11,9,9,77.5,140.625,13,250,27,400,60,25,300315.1454,840.8403734,30.46226826,415781073.4,685
1371,1200,850,19054.48578,1143.979196,610.7352314,0,0,42,29,0.027197876,13,13,10,10,85.41666667,75.0,13,400,27,500,60,25,306583.6833,809.3469695,25.56230629,417363086.6,686
1372,850,1200,19054.48578,610.7352314,1143.979196,0,0,42,29,0.027197876,10,10,13,13,75.0,85.41666667,13,400,27,500,60,25,306583.6833,809.3469695,25.56230629,417363086.6,686
1373,950,900,20306.70701,1115.927796,1021.250585,0,0,36,32,0.033863062,10,10,10,10,86.44444444,80.88888889,10,100,35,500,60,25,313216.6814,789.1714501,21.81328404,417726683.5,687
1374,900,950,20306.70701,1021.250585,1115.927796,0,0,36,32,0.033863062,10,10,10,10,80.88888889,86.44444444,10,100,35,500,60,25,313216.6814,789.1714501,21.81328404,417726683.5,687
1375,1100,1000,19084.65235,1126.576175,956.0407785,0,0,46,29,0.027621739,13,13,12,12,77.08333333,75.0,13,200,27,400,60,25,343463.2483,898.2707744,27.65485499,418879727.2,688
1376,1000,1100,19084.65235,956.0407785,1126.576175,0,0,46,29,0.027621739,12,12,13,13,75.0,77.08333333,13,200,27,400,60,25,343463.2483,898.2707744,27.65485499,418879727.2,688
1377,1250,950,20131.58762,1361.851786,833.3969493,0,0,28,32,0.018963315,6,6,10,10,215.6,86.44444444,10,150,30,400,60,25,286084.3153,803.2359851,29.27219993,422553463.1,689
1378,950,1250,20131.58762,833.3969493,1361.851786,0,0,28,32,0.018963315,10,10,6,6,86.44444444,215.6,10,150,30,400,60,25,286084.3153,803.2359851,29.27219993,422553463.1,689
1379,1200,950,19281.4428,1393.237202,940.2756465,0,0,36,32,0.025397296,13,13,7,7,85.66666667,129.6666667,10,100,27,400,60,25,339715.9068,899.1329086,28.54851859,423739454.0,690
1380,950,1200,19281.4428,940.2756465,1393.237202,0,0,36,32,0.025397296,7,7,13,13,129.6666667,85.66666667,10,100,27,400,60,25,339715.9068,899.1329086,28.54851859,423739454.0,690
1381,1050,1000,19313.9215,1293.175852,1196.307436,0,0,34,32,0.026042307,9,9,10,10,109.0,91.33333333,13,150,27,500,60,25,321611.8523,845.3568261,26.35441724,424758024.3,691
1382,1000,1050,19313.9215,1196.307436,1293.175852,0,0,34,32,0.026042307,10,10,9,9,91.33333333,109.0,13,150,27,500,60,25,321611.8523,845.3568261,26.35441724,424758024.3,691
1383,1200,950,22669.40278,1308.549607,844.0269855,0,0,20,29,0.011588068,5,5,7,7,256.25,129.1666667,13,350,40,400,60,25,205216.9089,634.6410009,27.62390013,426556195.1,692
1384,950,1200,22669.40278,844.0269855,1308.549607,0,0,20,29,0.011588068,7,7,5,5,129.1666667,256.25,13,350,40,400,60,25,205216.9089,634.6410009,27.62390013,426556195.1,692
1385,1050,1000,22237.54622,1307.94699,1203.8852,0,0,24,32,0.018382805,7,7,7,7,145.3333333,137.0,13,150,40,400,60,25,259121.8045,722.6165604,25.92443022,430261636.8,693
1386,1000,1050,22237.54622,1203.8852,1307.94699,0,0,24,32,0.018382805,7,7,7,7,137.0,145.3333333,13,150,40,400,60,25,259121.8045,722.6165604,25.92443022,430261636.8,693
1387,1100,1000,22509.28852,1120.719247,937.9366218,0,0,20,32,0.014622686,4,4,8,8,309.3333333,118.2857143,10,200,40,400,60,25,224447.6942,664.3010525,26.83647716,430730580.2,694
1388,1000,1100,22509.28852,937.9366218,1120.719247,0,0,20,32,0.014622686,8,8,4,4,118.2857143,309.3333333,10,200,40,400,60,25,224447.6942,664.3010525,26.83647716,430730580.2,694
1389,1250,850,20041.95247,1378.858423,695.3911014,0,0,30,32,0.022708171,9,9,8,8,134.0,96.0,13,300,30,500,60,25,285390.3044,776.4319176,26.39345724,432037093.1,695
1390,850,1250,20041.95247,695.3911014,1378.858423,0,0,30,32,0.022708171,8,8,9,9,96.0,134.0,13,300,30,500,60,25,285390.3044,776.4319176,26.39345724,432037093.1,695
1391,1250,850,22148.23202,1322.157587,627.1499174,0,0,36,25,0.016631961,10,10,10,10,122.7777778,78.33333333,10,350,40,400,50,25,229001.0703,665.5137009,26.00588584,432685831.7,696
1392,850,1250,22148.23202,627.1499174,1322.157587,0,0,36,25,0.016631961,10,10,10,10,78.33333333,122.7777778,10,350,40,400,50,25,229001.0703,665.5137009,26.00588584,432685831.7,696
1393,1350,1000,21033.38402,1406.550602,798.0579631,0,0,20,32,0.011914781,7,7,5,5,196.3333333,207.0,10,250,30,400,60,25,243387.2496,752.1907678,32.71525472,432806438.4,697
1394,1000,1350,21033.38402,798.0579631,1406.550602,0,0,20,32,0.011914781,5,5,7,7,207.0,196.3333333,10,250,30,400,60,25,243387.2496,752.1907678,32.71525472,432806438.4,697
1395,1150,1000,19569.01742,986.1781223,758.5268065,0,0,48,25,0.020488648,12,12,14,14,91.36363636,65.76923077,10,350,27,500,50,25,281946.3018,787.2619021,28.38211749,435497708.5,698
1396,1000,1150,19569.01742,758.5268065,986.1781223,0,0,48,25,0.020488648,14,14,12,12,65.76923077,91.36363636,10,350,27,500,50,25,281946.3018,787.2619021,28.38211749,435497708.5,698
1397,1000,1000,20006.9628,779.5988622,779.5988622,0,0,34,32,0.027344422,10,10,9,9,92.0,103.5,10,350,30,500,60,25,298666.7688,789.6561099,25.04818674,436394340.2,699
1398,1000,1000,20006.9628,779.5988622,779.5988622,0,0,34,32,0.027344422,9,9,10,10,103.5,92.0,10,350,30,500,60,25,298666.7688,789.6561099,25.04818674,436394340.2,699
1399,1400,1000,20333.75361,1541.91352,834.9225643,0,0,28,29,0.013210397,8,8,8,8,175.0,117.8571429,13,300,27,400,60,25,270706.7578,816.1127411,34.05259129,437371117.5,700
1400,1000,1400,20333.75361,834.9225643,1541.91352,0,0,28,29,0.013210397,8,8,8,8,117.8571429,175.0,13,300,27,400,60,25,270706.7578,816.1127411,34.05259129,437371117.5,700
1401,1350,900,20496.23762,1452.448656,684.2641745,0,0,28,32,0.018534104,10,10,6,6,130.2222222,144.4,13,350,30,400,60,25,284139.6563,804.8881136,29.89143164,437553575.5,701
1402,900,1350,20496.23762,684.2641745,1452.448656,0,0,28,32,0.018534104,6,6,10,10,144.4,130.2222222,13,350,30,400,60,25,284139.6563,804.8881136,29.89143164,437553575.5,701
1403,1200,900,22602.33553,1496.383865,899.9742767,0,0,18,32,0.013404129,5,5,6,6,255.5,144.4,13,250,40,500,60,25,214386.2793,640.5858229,26.30709205,438110163.3,702
1404,900,1200,22602.33553,899.9742767,1496.383865,0,0,18,32,0.013404129,6,6,5,5,144.4,255.5,13,250,40,500,60,25,214386.2793,640.5858229,26.30709205,438110163.3,702
1405,1050,950,22155.84497,955.3694405,788.2609702,0,0,38,25,0.018699956,11,11,10,10,90.5,89.44444444,10,400,40,500,50,25,230284.2516,654.8180968,24.52021618,439007256.9,703
1406,950,1050,22155.84497,788.2609702,955.3694405,0,0,38,25,0.018699956,10,10,11,11,89.44444444,90.5,10,400,40,500,50,25,230284.2516,654.8180968,24.52021618,439007256.9,703
1407,1350,900,21848.12731,1501.938456,696.4814731,0,0,24,29,0.013047306,7,7,7,7,196.8333333,121.8333333,10,250,35,400,60,25,230287.6666,699.0612792,29.52102613,439569202.0,704
1408,900,1350,21848.12731,696.4814731,1501.938456,0,0,24,29,0.013047306,7,7,7,7,121.8333333,196.8333333,10,250,35,400,60,25,230287.6666,699.0612792,29.52102613,439569202.0,704
1409,1150,950,20146.25401,964.4489399,664.9032914,0,0,44,29,0.026602173,13,13,11,11,81.75,78.1,10,400,30,400,60,25,318952.3275,848.2533066,27.31470356,445266175.8,705
1410,950,1150,20146.25401,664.9032914,964.4489399,0,0,44,29,0.026602173,11,11,13,13,78.1,81.75,10,400,30,400,60,25,318952.3275,848.2533066,27.31470356,445266175.8,705
1411,1100,1000,20539.20247,1013.013467,850.4424046,0,0,30,32,0.021934029,10,10,7,7,102.4444444,137.0,13,400,30,500,60,25,285160.2642,783.5041375,27.25435819,448892330.7,706
1412,1000,1100,20539.20247,850.4424046,1013.013467,0,0,30,32,0.021934029,7,7,10,10,137.0,102.4444444,13,400,30,500,60,25,285160.2642,783.5041375,27.25435819,448892330.7,706
1413,1050,950,21331.20584,1127.093909,946.2817923,0,0,30,32,0.024187901,11,11,6,6,87.8,155.6,10,150,35,500,60,25,281738.2247,756.112279,24.87363976,449571700.3,707
1414,950,1050,21331.20584,946.2817923,1127.093909,0,0,30,32,0.024187901,6,6,11,11,155.6,87.8,10,150,35,500,60,25,281738.2247,756.112279,24.87363976,449571700.3,707
1415,1150,850,21123.59415,1341.656521,795.2413778,0,0,50,25,0.025108637,16,16,11,11,66.6,69.9,13,250,35,500,50,25,283908.5496,756.3316402,24.42866536,451720516.2,708
1416,850,1150,21123.59415,795.2413778,1341.656521,0,0,50,25,0.025108637,11,11,16,16,69.9,66.6,13,250,35,500,50,25,283908.5496,756.3316402,24.42866536,451720516.2,708
1417,1250,900,20488.93786,1472.838697,836.3602231,0,0,46,25,0.020071286,13,13,12,12,91.58333333,68.09090909,13,250,30,500,50,25,281702.5284,781.9539279,27.80494381,454200696.1,709
1418,900,1250,20488.93786,836.3602231,1472.838697,0,0,46,25,0.020071286,12,12,13,13,68.09090909,91.58333333,13,250,30,500,50,25,281702.5284,781.9539279,27.80494381,454200696.1,709
1419,1200,850,22319.40393,1188.073227,603.4024077,0,0,28,32,0.022077388,9,9,7,7,128.5,113.0,10,400,40,400,60,25,262151.7987,721.9762771,25.25684544,454479886.3,710
1420,850,1200,22319.40393,603.4024077,1188.073227,0,0,28,32,0.022077388,7,7,9,9,113.0,128.5,10,400,40,400,60,25,262151.7987,721.9762771,25.25684544,454479886.3,710
1421,1250,1000,22361.75417,1553.375301,1051.809975,0,0,32,25,0.012566371,9,9,9,9,137.375,106.125,13,200,35,400,50,25,243410.8183,732.2333694,30.41529594,458964756.6,711
1422,1000,1250,22361.75417,1051.809975,1553.375301,0,0,32,25,0.012566371,9,9,9,9,106.125,137.375,13,200,35,400,50,25,243410.8183,732.2333694,30.41529594,458964756.6,711
1423,1350,900,20085.99241,1321.070014,612.8335378,0,0,28,32,0.018534104,7,7,9,9,196.3333333,91.0,10,350,27,500,60,25,279253.5081,795.1646787,29.85815323,461066689.5,712
1424,900,1350,20085.99241,612.8335378,1321.070014,0,0,28,32,0.018534104,9,9,7,7,91.0,196.3333333,10,350,27,500,60,25,279253.5081,795.1646787,29.85815323,461066689.5,712
1425,1050,1000,21750.05545,910.7728152,829.7379555,0,0,28,32,0.021446606,6,6,10,10,175.6,92.0,10,350,35,500,60,25,265348.8937,734.3624961,25.96859427,465575411.8,713
1426,1000,1050,21750.05545,829.7379555,910.7728152,0,0,28,32,0.021446606,10,10,6,6,92.0,175.6,10,350,35,500,60,25,265348.8937,734.3624961,25.96859427,465575411.8,713
1427,1150,1000,23349.04333,1812.14535,1448.103877,0,0,24,29,0.013784762,8,8,6,6,139.2857143,165.0,13,100,40,400,60,25,254976.1743,735.1394096,28.19422971,466651779.2,714
1428,1000,1150,23349.04333,1448.103877,1812.14535,0,0,24,29,0.013784762,6,6,8,8,165.0,139.2857143,13,100,40,400,60,25,254976.1743,735.1394096,28.19422971,466651779.2,714
1429,1200,850,21353.70528,1575.776991,882.3891155,0,0,36,32,0.028385214,11,11,9,9,102.2,84.0,13,150,35,400,60,25,331709.8619,859.1048792,25.73409465,467801198.6,715
1430,850,1200,21353.70528,882.3891155,1575.776991,0,0,36,32,0.028385214,9,9,11,11,84.0,102.2,13,150,35,400,60,25,331709.8619,859.1048792,25.73409465,467801198.6,715
1431,1300,1000,21354.14837,1320.591453,806.4233636,0,0,32,29,0.01625895,11,11,7,7,112.5,137.5,13,400,30,400,60,25,278963.7261,811.9335786,31.81035324,470741637.3,716
1432,1000,1300,21354.14837,806.4233636,1320.591453,0,0,32,29,0.01625895,7,7,11,11,137.5,112.5,13,400,30,400,60,25,278963.7261,811.9335786,31.81035324,470741637.3,716
1433,1200,950,20754.69123,1266.697019,834.2900856,0,0,36,32,0.025397296,10,10,10,10,113.5555556,85.77777778,13,250,30,400,60,25,332085.1447,883.9476921,28.49654727,475903500.3,717
1434,950,1200,20754.69123,834.2900856,1266.697019,0,0,36,32,0.025397296,10,10,10,10,85.77777778,113.5555556,13,250,30,400,60,25,332085.1447,883.9476921,28.49654727,475903500.3,717
1435,1250,900,23411.25777,1534.549398,847.716348,0,0,22,29,0.012916833,5,5,8,8,268.75,103.5714286,13,300,40,500,60,25,216176.7413,653.1738027,27.35427766,479784292.3,718
1436,900,1250,23411.25777,847.716348,1534.549398,0,0,22,29,0.012916833,8,8,5,5,103.5714286,268.75,13,300,40,500,60,25,216176.7413,653.1738027,27.35427766,479784292.3,718
1437,1050,1000,21817.80528,930.2417136,848.1970563,0,0,36,32,0.027574208,11,11,9,9,87.8,103.5,10,250,35,400,60,25,317891.6359,837.6306095,26.32995613,487017055.6,719
1438,1000,1050,21817.80528,848.1970563,930.2417136,0,0,36,32,0.027574208,9,9,11,11,103.5,87.8,10,250,35,400,60,25,317891.6359,837.6306095,26.32995613,487017055.6,719
1439,1400,1000,21091.28807,1519.915978,820.9659605,0,0,36,25,0.01262247,11,11,9,9,125.5,106.875,10,250,27,500,50,25,260158.2949,795.286578,33.98029972,487426664.2,720
1440,1000,1400,21091.28807,820.9659605,1519.915978,0,0,36,25,0.01262247,9,9,11,11,106.875,125.5,10,250,27,500,50,25,260158.2949,795.286578,33.98029972,487426664.2,720
1441,1050,950,22869.53628,975.9335487,806.7213333,0,0,44,25,0.021652581,12,12,12,12,82.27272727,73.18181818,10,350,40,500,50,25,253961.4817,701.34438,24.68308096,488092850.8,721
1442,950,1050,22869.53628,806.7213333,975.9335487,0,0,44,25,0.021652581,12,12,12,12,73.18181818,82.27272727,10,350,40,500,50,25,253961.4817,701.34438,24.68308096,488092850.8,721
1443,1200,950,23676.45777,1204.274828,763.3196224,0,0,22,29,0.012746874,6,6,7,7,206.2,130.1666667,10,450,40,500,60,25,209342.9829,642.5866235,27.65272163,488337076.4,722
1444,950,1200,23676.45777,763.3196224,1204.274828,0,0,22,29,0.012746874,7,7,6,6,130.1666667,206.2,10,450,40,500,60,25,209342.9829,642.5866235,27.65272163,488337076.4,722
1445,1450,1000,21294.43029,1552.766344,773.0905309,0,0,20,32,0.011093072,5,5,7,7,318.0,137.0,13,500,27,500,60,25,250190.9201,785.8100721,35.0615068,488408363.7,723
1446,1000,1450,21294.43029,773.0905309,1552.766344,0,0,20,32,0.011093072,7,7,5,5,137.0,318.0,13,500,27,500,60,25,250190.9201,785.8100721,35.0615068,488408363.7,723
1447,1200,950,22481.30761,1177.646261,753.7068968,0,0,30,29,0.017382101,10,10,7,7,114.5555556,130.1666667,10,350,35,500,60,25,251896.2454,726.2065567,27.945421,491040692.4,724
1448,950,1200,22481.30761,753.7068968,1177.646261,0,0,30,29,0.017382101,7,7,10,10,130.1666667,114.5555556,10,350,35,500,60,25,251896.2454,726.2065567,27.945421,491040692.4,724
1449,1200,1000,21468.3223,1102.730155,779.5988622,0,0,28,32,0.01876578,10,10,6,6,114.2222222,165.6,10,350,30,500,60,25,277877.3545,789.414133,29.50379349,492267238.5,725
1450,1000,1200,21468.3223,779.5988622,1102.730155,0,0,28,32,0.01876578,6,6,10,10,165.6,114.2222222,10,350,30,500,60,25,277877.3545,789.414133,29.50379349,492267238.5,725
1451,1150,1000,23695.23202,1318.120935,1024.635851,0,0,36,25,0.015366486,13,13,7,7,83.75,142.5,10,150,40,400,50,25,245337.2104,715.5926199,28.12957209,496438354.6,726
1452,1000,1150,23695.23202,1024.635851,1318.120935,0,0,36,25,0.015366486,7,7,13,13,142.5,83.75,10,150,40,400,50,25,245337.2104,715.5926199,28.12957209,496438354.6,726
1453,1200,900,23205.01691,1246.747704,718.7599679,0,0,44,25,0.019998564,12,12,12,12,95.90909091,68.63636364,10,300,40,400,50,25,262029.4283,733.9655937,26.6354588,498231116.0,727
1454,900,1200,23205.01691,718.7599679,1246.747704,0,0,44,25,0.019998564,12,12,12,12,68.63636364,95.90909091,10,300,40,400,50,25,262029.4283,733.9655937,26.6354588,498231116.0,727
1455,1350,950,23146.69208,2265.849404,1292.825583,0,0,26,29,0.013390656,6,6,9,9,235.0,96.875,13,100,35,400,60,25,278966.4983,809.2208896,31.40572784,509093355.4,728
1456,950,1350,23146.69208,1292.825583,2265.849404,0,0,26,29,0.013390656,9,9,6,6,96.875,235.0,13,100,35,400,60,25,278966.4983,809.2208896,31.40572784,509093355.4,728
1457,1200,900,23771.64738,1369.984802,807.7063736,0,0,24,32,0.017872172,9,9,5,5,127.75,180.5,13,350,40,500,60,25,247450.5385,705.414741,26.53491414,513494482.9,729
1458,900,1200,23771.64738,807.7063736,1369.984802,0,0,24,32,0.017872172,5,5,9,9,180.5,127.75,13,350,40,500,60,25,247450.5385,705.414741,26.53491414,513494482.9,729
1459,1350,900,21435.95283,1300.657986,586.8188127,0,0,34,32,0.022505697,9,9,10,10,147.25,80.88888889,10,450,30,400,60,25,315173.898,865.677297,30.10542776,516012644.7,730
1460,900,1350,21435.95283,586.8188127,1300.657986,0,0,34,32,0.022505697,10,10,9,9,80.88888889,147.25,10,450,30,400,60,25,315173.898,865.677297,30.10542776,516012644.7,730
1461,1250,950,24325.55945,1510.421734,917.4835118,0,0,28,25,0.011574289,11,11,5,5,110.5,201.25,10,200,40,500,50,25,214125.2664,661.7993911,28.77732294,516922366.3,731
1462,950,1250,24325.55945,917.4835118,1510.421734,0,0,28,25,0.011574289,5,5,11,11,201.25,110.5,10,200,40,500,50,25,214125.2664,661.7993911,28.77732294,516922366.3,731
1463,1300,950,23186.58502,2396.169115,1484.924302,0,0,34,25,0.013513936,11,11,8,8,114.9,114.1428571,13,100,35,500,50,25,271198.9417,784.3226,30.26010214,517174439.3,732
1464,950,1300,23186.58502,1484.924302,2396.169115,0,0,34,25,0.013513936,8,8,11,11,114.1428571,114.9,13,100,35,500,50,25,271198.9417,784.3226,30.26010214,517174439.3,732
1465,1400,1000,22322.86082,1554.918818,831.0089752,0,0,24,32,0.013787104,6,6,8,8,244.4,117.4285714,13,350,30,400,60,25,274836.7359,824.1692737,34.08115951,519402718.4,733
1466,1000,1400,22322.86082,831.0089752,1554.918818,0,0,24,32,0.013787104,8,8,6,6,117.4285714,244.4,13,350,30,400,60,25,274836.7359,824.1692737,34.08115951,519402718.4,733
1467,1200,900,21464.64296,1243.344476,741.3197214,0,0,36,32,0.026808257,13,13,7,7,85.66666667,121.3333333,10,200,30,500,60,25,322831.7706,853.4854776,27.05357639,520519577.3,734
1468,900,1200,21464.64296,741.3197214,1243.344476,0,0,36,32,0.026808257,7,7,13,13,121.3333333,85.66666667,10,200,30,500,60,25,322831.7706,853.4854776,27.05357639,520519577.3,734
1469,1500,1000,21797.61162,1600.999399,739.0145709,0,0,32,25,0.010471976,7,7,11,11,225.8333333,85.5,10,400,27,500,50,25,249141.0565,793.8365434,36.20410796,521973496.7,735
1470,1000,1500,21797.61162,739.0145709,1600.999399,0,0,32,25,0.010471976,11,11,7,7,85.5,225.8333333,10,400,27,500,50,25,249141.0565,793.8365434,36.20410796,521973496.7,735
1471,1350,1000,21291.11944,1777.322098,1077.158993,0,0,40,29,0.019570959,10,10,12,12,130.5555556,75.0,13,150,27,400,60,25,342603.0548,947.5547835,33.39662178,527590586.2,736
1472,1000,1350,21291.11944,1077.158993,1777.322098,0,0,40,29,0.019570959,12,12,10,10,75.0,130.5555556,13,150,27,400,60,25,342603.0548,947.5547835,33.39662178,527590586.2,736
1473,1200,1000,24392.38579,1282.169162,908.0827636,0,0,34,25,0.013908092,10,10,9,9,117.2222222,106.875,10,250,40,400,50,25,235543.6552,706.3405799,29.21229252,528165186.1,737
1474,1000,1200,24392.38579,908.0827636,1282.169162,0,0,34,25,0.013908092,9,9,10,10,106.875,117.2222222,10,250,40,400,50,25,235543.6552,706.3405799,29.21229252,528165186.1,737
1475,1300,900,21465.72963,1207.649458,586.8188127,0,0,38,32,0.026120866,11,11,10,10,112.8,80.88888889,10,450,30,400,60,25,336432.9088,898.3007567,29.21700944,528200698.7,738
1476,900,1300,21465.72963,586.8188127,1207.649458,0,0,38,32,0.026120866,10,10,11,11,80.88888889,112.8,10,450,30,400,60,25,336432.9088,898.3007567,29.21700944,528200698.7,738
1477,1300,950,21947.53786,1438.145239,817.5235895,0,0,46,25,0.01828356,14,14,11,11,88.38461538,79.9,13,350,30,500,50,25,286453.8143,813.4969869,30.36720898,530248646.7,739
1478,950,1300,21947.53786,817.5235895,1438.145239,0,0,46,25,0.01828356,11,11,14,14,79.9,88.38461538,13,350,30,500,50,25,286453.8143,813.4969869,30.36720898,530248646.7,739
1479,1250,1000,23363.38715,1535.520413,1036.450933,0,0,26,32,0.016728353,8,8,7,7,153.1428571,137.0,13,200,35,400,60,25,283417.2886,810.8015878,30.69060521,531751246.2,740
1480,1000,1250,23363.38715,1036.450933,1535.520413,0,0,26,32,0.016728353,7,7,8,8,137.0,153.1428571,13,200,35,400,60,25,283417.2886,810.8015878,30.69060521,531751246.2,740
1481,1300,900,21864.28263,1239.431904,608.1292829,0,0,32,32,0.021996519,11,11,7,7,112.8,121.3333333,10,450,30,500,60,25,298938.8801,824.6565973,28.95901723,534351921.0,741
1482,900,1300,21864.28263,608.1292829,1239.431904,0,0,32,32,0.021996519,7,7,11,11,121.3333333,112.8,10,450,30,500,60,25,298938.8801,824.6565973,28.95901723,534351921.0,741
1483,1400,950,21473.5992,2083.422768,1119.976127,0,0,46,25,0.016977592,15,15,10,10,89.21428571,88.77777778,13,150,27,500,50,25,311717.3218,882.8473668,32.72419096,535738761.7,742
1484,950,1400,21473.5992,1119.976127,2083.422768,0,0,46,25,0.016977592,10,10,15,15,88.77777778,89.21428571,13,150,27,500,50,25,311717.3218,882.8473668,32.72419096,535738761.7,742
1485,1150,950,24117.11514,1387.12534,989.9069925,0,0,30,29,0.018137845,6,6,11,11,196.2,78.1,10,150,40,500,60,25,256657.3097,726.1430748,26.8853884,539701271.3,743
1486,950,1150,24117.11514,989.9069925,1387.12534,0,0,30,29,0.018137845,11,11,6,6,78.1,196.2,10,150,40,500,60,25,256657.3097,726.1430748,26.8853884,539701271.3,743
1487,1200,1000,24735.88389,1276.907177,903.0719126,0,0,28,29,0.01541213,10,10,6,6,113.8888889,165.0,13,400,40,400,60,25,249913.7948,734.5747448,29.31114755,548772536.3,744
1488,1000,1200,24735.88389,903.0719126,1276.907177,0,0,28,29,0.01541213,6,6,10,10,165.0,113.8888889,13,400,40,400,60,25,249913.7948,734.5747448,29.31114755,548772536.3,744
1489,1250,1000,21700.7215,1520.497731,1045.158542,0,0,34,32,0.021875538,14,14,5,5,82.46153846,205.5,13,200,27,500,60,25,333409.3268,908.9938003,31.03459483,552387881.9,745
1490,1000,1250,21700.7215,1045.158542,1520.497731,0,0,34,32,0.021875538,5,5,14,14,205.5,82.46153846,13,200,27,500,60,25,333409.3268,908.9938003,31.03459483,552387881.9,745
1491,1100,1000,22900.98891,931.0352554,771.6259714,0,0,38,32,0.027783103,10,10,11,11,103.1111111,82.8,10,450,35,400,60,25,330558.8921,872.5554635,27.56706318,552959365.7,746
1492,1000,1100,22900.98891,771.6259714,931.0352554,0,0,38,32,0.027783103,11,11,10,10,82.8,103.1111111,10,450,35,400,60,25,330558.8921,872.5554635,27.56706318,552959365.7,746
1493,1200,850,22886.14449,1356.407494,732.3158283,0,0,44,29,0.028493013,14,14,10,10,78.84615385,75.0,13,300,35,500,60,25,319991.3731,835.7630074,25.65434269,557502984.6,747
1494,850,1200,22886.14449,732.3158283,1356.407494,0,0,44,29,0.028493013,10,10,14,14,75.0,78.84615385,13,300,35,500,60,25,319991.3731,835.7630074,25.65434269,557502984.6,747
1495,1150,1000,23312.03562,1233.695241,959.0667986,0,0,46,25,0.019634954,11,11,14,14,100.5,65.76923077,10,200,35,500,50,25,279470.6146,782.5324195,28.36472125,557955567.7,748
1496,1000,1150,23312.03562,959.0667986,1233.695241,0,0,46,25,0.019634954,14,14,11,11,65.76923077,100.5,10,200,35,500,50,25,279470.6146,782.5324195,28.36472125,557955567.7,748
1497,1100,1000,24515.01799,1214.673108,1022.506527,0,0,26,32,0.019009492,4,4,11,11,307.3333333,82.2,13,300,40,500,60,25,263394.2853,740.8358113,27.10436243,561510780.9,749
1498,1000,1100,24515.01799,1022.506527,1214.673108,0,0,26,32,0.019009492,11,11,4,4,82.2,307.3333333,13,300,40,500,60,25,263394.2853,740.8358113,27.10436243,561510780.9,749
1499,1250,850,23989.19048,1333.119191,633.4046175,0,0,34,32,0.025735927,11,11,8,8,107.8,96.85714286,10,300,40,400,60,25,305111.2282,815.0305841,26.52952462,562217759.8,750
1500,850,1250,23989.19048,633.4046175,1333.119191,0,0,34,32,0.025735927,8,8,11,11,96.85714286,107.8,10,300,40,400,60,25,305111.2282,815.0305841,26.52952462,562217759.8,750
1501,1200,1000,25022.35366,1813.081667,1344.436433,0,0,32,25,0.013089969,11,11,7,7,104.9,141.5,13,150,40,500,50,25,245836.1672,727.0198137,29.28185748,563144953.6,751
1502,1000,1200,25022.35366,1344.436433,1813.081667,0,0,32,25,0.013089969,7,7,11,11,141.5,104.9,13,150,40,500,50,25,245836.1672,727.0198137,29.28185748,563144953.6,751
1503,1300,900,24729.85076,1563.212965,791.8378584,0,0,34,25,0.01426471,7,7,12,12,191.5,68.09090909,13,400,40,500,50,25,233698.539,696.6447986,28.50975171,567225773.4,752
1504,900,1300,24729.85076,791.8378584,1563.212965,0,0,34,25,0.01426471,12,12,7,7,68.09090909,191.5,13,400,40,500,50,25,233698.539,696.6447986,28.50975171,567225773.4,752
1505,1200,850,24269.92984,1713.03336,963.4289258,0,0,32,32,0.025231301,10,10,8,8,114.2222222,96.85714286,10,100,40,500,60,25,303886.8125,804.3829828,25.5428456,579155431.8,753
1506,850,1200,24269.92984,963.4289258,1713.03336,0,0,32,32,0.025231301,8,8,10,10,96.85714286,114.2222222,10,100,40,500,60,25,303886.8125,804.3829828,25.5428456,579155431.8,753
1507,1300,950,25384.87824,1406.162581,762.4164619,0,0,38,25,0.015103811,16,16,5,5,77.0,201.25,10,400,40,400,50,25,250054.9236,741.851734,30.11716505,590149009.2,754
1508,950,1300,25384.87824,762.4164619,1406.162581,0,0,38,25,0.015103811,5,5,16,16,201.25,77.0,10,400,40,400,50,25,250054.9236,741.851734,30.11716505,590149009.2,754
1509,1300,900,24959.74472,1522.028585,762.9810024,0,0,34,29,0.019194594,10,10,9,9,125.0,90.625,13,350,40,400,60,25,279765.9583,787.1607559,28.82664878,590707432.1,755
1510,900,1300,24959.74472,762.9810024,1522.028585,0,0,34,29,0.019194594,9,9,10,10,90.625,125.0,13,350,40,400,60,25,279765.9583,787.1607559,28.82664878,590707432.1,755
1511,1350,900,23964.59145,1449.757583,662.8556325,0,0,32,29,0.017396408,8,8,10,10,168.7142857,81.22222222,10,400,35,500,60,25,267627.8593,772.3072036,29.77822052,591638349.4,756
1512,900,1350,23964.59145,662.8556325,1449.757583,0,0,32,29,0.017396408,10,10,8,8,81.22222222,168.7142857,10,400,35,500,60,25,267627.8593,772.3072036,29.77822052,591638349.4,756
1513,1200,950,24932.18528,1583.92321,1057.883204,0,0,38,29,0.022017329,10,10,11,11,114.5555556,78.1,10,100,40,400,60,25,309776.8272,840.3278555,28.34251114,599742914.7,757
1514,950,1200,24932.18528,1057.883204,1583.92321,0,0,38,29,0.022017329,11,11,10,10,78.1,114.5555556,10,100,40,400,60,25,309776.8272,840.3278555,28.34251114,599742914.7,757
1515,1300,900,23695.37506,1332.191221,652.5620078,0,0,44,29,0.024840063,13,13,11,11,94.25,73.1,10,350,35,400,60,25,326323.7488,878.4844351,29.14734184,599823727.8,758
1516,900,1300,23695.37506,652.5620078,1332.191221,0,0,44,29,0.024840063,11,11,13,13,73.1,94.25,10,350,35,400,60,25,326323.7488,878.4844351,29.14734184,599823727.8,758
1517,1300,950,25676.17211,1487.881128,819.9664649,0,0,24,29,0.012836013,7,7,7,7,188.5,130.1666667,10,300,40,500,60,25,230235.3459,702.9731611,29.98065256,602802224.2,759
1518,950,1300,25676.17211,819.9664649,1487.881128,0,0,24,29,0.012836013,7,7,7,7,130.1666667,188.5,10,300,40,500,60,25,230235.3459,702.9731611,29.98065256,602802224.2,759
1519,1400,1000,25060.28594,1553.113467,810.7738078,0,0,36,25,0.01262247,12,12,8,8,114.0909091,122.1428571,10,350,35,400,50,25,257057.9918,789.1169748,33.95918429,615921717.1,760
1520,1000,1400,25060.28594,810.7738078,1553.113467,0,0,36,25,0.01262247,8,8,12,12,122.1428571,114.0909091,10,350,35,400,50,25,257057.9918,789.1169748,33.95918429,615921717.1,760
1521,1350,900,25460.87507,1497.939142,675.0682692,0,0,26,32,0.017210239,6,6,9,9,235.6,91.0,10,400,40,400,60,25,265870.3267,768.8551337,29.76612713,617939328.8,761
1522,900,1350,25460.87507,675.0682692,1497.939142,0,0,26,32,0.017210239,9,9,6,6,91.0,235.6,10,400,40,400,60,25,265870.3267,768.8551337,29.76612713,617939328.8,761
1523,1250,900,25094.19048,1609.620428,899.9742767,0,0,34,32,0.024306153,10,10,9,9,119.1111111,90.25,13,200,40,400,60,25,322367.3783,861.9203229,28.08449837,621115689.1,762
1524,900,1250,25094.19048,899.9742767,1609.620428,0,0,34,32,0.024306153,9,9,10,10,90.25,119.1111111,13,200,40,400,60,25,322367.3783,861.9203229,28.08449837,621115689.1,762
1525,1400,950,23274.09123,1465.890658,697.6801466,0,0,36,32,0.021769111,12,12,8,8,111.6363636,111.1428571,10,300,30,400,60,25,340036.8004,937.9234868,32.92054051,624690990.7,763
1526,950,1400,23274.09123,697.6801466,1465.890658,0,0,36,32,0.021769111,8,8,12,12,111.1428571,111.6363636,10,300,30,400,60,25,340036.8004,937.9234868,32.92054051,624690990.7,763
1527,1400,950,23502.96009,1433.12434,676.2326599,0,0,36,29,0.017878733,11,11,9,9,123.1,97.625,10,450,30,500,60,25,296942.3662,853.2045427,32.62421525,626724403.7,764
1528,950,1400,23502.96009,676.2326599,1433.12434,0,0,36,29,0.017878733,9,9,11,11,97.625,123.1,10,450,30,500,60,25,296942.3662,853.2045427,32.62421525,626724403.7,764
1529,1150,1000,24574.21065,1256.158892,977.5983859,0,0,42,29,0.024123334,11,11,12,12,97.5,75.0,13,300,35,500,60,25,320821.5268,863.7842782,28.64916494,648053744.5,765
1530,1000,1150,24574.21065,977.5983859,1256.158892,0,0,42,29,0.024123334,12,12,11,11,75.0,97.5,13,300,35,500,60,25,320821.5268,863.7842782,28.64916494,648053744.5,765
1531,1450,1000,23289.49544,2088.081104,1132.050855,0,0,30,32,0.016639608,9,9,8,8,159.75,118.2857143,10,100,27,500,60,25,330721.1034,944.4502076,35.61436093,652390834.2,766
1532,1000,1450,23289.49544,1132.050855,2088.081104,0,0,30,32,0.016639608,8,8,9,9,118.2857143,159.75,10,100,27,500,60,25,330721.1034,944.4502076,35.61436093,652390834.2,766
1533,1200,1000,25887.15558,1322.6643,941.2431415,0,0,50,25,0.020453077,15,15,12,12,74.92857143,77.18181818,13,350,40,400,50,25,298612.4741,830.27045,29.64611872,652711538.9,767
1534,1000,1200,25887.15558,941.2431415,1322.6643,0,0,50,25,0.020453077,12,12,15,15,77.18181818,74.92857143,13,350,40,400,50,25,298612.4741,830.27045,29.64611872,652711538.9,767
1535,1300,1000,26825.37211,1514.364876,923.2582817,0,0,24,29,0.012194213,8,8,6,6,160.7142857,165.0,13,450,40,500,60,25,236713.3598,728.9164087,31.51971682,662483687.7,768
1536,1000,1300,26825.37211,923.2582817,1514.364876,0,0,24,29,0.012194213,6,6,8,8,165.0,160.7142857,13,450,40,500,60,25,236713.3598,728.9164087,31.51971682,662483687.7,768
1537,1250,950,23683.85329,1455.909517,902.8595865,0,0,40,32,0.027090449,14,14,8,8,82.46153846,110.2857143,13,250,30,500,60,25,361297.9432,950.9731893,29.78972067,668468120.5,769
1538,950,1250,23683.85329,902.8595865,1455.909517,0,0,40,32,0.027090449,8,8,14,14,110.2857143,82.46153846,13,250,30,500,60,25,361297.9432,950.9731893,29.78972067,668468120.5,769
1539,1350,900,26282.91514,2096.069585,1060.607574,0,0,30,29,0.016309132,8,8,9,9,168.7142857,91.375,10,100,40,500,60,25,275951.9881,789.1374848,29.83419441,670098571.6,770
1540,900,1350,26282.91514,1060.607574,2096.069585,0,0,30,29,0.016309132,9,9,8,8,91.375,168.7142857,10,100,40,500,60,25,275951.9881,789.1374848,29.83419441,670098571.6,770
1541,1400,950,27035.65777,2105.963038,1077.078814,0,0,22,29,0.010925892,6,6,7,7,245.0,129.1666667,13,200,40,500,60,25,241294.3769,744.3218975,32.24017143,676338082.7,771
1542,950,1400,27035.65777,1077.078814,2105.963038,0,0,22,29,0.010925892,7,7,6,6,129.1666667,245.0,13,200,40,500,60,25,241294.3769,744.3218975,32.24017143,676338082.7,771
1543,1350,1000,25529.7544,1432.08438,798.9727874,0,0,30,32,0.017872172,9,9,8,8,147.25,118.2857143,10,350,35,400,60,25,302903.8248,869.0138231,33.12499012,678560910.1,772
1544,1000,1350,25529.7544,798.9727874,1432.08438,0,0,30,32,0.017872172,8,8,9,9,118.2857143,147.25,10,350,35,400,60,25,302903.8248,869.0138231,33.12499012,678560910.1,772
1545,1500,1000,24520.66692,1720.505364,799.3676862,0,0,36,29,0.015852477,10,10,10,10,147.8888889,92.33333333,10,250,30,400,60,25,315907.613,925.081384,36.66323668,679255647.0,773
1546,1000,1500,24520.66692,799.3676862,1720.505364,0,0,36,29,0.015852477,10,10,10,10,92.33333333,147.8888889,10,250,30,400,60,25,315907.613,925.081384,36.66323668,679255647.0,773
1547,1350,950,26598.37068,1613.984926,830.8968867,0,0,42,25,0.016075401,11,11,12,12,119.9,72.63636364,13,400,40,400,50,25,273732.2319,798.1133077,31.37195454,680173016.5,774
1548,950,1350,26598.37068,830.8968867,1613.984926,0,0,42,25,0.016075401,12,12,11,11,72.63636364,119.9,13,400,40,400,50,25,273732.2319,798.1133077,31.37195454,680173016.5,774
1549,1400,950,25407.55574,1620.16627,777.6583837,0,0,38,29,0.018871996,10,10,11,11,136.1111111,77.5,13,400,35,400,60,25,312417.6489,883.7350906,32.73033354,683025903.6,775
1550,950,1400,25407.55574,777.6583837,1620.16627,0,0,38,29,0.018871996,11,11,10,10,77.5,136.1111111,13,400,35,400,60,25,312417.6489,883.7350906,32.73033354,683025903.6,775
1551,1400,1000,27517.62306,1713.987995,903.0719126,0,0,22,29,0.010379598,7,7,6,6,204.1666667,165.0,13,400,40,400,60,25,236162.3076,748.1650796,33.81515783,688438568.4,776
1552,1000,1400,27517.62306,903.0719126,1713.987995,0,0,22,29,0.010379598,6,6,7,7,165.0,204.1666667,13,400,40,400,60,25,236162.3076,748.1650796,33.81515783,688438568.4,776
1553,1500,1000,24127.3957,1688.642425,794.5498262,0,0,38,29,0.01673317,11,11,10,10,132.5,91.66666667,13,450,27,500,60,25,325490.8861,943.8868326,36.72922588,715493968.9,777
1554,1000,1500,24127.3957,794.5498262,1688.642425,0,0,38,29,0.01673317,10,10,11,11,91.66666667,132.5,13,450,27,500,60,25,325490.8861,943.8868326,36.72922588,715493968.9,777
1555,1250,1000,24397.88012,1226.299516,806.5580064,0,0,48,29,0.025363962,15,15,11,11,77.21428571,83.1,10,300,30,500,60,25,354609.0886,950.3057317,31.1813573,720904169.7,778
1556,1000,1250,24397.88012,806.5580064,1226.299516,0,0,48,29,0.025363962,11,11,15,15,83.1,77.21428571,10,300,30,500,60,25,354609.0886,950.3057317,31.1813573,720904169.7,778
1557,1300,900,26502.04819,1819.760673,962.7596165,0,0,38,32,0.026120866,11,11,10,10,112.8,80.88888889,10,100,40,400,60,25,355230.4539,935.7078714,29.34503509,727971371.8,779
1558,900,1300,26502.04819,962.7596165,1819.760673,0,0,38,32,0.026120866,10,10,11,11,80.88888889,112.8,10,100,40,400,60,25,355230.4539,935.7078714,29.34503509,727971371.8,779
1559,1400,1000,26303.2544,1670.006502,891.2682916,0,0,30,32,0.01723388,7,7,10,10,204.6666667,92.0,10,200,35,400,60,25,312787.3546,898.7220475,34.34226145,733656397.7,780
1560,1000,1400,26303.2544,891.2682916,1670.006502,0,0,30,32,0.01723388,10,10,7,7,92.0,204.6666667,10,200,35,400,60,25,312787.3546,898.7220475,34.34226145,733656397.7,780
1561,1350,950,27432.54207,1783.152229,946.971274,0,0,40,25,0.015309906,12,12,10,10,109.0,88.77777778,13,300,40,500,50,25,269750.8719,790.3875362,31.34430352,737466011.0,781
1562,950,1350,27432.54207,946.971274,1783.152229,0,0,40,25,0.015309906,10,10,12,12,88.77777778,109.0,13,300,40,500,50,25,269750.8719,790.3875362,31.34430352,737466011.0,781
1563,1450,1000,26755.27618,1732.266007,856.4801717,0,0,34,29,0.015488052,9,9,10,10,159.375,91.66666667,13,400,35,400,60,25,302009.666,887.6497343,35.41790431,750922710.8,782
1564,1000,1450,26755.27618,856.4801717,1732.266007,0,0,34,29,0.015488052,10,10,9,9,91.66666667,159.375,13,400,35,400,60,25,302009.666,887.6497343,35.41790431,750922710.8,782
1565,1300,950,27306.43338,2071.121366,1237.157242,0,0,46,25,0.01828356,12,12,13,13,104.4545455,66.58333333,13,150,40,500,50,25,302728.0572,845.8827302,30.47804901,751075267.7,783
1566,950,1300,27306.43338,1237.157242,2071.121366,0,0,46,25,0.01828356,13,13,12,12,66.58333333,104.4545455,13,150,40,500,50,25,302728.0572,845.8827302,30.47804901,751075267.7,783
1567,1250,950,27029.08667,1426.375284,853.9545704,0,0,48,29,0.026698908,15,15,11,11,77.21428571,78.1,10,200,40,400,60,25,353431.6214,935.412572,29.73589167,761311018.0,784
1568,950,1250,27029.08667,853.9545704,1426.375284,0,0,48,29,0.026698908,11,11,15,15,78.1,77.21428571,10,200,40,400,60,25,353431.6214,935.412572,29.73589167,761311018.0,784
1569,1450,1000,25746.06677,1623.711512,806.5580064,0,0,40,29,0.018221237,14,14,8,8,98.53846154,118.7142857,10,300,30,500,60,25,330373.2244,943.2974211,35.61324117,785751516.2,785
1570,1000,1450,25746.06677,806.5580064,1623.711512,0,0,40,29,0.018221237,8,8,14,14,118.7142857,98.53846154,10,300,30,500,60,25,330373.2244,943.2974211,35.61324117,785751516.2,785
1571,1200,1000,27877.1189,1626.509842,1191.047681,0,0,56,25,0.022907446,16,16,14,14,69.93333333,65.30769231,13,200,40,500,50,25,330428.0,892.9919417,29.86441151,814351591.6,786
1572,1000,1200,27877.1189,1191.047681,1626.509842,0,0,56,25,0.022907446,14,14,16,16,65.30769231,69.93333333,13,200,40,500,50,25,330428.0,892.9919417,29.86441151,814351591.6,786
1573,1250,950,26630.45818,1350.248049,810.5649897,0,0,42,32,0.028444972,13,13,10,10,89.83333333,86.44444444,10,250,35,500,60,25,367125.5096,962.2470606,29.83028725,822031918.9,787
1574,950,1250,26630.45818,810.5649897,1350.248049,0,0,42,32,0.028444972,10,10,13,13,86.44444444,89.83333333,10,250,35,500,60,25,367125.5096,962.2470606,29.83028725,822031918.9,787
1575,1500,1000,26240.08263,1660.378119,760.3706322,0,0,32,32,0.017157285,8,8,10,10,189.7142857,92.0,10,400,30,500,60,25,326935.0273,946.6329303,36.73940821,831883513.3,788
1576,1000,1500,26240.08263,760.3706322,1660.378119,0,0,32,32,0.017157285,10,10,8,8,92.0,189.7142857,10,400,30,500,60,25,326935.0273,946.6329303,36.73940821,831883513.3,788
1577,1400,1000,29272.04497,1905.46266,1037.658929,0,0,38,25,0.013323719,12,12,9,9,113.5454545,106.125,13,300,40,500,50,25,272217.3245,819.086912,34.06296585,848106360.8,789
1578,1000,1400,29272.04497,1037.658929,1905.46266,0,0,38,25,0.013323719,9,9,12,12,106.125,113.5454545,13,300,40,500,50,25,272217.3245,819.086912,34.06296585,848106360.8,789
1579,1450,1000,27953.03562,2158.013859,1143.843226,0,0,46,25,0.01557255,14,14,11,11,99.92307692,84.9,13,200,35,500,50,25,314891.9729,913.2609224,35.50570943,855178312.0,790
1580,1000,1450,27953.03562,1143.843226,2158.013859,0,0,46,25,0.01557255,11,11,14,14,84.9,99.92307692,13,200,35,500,50,25,314891.9729,913.2609224,35.50570943,855178312.0,790
1581,1350,1000,26235.48346,1667.645621,986.4764099,0,0,42,32,0.02502104,12,12,11,11,106.5454545,82.2,13,250,30,500,60,25,388046.291,1036.509415,33.71013383,868615692.9,791
1582,1000,1350,26235.48346,986.4764099,1667.645621,0,0,42,32,0.02502104,11,11,12,12,82.2,106.5454545,13,250,30,500,60,25,388046.291,1036.509415,33.71013383,868615692.9,791
1583,1500,1000,26781.24484,2118.481232,1056.485375,0,0,44,32,0.023591266,13,13,11,11,110.6666667,82.8,10,100,30,400,60,25,422823.7079,1135.513489,37.39774186,912440713.0,792
1584,1000,1500,26781.24484,1056.485375,2118.481232,0,0,44,32,0.023591266,11,11,13,13,82.8,110.6666667,10,100,30,400,60,25,422823.7079,1135.513489,37.39774186,912440713.0,792
1585,1500,1000,30499.67507,1824.871463,818.2943015,0,0,26,32,0.013940294,8,8,7,7,189.7142857,138.0,10,450,40,400,60,25,288666.9015,871.4483175,36.4761438,936543958.1,793
1586,1000,1500,30499.67507,818.2943015,1824.871463,0,0,26,32,0.013940294,7,7,8,8,138.0,189.7142857,10,450,40,400,60,25,288666.9015,871.4483175,36.4761438,936543958.1,793
1587,1350,950,29690.47106,1624.784872,837.1170886,0,0,36,32,0.022575375,14,14,6,6,90.15384615,154.4,13,450,40,500,60,25,337103.7892,922.5487946,31.80810536,936834338.1,794
1588,950,1350,29690.47106,837.1170886,1624.784872,0,0,36,32,0.022575375,6,6,14,14,154.4,90.15384615,13,450,40,500,60,25,337103.7892,922.5487946,31.80810536,936834338.1,794
1589,1450,1000,27057.96004,1996.87695,1056.485375,0,0,50,32,0.02773268,16,16,11,11,85.2,82.8,10,100,30,400,60,25,455701.199,1189.930739,36.47433498,958649066.5,795
1590,1000,1450,27057.96004,1056.485375,1996.87695,0,0,50,32,0.02773268,11,11,16,16,82.8,85.2,10,100,30,400,60,25,455701.199,1189.930739,36.47433498,958649066.5,795
1591,1400,1000,28780.72342,1979.610458,1106.624468,0,0,46,32,0.026425282,16,16,9,9,81.86666667,103.5,10,100,35,400,60,25,426088.6424,1121.607723,35.12094108,984144066.4,796
1592,1000,1400,28780.72342,1106.624468,1979.610458,0,0,46,32,0.026425282,9,9,16,16,103.5,81.86666667,10,100,35,400,60,25,426088.6424,1121.607723,35.12094108,984144066.4,796
1593,1500,1000,29398.67254,1790.611253,819.4828995,0,0,40,32,0.021446606,13,13,9,9,110.6666667,103.5,10,300,35,400,60,25,379249.357,1049.446503,37.09921441,1008163033.0,797
1594,1000,1500,29398.67254,819.4828995,1790.611253,0,0,40,32,0.021446606,9,9,13,13,103.5,110.6666667,10,300,35,400,60,25,379249.357,1049.446503,37.09921441,1008163033.0,797
1595,1400,1000,30786.08667,1662.629948,867.5727032,0,0,48,29,0.022646395,16,16,10,10,82.06666667,92.33333333,10,300,40,400,60,25,367225.6261,1005.532641,34.71715639,1029785216.0,798
1596,1000,1400,30786.08667,867.5727032,1662.629948,0,0,48,29,0.022646395,10,10,16,16,92.33333333,82.06666667,10,300,40,400,60,25,367225.6261,1005.532641,34.71715639,1029785216.0,798
1597,1450,1000,32038.28685,1887.046035,939.475905,0,0,40,29,0.018221237,13,13,9,9,106.75,103.875,10,250,40,500,60,25,332189.9551,946.9127152,35.6256145,1114362705.0,799
1598,1000,1450,32038.28685,939.475905,1887.046035,0,0,40,29,0.018221237,9,9,13,13,103.875,106.75,10,250,40,500,60,25,332189.9551,946.9127152,35.6256145,1114362705.0,799
1599,1450,1000,33821.18291,1947.253454,979.3211282,0,0,42,32,0.023295451,15,15,8,8,90.85714286,117.4285714,13,350,40,500,60,25,391616.5214,1063.694174,36.03436371,1320010644.0,800
1600,1000,1450,33821.18291,979.3211282,1947.253454,0,0,42,32,0.023295451,8,8,15,15,117.4285714,90.85714286,13,350,40,500,60,25,391616.5214,1063.694174,36.03436371,1320010644.0,800
