name,h,b,PI_Pn_max,PI_Vn_z,PI_Vn_y,PI_Mn_z,PI_Mn_y,required_rebar,MainRebar_size,rho,side_rebars_top,side_rebars_bottom,side_rebars_left,side_rebars_right,spacing_h,spacing_b,Stirrup_size,Stirrup_verticle_size,fck,fy,Cover_size,aggregate,Cost,CO2,UnitWeight,PM_Volume
1,650,650,6004.551727,379.8834463,379.8834463,0,0,10,25,0.011618316,4,4,3,3,168.3333333,252.5,10,200,27,400,50,25,78722.81145,240.5107201,10.25597326,19501432.47
2,600,600,5873.096333,281.0506071,281.0506071,0,0,10,32,0.022340214,5,5,2,2,107.0,428.0,10,300,27,400,60,25,95235.88816,260.192488,8.932701211,19869694.66
3,600,600,6001.007582,413.2579036,413.2579036,0,0,14,25,0.019089539,5,5,4,4,112.25,149.6666667,13,250,27,500,50,25,90532.84542,251.0684178,8.900032275,20512617.31
4,650,600,6115.489356,413.9010042,360.9343544,0,0,12,25,0.015103811,4,4,4,4,168.3333333,151.6666667,10,200,27,500,50,25,83442.72233,243.1802078,9.541182367,21199696.51
5,700,600,6209.319088,399.721907,301.2353399,0,0,6,32,0.011489253,2,2,3,3,528.0,214.0,10,300,27,500,60,25,75450.89409,233.5143216,10.1761458,21769668.22
6,600,600,6317.15564,312.5688057,312.5688057,0,0,12,29,0.022017329,4,4,4,4,141.6666667,141.6666667,13,400,30,400,60,25,95388.22399,260.5189771,8.9336754,21885001.71
7,750,600,6332.736727,489.6690454,329.8620396,0,0,10,25,0.010908308,3,3,4,4,302.5,151.6666667,10,200,27,400,50,25,81231.08023,251.024175,10.90553281,22348971.43
8,600,600,6749.176169,565.8647577,565.8647577,0,0,6,32,0.013404129,3,3,2,2,211.0,422.0,13,150,35,500,60,25,79630.96914,229.7846709,8.824666972,22435965.31
9,650,650,6352.935148,424.135186,424.135186,0,0,8,29,0.012506885,3,3,3,3,237.5,237.5,13,300,27,500,60,25,82221.01676,247.3967643,10.28000327,22458151.49
10,650,600,6194.158763,334.5267023,288.4322865,0,0,16,25,0.020138414,6,6,4,4,101.0,151.6666667,10,300,27,400,50,25,96541.2002,268.8519089,9.631462845,22744650.45
11,600,600,6291.305147,707.8390415,707.8390415,0,0,10,32,0.022340214,5,5,2,2,105.5,422.0,13,100,27,500,60,25,111295.4585,292.151033,9.042079159,23097512.11
12,700,600,6359.691418,449.7198837,343.6398177,0,0,14,25,0.016362462,3,3,6,6,274.5,89.8,13,300,27,400,50,25,94638.21311,271.2860995,10.3079413,23718610.94
13,600,600,7370.481111,651.2518857,651.2518857,0,0,8,29,0.014678219,3,3,3,3,212.5,212.5,13,100,40,400,60,25,89863.3249,250.0549575,8.894607048,25406980.73
14,650,600,6714.95564,518.1469957,454.6868857,0,0,12,29,0.020323688,3,3,5,5,240.5,107.75,10,100,30,400,60,25,105240.93,286.149862,9.690754024,25605059.28
15,650,650,6888.646366,362.3191945,362.3191945,0,0,10,29,0.015633606,3,3,4,4,237.5,158.3333333,13,400,30,400,60,25,90644.71968,263.8946683,10.33809491,26246531.68
16,650,600,7213.276169,366.0253341,314.5708733,0,0,6,32,0.012373042,3,3,2,2,239.0,428.0,10,350,35,500,60,25,72252.33115,221.1251813,9.464386973,26488126.8
17,600,600,7095.238653,325.8998954,325.8998954,0,0,12,29,0.022017329,3,3,5,5,215.5,107.75,10,250,35,400,60,25,95121.87977,259.9889521,8.931861392,26581608.7
18,650,600,6602.565808,379.8834463,329.8620396,0,0,16,25,0.020138414,5,5,5,5,126.25,113.75,10,250,27,500,50,25,97404.35279,270.5695825,9.637341574,26645144.33
19,700,650,7062.337093,440.0066007,384.9041973,0,0,8,29,0.011613536,2,2,4,4,531.0,160.3333333,10,200,30,400,60,25,84301.48111,258.0628883,11.04164483,27398398.16
20,650,650,6746.882582,357.2050743,357.2050743,0,0,14,25,0.016265642,4,4,5,5,168.3333333,126.25,10,300,27,500,50,25,91718.53306,265.9779362,10.34555389,27466174.28
21,650,600,6579.133454,334.5267023,288.4322865,0,0,20,25,0.025173018,6,6,6,6,101.0,91.0,10,300,27,400,50,25,111797.5595,298.8177941,9.736440145,27477339.07
22,700,600,6907.498835,419.0148801,316.1241443,0,0,14,25,0.016362462,2,2,7,7,555.0,75.83333333,10,250,30,400,50,25,92422.78815,266.8774038,10.29285256,27526502.58
23,600,600,7645.257371,320.4367613,320.4367613,0,0,8,29,0.014678219,2,2,4,4,431.0,143.6666667,10,400,40,500,60,25,72817.29449,216.1333569,8.778510552,28222941.3
24,700,600,7426.45088,462.511728,349.1732724,0,0,6,32,0.011489253,2,2,3,3,528.0,214.0,10,200,35,400,60,25,77629.32679,237.8494027,10.19098259,28277026.65
25,700,600,7156.720658,374.6363561,278.4294886,0,0,8,32,0.015319004,3,3,3,3,264.0,214.0,10,450,30,500,60,25,86496.61517,255.1723207,10.25225201,29283816.11
26,700,650,6984.035832,417.850198,365.4722544,0,0,12,29,0.017420304,3,3,5,5,262.5,118.75,13,350,27,400,60,25,104595.8016,297.9180566,11.18130423,29735498.71
27,650,600,7155.800823,345.91484,297.6530436,0,0,10,32,0.020621736,4,4,3,3,159.3333333,214.0,10,350,30,500,60,25,97248.35027,270.2212876,9.636381781,29825415.7
28,700,650,7068.495185,430.9160328,377.4714904,0,0,10,29,0.01451692,5,5,2,2,131.25,475.0,13,400,27,500,60,25,93505.20679,276.1130376,11.10504902,29923656.2
29,700,650,7337.113353,537.4406403,474.3120638,0,0,8,29,0.011613536,4,4,2,2,175.0,475.0,13,250,30,500,60,25,86710.41666,262.8566701,11.05805152,30051474.44
30,800,600,7075.731418,549.4332379,329.8620396,0,0,14,25,0.014317154,5,5,4,4,163.75,151.6666667,10,200,27,400,50,25,99195.70833,292.403515,11.71892966,30670998.7
31,650,600,7581.718134,418.5879406,362.3861577,0,0,10,32,0.020621736,4,4,3,3,157.3333333,211.0,13,300,35,400,60,25,100705.8342,277.1016806,9.65992989,31133727.0
32,650,600,6985.358748,305.3683651,261.627156,0,0,18,29,0.030485532,6,6,5,5,96.2,107.75,10,400,27,400,60,25,126693.8216,328.0453221,9.839023963,31944090.96
33,700,700,7308.889356,594.7796847,594.7796847,0,0,12,25,0.0120214,4,4,4,4,183.0,183.0,13,200,27,500,50,25,97472.45965,291.1793851,11.93664949,32284718.71
34,700,600,7204.124034,377.7082466,283.2535673,0,0,18,25,0.021037451,6,6,5,5,111.0,113.75,10,400,27,500,50,25,105644.5735,292.7944869,10.38397286,33543795.19
35,800,600,7366.845185,540.3704216,322.358069,0,0,10,29,0.01376083,3,3,4,4,315.5,143.6666667,10,250,27,500,60,25,95443.86131,284.9909601,11.69323121,33832449.5
36,650,600,7275.900295,424.135186,369.7903548,0,0,16,29,0.02709825,4,4,6,6,158.3333333,85.0,13,300,27,500,60,25,120331.6148,315.6497953,9.794972689,33844372.41
37,600,600,7134.5814,315.4160273,315.4160273,0,0,18,32,0.040212386,6,6,5,5,84.4,105.5,13,350,27,400,60,25,146997.9176,361.9069832,9.288745822,34156799.81
38,700,650,7562.784383,385.2203192,334.756112,0,0,16,25,0.017261498,4,4,6,6,185.0,101.0,10,350,30,400,50,25,101476.9698,291.7260904,11.16002323,34447607.84
39,600,600,7736.985388,297.2696738,297.2696738,0,0,14,32,0.0312763,5,5,4,4,107.0,142.6666667,10,350,35,400,60,25,119668.2158,308.1668483,9.10085685,34653194.39
40,600,600,7438.200714,372.054311,372.054311,0,0,22,25,0.029997847,7,7,6,6,75.83333333,91.0,10,200,30,500,50,25,118875.3519,306.6814659,9.095206072,34994006.62
41,700,600,7481.055479,448.585121,340.9819962,0,0,20,25,0.023374945,6,6,6,6,111.0,91.0,10,200,30,400,50,25,116663.7098,314.525433,10.45955651,35129616.54
42,750,600,8141.476169,524.7272806,349.1732724,0,0,6,32,0.010723303,3,3,2,2,289.0,428.0,10,250,35,500,60,25,78968.88219,246.5391179,10.89008015,35570773.56
43,700,650,7728.955,547.1525905,483.7854135,0,0,14,25,0.015103811,5,5,4,4,138.75,168.3333333,10,150,30,500,50,25,99250.83353,287.4932141,11.14432663,35760547.25
44,800,600,7818.218571,541.3124516,320.2671196,0,0,12,25,0.012271846,4,4,4,4,218.3333333,151.6666667,10,300,30,500,50,25,89101.37844,272.5129335,11.64964464,36317117.02
45,800,600,7460.706108,492.2955215,288.4322865,0,0,18,25,0.018407769,3,3,8,8,327.5,65.0,10,300,27,400,50,25,111985.9174,317.4617612,11.80711059,37047742.55
46,650,650,8590.877338,425.9407273,425.9407273,0,0,12,25,0.013941979,2,2,6,6,499.0,99.8,13,350,40,400,50,25,86118.46838,255.0309424,10.30687826,37712572.88
47,700,650,8310.548878,401.488598,347.9641202,0,0,10,29,0.01451692,4,4,3,3,177.0,240.5,10,350,35,400,60,25,91633.00242,272.3873509,11.09229788,37808045.9
48,650,600,7603.605332,517.4625771,454.8219779,0,0,18,29,0.030485532,6,6,5,5,95.0,106.25,13,200,27,500,60,25,134103.9866,342.7915503,9.88949285,38004769.83
49,700,600,7633.920295,522.3768761,403.803004,0,0,16,29,0.025162661,5,5,5,5,131.25,106.25,13,250,27,500,60,25,124551.5515,330.0714693,10.51368785,38223571.37
50,850,600,7663.196333,511.8043024,260.8658743,0,0,10,32,0.015769563,3,3,4,4,339.0,142.6666667,10,400,27,400,60,25,107020.1,313.7630696,12.46283153,38249387.46
51,650,650,7705.391027,365.8578792,365.8578792,0,0,22,25,0.025560295,7,7,6,6,84.16666667,101.0,10,250,30,400,50,25,123135.5068,327.7091742,10.56166716,38280462.86
52,800,650,7745.578763,607.2561482,425.5579332,0,0,16,25,0.015103811,6,6,4,4,129.8,166.3333333,13,250,27,400,50,25,113044.922,327.7983153,12.73375386,38473214.26
53,800,600,7723.385147,539.2375696,321.4200727,0,0,10,32,0.016755161,4,4,3,3,209.3333333,214.0,10,250,27,500,60,25,106611.5163,306.9259881,11.7700746,38589322.12
54,800,650,7844.205185,492.2030743,333.9203933,0,0,10,29,0.012702305,5,5,2,2,157.75,481.0,10,350,27,500,60,25,97185.3096,296.4884422,12.62505736,38611755.78
55,750,700,7861.402118,510.0048778,451.5837895,0,0,8,32,0.012255203,3,3,3,3,286.0,261.0,13,350,27,500,60,25,99196.36768,301.5288281,12.75365661,38783818.57
56,700,600,8198.542969,522.2159403,399.8071946,0,0,18,25,0.021037451,6,6,5,5,109.8,112.25,13,250,35,400,50,25,111422.7635,304.293085,10.42332675,38787628.63
57,750,600,7904.891428,447.6595161,294.3735239,0,0,16,25,0.017453293,5,5,5,5,151.25,113.75,10,400,30,500,50,25,100570.5283,288.9182717,11.03885398,38863608.3
58,650,600,8193.900895,374.7865788,322.8329488,0,0,18,25,0.022655716,6,6,5,5,101.0,113.75,10,350,35,500,50,25,103552.8423,282.6079417,9.679752403,39106175.51
59,650,650,7565.085133,297.1756267,297.1756267,0,0,16,32,0.030456718,4,4,6,6,159.3333333,95.6,10,450,27,400,60,25,136688.6534,354.2645332,10.65510162,39237288.46
60,700,650,7637.568867,343.4612186,297.1756267,0,0,14,32,0.024746084,4,4,5,5,176.0,119.5,10,450,27,400,60,25,126927.6522,341.6891267,11.33521735,39359543.21
61,750,600,7878.855479,560.7323079,382.4117493,0,0,20,25,0.021816616,7,7,5,5,100.8333333,113.75,10,150,30,400,50,25,121735.3725,330.6420419,11.18407258,39672565.92
62,700,600,7950.480987,374.6363561,278.4294886,0,0,12,32,0.022978506,3,3,5,5,264.0,107.0,10,450,30,500,60,25,111492.6343,304.2684269,10.42424682,39945587.31
63,650,600,8576.816008,374.5144123,321.2376538,0,0,18,25,0.022655716,5,5,6,6,126.25,91.0,10,350,40,400,50,25,103552.8423,282.6079417,9.679752403,40114854.53
64,600,600,7948.641316,362.5325419,362.5325419,0,0,16,32,0.035744343,4,4,6,6,142.6666667,85.6,10,200,30,500,60,25,134702.837,337.7627586,9.204130518,40363028.65
65,700,600,8852.982622,552.8257069,422.8374097,0,0,12,25,0.014024967,4,4,4,4,183.0,149.6666667,13,300,40,500,50,25,87010.03344,256.3031569,10.25545265,40890385.6
66,800,650,8233.498835,561.6784966,386.3889636,0,0,14,25,0.013215834,4,4,5,5,216.3333333,124.75,13,350,30,400,50,25,102439.7467,306.8911514,12.66098959,41190772.94
67,650,650,8502.701948,344.9317834,344.9317834,0,0,10,32,0.019035449,4,4,3,3,159.3333333,239.0,10,450,35,500,60,25,99194.62473,280.6203738,10.39710941,41438277.54
68,700,650,8612.151558,451.4541303,393.7670024,0,0,8,32,0.014140619,4,4,2,2,174.0,472.0,13,450,35,500,60,25,91532.31737,272.221368,11.09151885,41579380.25
69,650,600,8844.053073,474.4381734,411.9540826,0,0,10,32,0.020621736,4,4,3,3,157.3333333,211.0,13,300,40,500,60,25,100705.8342,277.1016806,9.65992989,41706990.67
70,700,650,8564.888653,434.6368885,378.419617,0,0,12,29,0.017420304,4,4,4,4,177.0,160.3333333,10,250,35,400,60,25,103461.7248,295.6612438,11.1735803,41777121.35
71,750,650,7889.912776,393.8821943,297.9659874,0,0,16,29,0.0216786,6,6,4,4,116.2,160.3333333,10,450,27,400,60,25,124294.4221,343.1137817,12.06437847,41919129.5
72,800,600,8717.735362,579.1402785,340.774814,0,0,8,29,0.011008664,3,3,3,3,312.5,212.5,13,450,35,500,60,25,84829.73745,264.1341184,11.62022113,42060164.79
73,650,600,8433.967661,362.637451,311.7356935,0,0,20,25,0.025173018,5,5,7,7,126.25,75.83333333,10,400,35,500,50,25,110718.6188,296.670702,9.729091734,42780198.89
74,700,600,9026.171714,491.3913756,370.6475297,0,0,10,29,0.015726663,5,5,2,2,131.25,425.0,13,400,40,500,60,25,90444.71968,262.9946683,10.27923491,42809685.27
75,700,600,8934.121667,534.0731024,406.3608114,0,0,12,29,0.018871996,3,3,5,5,262.5,106.25,13,250,40,400,60,25,104022.5944,289.7493742,10.37243039,42839093.11
76,900,600,8149.127582,755.5700451,378.4488607,0,0,14,25,0.012726359,6,6,3,3,149.8,224.5,13,300,27,500,50,25,105627.4777,317.2507361,13.14268325,43176999.11
77,700,650,8314.973368,415.8359723,362.6970642,0,0,14,29,0.020323688,4,4,5,5,177.0,120.25,10,300,30,500,60,25,112813.7278,314.0064649,11.23799437,43844013.88
78,700,650,8225.968812,431.8537648,377.3093273,0,0,14,32,0.024746084,4,4,5,5,174.0,118.0,13,350,30,400,60,25,130494.9972,348.7881433,11.3595137,43902636.96
79,850,600,8350.120658,659.3163613,355.2565273,0,0,8,32,0.01261565,2,2,4,4,672.0,140.6666667,13,350,30,500,60,25,97996.36768,296.1288281,12.40049661,44005401.62
80,750,650,8343.68041,865.833083,696.4356751,0,0,12,32,0.019796867,5,5,3,3,143.0,236.0,13,100,30,400,60,25,138161.2619,370.8929959,12.15832243,44096379.85
81,700,650,9213.711844,520.6246617,455.9344591,0,0,6,32,0.010605464,2,2,3,3,528.0,239.0,10,200,40,500,60,25,80737.59557,251.0628575,11.01712213,44498801.27
82,800,600,8122.398177,476.1504621,276.0044239,0,0,12,32,0.020106193,4,4,4,4,209.3333333,142.6666667,10,400,27,500,60,25,116963.9752,327.2043953,11.84145916,44961183.57
83,600,600,8715.803117,565.8647577,565.8647577,0,0,16,32,0.035744343,4,4,6,6,140.6666667,84.4,13,150,35,500,60,25,142121.0169,352.5249366,9.254653993,45799815.31
84,800,650,8590.855,569.8813097,393.0719256,0,0,14,25,0.013215834,5,5,4,4,163.75,168.3333333,10,250,30,500,50,25,101162.6332,304.3496955,12.65229147,46182618.41
85,700,650,8108.890486,377.7082466,328.8571093,0,0,22,25,0.02373456,6,6,7,7,111.0,84.16666667,10,400,27,500,50,25,123855.0672,335.6670995,11.31403993,46186846.51
86,750,600,8819.601761,483.5934603,317.168691,0,0,12,32,0.021446606,4,4,4,4,190.6666667,140.6666667,13,450,35,400,60,25,116128.3365,319.5174743,11.14579366,46382592.53
87,700,600,8786.45798,479.6619557,363.4499135,0,0,18,29,0.028307994,7,7,4,4,87.5,141.6666667,13,300,35,400,60,25,133343.4095,347.302002,10.5742869,47146932.09
88,700,650,8959.384129,530.5050718,466.7882626,0,0,16,25,0.017261498,5,5,5,5,137.25,124.75,13,300,35,500,50,25,105413.7089,299.5602013,11.18683544,47297176.74
89,800,700,8763.898835,589.1540806,465.0787747,0,0,14,25,0.012271846,5,5,4,4,162.25,183.0,13,300,30,400,50,25,107227.4777,324.4507361,13.61356325,47429826.29
90,700,700,8555.474186,401.9430947,401.9430947,0,0,16,29,0.021567995,3,3,7,7,262.5,87.5,13,450,30,400,60,25,126687.6517,348.3783086,12.13817604,47538264.13
91,800,600,8544.927857,757.4420323,476.5281832,0,0,18,25,0.018407769,5,5,6,6,162.25,89.8,13,200,30,500,50,25,119556.9986,332.5282128,11.85867544,47856677.09
92,650,650,8421.495615,361.35301,361.35301,0,0,18,32,0.034263808,5,5,6,6,118.0,94.4,13,400,30,400,60,25,151804.4129,384.0219088,10.75892791,48359758.31
93,750,650,9090.043134,457.6767174,347.0411385,0,0,10,32,0.016497389,4,4,3,3,192.6666667,239.0,10,350,35,400,60,25,105576.811,306.3729245,11.935521,48370649.1
94,650,600,9157.9825,349.8125743,298.5061538,0,0,18,29,0.030485532,5,5,6,6,120.25,86.2,10,450,40,400,60,25,126347.8756,327.3568894,9.836667806,48521572.51
95,750,650,9624.681111,920.4250293,737.0234198,0,0,8,29,0.0108393,3,3,3,3,287.5,237.5,13,100,40,400,60,25,104231.1188,304.2488673,11.92485291,48551866.83
96,800,700,8496.116804,532.348871,417.850198,0,0,14,29,0.016512996,5,5,4,4,156.25,175.0,13,350,27,400,60,25,124153.3789,357.6563706,13.73013564,48600412.42
97,650,650,9372.97683,393.9530169,393.9530169,0,0,16,25,0.018589306,5,5,5,5,126.25,126.25,10,350,40,500,50,25,98700.81623,279.6755448,10.39364349,48942568.71
98,750,750,8525.951804,674.4703469,674.4703469,0,0,14,29,0.016439605,5,5,4,4,143.75,191.6666667,13,150,27,400,60,25,134356.0842,378.4617542,13.85712171,48960514.01
99,750,700,8762.314913,691.9276247,618.7391677,0,0,14,29,0.017613863,3,3,6,6,287.5,105.0,13,150,30,400,60,25,130661.4519,363.5794359,12.96949074,49334882.86
100,650,650,8195.827667,415.2995104,415.2995104,0,0,20,32,0.038070898,6,6,6,6,95.6,95.6,10,150,27,400,60,25,167493.8264,414.9208557,10.86666121,49399318.67
101,850,650,8955.916691,660.6159336,410.3161385,0,0,10,29,0.011955111,5,5,2,2,168.75,475.0,13,350,30,500,60,25,103024.4218,314.6342755,13.41229819,49789568.79
102,750,700,8559.285258,520.1971264,461.1249975,0,0,14,29,0.017613863,4,4,5,5,193.6666667,132.75,10,200,27,500,60,25,121311.4543,344.9729407,12.90581011,50104090.89
103,850,600,8674.455479,818.8584247,465.2712555,0,0,20,25,0.019249955,7,7,5,5,117.5,113.75,10,100,30,400,50,25,132495.2356,364.1021694,12.6373038,50146859.57
104,850,600,8480.418177,871.8308205,503.0826679,0,0,12,32,0.018923476,4,4,4,4,226.0,142.6666667,10,100,27,500,60,25,130708.2663,360.5795346,12.62504245,50226964.07
105,750,700,8472.948867,479.9118025,423.8336306,0,0,14,32,0.021446606,4,4,5,5,192.6666667,132.0,10,200,27,400,60,25,136946.1714,375.6819798,13.01339084,50410751.19
106,750,650,8320.16049,436.4583199,334.5267023,0,0,26,25,0.026179939,9,9,6,6,75.625,101.0,10,300,27,400,50,25,143098.6361,380.0935316,12.19364519,50469213.29
107,650,650,9013.544014,368.9460642,368.9460642,0,0,16,32,0.030456718,5,5,5,5,118.0,118.0,13,450,35,400,60,25,138692.8115,358.2528078,10.66875147,50905619.44
108,850,650,8518.408454,673.5097329,425.2401902,0,0,20,25,0.017769189,5,5,7,7,176.25,84.16666667,10,150,27,400,50,25,131168.4476,369.9958614,13.60573076,51175274.91
109,750,750,8707.940147,410.3778851,410.3778851,0,0,10,32,0.014297737,3,3,4,4,289.0,192.6666667,10,450,27,500,60,25,110942.6581,332.1109602,13.69700194,51285292.11
110,700,700,9784.277338,511.3800495,511.3800495,0,0,12,25,0.0120214,4,4,4,4,183.0,183.0,13,300,40,400,50,25,93304.66576,282.8854752,11.90826362,51300467.49
111,700,700,8526.580486,491.1655411,491.1655411,0,0,22,25,0.022039234,8,8,5,5,78.42857143,137.25,13,300,27,500,50,25,131445.5641,357.8001882,12.17070688,51621799.93
112,800,600,9363.803043,704.2717014,431.1668112,0,0,12,29,0.016512996,4,4,4,4,210.3333333,143.6666667,10,150,35,500,60,25,109522.6522,312.7424893,11.78983832,52685131.01
113,650,600,9179.903117,437.2160676,379.4503716,0,0,16,32,0.032994778,4,4,6,6,159.3333333,85.6,10,200,35,500,60,25,137411.1058,349.1762135,9.912550064,53031568.9
114,800,600,9913.782622,698.6253925,422.8374097,0,0,12,25,0.012271846,6,6,2,2,129.8,449.0,13,300,40,500,50,25,92504.66576,279.2854752,11.67282362,53672244.12
115,700,700,9438.401761,437.9375588,437.9375588,0,0,12,32,0.019695863,3,3,5,5,261.0,130.5,13,400,35,400,60,25,120231.3585,335.7144881,12.09370393,54143705.88
116,700,650,8595.966938,470.1152493,413.9010042,0,0,26,25,0.028049934,7,7,8,8,92.5,72.14285714,10,200,27,500,50,25,142656.5175,372.6877157,11.44316201,54681457.39
117,700,600,9143.622397,398.7553577,296.1995361,0,0,28,25,0.032724923,8,8,8,8,79.28571429,65.0,10,400,35,400,50,25,143785.4718,367.7091998,10.64641611,55295073.77
118,800,650,8728.650133,746.9370689,534.6983805,0,0,16,32,0.024746084,5,5,5,5,155.5,118.0,13,150,27,400,60,25,158394.1785,417.0365282,13.04534888,55413405.91
119,700,700,8686.0014,423.8336306,423.8336306,0,0,18,32,0.029543794,6,6,5,5,105.6,132.0,10,200,27,400,60,25,158833.9217,411.5646312,12.35924611,55953776.87
120,700,650,9993.253073,511.9110294,447.8443111,0,0,10,32,0.017675774,4,4,3,3,174.0,236.0,13,350,40,500,60,25,105498.9781,299.692037,11.18751889,56221668.36
121,650,650,9711.954677,374.5144123,374.5144123,0,0,24,25,0.027883958,6,6,8,8,101.0,72.14285714,10,350,40,400,50,25,129213.5349,339.6073151,10.60359809,56791700.51
122,800,750,9052.6276,531.2281365,472.4037163,0,0,12,32,0.016084954,5,5,3,3,155.5,286.0,13,350,27,400,60,25,130787.7859,378.8097787,14.69550654,56882064.53
123,850,750,9184.781333,661.8153516,532.0622405,0,0,10,32,0.01261565,4,4,3,3,226.0,289.0,10,150,27,400,60,25,124669.9288,374.488229,15.51543056,57416826.02
124,750,750,9414.47003,505.0654482,505.0654482,0,0,12,29,0.01409109,4,4,4,4,191.6666667,191.6666667,13,400,30,500,60,25,113151.1467,336.5291933,13.7119801,57462462.15
125,850,600,9077.93346,535.670063,272.4941468,0,0,18,29,0.023312465,5,5,6,6,170.25,86.2,10,400,30,400,60,25,136910.3592,372.4722319,12.66850306,57542123.35
126,700,650,9912.862231,445.8250851,387.473482,0,0,20,25,0.021576873,6,6,6,6,111.0,101.0,10,300,40,400,50,25,117408.5846,323.0357339,11.26959954,57567986.82
127,750,600,9438.969014,471.8953212,308.1251977,0,0,16,32,0.028595474,4,4,6,6,190.6666667,84.4,13,500,35,400,60,25,140610.3277,367.590665,11.31428754,57600336.06
128,800,700,9901.934507,556.9939258,433.5776597,0,0,8,32,0.011489253,3,3,3,3,314.0,264.0,10,250,35,400,60,25,101006.7368,312.1594627,13.57095646,57641504.85
129,700,600,9141.121481,655.9397983,513.9180379,0,0,18,32,0.034467759,7,7,4,4,88.0,142.6666667,10,100,30,500,60,25,159152.6823,398.1429647,10.75147739,57994143.18
130,850,700,9095.795147,609.5337851,429.8607282,0,0,10,32,0.013516768,2,2,5,5,672.0,130.5,13,400,27,500,60,25,116914.8103,350.5215431,14.48514887,58121629.94
131,800,600,9785.552338,597.5820062,353.9078827,0,0,12,32,0.020106193,5,5,3,3,155.5,211.0,13,400,35,500,60,25,119431.3585,332.1144881,11.85826393,59397393.62
132,700,600,9854.6009,445.8250851,333.0747261,0,0,26,25,0.030387429,9,9,6,6,69.375,91.0,10,300,40,400,50,25,137287.611,354.9755917,10.60162579,59755921.69
133,900,600,9340.527857,704.8705624,340.9819962,0,0,18,25,0.016362462,5,5,6,6,188.75,91.0,10,250,30,500,50,25,118265.6076,342.0063446,13.22982841,60267276.61
134,750,700,9902.128429,447.5102869,391.1297573,0,0,14,29,0.017613863,5,5,4,4,145.25,177.0,10,400,35,400,60,25,117581.4021,337.5501368,12.8804056,60458201.33
135,800,600,8882.032667,531.2281365,315.4160273,0,0,20,32,0.033510322,6,6,6,6,124.4,84.4,13,350,27,400,60,25,170286.7255,432.0247248,12.20813347,60473008.76
136,850,600,8924.6814,593.300152,315.4160273,0,0,18,32,0.028385214,5,5,6,6,168.0,84.4,13,350,27,400,60,25,160486.4155,418.8690938,12.83048363,60670502.98
137,700,650,9034.725406,370.4851407,322.0237149,0,0,22,29,0.031937224,6,6,7,7,106.2,80.16666667,10,400,27,500,60,25,152731.0475,392.3808721,11.51274096,60740041.7
138,850,600,9248.012123,626.9548729,334.8056512,0,0,26,25,0.025024941,10,10,5,5,77.66666667,112.25,13,350,30,400,50,25,147408.8247,393.188807,12.74048149,60779013.73
139,700,700,8955.791663,386.8793304,386.8793304,0,0,24,29,0.032351993,6,6,8,8,105.0,75.0,13,450,27,400,60,25,167745.5659,429.0224988,12.42069095,60850396.3
140,800,600,9183.945615,487.2066413,280.3518441,0,0,18,32,0.030159289,5,5,6,6,157.0,85.6,10,350,30,400,60,25,154968.8493,401.8651371,12.10293062,61050343.73
141,750,650,8971.537667,438.9804617,336.1308752,0,0,20,32,0.032994778,6,6,6,6,114.4,94.4,13,450,27,400,60,25,169351.9188,431.6704596,12.37426027,61375806.84
142,700,600,9618.26796,448.0390925,337.6292892,0,0,26,25,0.030387429,7,7,8,8,92.5,65.0,10,300,35,500,50,25,137287.611,354.9755917,10.60162579,61597084.76
143,900,650,9188.988867,585.4343618,314.0504672,0,0,14,32,0.019246954,5,5,4,4,182.0,159.3333333,10,350,27,400,60,25,138901.2909,391.6206677,14.40665503,61662036.15
144,650,600,9987.862348,466.8477839,405.5767941,0,0,26,25,0.032724923,7,7,8,8,84.16666667,65.0,10,200,40,500,50,25,136839.98,348.0608059,9.908602918,61944753.42
145,900,700,9410.6476,904.6675042,602.1970147,0,0,12,32,0.015319004,4,4,4,4,240.6666667,174.0,13,150,27,400,60,25,144282.0563,411.6873768,15.477387,63000542.51
146,800,650,9934.558855,773.2211025,549.7340197,0,0,20,25,0.018879764,5,5,7,7,163.75,84.16666667,10,100,35,400,50,25,133295.2356,367.7021694,12.8727438,63011718.54
147,850,650,9095.87049,551.3803185,334.5267023,0,0,26,25,0.023099946,7,7,8,8,117.5,72.14285714,10,300,27,400,50,25,148709.6611,404.3114714,13.72680458,63043191.14
148,850,700,9308.328867,661.8153516,472.0570778,0,0,14,32,0.018923476,3,3,6,6,339.0,105.6,10,150,27,400,60,25,145854.9229,407.4663954,14.68400597,63661128.15
149,900,600,10054.94297,706.7301276,333.4863139,0,0,18,25,0.016362462,6,6,5,5,151.0,113.75,10,250,35,400,50,25,118265.6076,342.0063446,13.22982841,64232440.43
150,800,700,9273.149719,456.0775637,352.3571694,0,0,20,29,0.023589995,6,6,6,6,126.2,106.2,10,400,27,400,60,25,151328.9721,410.9400068,13.91738156,64483244.5
151,700,700,10499.97311,532.7651683,532.7651683,0,0,12,32,0.019695863,4,4,4,4,174.0,174.0,13,250,40,400,60,25,123857.3392,342.9301897,12.11839963,64587011.81
152,900,700,9919.992009,758.0784969,487.4648018,0,0,10,32,0.012765837,5,5,2,2,180.5,522.0,13,250,30,400,60,25,124226.4472,372.0997005,15.33991657,64891333.58
153,750,600,10334.97104,534.7348979,353.7896027,0,0,20,25,0.021816616,5,5,7,7,151.25,75.83333333,10,300,40,500,50,25,117008.5846,321.2357339,11.15187954,64896911.71
154,750,750,10382.34236,821.7392543,821.7392543,0,0,14,25,0.012217305,4,4,5,5,199.6666667,149.75,13,150,35,500,50,25,116457.6978,343.3208741,13.73392595,65904312.23
155,800,600,9882.806511,601.8079534,358.3441658,0,0,26,25,0.026589,7,7,8,8,109.1666667,65.0,10,200,35,400,50,25,144964.7863,382.3011705,12.03386156,66017989.22
156,850,750,10019.44201,745.8957376,602.6249527,0,0,10,32,0.01261565,3,3,4,4,336.0,190.6666667,13,200,30,400,60,25,127660.547,380.4395592,15.53579895,66539801.7
157,850,600,9166.137526,520.8479649,267.7174099,0,0,32,25,0.030799928,10,10,8,8,78.33333333,65.0,10,400,27,400,50,25,166704.2343,430.9952673,12.87350273,67284222.12
158,700,650,10605.31474,521.8965461,457.1470508,0,0,16,29,0.023227072,5,5,5,5,132.75,120.25,10,200,40,500,60,25,125359.3953,338.7070785,11.32415974,67670902.69
159,800,650,9828.780044,602.6276346,418.2148969,0,0,18,29,0.022864149,7,7,4,4,105.1666667,160.3333333,10,200,30,500,60,25,141440.4114,383.4950358,12.92934756,68039574.77
160,850,650,9542.880332,551.4591584,333.9203933,0,0,18,29,0.021519199,6,6,5,5,136.2,120.25,10,350,27,500,60,25,141019.3774,389.1831781,13.67395201,68135141.64
161,950,700,9902.340221,703.9913308,400.6984263,0,0,12,29,0.011919155,5,5,3,3,195.25,265.5,10,300,27,500,60,25,120582.3244,371.8992368,16.12000383,69544624.25
162,850,600,10249.65234,1235.921569,735.4302576,0,0,12,32,0.018923476,2,2,6,6,672.0,84.4,13,100,35,500,60,25,141003.2104,381.0664734,12.69515889,69845349.02
163,850,650,11025.30139,754.8926718,468.2506173,0,0,10,29,0.011955111,3,3,4,4,340.5,160.3333333,10,150,40,400,60,25,105880.2237,320.3173214,13.43174838,69905200.05
164,900,650,10623.25156,861.4220586,492.5866381,0,0,8,32,0.010998259,3,3,3,3,364.0,239.0,10,150,35,500,60,25,107560.8943,330.222236,14.19057376,70108678.12
165,750,750,9551.2164,479.9118025,479.9118025,0,0,18,32,0.025735927,6,6,5,5,115.6,144.5,10,200,27,400,60,25,165250.4593,438.891541,14.0703852,70209808.15
166,700,700,10904.0004,485.6406033,485.6406033,0,0,14,29,0.018871996,6,6,3,3,106.2,265.5,10,250,40,500,60,25,116772.8184,328.9130552,12.06992867,71010594.42
167,850,650,9990.750714,583.3231255,354.1947165,0,0,22,25,0.019546108,9,9,4,4,88.125,168.3333333,10,350,30,500,50,25,132689.9696,372.8265551,13.61662841,71113204.96
168,800,700,11157.90139,789.6933647,630.6643742,0,0,10,29,0.011794997,4,4,3,3,210.3333333,265.5,10,100,40,400,60,25,111659.1392,333.3233632,13.64360076,71114069.82
169,850,700,10082.36881,1048.923555,779.422746,0,0,14,32,0.018923476,5,5,4,4,168.0,174.0,13,100,30,400,60,25,162385.1169,440.3614815,14.79658923,71375033.4
170,800,600,10825.02369,661.8636081,395.1971036,0,0,12,32,0.020106193,3,3,5,5,314.0,107.0,10,200,40,500,60,25,120539.893,334.3204718,11.86581389,71876644.64
171,800,750,10148.66881,515.2609489,456.3982136,0,0,14,32,0.01876578,6,6,3,3,124.4,286.0,13,450,30,400,60,25,141552.5225,399.9086185,14.76969903,72111050.74
172,850,700,10819.8192,610.0140003,422.2062796,0,0,10,29,0.011101174,5,5,2,2,170.25,531.0,10,350,35,500,60,25,103537.6168,324.1895335,14.39325684,72152521.41
173,750,750,9944.162123,427.705494,427.705494,0,0,26,25,0.02268928,8,8,7,7,86.42857143,100.8333333,10,400,30,400,50,25,148173.8297,405.253167,13.95314655,72231892.62
174,850,600,10367.16901,660.2510354,349.1732724,0,0,16,32,0.025231301,6,6,4,4,135.6,142.6666667,10,200,35,400,60,25,148244.1809,394.830033,12.74622825,72241786.72
175,750,750,10592.03385,732.2113249,732.2113249,0,0,20,25,0.017453293,6,6,6,6,119.8,119.8,13,150,35,400,50,25,139342.2368,388.2697019,13.8913919,72318808.9
176,900,600,9938.561152,679.1381799,322.9583368,0,0,14,32,0.020850867,3,3,6,6,361.0,84.4,13,450,30,500,60,25,136520.9784,377.8478457,13.35548204,72389776.56
177,700,700,10378.03753,456.433805,456.433805,0,0,22,29,0.029655994,6,6,7,7,105.0,87.5,13,350,35,400,60,25,159015.894,411.9157165,12.36051543,73055111.78
178,950,700,10008.19778,875.6444733,522.3768761,0,0,16,29,0.015892207,7,7,3,3,129.1666667,262.5,13,200,27,400,60,25,150007.3019,429.9244126,16.32184998,73304253.52
179,900,600,11041.96978,848.7433639,415.9342323,0,0,16,25,0.01454441,4,4,6,6,251.6666667,91.0,10,150,40,400,50,25,114912.0883,335.5299762,13.20645346,73516117.92
180,700,700,10069.32148,698.3233171,698.3233171,0,0,18,32,0.029543794,4,4,7,7,174.0,87.0,13,150,30,500,60,25,167797.5557,429.402263,12.42029531,73695277.33
181,800,600,9718.450295,605.378082,368.7080416,0,0,20,32,0.033510322,6,6,6,6,124.4,84.4,13,300,27,500,60,25,171437.8304,434.3154237,12.21597338,73707654.97
182,850,600,9894.984017,594.381829,311.6539702,0,0,20,32,0.031539126,6,6,6,6,134.4,84.4,13,400,30,400,60,25,172083.8838,441.62507,12.91034766,74143564.04
183,850,650,10626.34974,795.2413778,504.9156128,0,0,22,25,0.019546108,9,9,4,4,87.375,166.3333333,13,200,35,400,50,25,141655.3064,390.6675755,13.6776892,74180605.17
184,750,650,10861.15468,492.9264707,374.5144123,0,0,24,25,0.024166097,6,6,8,8,121.0,72.14285714,10,350,40,400,50,25,134765.8421,363.7084064,12.13635758,74248411.92
185,750,600,9759.443324,453.8365834,301.2353399,0,0,22,32,0.039318777,8,8,5,5,82.57142857,107.0,10,300,27,500,60,25,178040.4831,441.1077166,11.57184473,74335484.61
186,900,750,10479.98438,607.3830154,427.705494,0,0,16,25,0.011635528,5,5,5,5,188.75,151.25,10,400,30,400,50,25,119495.3346,371.7586363,16.34255262,74492602.91
187,800,750,10337.28099,601.3642643,536.5214347,0,0,12,32,0.016084954,4,4,4,4,209.3333333,192.6666667,10,200,30,500,60,25,131064.6994,379.3608364,14.69739253,74716601.66
188,850,650,10707.7759,603.2199793,362.637451,0,0,18,25,0.01599227,5,5,6,6,176.25,101.0,10,400,35,500,50,25,116861.1111,341.7213966,13.50775195,75098148.89
189,950,700,10513.555,817.5235895,476.9203912,0,0,14,25,0.010334186,4,4,5,5,266.3333333,137.25,13,350,30,500,50,25,115230.545,361.4608399,16.08297984,75289747.7
190,800,800,10398.25548,541.0718087,541.0718087,0,0,20,25,0.015339808,7,7,5,5,108.1666667,162.25,13,400,30,400,50,25,134775.4359,394.7437681,15.64272176,75539153.39
191,750,700,10599.21901,457.6767174,400.510153,0,0,16,32,0.024510407,4,4,6,6,192.6666667,105.6,10,350,35,400,60,25,146246.9933,393.8676296,13.07761296,75566991.52
192,750,700,10048.61128,498.5322702,440.0066007,0,0,24,29,0.030195193,7,7,7,7,96.83333333,88.5,10,200,30,400,60,25,172633.8471,445.7781784,13.25895374,75990476.39
193,950,650,10469.72337,817.8497662,418.2148969,0,0,14,29,0.014975349,7,7,2,2,130.1666667,481.0,10,200,30,500,60,25,129636.2607,380.1133053,15.08992874,76107899.65
194,800,700,9960.090369,572.8796237,452.692424,0,0,20,29,0.023589995,5,5,7,7,156.25,87.5,13,350,27,500,60,25,154946.8145,418.1395132,13.94202183,76221807.6
195,800,600,9998.346428,684.1567425,423.8415024,0,0,30,25,0.030679616,9,9,8,8,81.875,65.0,10,150,30,500,50,25,162687.2959,417.1746947,12.15563522,76529045.65
196,900,650,10908.05176,668.9433935,359.017689,0,0,12,32,0.016497389,5,5,3,3,180.5,236.0,13,500,35,400,60,25,127247.8674,368.7533407,14.32640991,76968342.92
197,800,600,10546.46796,552.8327679,322.8329488,0,0,26,25,0.026589,8,8,7,7,93.57142857,75.83333333,10,350,35,500,50,25,141794.0217,375.991349,12.01226623,77253698.03
198,900,600,11228.81601,744.7566471,349.6466273,0,0,18,25,0.016362462,6,6,5,5,151.0,113.75,10,250,40,400,50,25,118265.6076,342.0063446,13.22982841,77300969.01
199,800,650,11204.96222,621.1076489,423.8363512,0,0,16,29,0.020323688,4,4,6,6,210.3333333,96.2,10,200,40,400,60,25,131175.9329,363.3339882,12.85871883,77530796.11
200,1000,700,10246.0276,833.5500888,439.9981568,0,0,12,32,0.013787104,4,4,4,4,274.0,174.0,13,300,27,400,60,25,141129.6892,419.4701661,17.06585669,77707778.2
201,750,750,11453.52167,484.1956698,484.1956698,0,0,12,29,0.01409109,6,6,2,2,116.2,581.0,10,350,40,400,60,25,111025.9417,332.3000354,13.69750583,77723984.94
202,800,750,9998.7414,935.6823847,848.4153311,0,0,18,32,0.024127432,6,6,5,5,124.4,143.0,13,100,27,400,60,25,187781.136,491.2575877,15.08630404,77805919.99
203,850,600,11257.6004,681.0684202,356.4755925,0,0,14,29,0.018131918,4,4,5,5,225.0,106.25,13,450,40,500,60,25,118254.7172,335.8780338,12.54000431,77931163.18
204,750,650,11048.0009,561.3402607,432.830226,0,0,26,25,0.026179939,10,10,5,5,67.22222222,126.25,10,200,40,400,50,25,145564.7863,385.0011705,12.21044156,77980527.28
205,950,650,11078.76365,1015.900854,538.3109751,0,0,12,29,0.012836013,4,4,4,4,260.3333333,160.3333333,10,100,35,400,60,25,127756.6929,376.6382302,15.07640767,78634541.15
206,800,800,10259.4003,477.1507782,477.1507782,0,0,16,29,0.016512996,6,6,4,4,126.2,210.3333333,10,400,27,500,60,25,137508.2838,400.0313666,15.66174365,78986669.38
207,750,700,10875.02773,466.0580378,408.2603499,0,0,14,32,0.021446606,3,3,6,6,289.0,105.6,10,400,35,500,60,25,133216.1191,368.2591759,12.98798634,79152882.28
208,900,750,10263.04887,603.7004791,427.7613644,0,0,14,32,0.016680693,5,5,4,4,182.0,192.6666667,10,300,27,400,60,25,147281.52,426.3693235,16.5336533,79336480.42
209,750,700,11423.07393,735.6590379,656.4398505,0,0,18,25,0.016829961,5,5,6,6,149.75,109.8,13,200,40,500,50,25,123677.9729,349.7649516,12.92170367,79747775.51
210,850,750,10734.92337,949.7827074,779.8627665,0,0,14,29,0.014505534,5,5,4,4,168.75,191.6666667,13,150,30,500,60,25,141745.3489,408.2263908,15.63238367,80622518.02
211,700,700,10408.84006,429.0426038,429.0426038,0,0,24,29,0.032351993,7,7,7,7,87.5,87.5,13,450,30,500,60,25,167745.5659,429.0224988,12.42069095,81069572.28
212,700,700,11391.5943,420.1591466,420.1591466,0,0,14,32,0.022978506,4,4,5,5,176.0,132.0,10,450,40,500,60,25,129864.6605,354.5617733,12.16019048,81226022.47
213,800,600,11102.24712,558.0617705,321.2376538,0,0,28,25,0.028634308,8,8,8,8,93.57142857,65.0,10,350,40,400,50,25,149422.2014,390.9742916,12.06475488,81315928.43
214,900,700,11294.51813,862.7059898,559.5867023,0,0,10,32,0.012765837,3,3,4,4,361.0,174.0,13,200,35,400,60,25,127060.547,377.7395592,15.35921895,81786108.27
215,750,700,10197.81044,487.6081704,430.9160328,0,0,24,29,0.030195193,7,7,7,7,95.83333333,87.5,13,400,27,500,60,25,171477.5309,443.4771092,13.25107835,82308707.43
216,800,650,10467.12148,811.6546226,583.2172851,0,0,18,32,0.027839344,5,5,6,6,157.0,95.6,10,100,30,500,60,25,169002.2949,437.823694,13.11847467,82687034.31
217,850,700,11827.52356,828.8550851,594.2713644,0,0,14,25,0.011549973,5,5,4,4,174.75,183.0,13,200,40,400,50,25,115063.562,347.0725439,14.47190284,82699248.37
218,800,650,10195.81029,539.2375696,371.003054,0,0,20,32,0.030932605,7,7,5,5,104.6666667,119.5,10,250,27,500,60,25,172548.1791,444.5570177,13.14350125,82933108.62
219,750,750,11704.94194,551.3977026,551.3977026,0,0,14,29,0.016439605,3,3,6,6,290.5,116.2,10,200,40,400,60,25,124619.7231,359.0863956,13.79080965,83372133.02
220,900,700,10648.02658,695.6545152,441.3955419,0,0,24,25,0.018699956,7,7,7,7,124.8333333,91.5,13,350,30,400,50,25,150273.7437,423.1831308,15.51935553,83618222.78
221,850,700,10180.52753,633.1969471,449.7198837,0,0,32,25,0.026399938,10,10,8,8,77.66666667,78.42857143,13,300,27,400,50,25,179028.4109,472.5883786,14.91236659,84705589.82
222,900,650,11873.44426,835.3867445,466.9918919,0,0,10,32,0.013747824,4,4,3,3,240.6666667,236.0,13,250,40,400,60,25,120209.6678,355.0703095,14.27759798,85369707.24
223,1000,700,10561.39887,736.8147961,375.1186136,0,0,14,32,0.016084954,5,5,4,4,205.5,174.0,13,500,27,400,60,25,149571.046,435.9454803,17.12422519,85469658.09
224,900,650,11943.37171,820.422998,457.1470508,0,0,10,29,0.011290938,4,4,3,3,243.6666667,240.5,10,200,40,500,60,25,106199.0348,327.4777553,14.18139174,85498101.77
225,1000,750,10763.5768,1077.158993,674.4703469,0,0,14,29,0.012329704,5,5,4,4,206.25,191.6666667,13,150,27,400,60,25,152829.2458,452.8733457,18.2952766,85707010.85
226,850,600,11010.56796,946.7089574,544.7780548,0,0,26,25,0.025024941,8,8,7,7,100.7142857,75.83333333,10,100,35,500,50,25,155379.7746,409.0509972,12.79476975,86054547.17
227,950,650,10693.95721,712.3887509,348.9425409,0,0,16,32,0.020838807,4,4,6,6,257.3333333,94.4,13,450,30,400,60,25,155682.0761,431.2174444,15.26929343,86333072.52
228,900,700,10440.87871,755.5700451,491.1655411,0,0,24,25,0.018699956,5,5,9,9,187.25,68.625,13,300,27,500,50,25,151663.0084,425.9477674,15.52881748,86704624.92
229,850,700,10719.55201,646.1575949,456.1421129,0,0,22,29,0.024422583,6,6,7,7,135.0,87.5,13,300,30,400,60,25,169608.9474,454.0798929,14.8475718,87075383.23
230,1000,700,10647.73526,714.4733626,360.4140455,0,0,14,29,0.013210397,3,3,6,6,415.5,106.2,10,450,27,500,60,25,131851.9936,401.0886138,17.00244853,87270098.95
231,950,750,10796.91026,679.7141126,436.1945853,0,0,14,29,0.012978636,5,5,4,4,195.25,193.6666667,10,350,27,500,60,25,133995.0346,407.8632655,17.30453352,87612341.82
232,900,650,10390.92516,892.3672611,528.5017787,0,0,28,25,0.023494817,8,8,8,8,107.0,71.28571429,13,200,27,500,50,25,167660.8197,448.353142,14.60388339,88133022.44
233,800,750,11449.78539,533.8804621,471.8953212,0,0,14,32,0.01876578,3,3,6,6,311.0,114.4,13,500,35,400,60,25,140945.8769,398.7013939,14.76556731,88204388.44
234,900,600,11788.0004,780.3132322,370.6475297,0,0,14,29,0.017124589,3,3,6,6,362.5,85.0,13,400,40,500,60,25,121615.6253,348.5902408,13.25286883,88667835.97
235,850,750,11642.50343,652.7949655,518.1899753,0,0,14,29,0.014505534,3,3,6,6,337.5,115.0,13,350,35,400,60,25,130948.778,386.7412148,15.55885077,89026853.32
236,1000,700,11161.43041,1056.485375,583.6046274,0,0,12,32,0.013787104,5,5,3,3,207.0,264.0,10,100,30,400,60,25,148990.9541,435.1140833,17.11939791,89216284.58
237,900,800,10800.07887,859.4261211,707.4698562,0,0,14,32,0.01563815,4,4,5,5,242.6666667,157.0,10,100,27,400,60,25,163088.9636,466.8621364,17.67627532,89521374.87
238,750,700,11218.58627,446.5016236,390.1765572,0,0,20,32,0.030638008,8,8,4,4,82.57142857,176.0,10,400,35,400,60,25,170710.1478,441.9033353,13.24597855,89822303.08
239,850,800,11196.92786,635.6643031,569.8813097,0,0,18,25,0.01299372,7,7,4,4,117.5,218.3333333,10,250,30,500,50,25,130205.4526,393.8786363,16.53102732,89914855.13
240,800,800,10992.30721,487.2066413,487.2066413,0,0,16,32,0.020106193,5,5,5,5,157.0,157.0,10,350,30,400,60,25,155975.4541,436.3192665,15.78877218,89933536.19
241,800,600,10730.48181,671.4610504,412.9943739,0,0,22,32,0.036861354,7,7,6,6,104.6666667,85.6,10,150,30,500,60,25,185413.886,461.8047885,12.3120374,89934196.21
242,750,700,11796.20278,603.6659504,533.9818603,0,0,20,29,0.025162661,6,6,6,6,116.2,106.2,10,150,40,400,60,25,154591.5915,410.4046193,13.13463263,90358819.2
243,800,750,11641.95234,842.988813,759.4042519,0,0,12,32,0.016084954,4,4,4,4,209.3333333,192.6666667,10,100,35,500,60,25,139141.3414,395.433354,14.75240064,90692946.22
244,900,700,11131.96115,661.4054583,414.8225621,0,0,14,32,0.017872172,7,7,2,2,121.3333333,528.0,10,300,30,500,60,25,143476.0074,409.7603536,15.4727736,90832995.66
245,850,750,11720.22676,882.3891155,717.5562428,0,0,12,32,0.015138781,4,4,4,4,224.0,190.6666667,13,150,35,400,60,25,144882.0563,414.3873768,15.653967,90864297.75
246,700,700,11680.24333,423.4875587,423.4875587,0,0,24,29,0.032351993,6,6,8,8,106.2,75.85714286,10,350,40,400,60,25,166460.5059,426.4652294,12.41193871,91387872.09
247,850,650,11334.32764,560.2436693,330.1662979,0,0,18,32,0.026201736,5,5,6,6,169.5,95.6,10,450,35,400,60,25,160134.6964,426.7031728,13.80555155,91632223.26
248,850,800,11209.46881,534.6204156,475.1900494,0,0,14,32,0.016558041,5,5,4,4,169.5,209.3333333,10,400,30,400,60,25,146232.6567,425.2860856,16.64150543,91768364.56
249,850,750,11828.75195,667.7444117,531.1171505,0,0,10,32,0.01261565,3,3,4,4,336.0,190.6666667,13,400,35,500,60,25,120575.2974,366.3399124,15.48754299,91875331.73
250,750,700,12010.3943,523.5288527,459.7756822,0,0,14,32,0.021446606,4,4,5,5,190.6666667,130.5,13,500,40,500,60,25,134529.0975,370.8720029,12.99692872,91929245.42
251,850,850,11016.39318,1177.710942,1177.710942,0,0,12,32,0.013357748,5,5,3,3,168.0,336.0,13,100,27,500,60,25,163212.9528,467.9338607,17.73374122,92021316.11
252,750,700,10930.30165,427.8746888,374.6363561,0,0,20,32,0.030638008,7,7,5,5,96.33333333,132.0,10,450,30,500,60,25,170295.6976,441.0785793,13.24315583,92256044.81
253,800,700,11460.93753,591.8812243,463.6416427,0,0,22,29,0.025948994,7,7,6,6,105.1666667,106.2,10,200,35,400,60,25,165477.6373,438.8305858,14.01446456,93121710.46
254,900,650,11634.22072,864.3016236,494.3690726,0,0,16,29,0.0180655,4,4,6,6,241.6666667,95.0,13,250,35,500,60,25,139835.4484,393.6184242,14.41264078,93303577.55
255,900,650,10446.16222,873.6795027,515.9536781,0,0,36,25,0.030207622,12,12,8,8,68.63636364,72.14285714,10,100,27,400,50,25,200753.748,513.4195296,14.83141119,93365605.17
256,850,700,12279.54194,694.7704424,485.6406033,0,0,14,29,0.015541644,6,6,3,3,136.2,265.5,10,200,40,400,60,25,127527.9919,371.3998504,14.5580892,93463054.48
257,950,650,11713.3259,904.5523659,466.7882626,0,0,18,25,0.014308873,5,5,6,6,199.75,99.8,13,300,35,500,50,25,127778.4694,376.4989396,15.07705153,93503302.09
258,700,700,10635.81635,399.721907,399.721907,0,0,24,32,0.039391725,7,7,7,7,88.0,88.0,10,300,27,500,60,25,193944.0051,480.4647396,12.60100183,93607543.93
259,900,750,10750.27284,700.8511587,507.6313095,0,0,28,25,0.020362175,6,6,10,10,149.8,66.55555556,13,300,27,400,50,25,170866.6838,472.8048117,16.69564027,93810550.41
260,850,750,10884.97537,637.8446165,511.1622262,0,0,20,29,0.020722192,6,6,6,6,135.0,115.0,13,350,27,500,60,25,161742.2137,447.2243575,15.77073695,94232606.38
261,900,750,11265.83346,758.6980948,550.800518,0,0,18,29,0.017613863,5,5,6,6,182.75,116.2,10,150,30,400,60,25,157971.2131,447.5153311,16.60680148,94377742.02
262,800,700,10568.20458,496.3215353,386.8793304,0,0,30,29,0.035384992,9,9,8,8,78.125,75.0,13,450,27,400,60,25,204602.0897,515.627187,14.28381112,94716932.0
263,950,650,12412.16978,855.7699697,425.9407273,0,0,16,25,0.012718999,7,7,3,3,133.1666667,249.5,13,350,40,400,50,25,118761.0251,358.7513604,15.01510093,95040733.99
264,850,850,11492.20548,759.1277908,759.1277908,0,0,20,25,0.013588204,6,6,6,6,139.8,139.8,13,200,30,400,50,25,149711.0237,441.0315878,17.64187348,95547444.58
265,850,700,11661.85651,1103.644853,820.6246738,0,0,26,25,0.02144995,9,9,6,6,87.375,109.8,13,100,35,400,50,25,174898.9444,464.9621451,14.88263702,95606170.86
266,850,750,10761.63767,601.810932,479.9118025,0,0,20,32,0.025231301,4,4,8,8,226.0,82.57142857,10,200,27,400,60,25,184365.0064,491.6665038,15.9263817,95704541.86
267,850,700,10753.80339,581.9126721,408.5105808,0,0,30,25,0.024749942,8,8,9,9,100.7142857,69.375,10,300,27,500,50,25,167571.533,449.9863265,14.83380158,96834665.02
268,950,700,12067.92843,710.007904,391.1297573,0,0,14,29,0.013905681,4,4,5,5,260.3333333,132.75,10,400,35,400,60,25,129397.9397,389.1770465,16.18076469,98230213.77
269,900,650,11696.1724,986.5044665,581.1703132,0,0,28,25,0.023494817,8,8,8,8,107.0,71.28571429,13,150,35,400,50,25,172349.5878,457.6837906,14.63581748,99133143.45
270,950,650,11275.16128,904.4325126,474.3120638,0,0,24,29,0.025672027,10,10,4,4,86.11111111,158.3333333,13,200,30,400,60,25,186744.2419,492.431864,15.48247666,99149584.27
271,800,800,12162.03688,543.7138769,543.7138769,0,0,14,29,0.014448872,3,3,6,6,315.5,126.2,10,350,35,500,60,25,127842.7275,381.0621742,15.59519404,99876546.31
272,800,600,12054.85656,674.377836,405.5767941,0,0,30,25,0.030679616,10,10,7,7,72.77777778,75.83333333,10,200,40,500,50,25,160221.1456,412.2670557,12.13883886,100336078.1
273,800,700,11337.04006,547.8719161,429.0426038,0,0,24,29,0.028307994,7,7,7,7,104.1666667,87.5,13,450,30,500,60,25,173808.6541,455.1440444,14.07192494,100535199.8
274,950,700,11213.16037,777.5173878,452.692424,0,0,20,29,0.019865259,8,8,4,4,110.7142857,175.0,13,350,27,500,60,25,164239.9132,457.7167796,16.42022451,100786740.2
275,750,750,12394.03082,550.1548828,550.1548828,0,0,16,32,0.02287638,7,7,3,3,96.33333333,289.0,10,200,40,400,60,25,152752.4497,414.3434878,13.98438779,100930441.7
276,950,850,11528.9326,668.4131109,541.3525262,0,0,12,32,0.011951669,3,3,5,5,386.0,168.0,13,500,27,400,60,25,146089.8158,450.9268182,19.57204637,101285415.3
277,800,650,12286.26235,567.2446178,381.8038891,0,0,26,25,0.024543693,9,9,6,6,81.875,101.0,10,400,40,500,50,25,144619.6953,389.6464395,12.95147678,101724733.4
278,850,700,12660.67393,777.4545059,552.8257069,0,0,18,25,0.014849965,7,7,4,4,116.5,183.0,13,300,40,500,50,25,125631.1532,367.7077805,14.54494604,101832705.9
279,750,750,11217.61082,471.0208875,471.0208875,0,0,24,32,0.034314569,7,7,7,7,95.33333333,95.33333333,13,400,30,400,60,25,201540.3901,510.1395457,14.32017659,101835616.6
280,800,750,10944.8552,558.1917531,497.4711573,0,0,24,32,0.032169909,8,8,6,6,88.85714286,114.4,13,300,27,400,60,25,207075.798,528.6850075,15.22034465,102060165.2
281,1100,750,11577.93611,1003.943958,507.6313095,0,0,18,25,0.010709975,7,7,4,4,158.1666667,199.6666667,13,300,27,400,50,25,146115.0502,454.6547354,19.97425897,102202157.7
282,800,750,11057.01162,616.8726026,552.3952742,0,0,32,25,0.026179939,8,8,10,10,92.71428571,66.55555556,13,300,27,500,50,25,179428.4109,474.3883786,15.03008659,103433467.6
283,950,800,11505.22226,1410.162096,1097.695322,0,0,20,25,0.012917733,7,7,5,5,133.1666667,162.25,13,100,27,500,50,25,169382.1993,487.7072272,18.63831693,103455296.4
284,800,800,11228.87727,791.5859995,791.5859995,0,0,18,32,0.022619467,4,4,7,7,209.3333333,104.6666667,10,100,27,500,60,25,180451.9076,484.7044232,15.95635194,103526158.1
285,800,750,11401.62242,955.6666859,865.833083,0,0,22,32,0.029489083,7,7,6,6,103.6666667,114.4,13,100,30,400,60,25,212777.1551,540.353694,15.25829884,104045695.4
286,700,700,11906.87929,490.072906,490.072906,0,0,22,32,0.036109081,6,6,7,7,104.4,87.0,13,350,35,500,60,25,183584.735,460.172778,12.52957088,104062482.3
287,850,800,11794.96115,594.381829,530.9897253,0,0,14,32,0.016558041,4,4,5,5,224.0,155.5,13,500,30,500,60,25,147762.6563,428.3307848,16.6519259,104518264.2
288,950,750,11452.32033,679.7141126,436.1945853,0,0,18,29,0.016686817,7,7,4,4,130.1666667,193.6666667,10,350,27,500,60,25,154523.9918,448.1853606,17.44579097,104742892.5
289,950,700,11647.75201,664.9032914,367.4947153,0,0,22,29,0.021851785,9,9,4,4,97.625,177.0,10,400,30,400,60,25,170455.8539,469.8212367,16.4632796,105568546.9
290,900,700,12898.34194,772.3860828,485.6406033,0,0,14,29,0.014678219,4,4,5,5,243.6666667,132.75,10,200,40,400,60,25,130636.2607,384.6133053,15.38422874,106200633.5
291,900,800,11541.82533,744.5732707,606.655251,0,0,18,29,0.016512996,5,5,6,6,181.25,125.0,13,300,27,500,60,25,160121.9388,460.8312752,17.65641081,106592547.2
292,800,750,11589.54643,637.2363525,570.1687593,0,0,30,25,0.024543693,9,9,8,8,81.125,85.57142857,13,300,30,500,50,25,171800.2312,459.405436,14.97759794,107300849.1
293,850,750,13030.94194,634.6482129,499.1294548,0,0,14,29,0.014505534,6,6,3,3,136.2,290.5,10,300,40,400,60,25,128441.2904,381.7513145,15.54177286,107562071.1
294,750,750,12826.02908,557.6925691,557.6925691,0,0,18,29,0.021136635,6,6,5,5,115.0,143.75,13,400,40,500,60,25,143944.5824,397.0123359,13.92386628,108384686.1
295,1050,800,11916.7876,961.530953,595.9408163,0,0,12,32,0.011489253,6,6,2,2,174.4,622.0,13,250,27,400,60,25,155608.3537,476.3947085,20.3843469,109195051.0
296,750,750,12108.39489,717.5562428,717.5562428,0,0,22,32,0.031455022,8,8,5,5,81.71428571,143.0,13,150,35,400,60,25,199982.8395,507.3630059,14.30869207,109417371.9
297,900,650,12074.20417,680.7334484,368.3070439,0,0,32,25,0.026851219,11,11,7,7,75.5,84.16666667,10,300,35,400,50,25,174399.7126,461.3692691,14.65085023,109664090.1
298,900,650,12903.71474,740.3614727,401.6292181,0,0,16,29,0.0180655,5,5,5,5,182.75,120.25,10,300,40,500,60,25,134300.2564,382.6033921,14.37494189,110154778.5
299,900,750,12610.03539,798.1184577,577.1785733,0,0,14,32,0.016680693,6,6,3,3,144.4,286.0,13,250,35,400,60,25,153239.2457,438.2251977,16.57422996,110470678.8
300,900,750,12703.48688,720.5083099,514.0025876,0,0,14,29,0.013699671,5,5,4,4,181.25,191.6666667,13,450,35,500,60,25,132380.8936,397.1211249,16.43107228,110543399.0
301,850,700,12968.63082,1117.43546,824.7231125,0,0,16,32,0.021626829,7,7,3,3,112.0,261.0,13,100,40,400,60,25,174883.1265,464.9095346,14.88258663,111683573.8
302,1000,700,12795.62695,875.225445,451.4541303,0,0,10,32,0.011489253,4,4,3,3,274.0,261.0,13,450,35,500,60,25,125251.1357,388.1948305,16.9568352,111753189.7
303,850,700,11489.87332,521.8050391,359.535701,0,0,22,32,0.02973689,9,9,4,4,84.75,176.0,10,450,27,500,60,25,188667.7238,491.3719257,14.97909949,111894492.5
304,850,650,12886.36492,641.9766775,384.7437256,0,0,16,32,0.023290432,4,4,6,6,226.0,95.6,10,350,40,500,60,25,148623.1469,404.1181752,13.7262727,113637246.4
305,1050,700,11609.8314,825.4715074,385.9318708,0,0,18,32,0.019695863,5,5,6,6,218.0,104.4,13,450,27,400,60,25,178274.718,499.4478159,18.12644181,113773024.3
306,900,700,11925.72148,701.5644063,444.8876016,0,0,18,32,0.022978506,4,4,7,7,240.6666667,87.0,13,400,30,500,60,25,169967.3356,461.832125,15.6549526,113918016.1
307,800,750,13057.03082,827.1665149,742.8689612,0,0,16,32,0.021446606,4,4,6,6,207.3333333,114.4,13,150,40,400,60,25,166183.4431,448.6011648,14.93833083,113978736.2
308,900,850,12425.57337,680.3942924,612.4214713,0,0,14,29,0.012087945,5,5,4,4,181.25,225.0,13,450,30,500,60,25,140043.9818,430.4426705,18.55318626,114253089.8
309,900,750,13428.76978,914.9553528,668.5130909,0,0,16,25,0.011635528,4,4,6,6,249.6666667,119.8,13,200,40,400,50,25,130133.6902,392.9289639,16.41500795,114368510.0
310,1050,700,11720.83533,1614.581408,888.2202493,0,0,18,29,0.016175996,4,4,7,7,291.6666667,87.5,13,100,27,500,60,25,182647.1509,508.6684473,18.15481181,114415873.4
311,850,650,12829.48852,713.3983709,437.2067661,0,0,20,32,0.02911304,6,6,6,6,134.4,94.4,13,300,40,400,60,25,177932.4628,461.7977421,13.92764435,114987802.4
312,800,650,12370.97929,590.6403831,403.9937253,0,0,22,32,0.034025865,8,8,5,5,89.71428571,119.5,10,250,35,500,60,25,185046.1887,469.1050708,13.22949866,115220812.7
313,950,700,11562.26361,684.841807,386.8793304,0,0,28,29,0.027811362,10,10,6,6,86.11111111,105.0,13,450,27,400,60,25,203432.2435,534.6484578,16.69003337,115975362.2
314,900,850,11824.33284,595.1436541,533.9332593,0,0,28,25,0.017966625,9,9,7,7,94.375,117.5,10,350,27,400,50,25,173455.2765,496.0281111,18.78319306,116496580.4
315,1000,700,12101.14562,913.9249404,487.4648018,0,0,18,32,0.020680656,6,6,5,5,164.4,130.5,13,250,30,400,60,25,180652.0442,497.150695,17.33766336,116606858.3
316,850,750,12769.42956,661.5473398,525.9126585,0,0,18,29,0.018649972,5,5,6,6,170.25,116.2,10,250,35,500,60,25,150088.2356,424.2982059,15.69064467,117182940.5
317,900,800,11746.19267,571.7347739,455.1214263,0,0,20,32,0.022340214,5,5,7,7,182.0,104.6666667,10,400,27,400,60,25,187080.8198,513.6369725,17.84230742,117365736.8
318,800,800,12687.95264,798.1239042,798.1239042,0,0,18,32,0.022619467,4,4,7,7,207.3333333,103.6666667,13,150,35,400,60,25,182576.085,488.9315362,15.97081921,117434046.3
319,950,700,13438.81601,762.4164619,421.1832177,0,0,18,25,0.013286811,5,5,6,6,201.25,111.0,10,400,40,400,50,25,126323.5143,383.1415789,16.15960127,117711419.9
320,900,650,12589.87851,678.7608858,366.0253341,0,0,18,32,0.024746084,6,6,5,5,145.6,119.5,10,350,35,500,60,25,163897.31,440.716774,14.57864984,118056563.8
321,950,650,12099.49006,1133.395712,623.6358896,0,0,24,29,0.025672027,8,8,6,6,110.7142857,95.0,13,150,30,500,60,25,191467.7416,501.8316285,15.51464731,119101856.3
322,1050,750,12500.32419,1202.946952,691.9276247,0,0,16,29,0.013420086,4,4,6,6,291.6666667,115.0,13,150,30,400,60,25,166788.3567,487.9167116,19.2535363,119314655.3
323,800,700,12596.4539,702.7952408,558.9586225,0,0,20,32,0.028723133,5,5,7,7,157.0,88.0,10,150,35,500,60,25,180137.9266,467.692615,14.11515879,119632398.8
324,750,750,12635.1289,498.6520616,498.6520616,0,0,20,32,0.028595474,5,5,7,7,144.5,96.33333333,10,300,35,500,60,25,175159.0111,458.2865732,14.13874642,119789976.0
325,950,750,12354.58714,718.4269259,461.912389,0,0,24,25,0.016534698,9,9,5,5,100.625,151.25,10,350,30,500,50,25,153822.7636,446.8116803,17.44095602,119870836.9
326,900,600,12049.70007,770.2651135,380.5941041,0,0,30,29,0.036695548,11,11,6,6,72.5,85.0,13,300,30,500,60,25,205919.5455,514.2329239,13.83280122,120416242.0
327,750,700,13179.70615,830.6050047,743.6236836,0,0,20,32,0.030638008,8,8,4,4,81.71428571,174.0,13,150,40,500,60,25,183790.1976,467.9326344,13.33506369,120928247.2
328,1000,800,12666.07419,915.4297564,617.2245375,0,0,16,29,0.013210397,4,4,6,6,275.0,125.0,13,250,30,400,60,25,159119.3454,475.1653791,19.48879371,121780231.7
329,950,700,12162.27055,653.5739229,359.4378392,0,0,26,29,0.025824836,9,9,6,6,97.625,106.2,10,450,30,400,60,25,190501.8566,509.1822525,16.60124777,121977862.1
330,850,850,12410.20201,747.3659657,747.3659657,0,0,22,29,0.020112715,8,8,5,5,96.42857143,168.75,13,200,30,400,60,25,185921.7118,512.144294,17.8910644,122011222.0
331,800,750,12074.01929,612.734597,547.4296266,0,0,34,25,0.027816185,10,10,9,9,72.77777778,75.625,10,200,30,500,50,25,186002.3113,487.2733055,15.07539479,122125754.0
332,800,700,13231.35945,567.2446178,439.6646182,0,0,28,25,0.024543693,10,10,6,6,72.77777778,111.0,10,400,40,500,50,25,155602.0094,419.3361096,13.9467752,122684938.8
333,1000,750,12142.60424,773.1238946,453.8365834,0,0,16,32,0.017157285,6,6,4,4,165.6,192.6666667,10,300,27,500,60,25,166190.5546,478.7353165,18.38825009,122775139.3
334,1000,700,11822.88393,881.9177351,472.4379284,0,0,22,32,0.025276357,6,6,7,7,164.4,87.0,13,250,27,400,60,25,205648.0633,546.2468013,17.50965817,123197862.4
335,950,750,12315.53322,1265.239083,883.516512,0,0,30,25,0.020668373,7,7,10,10,133.1666667,66.55555556,13,100,30,400,50,25,202681.1491,543.4484627,17.77532372,123580585.7
336,900,750,12200.65431,945.7979959,704.4606534,0,0,34,25,0.024725498,9,9,10,10,93.625,66.55555556,13,150,30,400,50,25,203823.3914,537.7972549,16.92170539,123755625.9
337,850,850,11989.45764,572.7820924,572.7820924,0,0,26,29,0.023769573,7,7,8,8,112.5,96.42857143,13,400,27,400,60,25,198844.445,537.3300036,17.98051766,123922204.5
338,950,700,12403.38672,806.305427,467.7561883,0,0,22,29,0.021851785,7,7,6,6,129.1666667,105.0,13,350,30,500,60,25,174504.3918,477.8778271,16.49085324,124231449.4
339,850,750,12212.11082,684.6314648,549.5590442,0,0,24,32,0.030277561,7,7,7,7,113.0,96.33333333,10,150,30,400,60,25,212155.9958,546.3246009,16.11741239,125709137.3
340,950,850,12810.49103,767.7774235,626.9548729,0,0,22,25,0.013373653,6,6,7,7,159.8,116.5,13,350,30,400,50,25,158036.3623,474.4698767,19.65403712,125798949.6
341,900,750,12522.42148,730.398126,527.4226297,0,0,18,32,0.021446606,6,6,5,5,144.4,143.0,13,350,30,500,60,25,174877.2137,480.6387824,16.72335388,125970686.4
342,800,800,13021.66796,601.8079534,601.8079534,0,0,26,25,0.01994175,11,11,4,4,65.5,218.3333333,10,250,35,500,50,25,157271.5563,438.9196427,15.79754228,125994640.9
343,1050,750,12823.53099,882.2869233,471.3333872,0,0,12,32,0.012255203,3,3,5,5,439.0,144.5,10,300,30,500,60,25,144400.048,443.5481801,19.10055498,128140809.7
344,1000,800,12396.32069,1026.053904,708.9561374,0,0,22,29,0.018164296,7,7,6,6,138.5,126.2,10,100,27,400,60,25,196145.2359,548.0511069,19.74312767,130445423.0
345,850,750,13785.20278,754.8926718,603.6659504,0,0,20,29,0.020722192,7,7,5,5,113.5,145.25,10,150,40,400,60,25,164824.6666,453.3584388,15.79173081,130542618.2
346,950,700,12196.27548,788.9615946,461.1249975,0,0,26,29,0.025824836,9,9,6,6,97.625,106.2,10,200,27,500,60,25,195331.4008,518.7930455,16.63414066,130819282.6
347,800,800,13829.40278,639.7680793,639.7680793,0,0,20,29,0.020641245,7,7,5,5,104.1666667,156.25,13,300,40,400,60,25,163291.785,450.8100045,15.83878856,130988018.5
348,850,700,13720.74343,815.0149012,582.3231173,0,0,20,29,0.022202348,6,6,6,6,136.2,106.2,10,150,40,500,60,25,161013.6415,437.2404989,14.78831142,131097103.8
349,850,850,13445.26563,635.2789506,635.2789506,0,0,24,25,0.016305844,6,6,8,8,141.0,100.7142857,10,250,35,400,50,25,156736.6066,454.618228,17.69079291,131574500.2
350,900,800,12606.16877,621.3098078,496.4185315,0,0,32,25,0.021816616,9,9,9,9,94.375,81.875,10,350,30,400,50,25,184935.4822,509.4434506,17.82749062,131743025.2
351,850,750,13887.86814,740.7398065,591.7748657,0,0,22,25,0.01693996,5,5,8,8,174.75,85.57142857,13,350,40,500,50,25,143245.5641,410.9001882,15.64344688,131776772.4
352,900,900,13121.88099,661.4054583,661.4054583,0,0,12,32,0.011914781,5,5,3,3,182.0,364.0,10,300,30,500,60,25,146200.048,451.6481801,19.63029498,131919025.9
353,850,850,12248.46861,623.3862778,623.3862778,0,0,28,29,0.025598001,9,9,7,7,84.375,112.5,13,300,27,400,60,25,211644.3316,562.536513,18.06841445,132415770.7
354,850,850,13577.74266,619.5765973,619.5765973,0,0,20,25,0.013588204,6,6,6,6,141.0,141.0,10,350,35,500,50,25,139366.4043,420.4457951,17.57141872,132531515.0
355,1050,850,12768.4558,923.2993653,633.1969471,0,0,22,25,0.012099972,4,4,9,9,299.6666667,87.375,13,300,27,400,50,25,167118.7256,509.6117797,21.67082176,133474931.3
356,900,750,14076.90196,962.7596165,706.606197,0,0,14,32,0.016680693,4,4,5,5,242.6666667,144.5,10,100,40,400,60,25,158872.4261,449.4352267,16.61259623,134282016.0
357,850,800,12214.94647,723.1692165,652.564411,0,0,26,32,0.030750648,7,7,8,8,112.0,88.85714286,13,200,27,400,60,25,231565.5977,593.160723,17.22794642,135039705.2
358,950,800,13791.9182,777.6583837,563.3783191,0,0,16,29,0.013905681,6,6,4,4,155.0,208.3333333,13,400,35,400,60,25,150782.5394,450.5431352,18.51204814,135386241.2
359,1000,750,13681.67474,978.1833741,588.966638,0,0,22,25,0.014398966,6,6,7,7,169.8,99.83333333,13,250,35,400,50,25,156830.1374,460.523489,18.32337132,136186895.2
360,900,650,13710.21737,738.5054464,399.9753589,0,0,22,32,0.030245213,8,8,5,5,103.1428571,118.0,13,400,40,400,60,25,191102.8676,494.2098619,14.7656933,136623858.3
361,900,650,13850.73553,1384.380768,846.7522457,0,0,18,32,0.024746084,5,5,6,6,180.5,94.4,13,100,40,500,60,25,186581.136,485.8575877,14.73314404,137252847.1
362,1100,750,13221.17337,935.7001039,453.730915,0,0,14,29,0.011208822,3,3,6,6,465.5,116.2,10,350,30,500,60,25,143523.4954,449.4149024,19.95683274,137597781.1
363,950,750,12388.13958,728.453845,473.4757369,0,0,30,29,0.027811362,9,9,8,8,96.875,82.14285714,13,350,27,400,60,25,219660.0056,576.2144395,17.89373571,139003746.4
364,950,850,13192.86212,777.5000878,635.6643031,0,0,26,25,0.015805226,7,7,8,8,134.1666667,100.7142857,10,200,30,400,50,25,173630.9365,505.1088095,19.76131792,139791390.1
365,950,850,12802.70194,757.2436672,620.3468023,0,0,26,25,0.015805226,7,7,8,8,133.1666667,99.85714286,13,400,27,500,50,25,172101.9234,502.0660733,19.75090418,140373535.3
366,950,700,14318.11474,838.5754808,474.4541823,0,0,16,29,0.015892207,5,5,5,5,193.75,131.25,13,450,40,500,60,25,141845.3722,413.6821725,16.266261,140438747.7
367,1000,750,13094.07357,999.2442384,613.9430335,0,0,26,25,0.01701696,7,7,8,8,142.5,86.42857143,10,150,30,500,50,25,171908.1118,490.1343883,18.42713369,141651938.5
368,800,750,13481.43993,704.2717014,630.4491541,0,0,26,29,0.028622527,8,8,7,7,90.14285714,96.83333333,10,150,35,500,60,25,192207.0772,499.5236416,15.1179176,141945787.7
369,1000,750,13891.55798,836.2938026,484.6908736,0,0,18,29,0.015852477,5,5,6,6,206.25,115.0,13,450,35,400,60,25,159372.939,465.3647656,18.34128372,142193331.9
370,950,650,14118.54343,795.6892467,385.7669802,0,0,20,29,0.021393356,6,6,6,6,156.2,96.2,10,350,40,500,60,25,156836.1631,433.4453169,15.27734022,142510356.1
371,850,800,12498.80807,612.4450257,549.4332379,0,0,36,25,0.025987439,9,9,11,11,88.125,65.5,10,250,27,500,50,25,198859.0696,528.7251196,17.00342517,142800169.4
372,1050,700,12703.95044,1295.194337,684.9739308,0,0,24,29,0.021567995,8,8,6,6,125.0,105.0,13,150,27,500,60,25,202951.6386,548.2785835,18.29526024,142980795.3
373,900,800,13784.6224,1205.380012,1005.607243,0,0,28,25,0.019089539,10,10,6,6,83.22222222,129.8,13,100,35,400,50,25,195652.9695,531.1655201,17.89941507,143200096.0
374,900,750,14494.91474,757.8455269,539.3727479,0,0,16,29,0.015656767,5,5,5,5,181.25,143.75,13,450,40,500,60,25,142645.3722,417.2821725,16.501701,143422934.8
375,1000,700,13709.80119,1050.123898,571.2484294,0,0,24,25,0.016829961,5,5,9,9,213.75,69.375,10,150,35,500,50,25,159868.9071,456.3335059,17.19464564,144122906.7
376,950,800,14157.86766,1049.64535,789.2370196,0,0,20,25,0.012917733,6,6,6,6,159.8,129.8,13,200,35,500,50,25,153231.998,455.5683265,18.52832172,146363267.0
377,1050,700,14676.41601,964.9660243,445.8250851,0,0,18,25,0.0120214,5,5,6,6,226.25,111.0,10,300,40,400,50,25,133824.5051,412.1245506,17.82062847,146521333.4
378,950,700,13827.47851,890.5884357,519.0369878,0,0,18,32,0.021769111,6,6,5,5,154.4,130.5,13,300,35,500,60,25,175476.4017,479.8231664,16.49744342,146770000.5
379,900,800,13148.82983,759.480615,617.2245375,0,0,28,29,0.025686883,10,10,6,6,80.55555556,125.0,13,250,30,400,60,25,213472.6579,565.6728824,18.0233689,146916683.3
380,950,750,13049.37983,653.5739229,411.4185239,0,0,28,29,0.025957272,7,7,9,9,130.1666667,72.625,10,450,30,400,60,25,204703.3435,546.7159466,17.79114963,147006635.9
381,1000,800,12819.48487,1039.502999,720.8463871,0,0,34,25,0.020862139,12,12,7,7,77.72727273,109.1666667,10,100,27,400,50,25,213408.2561,581.9711357,19.861878,147065324.7
382,950,750,12892.11832,816.9803627,541.339179,0,0,22,32,0.024832912,9,9,4,4,96.5,190.6666667,13,300,27,500,60,25,204619.7369,546.7104318,17.79014371,147392942.6
383,1000,750,12940.63029,747.4862546,435.211427,0,0,20,32,0.021446606,8,8,4,4,118.2857143,192.6666667,10,350,27,500,60,25,190299.9339,526.0670097,18.55420621,147859457.7
384,1100,750,13122.60037,975.3858012,487.6081704,0,0,20,29,0.016012603,7,7,5,5,154.1666667,143.75,13,400,27,500,60,25,177032.4707,515.301969,20.18721382,148809577.2
385,1050,900,13485.22887,961.530953,732.4340852,0,0,14,32,0.011914781,6,6,3,3,174.4,361.0,13,250,27,400,60,25,177339.922,540.4015436,22.94814148,149596387.7
386,1050,750,12867.10893,771.0117597,401.6861454,0,0,22,32,0.022467873,7,7,6,6,146.3333333,115.6,10,400,27,400,60,25,205287.0981,563.0984805,19.51962437,149715438.0
387,1000,700,13140.8891,1109.218899,618.7391677,0,0,30,29,0.028307994,11,11,6,6,82.5,105.0,13,150,30,400,60,25,230250.4419,594.7794078,17.67837544,150021319.1
388,1000,700,14714.62369,979.3211282,511.9110294,0,0,12,32,0.013787104,3,3,5,5,411.0,130.5,13,350,40,500,60,25,139680.8846,416.5870451,17.05598922,150427256.0
389,950,850,13003.84764,697.1937097,566.9191603,0,0,26,29,0.021267512,7,7,8,8,130.1666667,97.28571429,10,250,27,400,60,25,205732.6099,568.1054517,19.98235813,150947009.0
390,900,800,12981.62332,1281.428108,1077.241372,0,0,22,32,0.024574236,7,7,6,6,120.3333333,124.4,13,100,27,500,60,25,225503.0006,589.7741264,18.10486824,151158313.9
391,1000,850,13336.00424,954.4692047,723.1692165,0,0,16,32,0.015138781,7,7,3,3,137.0,336.0,13,250,27,500,60,25,181404.3728,529.0908148,20.79178171,151365949.0
392,900,800,14970.4004,780.3132322,627.9466097,0,0,14,29,0.012843442,5,5,4,4,181.25,208.3333333,13,400,40,500,60,25,137057.5737,415.4637183,17.49788529,151442988.7
393,1050,700,14016.6724,1274.075557,654.8420441,0,0,28,25,0.018699956,8,8,8,8,128.4285714,78.42857143,13,150,35,400,50,25,187128.1171,517.2130638,18.18634139,152450099.6
394,850,850,13491.79006,612.4214713,612.4214713,0,0,24,29,0.021941144,7,7,7,7,112.5,112.5,13,450,30,500,60,25,187734.8305,515.4871354,17.90413291,152823229.4
395,950,750,13416.55165,816.4323489,536.5214347,0,0,20,32,0.022575375,6,6,6,6,155.6,115.6,10,200,30,500,60,25,190981.5439,519.8934136,17.69638079,153219628.4
396,850,700,14417.30615,813.4178765,580.9039707,0,0,20,32,0.027033537,5,5,7,7,169.5,88.0,10,150,40,500,60,25,183348.9516,481.1105548,14.94199818,153305821.8
397,1050,700,14277.75456,1318.423168,681.177299,0,0,18,29,0.016175996,7,7,4,4,146.8333333,177.0,10,100,35,500,60,25,169799.7412,483.1021021,18.06731113,153950609.3
398,900,700,14406.86361,690.0370854,423.4875587,0,0,26,29,0.02725955,7,7,8,8,121.8333333,75.85714286,10,350,40,400,60,25,188629.5988,498.4284595,15.7835264,154118328.3
399,950,700,13381.24674,732.8795024,415.8359723,0,0,28,29,0.027811362,11,11,5,5,78.1,132.75,10,300,30,500,60,25,202698.1528,533.1876172,16.68503365,154232740.8
400,950,900,13944.92671,766.8676079,694.6488745,0,0,16,29,0.012360605,5,5,5,5,195.25,182.75,10,250,30,500,60,25,158456.8322,484.8909778,20.74923413,154261165.7
401,850,850,15112.42369,727.828267,727.828267,0,0,12,32,0.013357748,4,4,4,4,224.0,224.0,13,350,40,500,60,25,141480.8846,424.6870451,17.58572922,155975862.0
402,850,700,13924.55468,1235.921569,924.5341326,0,0,24,32,0.032440244,7,7,7,7,112.0,87.0,13,100,35,500,60,25,224875.1647,563.1017472,15.22657625,156041617.9
403,950,900,13909.89273,789.9509128,716.3426208,0,0,20,29,0.015450757,6,6,6,6,155.0,145.0,13,300,30,400,60,25,182228.3658,531.6658002,20.91257601,156581535.9
404,1000,800,13200.27339,875.6002202,592.2865252,0,0,30,25,0.018407769,9,9,8,8,106.875,93.57142857,10,200,27,500,50,25,188287.2959,532.3746947,19.68971522,156715891.3
405,900,900,14609.87474,811.4040301,811.4040301,0,0,22,25,0.013332376,5,5,8,8,187.25,107.0,13,250,35,400,50,25,162046.9167,482.95288,19.73884991,156898068.9
406,900,650,13313.4223,821.2339845,472.4761441,0,0,28,32,0.038493908,10,10,6,6,80.88888889,95.6,10,150,30,500,60,25,232540.9898,575.7027674,15.0505478,157446015.1
407,900,700,14646.33553,699.0425481,430.2056981,0,0,18,32,0.022978506,4,4,7,7,242.6666667,88.0,10,400,40,500,60,25,167074.5414,456.0754645,15.63525047,157536338.3
408,900,900,13131.31222,613.7127106,613.7127106,0,0,36,25,0.021816616,9,9,11,11,94.375,75.5,10,300,27,400,50,25,208683.6345,574.3800038,20.06022602,157626339.4
409,800,800,13926.68715,647.1276516,647.1276516,0,0,26,32,0.032672564,7,7,8,8,103.6666667,88.85714286,13,250,35,400,60,25,225010.5236,572.0841256,16.2633358,157915595.9
410,900,800,14235.23627,637.6621219,506.5242398,0,0,20,32,0.022340214,6,6,6,6,145.6,125.6,10,400,35,400,60,25,187080.8198,513.6369725,17.84230742,158302406.7
411,1050,800,14852.90176,878.324651,518.5408317,0,0,12,32,0.011489253,5,5,3,3,219.5,314.0,10,350,35,400,60,25,147860.2029,460.9758884,20.33157607,160393297.2
412,950,650,14758.77211,893.0905283,449.0417557,0,0,24,29,0.025672027,9,9,5,5,96.875,118.75,13,350,40,500,60,25,180671.1708,480.3464526,15.44111441,160443409.2
413,1050,850,14149.88346,910.935915,617.2409175,0,0,18,29,0.013321409,6,6,5,5,175.0,168.75,13,350,30,400,60,25,173663.9325,522.4178427,21.71599359,160477186.1
414,1050,750,13330.48544,869.3449074,469.2883492,0,0,24,29,0.020130129,7,7,7,7,145.8333333,95.83333333,13,450,27,500,60,25,193397.9187,539.808681,19.43764689,160559024.3
415,950,700,14774.24333,1057.883204,630.6643742,0,0,24,29,0.023838311,8,8,6,6,111.5714286,106.2,10,100,40,400,60,25,193760.1018,515.9314253,16.62271913,160589824.4
416,950,950,13719.78033,679.7141126,679.7141126,0,0,18,29,0.013173803,8,8,3,3,111.5714286,390.5,10,350,27,500,60,25,170428.6061,517.9875432,21.92394994,160827663.1
417,850,850,13037.51273,541.8065123,541.8065123,0,0,28,32,0.031168078,8,8,8,8,96.85714286,96.85714286,10,300,27,400,60,25,238773.0994,615.7146654,18.25537482,160849211.7
418,950,850,13966.98338,847.1917127,696.7617803,0,0,20,29,0.016359625,5,5,7,7,193.75,112.5,13,300,30,500,60,25,178081.0497,513.8746411,19.79187052,161002317.5
419,950,800,14554.93753,834.8991836,610.6641972,0,0,22,29,0.019120312,8,8,5,5,110.7142857,156.25,13,300,35,400,60,25,184198.2121,516.2445295,18.74179376,162553909.8
420,850,850,15222.83082,662.8937347,662.8937347,0,0,16,32,0.01781033,6,6,4,4,134.4,224.0,13,400,40,400,60,25,165390.3003,471.6208106,17.75032343,163678127.4
421,1000,950,13860.27013,737.2311986,668.8420412,0,0,16,32,0.013545225,7,7,3,3,138.0,389.0,10,300,27,400,60,25,183012.6046,552.3711961,23.10264888,163936495.5
422,1050,750,14660.09401,1001.313999,542.0841559,0,0,16,32,0.016340271,5,5,5,5,218.0,143.0,13,300,35,400,60,25,173820.3406,501.4485907,19.30268248,164135611.7
423,1050,750,13833.56,1023.923308,570.1687593,0,0,28,25,0.017453293,6,6,10,10,179.8,66.55555556,13,300,30,500,50,25,180908.6323,515.3782892,19.35143673,164640509.0
424,900,800,13784.5934,622.5935018,497.2615623,0,0,26,29,0.023852106,7,7,8,8,121.8333333,90.14285714,10,400,30,500,60,25,195538.9454,530.2500592,17.90050683,164814833.6
425,900,700,13569.05341,662.6242644,415.8359723,0,0,32,29,0.033550215,10,10,8,8,81.22222222,75.85714286,10,300,30,500,60,25,220221.5974,560.5007424,16.00085141,164834034.6
426,850,800,13302.28938,534.3059598,476.1504621,0,0,26,32,0.030750648,7,7,8,8,113.0,89.71428571,10,400,27,500,60,25,221220.714,572.5744045,17.15748986,166054126.0
427,1050,800,13615.67727,1293.175852,841.3097268,0,0,18,32,0.01723388,4,4,7,7,290.6666667,103.6666667,13,150,27,500,60,25,202049.2466,567.8431278,20.7032741,166537366.5
428,950,650,14272.62968,776.635789,381.8454971,0,0,24,32,0.031258211,9,9,5,5,97.25,119.5,10,300,35,500,60,25,204966.0552,528.0006193,15.60846062,166627536.5
429,900,800,13380.63635,635.6661844,511.1988551,0,0,24,32,0.026808257,6,6,8,8,145.6,89.71428571,10,300,27,500,60,25,213577.0803,565.7185591,18.02452001,166842240.5
430,850,850,13410.47135,521.8050391,521.8050391,0,0,24,32,0.026715495,8,8,6,6,96.85714286,135.6,10,450,27,500,60,25,211776.7584,562.6379186,18.06975629,166955236.0
431,900,850,13518.65332,635.6661844,571.8087221,0,0,22,32,0.023128693,6,6,7,7,145.6,113.0,10,300,27,500,60,25,204884.5832,557.7794759,18.99940231,167797384.2
432,900,900,13563.15162,646.2085597,646.2085597,0,0,32,25,0.019392547,7,7,11,11,125.8333333,75.5,10,300,27,500,50,25,193427.2752,544.4141187,19.95524872,168349170.4
433,1000,700,15230.76524,993.8335708,523.2216659,0,0,24,25,0.016829961,7,7,7,7,141.5,91.5,13,350,40,500,50,25,156469.1429,449.567975,17.17149065,168640411.5
434,850,850,15502.1943,738.4123519,738.4123519,0,0,14,32,0.015584039,4,4,5,5,226.0,169.5,10,200,40,500,60,25,154287.5153,449.8492542,17.67382857,170099058.8
435,1100,750,14199.03338,1266.50041,669.9438392,0,0,20,29,0.016012603,6,6,6,6,185.0,115.0,13,200,30,500,60,25,185420.156,531.9934626,20.24434037,170223478.3
436,1100,900,14145.75875,1126.576175,798.4957633,0,0,18,29,0.012009452,5,5,6,6,231.25,145.0,13,200,27,400,60,25,189918.6001,574.3426313,24.06911634,170336344.9
437,1050,700,13818.19922,882.1829038,414.4753157,0,0,26,32,0.028449579,10,10,5,5,96.88888889,130.5,13,400,30,400,60,25,229140.8352,599.3794456,18.47638457,170784016.6
438,1000,700,13655.40765,722.6709376,359.4378392,0,0,34,29,0.032082393,11,11,8,8,83.1,75.85714286,10,450,30,400,60,25,234496.7791,602.6990893,17.70873581,170890293.9
439,1000,850,15184.2182,1108.440591,841.9140281,0,0,16,29,0.012433315,5,5,5,5,207.75,170.25,10,100,35,400,60,25,169968.3378,506.794874,20.71264058,170896918.8
440,1000,750,13365.69773,773.0905309,453.6031356,0,0,28,32,0.030025248,8,8,8,8,117.4285714,81.71428571,13,400,27,400,60,25,242838.8448,629.3274988,18.91554198,171662919.7
441,1100,750,15122.70234,1109.964065,554.6178764,0,0,12,32,0.011698149,4,4,4,4,307.3333333,190.6666667,13,350,35,500,60,25,150573.9833,463.3643115,20.00507191,172043568.0
442,950,950,13850.23253,738.588855,738.588855,0,0,32,25,0.017404945,12,12,6,6,72.63636364,159.8,13,350,27,400,50,25,204372.6598,584.7694339,22.1572155,172370266.6
443,900,850,14002.7891,656.2193424,589.7800695,0,0,30,29,0.025902739,7,7,10,10,121.8333333,75.66666667,10,250,30,400,60,25,222614.952,592.6367829,19.12131595,174330459.9
444,1000,800,15129.27773,855.0722591,562.1922595,0,0,14,32,0.014074335,4,4,5,5,274.0,155.5,13,500,35,500,60,25,157987.8254,472.7748713,19.48146378,174409153.6
445,1000,850,14420.07357,1093.128137,836.2286595,0,0,26,25,0.015014965,8,8,7,7,121.2857143,116.5,13,200,30,500,50,25,184358.4854,534.9906318,20.81184413,174837163.8
446,1100,750,13630.0052,830.6593832,392.9944057,0,0,24,32,0.023396297,8,8,6,6,132.5714286,115.6,10,450,27,400,60,25,220387.7834,600.3558585,20.48581569,174857819.4
447,900,850,14886.62731,670.8617851,601.4251104,0,0,24,29,0.020722192,6,6,8,8,146.2,97.28571429,10,300,35,400,60,25,190580.2207,529.683462,18.90097559,175205885.2
448,1000,800,15022.2224,867.7434726,572.866796,0,0,28,25,0.017180585,8,8,8,8,121.2857143,92.71428571,13,400,35,400,50,25,179130.1031,514.3490159,19.62681283,176444640.2
449,950,850,14148.78986,777.5000878,635.6643031,0,0,36,25,0.021884159,11,11,9,9,80.5,88.125,10,200,30,400,50,25,211771.8348,580.0235224,20.02376117,176661465.9
450,850,700,15196.84738,763.9030071,540.8751112,0,0,24,32,0.032440244,8,8,6,6,96.0,104.4,13,300,40,500,60,25,206675.798,526.8850075,15.10262465,176957310.2
451,1050,800,15354.75234,1032.453431,632.6984548,0,0,12,32,0.011489253,4,4,4,4,292.6666667,209.3333333,10,200,35,500,60,25,152114.312,469.4415656,20.36054981,177216509.6
452,950,750,14210.31197,1131.424589,778.0970395,0,0,24,32,0.027090449,10,10,4,4,85.77777778,190.6666667,13,150,30,500,60,25,227259.3783,591.4403322,17.94521338,177428347.7
453,900,700,15182.65076,1076.214307,716.8856262,0,0,34,25,0.026491605,10,10,9,9,83.88888889,69.375,10,100,40,500,50,25,197342.1059,515.8634967,15.84260163,178285633.4
454,900,750,13641.63241,667.6318896,479.9118025,0,0,28,32,0.033361387,9,9,7,7,91.0,96.33333333,10,250,27,500,60,25,235926.6775,600.5122858,17.14352942,178468399.2
455,1100,800,14487.94562,1163.979855,672.5487121,0,0,18,32,0.016450522,4,4,7,7,307.3333333,103.6666667,13,200,30,400,60,25,200178.4307,572.1522041,21.61049797,179194111.3
456,1150,800,14145.27694,1070.00854,556.7697627,0,0,26,25,0.013872522,8,8,7,7,142.7142857,108.1666667,13,400,27,500,50,25,181883.3847,544.1211814,22.40492652,179580893.6
457,900,900,14342.22983,644.445964,644.445964,0,0,28,29,0.022832785,8,8,8,8,103.5714286,103.5714286,13,450,30,400,60,25,215726.8758,588.2307761,20.10864435,180463198.1
458,950,950,14643.74767,688.890345,688.890345,0,0,28,25,0.015229327,8,8,8,8,115.0,115.0,10,350,30,400,50,25,184983.7373,546.579748,22.02409228,180558751.8
459,1050,700,14931.20686,1513.896239,804.8560652,0,0,28,29,0.025162661,10,10,6,6,97.22222222,105.0,13,100,35,400,60,25,233969.5436,609.473685,18.50795544,183622902.9
460,1100,750,14385.12242,1002.580297,497.4086062,0,0,22,32,0.021446606,7,7,6,6,154.6666667,115.6,10,200,30,400,60,25,213404.3598,586.7818313,20.43737683,183736952.9
461,1050,900,14469.73424,783.6304902,582.3900089,0,0,16,32,0.013616893,5,5,5,5,219.5,182.0,10,450,27,500,60,25,180269.7619,545.9089391,22.96897233,185735717.4
462,950,800,15297.12851,890.5884357,656.5649174,0,0,18,32,0.019047972,5,5,6,6,193.0,124.4,13,300,35,500,60,25,183771.034,515.4054847,18.73885439,186109423.8
463,1200,800,14294.9814,1455.801096,746.9370689,0,0,18,32,0.015079645,4,4,7,7,340.6666667,103.6666667,13,150,27,400,60,25,213733.1435,615.1900827,23.54274703,186144295.9
464,1050,750,13801.21152,840.4586402,449.6349919,0,0,34,29,0.028517683,10,10,9,9,97.88888889,72.625,10,250,27,400,60,25,245190.5241,641.5496419,19.79399304,186682787.7
465,1050,850,14115.86722,820.1954588,551.3803185,0,0,36,25,0.019799954,9,9,11,11,113.125,70.5,10,300,27,400,50,25,215694.6596,604.8979437,22.00540541,187707398.4
466,1000,950,14503.29694,784.5431206,713.7520425,0,0,26,25,0.013434442,5,5,10,10,213.75,89.44444444,10,300,27,500,50,25,182359.2738,551.0922006,23.09814186,188449309.8
467,1050,800,14579.73986,922.2930381,561.6784966,0,0,36,25,0.021037451,12,12,8,8,81.72727273,92.71428571,13,350,30,400,50,25,214331.3195,591.6428969,20.78866523,189304898.6
468,1050,750,15279.46127,964.8695044,517.0167149,0,0,20,32,0.020425339,4,4,8,8,290.6666667,81.71428571,13,350,35,400,60,25,197268.322,547.4641019,19.46413396,190597872.9
469,950,900,14782.92242,731.4358344,661.1971987,0,0,22,32,0.020694093,7,7,6,6,128.6666667,144.4,13,400,30,400,60,25,214265.7904,594.5200781,21.133218,191615379.7
470,950,750,15927.55945,788.2609702,501.4781945,0,0,28,25,0.019290481,8,8,8,8,115.0,86.42857143,10,400,40,500,50,25,168418.547,475.4630193,17.54143429,191849191.9
471,950,850,16419.50196,989.4937571,814.4076433,0,0,14,32,0.013943614,5,5,4,4,193.0,224.0,13,200,40,400,60,25,168340.4631,494.8826204,19.72446669,191942146.5
472,1150,850,15154.31881,1076.800671,616.0266731,0,0,14,32,0.011518637,2,2,7,7,972.0,112.0,13,350,30,400,60,25,176165.0916,544.589631,23.687612,192025614.0
473,1000,800,15606.3384,876.6665407,579.1402785,0,0,20,29,0.016512996,6,6,6,6,165.0,125.0,13,450,35,500,60,25,173868.9616,503.9865859,19.59068944,192189141.7
474,950,750,14089.15741,874.1216133,585.2072007,0,0,28,32,0.031605524,9,9,7,7,96.5,95.33333333,13,250,27,500,60,25,244142.092,624.3909607,18.06195038,192227930.4
475,850,850,15202.96215,781.3798432,781.3798432,0,0,26,32,0.028941786,6,6,9,9,134.4,84.0,13,200,35,400,60,25,235486.572,609.4974617,18.23211465,193989231.2
476,900,850,15435.55149,875.7085424,794.0471894,0,0,30,25,0.019249955,7,7,10,10,125.8333333,78.33333333,10,150,35,500,50,25,188364.4711,525.5002735,18.88527099,194001876.6
477,1050,750,14514.34922,793.9558098,410.4912094,0,0,26,32,0.026552941,8,8,7,7,125.4285714,96.33333333,10,450,30,400,60,25,229748.7847,611.131265,19.68797996,194072411.2
478,1200,800,14648.74424,1087.137162,511.0054241,0,0,16,32,0.013404129,5,5,5,5,255.5,155.5,13,500,27,500,60,25,184119.3937,556.5817064,23.34017835,194153674.0
479,850,850,15950.18579,828.8550851,828.8550851,0,0,34,25,0.023099946,10,10,9,9,77.66666667,87.375,13,200,40,400,50,25,203108.2814,545.9121859,18.00929403,194494079.1
480,1150,800,14584.03541,1058.058701,547.5479033,0,0,22,29,0.01579504,6,6,7,7,195.0,104.1666667,13,400,27,500,60,25,195417.9235,570.6997553,22.49807078,196362677.4
481,850,800,14558.00675,670.9450792,602.6276346,0,0,34,29,0.033025993,10,10,9,9,75.66666667,78.875,10,200,30,500,60,25,237589.315,604.8372356,17.26981557,196712765.7
482,1100,950,14994.00013,990.7148283,759.839112,0,0,16,32,0.012313841,6,6,4,4,184.4,257.3333333,13,300,27,400,60,25,196156.9214,597.6043865,25.37708992,196950100.9
483,850,850,14208.49741,721.8197713,721.8197713,0,0,28,32,0.031168078,8,8,8,8,96.85714286,96.85714286,10,150,27,500,60,25,244774.0649,627.6565869,18.29624599,197105317.1
484,950,750,15964.41737,739.3772443,463.2374861,0,0,22,32,0.024832912,5,5,8,8,194.5,82.57142857,10,450,40,400,60,25,198478.7489,534.4898655,17.74831889,197516982.7
485,1050,700,14635.40007,1073.235258,536.6891147,0,0,30,29,0.026959994,9,9,8,8,110.125,75.85714286,10,150,30,500,60,25,225180.1345,591.717496,18.44881263,198878119.8
486,900,900,14977.9934,731.7490473,731.7490473,0,0,26,29,0.021201872,8,8,7,7,103.5714286,120.8333333,13,350,30,500,60,25,207526.4476,572.1771886,20.05207338,199064357.6
487,1100,850,15331.68004,914.3365726,558.215899,0,0,18,29,0.01271589,5,5,6,6,232.75,136.2,10,400,30,500,60,25,172451.7031,528.5395062,22.68520079,199219741.8
488,1000,800,14724.14837,842.5096073,560.4812057,0,0,32,29,0.026420794,9,9,9,9,103.875,78.875,10,200,30,400,60,25,237849.6428,629.7165527,20.03076548,200152296.3
489,900,750,15913.67507,792.3283898,567.3968744,0,0,26,32,0.030978431,8,8,7,7,103.1428571,95.33333333,13,300,40,400,60,25,226268.4399,581.6153789,17.07687303,200381611.8
490,1000,900,14730.73029,1045.158542,877.7560325,0,0,20,32,0.017872172,7,7,5,5,137.0,180.5,13,200,27,500,60,25,214276.4402,603.9002572,22.16737537,200491100.7
491,950,750,15346.15118,777.6583837,499.3467306,0,0,34,29,0.031519544,11,11,8,8,77.5,82.14285714,13,400,35,400,60,25,239102.3593,614.3741938,18.02759257,202641653.9
492,1000,800,16573.0009,914.9479268,602.4608487,0,0,26,25,0.0159534,7,7,8,8,141.5,92.71428571,13,400,40,400,50,25,171501.9234,499.3660733,19.57432418,203390906.2
493,1000,950,15426.85201,914.4128092,834.843819,0,0,22,29,0.015296249,6,6,7,7,166.2,130.1666667,10,150,30,400,60,25,202966.3204,591.7450651,23.2394553,204055645.9
494,950,800,16529.46235,1092.064258,818.8310723,0,0,26,25,0.016793053,7,7,8,8,133.1666667,92.71428571,13,200,40,500,50,25,176116.5369,500.5171543,18.68578767,205068084.4
495,1100,900,14922.79166,1529.750505,1122.030719,0,0,24,29,0.016012603,5,5,9,9,231.25,90.625,13,100,27,400,60,25,239050.3289,671.3189772,24.40590032,205071505.7
496,900,900,16881.71474,901.6388407,901.6388407,0,0,16,29,0.013047306,7,7,3,3,120.8333333,362.5,13,250,40,500,60,25,159919.3454,478.7653791,19.72423371,205781736.4
497,1000,1000,15099.99694,1060.646621,1060.646621,0,0,26,25,0.01276272,7,7,8,8,141.5,121.2857143,13,200,27,500,50,25,197921.4081,592.100848,24.35408883,205984072.6
498,1100,900,15091.71037,1059.380453,744.5732707,0,0,20,29,0.013343835,5,5,7,7,231.25,120.8333333,13,300,27,500,60,25,194070.3143,582.3392777,24.09811247,206361686.5
499,1050,950,15012.29666,848.0524359,703.9220736,0,0,24,29,0.015892207,6,6,8,8,175.0,110.7142857,13,400,27,400,60,25,212142.8892,619.2791722,24.39513363,206375339.3
500,1150,950,15347.74314,1007.939261,706.8601736,0,0,24,25,0.010783499,9,9,5,5,125.625,201.25,10,250,27,400,50,25,188309.5268,591.7443391,26.41551,206842656.7
501,900,850,15614.86771,736.3609859,663.06846,0,0,40,25,0.025666607,11,11,11,11,74.9,69.9,13,350,35,400,50,25,222992.2797,593.4239379,19.12378741,207528607.0
502,1000,850,15129.8891,799.3676862,589.7800695,0,0,30,29,0.023312465,11,11,6,6,83.1,136.2,10,250,30,400,60,25,229908.182,624.2183107,21.12591522,207999620.3
503,950,850,15898.54489,723.3184737,583.1024959,0,0,22,32,0.021911393,7,7,6,6,129.6666667,135.6,10,350,35,400,60,25,207574.0971,571.6656085,19.99518335,208928813.0
504,1100,850,14784.44361,1044.573992,663.1147273,0,0,28,29,0.019780274,6,6,10,10,186.2,75.66666667,10,150,27,400,60,25,232559.7561,646.8282078,23.09818148,209477777.7
505,950,900,14791.44052,788.9615946,716.8990847,0,0,28,29,0.02163106,9,9,7,7,97.625,121.8333333,10,200,27,500,60,25,222028.9544,609.8079125,21.18652757,209535840.5
506,1000,850,17169.07393,1344.436433,1034.457402,0,0,18,25,0.010394976,5,5,6,6,212.25,139.8,13,150,40,500,50,25,159576.4834,486.4629875,20.64092009,211445615.3
507,1000,900,15379.62242,733.4511102,597.4740478,0,0,22,32,0.019659389,5,5,8,8,207.0,104.0,10,400,30,400,60,25,214595.3669,604.2119354,22.17042391,211686147.2
508,1100,850,15530.48402,1083.464448,685.2901742,0,0,20,32,0.01720316,7,7,5,5,153.6666667,168.0,13,250,30,400,60,25,214033.9507,610.4457031,22.97069369,211778906.3
509,1000,700,16537.48646,923.2582817,474.4541823,0,0,26,29,0.024533595,10,10,5,5,91.66666667,131.25,13,450,40,500,60,25,196199.3091,527.548183,17.44502164,212971509.5
510,1000,850,16201.57731,1038.157493,782.9200137,0,0,24,29,0.018649972,7,7,7,7,137.5,112.5,13,200,35,400,60,25,207949.1131,581.3155577,20.97419783,213447766.7
511,950,800,15726.5336,1078.663947,813.2781556,0,0,42,25,0.027127239,13,13,10,10,66.58333333,72.11111111,13,150,35,400,50,25,242525.3747,631.0936619,19.14236194,213723035.1
512,1050,800,17189.82369,962.4551825,571.7391689,0,0,12,32,0.011489253,5,5,3,3,219.5,314.0,10,350,40,500,60,25,147860.2029,460.9758884,20.33157607,213953037.0
513,900,850,16033.98993,864.3016236,782.9200137,0,0,26,29,0.022449041,5,5,10,10,181.25,75.0,13,250,35,500,60,25,207224.9588,562.5412259,19.01505876,214066741.1
514,850,850,15896.97968,592.7460633,592.7460633,0,0,24,32,0.026715495,7,7,7,7,113.0,113.0,10,400,35,500,60,25,212276.8389,563.6330788,18.07316222,215045409.0
515,1050,1000,16115.66881,844.4307318,769.3438062,0,0,14,32,0.010723303,5,5,4,4,219.5,276.0,10,300,30,400,60,25,178925.6201,564.6410828,25.37385087,215786042.7
516,1000,950,15856.53338,1078.939346,990.2937124,0,0,20,29,0.013905681,7,7,5,5,137.5,193.75,13,200,30,500,60,25,196462.1044,579.0669401,23.19443684,216404635.4
517,1050,950,15313.70016,954.5476321,799.9004036,0,0,28,25,0.013778915,9,9,7,7,113.125,134.1666667,10,200,27,500,50,25,197692.1913,590.9455716,24.29556476,216994163.0
518,1000,900,15535.62983,734.6548045,598.5750442,0,0,28,29,0.020549507,7,7,9,9,138.5,91.375,10,400,30,400,60,25,220819.9615,616.4380165,22.21325465,218869356.2
519,950,850,14682.64527,804.5588438,661.8153516,0,0,32,32,0.031871117,10,10,8,8,86.44444444,96.85714286,10,150,27,400,60,25,277392.1341,708.9885728,20.47507958,219142914.5
520,1000,850,17290.7825,1155.185511,875.1371306,0,0,18,29,0.013987479,6,6,5,5,166.2,170.25,10,100,40,400,60,25,180232.8164,526.9559216,20.78326931,219637605.3
521,950,900,15574.6934,708.6022842,639.7495429,0,0,26,29,0.020085984,6,6,9,9,156.2,91.375,10,350,30,500,60,25,207510.3667,581.1811877,21.08692511,219802350.0
522,950,950,15159.57832,787.5942435,787.5942435,0,0,22,32,0.019604931,7,7,6,6,129.6666667,155.6,10,200,27,500,60,25,219912.6286,615.2952862,22.26413638,219988280.6
523,1050,750,17015.66235,1387.215712,800.7885258,0,0,26,25,0.016206629,9,9,6,6,113.125,121.0,10,100,40,500,50,25,181895.5375,517.5393654,19.3576234,221282802.4
524,1000,850,14874.469,773.0905309,571.6553079,0,0,30,32,0.028385214,9,9,8,8,102.75,96.0,13,400,27,400,60,25,263857.8286,690.9122906,21.35948761,222022608.9
525,1000,900,14975.3216,968.6133696,810.2889315,0,0,44,25,0.023998277,12,12,12,12,77.18181818,68.09090909,13,200,27,400,50,25,257533.0766,688.8738538,22.46499022,223673468.3
526,1050,700,16668.34622,951.6391278,436.2336291,0,0,24,32,0.02626115,7,7,7,7,146.3333333,88.0,10,300,40,400,60,25,214982.5928,571.527529,18.37907971,224912990.9
527,900,750,16525.93278,675.0682692,471.9292258,0,0,30,32,0.035744343,10,10,7,7,80.88888889,96.33333333,10,400,40,400,60,25,245816.7332,619.8705107,17.21176466,226479078.5
528,1050,850,15066.29273,808.4640766,541.3525262,0,0,28,32,0.025231301,7,7,9,9,145.3333333,84.0,13,500,27,400,60,25,253290.6717,678.7406343,22.26410419,226623133.1
529,1100,750,14891.49027,830.6593832,392.9944057,0,0,32,32,0.031195063,12,12,6,6,84.36363636,115.6,10,450,27,400,60,25,270379.8217,698.548071,20.82980531,227151618.6
530,1000,850,16556.01989,1157.370049,882.3891155,0,0,22,32,0.020815823,8,8,5,5,117.4285714,168.0,13,150,35,400,60,25,227845.2657,620.539234,21.11070891,228560889.2
531,900,800,17017.07676,756.4464275,606.9636465,0,0,22,32,0.024574236,6,6,7,7,144.4,103.6666667,13,450,40,500,60,25,201839.193,542.6831494,17.94369962,229050410.1
532,1000,800,15133.38241,809.0165907,539.2375696,0,0,28,32,0.02814867,10,10,6,6,92.0,125.6,10,250,27,500,60,25,246666.5225,646.9845775,20.09156833,229108344.0
533,1000,900,15902.80165,805.2365023,661.4054583,0,0,20,32,0.017872172,3,3,9,9,414.0,91.0,10,300,30,500,60,25,203803.1112,583.0583325,22.096044,229157212.7
534,1050,750,16252.06141,938.9995095,499.3467306,0,0,32,29,0.026840172,11,11,7,7,87.5,95.83333333,13,400,35,400,60,25,235358.8549,622.249885,19.72631207,229545580.0
535,900,900,15252.72241,1012.313391,1012.313391,0,0,28,32,0.027801156,8,8,8,8,103.1428571,103.1428571,13,150,27,500,60,25,261444.6621,678.4010751,20.42221014,232539259.7
536,1000,850,15656.33762,986.4764099,745.8957376,0,0,28,32,0.026492866,7,7,9,9,137.0,84.0,13,200,30,400,60,25,259747.5042,683.0557311,21.33061676,232635400.5
537,1100,1000,16049.85871,885.4307744,739.0145709,0,0,24,25,0.010709975,5,5,9,9,238.75,106.875,10,400,27,500,50,25,185395.2627,587.4509536,26.56815518,235358546.1
538,1000,750,16448.00761,1038.157493,631.2494434,0,0,30,29,0.026420794,9,9,8,8,103.125,82.14285714,13,250,35,500,60,25,226553.9159,597.4633209,18.80315622,235697513.9
539,1050,850,15906.64922,1073.516499,745.8957376,0,0,26,32,0.023429065,8,8,7,7,124.5714286,112.0,13,200,30,400,60,25,251170.4689,674.8444167,22.24878758,237079608.0
540,950,850,16691.46493,735.4989832,593.9098317,0,0,26,29,0.021267512,6,6,9,9,156.2,85.125,10,400,35,500,60,25,202847.2141,562.3635141,19.96270638,237167350.3
541,1050,850,17922.30196,951.6391278,633.4046175,0,0,14,32,0.01261565,5,5,4,4,219.5,226.0,10,300,40,400,60,25,165709.0826,506.7141731,21.66147178,237819041.1
542,1100,750,15638.07603,940.3259467,456.3982136,0,0,30,32,0.029245372,9,9,8,8,115.25,81.71428571,13,450,30,400,60,25,260925.8636,680.0576802,20.76454022,238712981.6
543,1050,800,16871.20609,1066.754338,657.9500754,0,0,24,29,0.018871996,8,8,6,6,125.0,125.0,13,300,35,500,60,25,201557.3229,566.5878953,20.70067346,238808551.2
544,1000,1000,16318.96877,809.8454713,809.8454713,0,0,32,25,0.015707963,9,9,9,9,106.875,106.875,10,250,30,400,50,25,210929.0154,617.3945817,24.44428533,238896147.9
545,950,950,17192.0134,777.9841151,777.9841151,0,0,20,29,0.014637559,6,6,6,6,156.2,156.2,10,300,35,500,60,25,181667.8012,540.0882766,22.00121723,240977926.5
546,1100,900,16518.71,1451.491074,1055.235769,0,0,28,25,0.013883301,11,11,5,5,94.9,187.25,13,150,30,500,50,25,211001.2786,615.9246553,24.21371627,242612067.0
547,1250,850,16574.16212,1285.165825,635.6643031,0,0,26,25,0.012011972,6,6,9,9,221.0,88.125,10,200,30,400,50,25,195880.5492,600.5895387,25.7776352,243347242.5
548,1100,850,16273.88286,1111.530497,707.7272116,0,0,32,25,0.016799961,8,8,10,10,135.5714286,77.66666667,13,300,30,500,50,25,209006.9401,600.5176518,22.9362505,244650183.9
549,1100,850,15573.48773,830.6593832,501.8035658,0,0,28,32,0.024084424,8,8,8,8,132.5714286,96.85714286,10,450,27,400,60,25,254457.8193,689.5972579,23.24951676,245939532.6
550,850,850,17451.04738,662.8937347,662.8937347,0,0,24,32,0.026715495,7,7,7,7,112.0,112.0,13,500,40,500,60,25,213861.0938,566.785746,18.08395221,246426157.6
551,1100,800,17020.11989,1023.697558,562.1922595,0,0,22,32,0.020106193,7,7,6,6,153.6666667,124.4,13,400,35,400,60,25,216526.2775,604.0384474,21.72359211,246812553.2
552,1100,800,17987.4009,1216.339727,688.6622651,0,0,26,25,0.014503091,8,8,7,7,136.4285714,109.1666667,10,150,40,400,50,25,183541.1869,539.3882078,21.49625187,248381715.2
553,1050,900,17406.30264,1128.869729,862.7059898,0,0,18,32,0.015319004,5,5,6,6,218.0,144.4,13,200,35,400,60,25,205899.4049,596.5889428,23.1444062,248415951.5
554,1100,750,16788.63715,1224.986075,629.8201994,0,0,26,32,0.025345989,8,8,7,7,131.7142857,95.33333333,13,200,35,400,60,25,245249.4947,649.5076779,20.65601935,249283992.4
555,1200,850,15829.93956,1030.605524,533.9332593,0,0,38,25,0.018287457,10,10,11,11,117.2222222,70.5,10,350,27,400,50,25,233053.0963,664.8460979,25.05655475,249910401.2
556,1000,950,17483.65264,1399.20828,1290.57719,0,0,18,32,0.015238378,6,6,5,5,164.4,193.0,13,100,35,400,60,25,224116.7238,633.8454074,23.38347576,249925211.8
557,1100,1000,16281.11267,843.9326122,701.3385025,0,0,20,32,0.014622686,6,6,6,6,185.6,165.6,10,400,27,400,60,25,218713.8949,652.890792,26.7974256,250478543.3
558,900,900,17053.17377,863.0094457,863.0094457,0,0,28,29,0.022832785,8,8,8,8,104.4285714,104.4285714,10,150,35,500,60,25,221326.681,599.3743883,20.1467833,252234027.5
559,1200,950,16554.10533,1143.979196,746.8526735,0,0,18,29,0.010429261,4,4,7,7,341.6666667,129.1666667,13,400,27,500,60,25,193530.9149,611.6511377,27.54358979,252816106.2
560,950,900,15789.75241,872.4172452,795.4947106,0,0,28,32,0.026337937,9,9,7,7,97.25,121.3333333,10,150,27,500,60,25,256607.1401,677.8104064,21.42422417,254109465.3
561,1000,900,17329.51989,1157.370049,970.3518767,0,0,22,32,0.019659389,6,6,7,7,164.4,120.3333333,13,150,35,400,60,25,232539.898,639.9215523,22.29263988,254991421.4
562,900,850,17812.67676,770.965385,693.4090372,0,0,22,32,0.023128693,8,8,5,5,104.0,169.5,10,250,40,500,60,25,206125.8788,560.2496542,19.00785648,255475665.2
563,1000,1000,16033.82647,701.3385025,701.3385025,0,0,26,32,0.020910441,10,10,5,5,92.0,207.0,10,400,27,400,60,25,247899.6548,689.9214965,24.69891827,255656990.3
564,1250,850,17022.33004,1325.532291,660.6159336,0,0,18,29,0.011189983,5,5,6,6,268.75,135.0,13,350,30,500,60,25,188454.7308,585.9875312,25.72658384,257253972.6
565,1000,900,15983.88059,794.5498262,654.7024496,0,0,32,29,0.02348515,9,9,9,9,103.125,90.625,13,450,27,500,60,25,243918.9211,661.8744167,22.37201579,257909154.7
566,1200,800,17648.93753,1577.904503,799.8077099,0,0,22,29,0.015136913,9,9,4,4,128.125,208.3333333,13,150,35,400,60,25,214160.3216,616.0291275,23.54568639,258184243.0
567,1200,900,16479.83727,1142.436752,675.9199946,0,0,18,32,0.013404129,6,6,5,5,204.4,180.5,13,400,27,500,60,25,208572.2068,629.0158186,26.26749377,258219051.5
568,1150,800,15850.04452,1227.968557,663.7086707,0,0,40,25,0.021342341,12,12,10,10,91.36363636,72.77777778,10,150,27,500,50,25,240549.4696,659.4867457,22.80823182,258529228.3
569,1150,900,16983.63338,1100.988233,702.8619977,0,0,20,29,0.012763669,4,4,8,8,325.0,103.5714286,13,400,30,500,60,25,194874.4192,592.9754465,25.13855029,258819631.0
570,1150,900,16248.30162,1122.185242,727.4481822,0,0,32,25,0.015176776,8,8,10,10,143.5714286,83.88888889,10,200,27,500,50,25,216256.8194,635.0249116,25.2855416,259289489.2
571,1100,900,16729.02983,992.9178293,685.5297679,0,0,28,29,0.01868137,6,6,10,10,185.0,80.55555556,13,350,30,400,60,25,233381.7244,659.5079247,24.36873235,260780701.5
572,1050,800,17321.37929,985.3695325,597.5820062,0,0,22,32,0.021063631,6,6,7,7,174.4,103.6666667,13,400,35,500,60,25,213065.7904,589.1200781,20.780058,261248569.4
573,1050,900,16602.79922,1073.516499,822.666029,0,0,26,32,0.02212745,8,8,7,7,124.5714286,120.3333333,13,200,30,400,60,25,255891.4432,694.7811554,23.48839582,261261069.1
574,1150,800,16564.88181,1363.488195,743.3282056,0,0,22,32,0.019232011,5,5,8,8,243.0,88.85714286,13,200,30,500,60,25,228895.424,636.6850491,22.72780101,261317194.6
575,1250,900,16533.88166,1561.03752,906.3407486,0,0,24,29,0.01409109,6,6,8,8,215.0,103.5714286,13,150,27,400,60,25,239708.6971,699.7371299,27.51526805,262598404.1
576,950,950,17522.43186,1063.862383,1063.862383,0,0,28,29,0.020492583,7,7,9,9,129.1666667,96.875,13,150,35,400,60,25,238964.4926,653.0476335,22.39433062,263641582.5
577,1150,950,16506.97893,1130.500175,805.5521125,0,0,22,32,0.016195377,7,7,6,6,162.0,154.4,13,250,27,400,60,25,240382.2984,694.1819291,26.77338685,263743507.8
578,1200,950,16712.89166,1044.668534,670.0032253,0,0,24,29,0.013905681,9,9,5,5,128.875,195.25,10,300,27,400,60,25,222224.3209,667.9552213,27.74117317,265377586.6
579,950,950,16729.71197,816.4323489,816.4323489,0,0,24,32,0.021387197,10,10,4,4,86.44444444,259.3333333,10,200,30,500,60,25,232410.6382,639.8433393,22.35013378,265440622.8
580,1000,950,17926.8384,946.6583871,862.9543789,0,0,20,29,0.013905681,5,5,7,7,207.75,130.1666667,10,200,35,500,60,25,189187.5778,564.590632,23.14489175,266340937.5
581,900,800,17851.42948,700.3307101,557.8880055,0,0,32,29,0.029356438,10,10,8,8,81.22222222,90.14285714,10,400,40,500,60,25,226332.381,590.7332019,18.11239301,266693803.6
582,1050,850,16533.12603,996.9830611,685.2901742,0,0,30,32,0.027033537,8,8,9,9,124.5714286,84.0,13,250,30,400,60,25,272707.2191,717.0565777,22.39722213,268916011.5
583,1050,800,18218.61737,901.1642058,526.343155,0,0,22,32,0.021063631,6,6,7,7,175.6,104.6666667,10,450,40,400,60,25,209089.7739,581.2078053,20.75297828,269045546.5
584,1050,950,16492.03552,895.9604967,746.8526735,0,0,28,29,0.018540908,9,9,7,7,109.375,129.1666667,13,400,27,500,60,25,232671.8463,659.6012673,24.53639108,269575170.7
585,1050,750,15952.12574,800.6477891,422.1941618,0,0,40,29,0.033550215,13,13,9,9,73.41666667,72.625,10,400,27,500,60,25,273098.564,696.2908469,19.98622747,270431479.4
586,1050,950,16307.35152,885.9567558,737.9794363,0,0,34,29,0.02251396,12,12,7,7,80.09090909,130.1666667,10,200,27,400,60,25,265147.1964,723.4314197,24.75973239,270502991.1
587,1050,700,17185.05913,986.9075703,469.4996397,0,0,36,29,0.032351993,12,12,8,8,79.54545455,75.0,13,400,35,500,60,25,251427.3249,643.1536107,18.62973541,271645244.0
588,1050,850,17740.2289,1224.536527,857.1367974,0,0,20,32,0.018022358,4,4,8,8,290.6666667,96.0,13,200,35,500,60,25,213676.4402,601.2002572,21.99079537,271732832.1
589,950,950,16665.72603,755.9249419,755.9249419,0,0,30,32,0.026733996,9,9,8,8,96.5,110.2857143,13,350,30,400,60,25,269553.7689,712.7892118,22.60573611,271847406.8
590,1250,850,16464.3302,1148.08411,554.8204292,0,0,24,32,0.018166537,7,7,7,7,178.6666667,112.0,13,450,27,400,60,25,243589.5554,694.2173847,26.10613297,271857009.9
591,1150,900,16495.86555,1357.743324,906.3407486,0,0,32,29,0.02042187,11,11,7,7,97.5,120.8333333,13,150,27,400,60,25,272177.3467,745.2166835,25.66936101,273972428.0
592,1000,800,18123.67507,866.1512296,563.7281076,0,0,26,32,0.026138051,7,7,8,8,138.0,89.71428571,10,300,40,400,60,25,232886.1149,619.8845521,19.99683681,274192638.2
593,1000,950,16957.25571,999.2442384,915.3374654,0,0,36,25,0.018601535,9,9,11,11,106.875,80.5,10,150,30,500,50,25,227693.1103,640.3208605,23.40957452,274454868.3
594,1000,1000,17228.80165,760.3706322,760.3706322,0,0,20,32,0.016084954,6,6,6,6,165.6,165.6,10,400,30,500,60,25,210405.6261,616.2773371,24.44092605,274513920.7
595,900,900,16693.80247,730.398126,730.398126,0,0,30,32,0.029786953,9,9,8,8,90.25,103.1428571,13,350,30,500,60,25,261558.3698,678.3043676,20.42386099,274901311.1
596,950,900,17550.62618,949.3807834,864.3016236,0,0,34,29,0.026266287,10,10,9,9,86.11111111,90.625,13,200,35,400,60,25,259671.5058,683.9207954,21.44506146,276289258.2
597,1000,850,18391.23202,951.7901714,705.6616838,0,0,36,25,0.020789951,9,9,11,11,106.875,70.5,10,200,40,400,50,25,215480.1036,595.9369773,21.02648072,276519734.5
598,1150,800,16159.49944,1216.715266,653.9411292,0,0,40,29,0.028718255,14,14,8,8,75.0,89.28571429,13,200,27,400,60,25,296706.89,769.8774155,23.19440411,276534644.1
599,1100,850,18017.82225,1025.462574,631.4862251,0,0,22,29,0.015541644,6,6,7,7,186.2,113.5,10,300,35,500,60,25,194737.7922,572.3582941,22.83842565,276953301.6
600,1050,950,18312.12619,1241.738653,1049.64535,0,0,24,25,0.011810499,5,5,9,9,224.75,99.875,13,200,35,500,50,25,190093.2285,576.2179054,24.24274018,277197194.7
601,1050,850,16090.32541,885.9567558,602.9924979,0,0,42,29,0.031083287,13,13,10,10,73.41666667,75.66666667,10,200,27,400,60,25,297188.5731,765.0487002,22.56592821,277550898.8
602,900,850,18117.13278,720.5644652,646.058856,0,0,30,32,0.031539126,10,10,7,7,80.22222222,112.0,13,450,40,400,60,25,255662.7754,657.5361347,19.34874623,278974932.4
603,1200,900,17407.91128,1126.743566,656.2193424,0,0,24,29,0.014678219,6,6,8,8,206.2,104.4285714,10,250,30,400,60,25,218747.8215,648.9889875,26.33754722,279156193.1
604,1050,900,16520.91059,784.8498323,583.4632092,0,0,32,29,0.02236681,10,10,8,8,97.88888889,104.4285714,10,450,27,500,60,25,244517.3423,672.1012748,23.41105274,280222518.5
605,1050,700,18116.62948,1085.822731,521.8965461,0,0,32,29,0.028757327,10,10,8,8,97.88888889,75.85714286,10,200,40,500,60,25,232341.374,605.7030978,18.49830593,281077708.9
606,1150,800,18881.44712,1106.554305,545.8179741,0,0,28,25,0.014939639,9,9,7,7,125.625,109.1666667,10,400,40,400,50,25,185789.2189,551.6966565,22.43206316,282699385.1
607,1150,900,18554.84776,1106.982076,696.4814731,0,0,20,29,0.012763669,9,9,3,3,122.625,365.5,10,250,35,400,60,25,194372.2494,591.9761285,25.13513013,283377719.2
608,1100,850,17160.66197,912.9860016,557.122073,0,0,24,32,0.020643792,8,8,6,6,132.5714286,135.6,10,400,30,500,60,25,230047.5108,641.6667159,23.08151109,283578587.4
609,1050,900,17133.19214,943.0810478,713.2427287,0,0,38,25,0.019738843,10,10,11,11,99.88888889,74.9,13,400,30,500,50,25,229652.4627,643.018837,23.30845843,284256302.2
610,1000,850,18869.37211,1024.190127,765.4087292,0,0,24,29,0.018649972,11,11,3,3,82.5,337.5,13,300,40,500,60,25,202357.3229,570.1878953,20.93611346,284350275.4
611,1100,950,16854.71807,935.8680627,713.7520425,0,0,36,25,0.016910487,8,8,12,12,136.4285714,73.18181818,10,300,27,500,50,25,228511.1971,661.0248534,25.6000645,288434043.1
612,1050,1000,18720.96901,862.100569,783.5902034,0,0,16,32,0.012255203,4,4,6,6,292.6666667,165.6,10,400,35,400,60,25,189563.7414,585.4879582,25.44718102,288866791.0
613,900,850,17734.43084,770.4380868,694.8004668,0,0,30,32,0.031539126,8,8,9,9,103.1428571,84.0,13,350,35,500,60,25,257660.6702,661.5119454,19.36235343,289961139.8
614,1000,1000,17376.14837,1058.219213,1058.219213,0,0,32,29,0.021136635,6,6,12,12,166.2,75.54545455,10,100,30,400,60,25,265933.7789,725.7639836,24.82186768,291394256.1
615,1000,1000,18522.07731,849.5890646,849.5890646,0,0,24,29,0.015852477,8,8,6,6,118.7142857,166.2,10,250,35,400,60,25,211854.5915,619.2074597,24.45066795,291876968.8
616,1000,900,16417.2828,1024.372767,859.4261211,0,0,36,32,0.032169909,11,11,9,9,82.8,91.0,10,100,27,400,60,25,317433.219,806.5983599,22.87696313,292501411.0
617,1200,950,17230.91361,1000.862952,636.0151198,0,0,28,29,0.016223295,12,12,4,4,93.72727273,260.3333333,10,400,27,400,60,25,240790.6334,704.3716537,27.86906352,292556537.9
618,1050,950,17592.53181,1009.738634,845.7183358,0,0,22,32,0.017737794,7,7,6,6,145.3333333,154.4,13,300,30,500,60,25,229503.6339,653.4573867,24.51437664,292798573.7
619,1200,850,18660.20119,1277.752494,679.5900747,0,0,24,25,0.011549973,7,7,7,7,174.8333333,116.5,13,400,35,500,50,25,182776.1793,566.1749776,24.71038611,293425428.1
620,1150,800,18165.6539,1322.696226,702.7952408,0,0,20,32,0.017483646,4,4,8,8,326.0,89.71428571,10,150,35,500,60,25,212637.1519,604.6540735,22.61619334,293534347.6
621,1100,800,17210.00675,1165.706828,673.9675913,0,0,34,29,0.025520085,11,11,8,8,92.5,89.28571429,13,250,30,500,60,25,258733.2111,687.073589,22.01364943,294294843.3
622,1150,800,17414.45341,1071.607388,547.8719161,0,0,32,29,0.022974604,11,11,7,7,97.5,104.1666667,13,450,30,500,60,25,245750.4652,669.5351895,22.84447278,298941743.5
623,1150,950,18058.47148,1046.623037,731.4358344,0,0,18,32,0.013250763,6,6,5,5,194.4,193.0,13,500,30,500,60,25,207634.1827,629.6591505,26.54859434,300291008.6
624,1000,950,18537.56826,1143.843226,1049.64535,0,0,32,25,0.016534698,8,8,10,10,121.2857143,88.77777778,13,200,35,500,50,25,216284.9729,618.012937,23.33080655,300407127.9
625,1250,850,16914.5966,1177.964377,575.8062013,0,0,44,25,0.020327952,14,14,10,10,85.0,78.33333333,10,250,27,400,50,25,262191.3234,730.773765,26.2340765,300582987.6
626,1250,1000,17755.8414,1148.08411,752.9373449,0,0,18,32,0.011581167,6,6,5,5,214.4,205.5,13,450,27,400,60,25,221790.1591,689.4555436,30.26737173,300587515.1
627,1250,900,18092.54132,1323.821927,730.398126,0,0,16,32,0.01143819,4,4,6,6,357.3333333,144.4,13,350,30,500,60,25,201356.1998,624.0149505,27.25243209,300760871.1
628,1000,900,17490.3223,805.0977361,661.1971987,0,0,28,32,0.02502104,10,10,6,6,91.33333333,144.4,13,500,30,500,60,25,253890.6717,681.4406343,22.44068419,302341301.0
629,1050,850,17159.60283,1147.280264,804.6403042,0,0,34,32,0.030638008,10,10,9,9,97.55555556,84.75,10,100,30,400,60,25,304335.2094,779.3503067,22.61438573,302702181.9
630,1200,950,18203.51128,1126.743566,726.0818813,0,0,24,29,0.013905681,11,11,3,3,103.1,390.5,10,250,30,400,60,25,223794.4365,671.0797514,27.75186686,303836732.0
631,1100,1000,18171.48672,1014.516454,851.8426939,0,0,22,29,0.013210397,5,5,8,8,231.25,117.8571429,13,400,30,500,60,25,210599.3849,637.0548634,26.74131313,304914436.5
632,950,850,18868.53278,783.7852547,632.590953,0,0,30,32,0.029879172,10,10,7,7,85.77777778,112.0,13,500,40,400,60,25,258571.9018,671.8592964,20.34602301,306870729.9
633,1100,1000,19285.19063,1077.930131,904.4325388,0,0,24,25,0.010709975,6,6,8,8,191.0,122.1428571,10,200,35,400,50,25,191252.3696,599.1065961,26.60804655,307776894.8
634,1200,900,19185.06901,1280.845843,755.060103,0,0,16,32,0.011914781,5,5,5,5,255.5,180.5,13,300,35,400,60,25,199304.2375,610.8955456,26.20349541,308457597.2
635,1200,850,17890.88181,1228.7773,659.3163613,0,0,22,32,0.017346519,7,7,6,6,170.3333333,134.4,13,350,30,500,60,25,229854.8294,658.6742657,25.03424918,308572904.6
636,1150,800,16964.47544,1848.727867,1077.241372,0,0,30,32,0.026225469,9,9,8,8,121.5,88.85714286,13,100,27,500,60,25,296704.7812,770.3337263,23.19314019,308908255.2
637,1250,950,18422.84767,1316.944623,800.9415342,0,0,28,25,0.011574289,9,9,7,7,137.375,133.1666667,13,300,30,400,50,25,215687.1616,664.9075624,28.78796064,309788167.1
638,1000,1000,19023.37225,876.6665407,876.6665407,0,0,22,29,0.014531437,5,5,8,8,206.25,117.8571429,13,450,35,500,60,25,201059.6166,597.9907245,24.37642613,310229815.2
639,1150,1000,17620.71162,1070.00854,830.5634926,0,0,32,25,0.013659098,6,6,12,12,199.8,77.18181818,13,400,27,500,50,25,224209.8722,673.9434867,27.98460894,310333805.7
640,1000,950,17756.44214,760.3706322,689.1978465,0,0,26,32,0.02201099,7,7,8,8,138.0,111.1428571,10,400,30,500,60,25,243745.5204,671.6147691,23.52066849,311365327.9
641,1200,1000,17789.88393,1087.137162,773.0905309,0,0,22,32,0.014744542,8,8,5,5,146.0,205.5,13,400,27,400,60,25,243689.2002,722.3486636,29.26831681,312821926.6
642,1200,850,17093.88847,1044.668534,542.8702685,0,0,38,29,0.024607602,13,13,8,8,85.91666667,97.28571429,10,300,27,400,60,25,284064.6457,765.0646143,25.40749487,312848639.1
643,1250,850,19234.61253,1306.052359,631.1074574,0,0,22,29,0.013676646,8,8,5,5,153.5714286,168.75,13,400,35,400,60,25,207599.3849,623.5548634,25.85841313,317328526.5
644,950,900,17687.38263,774.2917724,701.5644063,0,0,32,32,0.030100499,10,10,8,8,85.77777778,103.1428571,13,400,30,500,60,25,276755.8381,717.2603438,21.56320502,319478868.2
645,1000,800,19139.83918,1279.59573,888.6442725,0,0,42,25,0.025770877,12,12,11,11,77.72727273,65.5,10,100,40,500,50,25,243920.9748,641.9029061,20.0718326,320704785.4
646,1050,1000,19364.36796,950.9462246,868.009699,0,0,26,25,0.012154972,6,6,9,9,181.0,106.875,10,300,35,500,50,25,190770.2988,587.9101405,25.45534125,320791363.5
647,1200,1000,18741.85201,1504.670707,1109.218899,0,0,22,29,0.012109531,8,8,5,5,146.4285714,206.25,13,150,30,400,60,25,236138.8509,707.9584007,29.2151703,321107214.0
648,1250,850,18160.84922,1363.448204,685.2901742,0,0,26,32,0.019680415,11,11,4,4,107.2,224.0,13,250,30,400,60,25,262978.3175,732.4780354,26.23906166,321249913.0
649,1000,850,19313.80393,866.1512296,633.4046175,0,0,28,32,0.026492866,8,8,8,8,118.2857143,96.85714286,10,300,40,400,60,25,249589.6369,662.8415751,21.26143392,321735691.2
650,1100,900,18016.70007,1362.97073,982.8703655,0,0,30,29,0.020015753,6,6,11,11,186.2,73.1,10,100,30,500,60,25,254869.3003,702.0029361,24.51579895,322341661.2
651,1250,900,17660.4716,1094.731807,581.2168616,0,0,44,25,0.019198622,17,17,7,7,69.0625,125.8333333,10,400,27,400,50,25,263831.1938,746.5871069,27.68269145,327052893.6
652,1100,800,19719.88646,1281.891483,733.4981261,0,0,26,29,0.019515359,8,8,7,7,133.0,105.1666667,10,150,40,500,60,25,217484.2525,606.0492204,21.72983336,327632422.2
653,1150,900,19372.38473,1341.656521,877.0666937,0,0,28,25,0.013279679,7,7,9,9,166.5,93.625,13,250,35,500,50,25,205015.3527,613.0486627,25.20790879,327685328.6
654,1100,800,18568.53803,931.0352554,497.1780017,0,0,32,32,0.029245372,11,11,7,7,92.8,104.6666667,10,450,35,400,60,25,274916.83,718.6207176,22.12565844,328056454.0
655,1200,800,18877.08715,1428.311417,703.7512463,0,0,26,32,0.021781709,7,7,8,8,170.3333333,88.85714286,13,200,35,400,60,25,257612.4174,701.2178941,23.84510405,329996534.4
656,1050,800,19652.91514,1757.130431,1159.912739,0,0,30,29,0.023589995,10,10,7,7,97.22222222,104.1666667,13,100,40,500,60,25,254717.9191,671.5816875,21.0648971,330405740.1
657,1250,1000,19080.90721,1455.909517,986.4764099,0,0,16,32,0.010294371,4,4,6,6,357.3333333,164.4,13,200,30,400,60,25,220927.2408,688.0613221,30.26061819,330988957.7
658,1050,1000,18308.33762,882.1829038,805.0977361,0,0,28,32,0.021446606,9,9,7,7,109.0,137.0,13,400,30,400,60,25,268401.7675,740.4377149,25.98938667,332571574.9
659,1050,900,18954.72078,899.9567605,669.6278271,0,0,28,32,0.023829562,6,6,10,10,175.6,80.88888889,10,300,35,400,60,25,257600.662,697.859515,23.50091331,333562594.4
660,1150,1000,18690.33986,1102.250849,853.5528791,0,0,36,25,0.015366486,14,14,6,6,77.30769231,171.0,10,200,30,400,50,25,241329.7163,707.6177065,28.102278,334453481.3
661,950,950,19074.90506,776.3059344,776.3059344,0,0,26,32,0.023169463,7,7,8,8,128.6666667,110.2857143,13,500,35,500,60,25,241592.6621,657.7925811,22.41354679,334858860.0
662,1100,1000,17789.5975,1044.573992,882.2475003,0,0,36,29,0.021617013,12,12,8,8,84.63636364,118.7142857,10,150,27,400,60,25,288050.7454,789.3262174,27.27385458,335710822.1
663,1150,850,20271.73957,1404.749398,828.8550851,0,0,32,25,0.016069528,10,10,8,8,111.0,99.85714286,13,200,40,400,50,25,219005.9471,628.9496757,23.98181478,339747160.2
664,1100,850,19042.56596,1002.817823,614.2393956,0,0,36,29,0.025431781,10,10,10,10,102.7777778,75.0,13,450,35,400,60,25,267479.4224,715.2572846,23.33889023,341553467.4
665,1000,900,20199.47676,1022.506527,846.1513332,0,0,22,32,0.019659389,5,5,8,8,205.5,103.1428571,13,300,40,500,60,25,221009.0016,616.9750684,22.21410567,344365331.4
666,1050,950,19630.76493,960.2919809,796.7386504,0,0,26,29,0.017216558,9,9,6,6,109.375,155.0,13,450,35,500,60,25,221388.5737,637.4128196,24.45882359,344437326.8
667,1050,900,18397.86009,1330.701781,1039.877577,0,0,36,29,0.025162661,11,11,9,9,87.5,90.625,13,150,30,500,60,25,284117.0392,750.374142,23.68219651,346706973.4
668,1100,950,19726.90686,1146.168696,880.6918235,0,0,28,29,0.01769814,8,8,8,8,132.1428571,110.7142857,13,250,35,400,60,25,242390.1136,688.4786193,25.69503901,348755863.7
669,1150,850,17891.8807,975.1951641,551.4591584,0,0,38,29,0.025677498,13,13,8,8,81.75,97.28571429,10,350,27,500,60,25,279425.6988,747.2991099,24.39843669,351144678.6
670,1200,1000,18420.62647,984.934877,689.3742705,0,0,26,32,0.017425367,8,8,7,7,146.8571429,138.0,10,450,27,400,60,25,263844.8514,761.8124379,29.40734501,354130681.4
671,1150,1000,19124.78286,1165.720838,908.1871388,0,0,32,25,0.013659098,9,9,9,9,125.625,106.875,10,200,30,500,50,25,226073.357,677.6518214,27.9973007,354207536.5
672,1150,850,19457.49578,1071.307845,599.5631528,0,0,28,32,0.023037275,8,8,8,8,138.8571429,96.0,13,500,35,400,60,25,260507.4511,710.1700252,24.26818278,355467511.9
673,1250,900,18045.44629,1140.972123,613.7127106,0,0,48,25,0.020943951,14,14,12,12,85.0,68.63636364,10,300,27,400,50,25,281091.3001,780.5404488,27.8013158,355859199.9
674,1150,900,19944.7039,1155.563497,733.5592376,0,0,20,32,0.015541019,7,7,5,5,163.0,182.0,10,250,35,500,60,25,216707.5594,635.8461844,25.2888169,356013527.2
675,1150,800,20245.27507,1110.597361,547.7059851,0,0,26,32,0.02272874,9,9,6,6,122.25,125.6,10,350,40,400,60,25,242098.577,662.3133517,22.81947738,356085221.6
676,1250,950,18560.76832,1116.463371,660.359741,0,0,22,32,0.014899747,7,7,6,6,179.6666667,155.6,10,400,27,500,60,25,238520.1732,709.5523,28.94562255,356392396.5
677,1300,950,18728.62029,1183.983198,646.2225741,0,0,20,32,0.013024255,4,4,8,8,376.0,111.1428571,10,450,27,500,60,25,229287.8311,701.0409251,29.97432593,362761466.9
678,1150,900,21053.95967,1152.385217,720.5644652,0,0,18,32,0.013986917,5,5,6,6,243.0,144.4,13,450,40,400,60,25,203663.9826,610.2124525,25.19910376,363019095.4
679,1000,1000,19805.57078,1399.20828,1399.20828,0,0,28,32,0.022518936,6,6,10,10,164.4,91.33333333,13,100,35,400,60,25,291648.7201,776.6591506,24.99775925,365487610.1
680,1150,1000,18343.79629,1007.939261,777.2585527,0,0,48,25,0.020488648,14,14,12,12,77.30769231,77.72727273,10,250,27,400,50,25,284694.2978,792.7304141,28.40083344,365528489.8
681,1150,1000,20671.30119,1181.20807,913.7600982,0,0,24,25,0.010244324,9,9,5,5,124.875,212.25,13,400,35,500,50,25,193697.1536,614.0117163,27.77465434,367574117.4
682,1100,950,18147.7128,1044.391766,805.5521125,0,0,36,32,0.027706142,11,11,9,9,92.2,96.5,13,250,27,400,60,25,323651.5859,848.0889101,26.2541901,367912710.3
683,1200,1000,19545.54643,1483.586498,1093.128137,0,0,30,25,0.012271846,6,6,11,11,209.8,84.9,13,200,30,500,50,25,231261.6644,698.2136881,29.18205906,368743388.2
684,1200,800,19652.53532,1221.941101,573.2390952,0,0,40,25,0.020453077,12,12,10,10,95.90909091,72.77777778,10,300,35,500,50,25,236762.0439,659.9817687,23.70240211,369092297.7
685,1000,900,20437.565,867.5727032,708.3368626,0,0,36,29,0.026420794,9,9,11,11,103.875,73.1,10,300,40,400,60,25,263583.6296,700.476657,22.50738705,371404374.2
686,1050,900,20869.08646,1180.610472,900.4845233,0,0,26,29,0.018173033,7,7,8,8,146.8333333,104.4285714,10,150,40,500,60,25,223095.2775,630.2671602,23.26299276,371628639.1
687,1000,900,20713.71514,948.491243,780.3132322,0,0,30,29,0.022017329,8,8,9,9,117.8571429,90.625,13,400,40,500,60,25,234615.3506,643.6255761,22.30793158,373190949.1
688,1250,950,18598.83394,1177.964377,706.8601736,0,0,46,25,0.019014903,12,12,13,13,100.4545455,67.08333333,10,250,27,400,50,25,280312.7332,791.7382354,29.23292443,376754901.6
689,1150,800,19753.93562,1448.622155,789.2370196,0,0,46,25,0.024543693,15,15,10,10,71.35714286,72.11111111,13,200,35,500,50,25,267282.2305,712.0935351,22.9919071,380478558.7
690,1300,950,18882.66555,1312.732972,737.9794363,0,0,32,29,0.017114685,8,8,10,10,161.5714286,86.77777778,10,200,27,400,60,25,275424.0618,791.8376465,30.29130139,381118885.1
691,1150,950,18477.12541,939.330518,650.5814507,0,0,42,29,0.025392983,14,14,9,9,75.46153846,97.625,10,350,27,400,60,25,309506.9631,829.7222963,27.24965363,381145680.1
692,1000,1000,19213.20247,805.0977361,805.0977361,0,0,30,32,0.024127432,9,9,8,8,102.75,117.4285714,13,500,30,500,60,25,274805.4606,742.8180784,24.88392018,384188240.8
693,1000,950,21078.14787,915.3673316,831.3351507,0,0,36,25,0.018601535,8,8,12,12,122.1428571,73.18181818,10,300,40,500,50,25,220500.1721,626.0069136,23.36058511,386456776.4
694,1000,1000,21230.07824,1170.32721,1170.32721,0,0,38,25,0.018653206,8,8,13,13,122.1428571,71.25,10,100,40,400,50,25,247130.7657,688.8446599,24.69245166,388421986.3
695,1200,850,20126.76537,1152.363238,593.4060085,0,0,46,25,0.022137448,14,14,11,11,81.15384615,70.5,10,350,35,400,50,25,263565.815,724.7778682,25.26650935,391411851.9
696,1200,950,19718.89214,1371.643403,917.0159214,0,0,38,25,0.016362462,13,13,8,8,87.41666667,114.1428571,13,250,30,500,50,25,252389.8098,727.4221576,27.94814921,392788886.2
697,1250,1000,20146.92148,1224.721267,805.2365023,0,0,18,32,0.011581167,4,4,7,7,359.3333333,138.0,10,300,30,500,60,25,220743.6893,687.3730688,30.26024447,393345407.3
698,1150,800,20132.28084,1254.385492,656.5649174,0,0,30,32,0.026225469,10,10,7,7,108.0,103.6666667,13,300,35,500,60,25,272948.356,723.0584401,23.03134077,395692776.1
699,1200,900,21949.16524,1291.024526,751.2558169,0,0,24,25,0.010908308,9,9,5,5,131.875,188.75,10,300,40,500,50,25,185747.6317,584.1361678,26.1105723,396669410.5
700,950,900,20962.95922,932.3525064,846.1513332,0,0,30,32,0.028219218,10,10,7,7,85.77777778,120.3333333,13,300,40,500,60,25,267053.7237,698.2761218,21.4962498,397575304.6
701,1250,950,20111.93181,1378.858423,845.7183358,0,0,22,32,0.014899747,7,7,6,6,178.6666667,154.4,13,300,30,500,60,25,246092.8985,724.6220233,28.9971986,403935534.1
702,1200,800,21258.60393,1275.185505,591.2348701,0,0,28,32,0.023457225,10,10,6,6,113.5555556,124.4,13,400,40,400,60,25,260941.2804,707.5193456,23.86865256,404711008.7
703,1300,1000,19654.34984,1397.998621,875.6002202,0,0,34,25,0.012838239,11,11,8,8,115.5,122.1428571,10,200,27,500,50,25,246626.343,748.4751286,31.58768798,406009611.8
704,1250,850,21802.04333,1289.06805,604.5870982,0,0,24,29,0.014919978,6,6,8,8,216.2,97.28571429,10,400,40,400,60,25,213907.5419,635.8428312,25.90209629,406708485.0
705,1300,950,21562.65651,1567.262603,892.9449272,0,0,26,25,0.010334186,10,10,5,5,127.6666667,199.75,13,250,35,400,50,25,215054.2906,673.383284,29.87557449,406852221.2
706,1050,1000,20804.76856,950.9462246,868.009699,0,0,38,25,0.017764958,13,13,8,8,75.41666667,122.1428571,10,300,35,500,50,25,236539.3768,677.807796,25.77027315,408285844.7
707,1150,950,20982.11002,1341.656521,962.5895595,0,0,34,25,0.015276623,8,8,11,11,142.7142857,79.9,13,250,35,500,50,25,232916.6711,679.5268814,26.72199333,408967786.3
708,1050,1000,19084.80074,1295.194337,1198.277207,0,0,40,29,0.025162661,13,13,9,9,72.91666667,103.125,13,150,27,500,60,25,314435.2609,831.2608737,26.30503592,409822975.8
709,1050,900,20380.75239,1144.727941,877.0666937,0,0,48,25,0.024933275,14,14,12,12,69.15384615,68.09090909,13,250,35,500,50,25,273263.5905,728.8193066,23.60815812,410121520.9
710,1350,1000,20730.85201,1340.065159,750.0626335,0,0,22,29,0.010764027,8,8,5,5,168.7142857,207.75,10,350,30,400,60,25,228342.9455,722.564549,32.61194506,410236086.4
711,1150,900,21867.25656,1333.438975,860.2364664,0,0,30,25,0.014228228,6,6,11,11,199.8,74.9,13,300,40,500,50,25,210073.3928,622.9170275,25.24289283,410362206.2
712,1350,1000,19895.3552,1392.638046,799.00177,0,0,24,32,0.014297737,10,10,4,4,130.2222222,274.0,13,350,27,400,60,25,270539.0363,805.5768516,32.90193195,412905823.7
713,1000,950,21387.93278,937.9366218,852.4745798,0,0,30,32,0.025397296,8,8,9,9,118.2857143,97.25,10,200,40,400,60,25,274012.9356,731.2009536,23.72856554,412911214.3
714,1100,1000,21042.88715,983.4398546,818.7965243,0,0,26,32,0.019009492,8,8,7,7,131.7142857,137.0,13,500,35,400,60,25,258226.2209,730.5513631,27.06916396,414695036.9
715,1250,950,21394.87917,1227.187192,719.8520344,0,0,32,25,0.013227759,9,9,9,9,138.125,100.625,10,400,35,400,50,25,223216.2502,679.4961788,28.84030932,416154570.0
716,1050,950,21923.27676,1435.50272,1218.05876,0,0,22,32,0.017737794,7,7,6,6,145.3333333,154.4,13,150,40,500,60,25,241729.1627,677.786189,24.59764184,416514626.6
717,1250,950,20131.58762,1301.807328,788.5770851,0,0,28,32,0.018963315,8,8,8,8,153.1428571,110.2857143,13,300,30,400,60,25,283586.9272,798.2661828,29.25519081,418863157.5
718,1300,900,19159.93833,1422.100527,743.6961067,0,0,54,25,0.022655716,18,18,11,11,67.94117647,75.5,10,150,27,400,50,25,316001.8524,858.457043,29.07564934,419328802.5
719,1350,950,19720.55273,1775.210428,988.4041147,0,0,28,32,0.017558625,10,10,6,6,130.2222222,154.4,13,150,27,400,60,25,306190.9852,862.3242582,31.59405991,422229301.5
720,1200,950,21512.20609,1646.991788,1117.86517,0,0,24,29,0.013905681,9,9,5,5,128.875,195.25,10,100,35,500,60,25,237925.4774,699.2005227,27.84811005,422989491.2
721,1200,950,19503.45066,1974.592977,1390.811672,0,0,36,29,0.020858522,11,11,9,9,102.5,96.875,13,100,27,500,60,25,315763.0456,852.5056949,28.38256208,424011123.7
722,1100,850,21652.62948,1122.377116,694.7704424,0,0,32,29,0.022606027,8,8,10,10,133.0,75.66666667,10,250,40,500,60,25,247465.8906,675.960886,23.20114322,425696225.0
723,1050,900,21703.43918,1779.037511,1407.42533,0,0,42,25,0.021816616,13,13,10,10,74.91666667,83.22222222,13,100,40,500,50,25,272259.9695,727.4135055,23.59971795,425919213.5
724,1300,1000,20683.62242,1461.909023,912.9145905,0,0,22,32,0.013610346,5,5,8,8,282.0,118.2857143,10,150,30,400,60,25,258412.3367,771.7277054,31.66850651,426215938.7
725,1200,850,20734.33803,1163.563643,600.2466158,0,0,32,32,0.025231301,10,10,8,8,114.2222222,96.85714286,10,300,35,400,60,25,289007.7061,774.7735611,25.44150751,426303870.2
726,1300,950,20448.19922,1399.327133,788.5770851,0,0,26,32,0.016931531,6,6,9,9,224.4,96.5,13,300,30,400,60,25,275236.2338,791.5092888,30.28989889,430653328.9
727,1000,900,21674.05817,1263.040313,1060.607574,0,0,36,29,0.026420794,9,9,11,11,103.875,73.1,10,100,40,500,60,25,277229.6609,727.6322592,22.60032695,433276421.7
728,1250,850,22306.25777,1438.111094,702.1534974,0,0,22,29,0.013676646,3,3,10,10,537.5,75.0,13,400,40,500,60,25,207599.3849,623.5548634,25.85841313,435185457.4
729,1350,950,20917.39006,1356.038896,690.3943705,0,0,24,29,0.012360605,7,7,7,7,196.8333333,130.1666667,10,400,30,500,60,25,232124.0795,716.2697409,31.08597538,438622297.6
730,1200,900,21352.8544,1339.832073,798.1184577,0,0,30,32,0.022340214,13,13,4,4,85.16666667,240.6666667,13,250,35,400,60,25,289374.3367,787.8741417,26.82307647,439825982.3
731,1100,900,20889.60528,984.1281713,669.6278271,0,0,36,32,0.029245372,11,11,9,9,92.8,91.0,10,300,35,400,60,25,311398.2127,812.6606974,24.90578263,442168659.2
732,1100,1000,22716.46361,1418.062459,1205.867448,0,0,26,29,0.015612287,9,9,6,6,115.625,165.0,13,150,40,400,60,25,247278.5433,709.5158592,26.9925658,442662559.2
733,1200,950,22920.82306,1583.92321,1057.883204,0,0,22,29,0.012746874,5,5,8,8,257.75,111.5714286,10,100,40,400,60,25,227660.9988,679.0394751,27.77748132,445431923.2
734,1150,900,19988.86803,1023.151544,643.2562176,0,0,40,32,0.031082037,12,12,10,10,88.36363636,80.22222222,13,450,30,400,60,25,341142.0878,880.241037,26.14507521,447057628.7
735,1250,850,22458.54622,1352.783448,646.058856,0,0,24,32,0.018166537,8,8,6,6,153.1428571,134.4,13,450,40,400,60,25,243589.5554,694.2173847,26.10613297,447211488.9
736,1200,950,21605.1336,1445.667136,962.5895595,0,0,42,25,0.018084826,12,12,11,11,95.36363636,79.9,13,200,35,400,50,25,271709.7681,765.4746049,28.08080273,447282256.0
737,1300,900,23134.63082,1726.809838,899.9742767,0,0,16,32,0.010998259,6,6,4,4,224.4,240.6666667,13,200,40,400,60,25,214006.2665,658.2245834,28.37354996,448074369.4
738,1150,900,21518.00545,1113.556532,701.2371595,0,0,28,32,0.021757426,8,8,8,8,138.8571429,103.1428571,13,500,35,500,60,25,265315.8408,731.2847207,25.62338207,455440148.2
739,1200,900,22767.94622,1188.073227,675.0682692,0,0,24,32,0.017872172,10,10,4,4,114.2222222,242.6666667,10,400,40,400,60,25,242109.914,694.7868982,26.49854041,456126858.5
740,1250,950,20070.31566,1329.58559,818.4036734,0,0,36,29,0.020024181,9,9,11,11,134.375,77.5,13,300,27,500,60,25,293375.4073,817.4922947,29.32254425,457581752.1
741,1050,950,20370.69296,920.1431147,765.538548,0,0,36,32,0.029025482,10,10,10,10,97.55555556,86.44444444,10,250,30,500,60,25,313445.0209,818.2398456,25.09221649,461604393.1
742,1300,950,20978.59214,2308.845356,1439.350664,0,0,38,25,0.015103811,8,8,13,13,164.1428571,66.58333333,13,100,30,500,50,25,286455.301,814.2884851,30.36507944,462140613.7
743,1350,950,22627.42764,1410.81131,708.7773877,0,0,18,32,0.011287687,7,7,4,4,196.3333333,259.3333333,10,400,35,400,60,25,221432.4229,695.2696486,31.01240729,464724118.3
744,1200,1000,20165.71742,1100.183386,784.5431206,0,0,48,25,0.019634954,13,13,13,13,87.91666667,71.25,10,300,27,500,50,25,287296.8127,807.9494187,29.5685155,467030760.8
745,1150,900,22596.26313,1404.749398,914.9553528,0,0,46,25,0.021816616,13,13,12,12,83.25,68.09090909,13,200,40,400,50,25,277524.179,755.5670126,25.70656356,469968420.3
746,1200,850,22559.165,1208.446788,617.4704331,0,0,36,29,0.023312465,11,11,9,9,103.1,85.125,10,350,40,400,60,25,272737.3738,742.788608,25.32962771,472245400.1
747,1050,1000,22849.80393,967.7983753,881.4342249,0,0,28,32,0.021446606,5,5,11,11,218.0,82.2,13,450,40,400,60,25,267354.0304,738.3527182,25.98225078,472913518.2
748,1350,1000,21812.44006,1669.629339,988.100685,0,0,24,29,0.011742575,8,8,6,6,167.8571429,165.0,13,250,30,500,60,25,248761.8329,762.9328701,32.75173307,478426808.9
749,1350,900,21270.34214,2002.396456,1037.957803,0,0,26,32,0.017210239,8,8,7,7,167.4285714,120.3333333,13,150,30,500,60,25,287598.3433,812.0938868,29.91411153,482229565.5
750,1300,1000,22946.23828,1411.451338,860.725131,0,0,30,25,0.011327858,10,10,7,7,128.3333333,142.5,10,250,35,400,50,25,228780.5259,713.3562225,31.4650745,482926881.4
751,1350,900,22672.45609,2008.838357,1023.132496,0,0,24,29,0.013047306,8,8,6,6,168.7142857,146.2,10,100,35,500,60,25,245158.5525,728.6543421,29.62230823,486365257.7
752,1050,900,21699.00701,937.8129519,701.5935324,0,0,36,32,0.030638008,10,10,10,10,97.55555556,80.88888889,10,300,35,500,60,25,307592.7002,796.0517275,23.84490293,490237083.2
753,1200,1000,23981.62306,1583.92321,1155.185511,0,0,22,29,0.012109531,5,5,8,8,257.75,118.7142857,10,100,40,400,60,25,233077.5364,701.8663849,29.19432041,494034802.5
754,1050,1000,21093.97344,1011.314709,927.5415778,0,0,44,29,0.027678927,12,12,12,12,79.54545455,75.0,13,300,30,500,60,25,322391.3731,846.5630074,26.36066269,499366937.8
755,1150,850,23044.25817,1125.612295,627.1329343,0,0,36,29,0.024326051,13,13,7,7,81.75,113.5,10,400,40,500,60,25,268386.1445,725.5956616,24.32252911,499757619.9
756,1150,1000,21442.11343,1100.988233,851.8426939,0,0,38,29,0.021825873,12,12,9,9,88.63636364,103.125,13,400,30,500,60,25,296975.7004,816.8616132,28.48531707,502148000.7
757,1200,950,23705.27824,1600.962276,1072.550562,0,0,38,25,0.016362462,11,11,10,10,105.5,89.44444444,10,100,40,400,50,25,260180.3784,742.9253891,28.00120894,505653752.0
758,1250,950,24196.14343,2306.055831,1506.384813,0,0,20,29,0.011124545,6,6,6,6,215.0,155.0,13,100,40,500,60,25,238489.1657,710.390792,28.94296872,506117726.7
759,1100,850,23156.90045,1550.15397,1016.426188,0,0,34,32,0.029245372,12,12,7,7,83.81818182,112.0,13,150,40,500,60,25,311022.5877,801.1921895,23.63739529,516835539.6
760,1250,900,24051.48646,1347.914008,717.4867512,0,0,26,29,0.015265348,10,10,5,5,120.1111111,182.75,10,350,40,500,60,25,230167.2883,680.4844616,27.45100355,519337737.0
761,1150,1000,24068.92446,1832.611933,1467.147435,0,0,40,25,0.017073873,13,13,9,9,83.25,106.125,13,100,40,400,50,25,285199.5837,794.5244728,28.40213516,524866590.3
762,1250,950,22948.74096,2000.408149,1292.825583,0,0,36,29,0.020024181,11,11,9,9,107.5,96.875,13,100,35,400,60,25,320604.9941,871.6791724,29.50799854,525754093.8
763,1400,1000,21438.169,1401.257887,737.2311986,0,0,30,32,0.01723388,7,7,10,10,204.6666667,92.0,10,300,27,400,60,25,308348.2842,889.8882973,34.31202799,528491519.6
764,1100,1000,21729.84296,985.0567283,825.2509221,0,0,36,32,0.026320834,9,9,11,11,115.25,82.2,13,450,30,500,60,25,321577.6128,855.0057035,27.50501739,535207149.5
765,1100,1000,24039.93278,1018.325766,845.6411176,0,0,30,32,0.021934029,12,12,5,5,84.36363636,207.0,10,350,40,400,60,25,282023.0568,777.2610949,27.23299142,539437261.1
766,1450,1000,21731.50894,2389.150903,1336.746375,0,0,46,25,0.01557255,11,11,14,14,129.9,65.30769231,13,100,27,400,50,25,338335.8135,959.9141653,35.6653799,542138470.3
767,1150,900,22514.80616,1090.085039,683.2961784,0,0,42,32,0.032636139,13,13,10,10,81.0,80.22222222,13,450,35,400,60,25,353640.0973,904.7890901,26.23107261,544644059.7
768,1150,1000,23055.12166,1183.971012,915.531817,0,0,34,32,0.023777759,9,9,10,10,121.5,91.33333333,13,300,35,400,60,25,317733.6397,857.719183,28.62791754,545649462.9
769,1300,900,23186.69551,1295.823546,628.1623049,0,0,40,29,0.022581875,14,14,8,8,87.0,104.4285714,10,450,35,400,60,25,304260.2982,835.108698,28.99563331,553773514.9
770,1400,1000,21950.88059,1389.942605,729.4531964,0,0,32,29,0.015097597,8,8,10,10,175.8571429,92.33333333,10,400,27,500,60,25,282890.2625,839.827386,34.13700984,553965764.3
771,1450,1000,23138.44006,1556.682687,761.6185052,0,0,24,29,0.010932742,8,8,6,6,183.0,166.2,10,400,30,500,60,25,245986.4827,777.4899232,35.0327447,554061805.9
772,1200,850,22859.25701,1316.677015,705.2543502,0,0,36,32,0.028385214,12,12,8,8,93.45454545,96.85714286,10,200,35,500,60,25,317723.5019,831.2720228,25.63883684,556248216.5
773,1150,950,24437.22948,1268.179985,893.0905283,0,0,32,29,0.019347035,10,10,8,8,108.3333333,110.7142857,13,350,40,500,60,25,262706.0806,737.9148641,26.92730493,558119904.7
774,1200,950,24636.8008,1332.281429,862.4258141,0,0,28,29,0.016223295,6,6,10,10,205.0,86.11111111,13,400,40,500,60,25,244853.3077,712.4563754,27.89673343,559686238.1
775,1200,1000,23605.40209,1166.595074,822.4811492,0,0,42,25,0.017180585,13,13,10,10,87.91666667,95.0,10,400,35,500,50,25,262357.1485,758.9108918,29.39705257,561406422.4
776,1350,950,23921.41002,1779.884281,962.5895595,0,0,34,25,0.01301342,8,8,11,11,171.2857143,79.9,13,250,35,500,50,25,249783.7886,751.2444454,31.20670767,563021983.8
777,1450,1000,23050.71096,1729.412002,878.383884,0,0,40,25,0.013541348,12,12,10,10,118.0909091,94.33333333,13,300,30,400,50,25,284192.8203,852.7610137,35.29501999,564979277.9
778,1050,1000,24326.05817,1028.950087,939.475905,0,0,36,29,0.022646395,12,12,8,8,80.09090909,118.7142857,10,250,40,500,60,25,277688.0778,758.6645089,26.05331995,565681919.2
779,1000,1000,24082.28685,993.4033064,993.4033064,0,0,40,29,0.026420794,11,11,11,11,83.1,83.1,10,200,40,500,60,25,296140.6321,784.8145624,25.03047857,566002808.3
780,1350,900,25001.08389,1682.575778,793.7938554,0,0,28,29,0.015221857,7,7,9,9,195.8333333,90.625,13,300,40,400,60,25,254864.8093,747.4392637,29.68985482,576372317.2
781,1300,900,24973.07676,1962.781679,1058.656732,0,0,22,32,0.015122607,5,5,8,8,282.0,104.0,10,100,40,500,60,25,255246.3774,739.3234463,28.65705585,582329609.4
782,1250,1000,25607.93553,1321.691648,857.1780556,0,0,18,32,0.011581167,6,6,5,5,215.6,207.0,10,400,40,500,60,25,218678.2885,683.2629211,30.24617751,585737462.5
783,1300,900,24971.40393,2209.026246,1222.911937,0,0,28,32,0.019246954,6,6,10,10,224.4,80.22222222,13,100,40,400,60,25,309416.514,846.1530604,29.02862511,596021460.7
784,1350,900,23882.84551,1501.938456,696.4814731,0,0,40,29,0.02174551,11,11,11,11,118.1,73.1,10,250,35,400,60,25,312403.495,860.3496596,30.08605595,601018038.6
785,1200,950,22657.12313,1102.730155,707.374204,0,0,38,32,0.026808257,11,11,10,10,102.8,86.44444444,10,350,30,500,60,25,335391.2487,890.2038531,28.51994077,602753626.2
786,1350,1000,25205.70179,1777.050464,1050.123898,0,0,36,25,0.013089969,9,9,11,11,150.625,85.5,10,150,35,500,50,25,262981.3106,790.8643792,32.84956967,640866424.9
787,1250,1000,24678.63529,1297.065166,849.5890646,0,0,42,29,0.022193467,13,13,10,10,90.08333333,92.33333333,10,250,35,400,60,25,325467.9736,893.1107071,30.98072468,643834036.7
788,1200,1000,23452.72313,1228.7773,882.8314534,0,0,38,32,0.025467844,11,11,10,10,102.2,91.33333333,13,350,30,500,60,25,345132.0045,921.6359572,29.9662311,648599818.8
789,1350,950,22886.60256,1321.070014,678.5360985,0,0,38,32,0.023829562,14,14,7,7,90.61538462,129.6666667,10,350,27,500,60,25,347319.7094,942.55549,31.87855999,651080923.9
790,1350,950,26572.30615,2093.585109,1157.837386,0,0,20,32,0.012541875,6,6,6,6,235.6,155.6,10,100,40,500,60,25,252981.443,757.7292127,31.22815663,657427440.4
791,1350,950,23752.9128,1416.582496,731.4358344,0,0,34,32,0.021321187,10,10,9,9,130.2222222,96.5,13,500,30,500,60,25,323651.8179,896.1023576,31.71561075,658908295.4
792,1250,950,26116.82948,1380.606206,819.9664649,0,0,32,29,0.017799272,8,8,10,10,154.4285714,86.77777778,10,300,40,500,60,25,267287.7476,766.1083814,29.14342778,661088962.9
793,1250,1000,23745.97344,1193.607318,780.8782914,0,0,44,29,0.023250299,12,12,12,12,98.27272727,75.54545455,10,350,30,500,60,25,332899.9024,907.6349808,31.03206158,666309179.5
794,1150,1000,26094.05817,1219.756991,939.475905,0,0,36,29,0.020677143,9,9,11,11,122.625,83.1,10,250,40,500,60,25,286181.3078,795.6460367,28.41107922,669854145.3
795,1300,1000,25392.46885,1786.679033,1143.843226,0,0,44,25,0.016614192,12,12,12,12,104.4545455,77.18181818,13,200,35,500,50,25,293700.8705,841.1677637,31.91097608,674363941.7
796,1350,1000,23320.41081,1322.63774,748.7129826,0,0,44,29,0.021528055,15,15,9,9,84.35714286,103.875,10,350,27,500,60,25,341252.2096,944.3360721,33.38886106,674834905.4
797,1200,1000,25045.80269,1557.610231,1143.843226,0,0,54,25,0.022089323,15,15,14,14,74.92857143,65.30769231,13,200,35,500,50,25,322799.8203,878.0089991,29.81192286,681072370.2
798,1250,900,26126.32984,1477.532838,807.7063736,0,0,32,32,0.02287638,9,9,9,9,134.0,90.25,13,350,40,500,60,25,301340.2763,820.3993756,27.94041132,687355137.8
799,1300,900,26395.13049,1468.138911,728.0444962,0,0,48,25,0.020138414,17,17,9,9,72.1875,94.375,10,350,40,500,50,25,283722.4554,794.8124477,28.85419723,697621701.7
800,1350,1000,23364.43913,1356.771885,773.0905309,0,0,46,32,0.027403996,14,14,11,11,90.15384615,82.2,13,400,27,400,60,25,406446.7762,1072.480409,33.83720801,706049463.6
801,1400,1000,27769.04333,1801.09356,963.6310198,0,0,24,29,0.011323198,6,6,8,8,245.0,117.8571429,13,300,40,400,60,25,250177.8007,775.790646,33.91133383,715045997.4
802,1250,900,25270.25779,1418.813309,781.5077955,0,0,40,32,0.028595474,13,13,9,9,89.83333333,91.0,10,200,35,500,60,25,351736.0585,919.3950388,28.28715074,720157186.9
803,1300,950,25587.25269,1360.837335,745.6965427,0,0,54,25,0.02146331,16,16,13,13,77.0,67.08333333,10,400,35,500,50,25,311080.3608,861.7152747,30.53707425,722545160.4
804,1100,1000,25276.83318,1063.767545,891.2682916,0,0,42,32,0.03070764,12,12,11,11,84.36363636,82.8,10,250,35,500,60,25,359632.2796,929.7655328,27.76682798,724067618.1
805,1450,1000,26500.93641,1893.195735,964.6341876,0,0,32,29,0.01457699,9,9,9,9,160.125,103.875,10,150,35,400,60,25,298398.9636,880.7297011,35.39259289,726206350.7
806,1150,950,26678.02988,1230.404612,862.4258141,0,0,46,29,0.027811362,14,14,11,11,75.0,77.5,13,400,40,500,60,25,333173.1275,876.287434,27.41227786,740201461.0
807,1500,1000,24117.26333,1545.850994,702.4894957,0,0,48,29,0.021136635,14,14,12,12,102.3846154,75.54545455,10,400,27,400,60,25,373314.3597,1037.729221,37.0585392,740818768.4
808,1200,1000,27032.44819,1250.607909,881.4342249,0,0,38,32,0.025467844,10,10,11,11,113.5555556,82.2,13,450,40,400,60,25,342538.7105,916.4753022,29.94856878,750854720.3
809,1500,1000,25292.44474,1720.505364,799.3676862,0,0,42,29,0.018494556,13,13,10,10,110.9166667,92.33333333,10,250,30,400,60,25,346701.0487,985.5645266,36.87512286,752634031.9
810,1350,950,26033.94754,1593.655637,833.447185,0,0,40,32,0.02508375,12,12,10,10,106.5454545,85.77777778,13,300,35,400,60,25,366869.6169,981.1368199,32.01258621,758821690.3
811,1400,1000,26826.54145,1583.353649,831.0996699,0,0,32,29,0.015097597,6,6,12,12,246.2,75.54545455,10,350,35,500,60,25,283841.4919,841.7203324,34.14348843,768147852.8
812,1400,1000,24572.52089,1629.019085,895.4816714,0,0,48,29,0.022646395,16,16,10,10,81.66666667,91.66666667,13,300,27,500,60,25,373351.5433,1017.723217,34.75887857,776802692.2
813,1350,900,27717.52984,1845.399289,898.828206,0,0,32,32,0.021181833,12,12,6,6,107.0909091,145.6,10,150,40,500,60,25,313691.3595,863.0500312,30.09445414,786262777.6
814,1350,1000,28165.46313,1564.105008,878.9444918,0,0,46,25,0.016726072,11,11,14,14,120.5,65.76923077,10,300,40,400,50,25,292285.1706,848.1933858,33.05182594,790560965.7
815,1350,950,28131.38861,1847.952095,989.4937571,0,0,28,32,0.017558625,9,9,7,7,146.5,128.6666667,13,250,40,500,60,25,294743.4447,839.5436525,31.51609341,793362306.9
816,1500,1000,25806.96329,1787.20923,842.5096073,0,0,46,29,0.020255942,15,15,10,10,95.07142857,92.33333333,10,200,30,400,60,25,370016.7555,1031.432254,37.03536021,803586136.0
817,1300,1000,26894.71065,1407.199551,856.7793848,0,0,42,29,0.021339872,11,11,12,12,113.1,75.54545455,10,300,35,500,60,25,328021.1654,908.2315589,32.14807081,808454135.8
818,1200,1000,27938.4012,1321.089714,939.475905,0,0,42,29,0.023118195,12,12,11,11,93.72727273,83.1,10,250,40,500,60,25,321221.3585,874.6199432,29.80184504,812029513.3
819,1400,1000,29039.47676,1712.029152,901.5874109,0,0,22,32,0.012638178,4,4,9,9,407.3333333,102.75,13,500,40,500,60,25,258480.54,791.9434298,33.96888491,828756073.6
820,1400,1000,29049.46313,1767.331011,941.2431415,0,0,46,25,0.016128712,13,13,12,12,104.0833333,77.18181818,13,350,40,400,50,25,300546.913,874.6742533,34.25805166,847567823.4
821,1400,950,28986.03338,1692.690985,806.7213333,0,0,46,25,0.016977592,14,14,11,11,96.53846154,80.5,10,350,40,500,50,25,289422.7365,838.4811421,32.5723478,866839487.7
822,1350,900,28886.84168,1659.654751,778.8726539,0,0,38,32,0.025153427,11,11,10,10,117.2,80.22222222,13,400,40,500,60,25,345133.7638,924.6514581,30.31123016,907388902.8
823,1450,1000,30227.93278,2102.095151,1082.966085,0,0,30,32,0.016639608,10,10,7,7,141.3333333,137.0,13,200,40,400,60,25,326497.2046,936.044649,35.58559295,933528610.9
824,1350,1000,28637.31217,1429.050888,796.8600499,0,0,48,29,0.02348515,17,17,9,9,73.8125,103.875,10,450,35,500,60,25,360129.2375,981.370828,33.51886761,955187351.3
825,1350,1000,30153.50694,1570.859434,882.8855436,0,0,50,29,0.024463698,15,15,12,12,83.92857143,75.0,13,450,40,400,60,25,374383.1251,1009.4708,33.61666727,989050230.1
826,1400,1000,29131.1824,1876.409139,1034.839076,0,0,38,32,0.021829581,12,12,9,9,111.6363636,103.5,10,150,35,500,60,25,367218.4633,1005.74801,34.71648453,993035687.7
827,1500,1000,31004.30935,1961.884171,908.0827636,0,0,48,25,0.015707963,12,12,14,14,123.1818182,65.76923077,10,250,40,400,50,25,314420.603,922.1657614,36.6529909,1006050534.0
828,1450,1000,29298.67394,1678.703497,820.8277839,0,0,54,29,0.02459867,17,17,12,12,80.0625,75.54545455,10,300,35,400,60,25,402224.5743,1084.424754,36.10764227,1024236008.0
829,1500,1000,29708.35616,2012.721854,963.0536838,0,0,42,32,0.022518936,12,12,11,11,120.7272727,82.8,10,150,35,400,60,25,401036.5325,1092.479996,37.24847813,1050336510.0
830,1300,1000,31306.97291,1514.364876,923.2582817,0,0,52,29,0.026420794,16,16,12,12,75.0,75.0,13,450,40,500,60,25,380416.0595,1011.171074,32.508519,1108203026.0
831,1500,1000,33419.01601,2029.153523,951.7901714,0,0,58,25,0.018980456,17,17,14,14,84.6875,65.76923077,10,250,40,500,50,25,352561.5013,997.0804743,36.91543415,1270693546.0
832,1500,1000,32572.98137,2504.25855,1280.393922,0,0,58,29,0.025540101,19,19,12,12,73.61111111,75.0,13,150,35,500,60,25,449067.2587,1187.151166,37.57807326,1355716605.0
