gen,best_obj1,best_obj2
0,0.8136984146733559,0.24260889756487986
1,0.8136984146733559,0.24260889756487986
2,0.8136984146733559,0.24260889756487986
