gen,nevals,avg,max,min,std,success_rate,valid_ratio,avg_cost,max_cost,min_cost,std_cost,avg_co2,max_co2,min_co2,std_co2,avg_dcr,max_dcr,min_dcr,std_dcr,best_margins,min_AM_str,min_AM_drift,min_AM_wind,min_AM_defl,min_AM_hier,min_NM_str,min_NM_drift,min_NM_wind,min_NM_defl,min_NM_hier,hof_avg_cost,hof_max_cost,hof_min_cost,hof_std_cost,hof_avg_co2,hof_max_co2,hof_min_co2,hof_std_co2,hof_avg_dcr,hof_max_dcr,hof_min_dcr,hof_std_dcr,hof_size
0,10,[0.61681539 0.33366514],[0.8826007  0.48643659],[0.43272758 0.2426089 ],[0.13683378 0.0754157 ],100.0,10.0,55298506.718199976,55298506.718199976,55298506.718199976,0.0,170262.99814840013,170262.99814840013,170262.99814840013,0.0,0.24260889756487986,0.24260889756487986,0.24260889756487986,0.0,S:0.00 D:0.00 W:0.00 F:0.00 H:0.00,0.0,0,0.0,0,0.0,0.0,0.0,0.0,0.0,0.0,55298506.718199976,55298506.718199976,55298506.718199976,0.0,170262.99814840013,170262.99814840013,170262.99814840013,0.0,0.24260889756487986,0.24260889756487986,0.24260889756487986,0.0,1
1,9,[0.57710618 0.31537271],[0.81369841 0.36225702],[0.47092363 0.2426089 ],[0.10744544 0.04044706],100.0,10.0,55298506.718199976,55298506.718199976,55298506.718199976,0.0,170262.99814840013,170262.99814840013,170262.99814840013,0.0,0.24260889756487986,0.24260889756487986,0.24260889756487986,0.0,S:0.00 D:0.00 W:0.00 F:0.00 H:0.00,0.0,0,0.0,0,0.0,0.0,0.0,0.0,0.0,0.0,55298506.718199976,55298506.718199976,55298506.718199976,0.0,170262.99814840013,170262.99814840013,170262.99814840013,0.0,0.24260889756487986,0.24260889756487986,0.24260889756487986,0.0,1
2,5,[0.59904449 0.29390834],[0.81369841 0.36694672],[0.43662054 0.2426089 ],[0.09416181 0.03299799],100.0,10.0,55298506.718199976,55298506.718199976,55298506.718199976,0.0,170262.99814840013,170262.99814840013,170262.99814840013,0.0,0.24260889756487986,0.24260889756487986,0.24260889756487986,0.0,S:0.00 D:0.00 W:0.00 F:0.00 H:0.00,0.0,0,0.0,0,0.0,0.0,0.0,0.0,0.0,0.0,55298506.718199976,55298506.718199976,55298506.718199976,0.0,170262.99814840013,170262.99814840013,170262.99814840013,0.0,0.24260889756487986,0.24260889756487986,0.24260889756487986,0.0,1
