Solution_ID,Element_ID,ElementType,DCR
1,1,Column,0.3599155660432453
1,2,Column,0.57327754911746
1,3,Column,0.24603758121176433
1,4,Column,0.3131737640519249
1,5,Column,0.5581373520113437
1,6,Column,0.5494522341068753
1,7,Column,0.6028080381065286
1,8,Column,0.5911183963888397
1,9,Column,0.3524757469751636
1,10,Column,0.6816302936463055
1,11,Column,0.4562057008995868
1,12,Column,0.4925640392498235
1,13,Column,0.3392708567731551
1,14,Column,0.4661548122491192
1,15,Column,0.3425403904133818
1,16,Column,0.21858964861210764
1,17,Column,0.23200979562493176
1,18,Column,0.28476822678776587
1,19,Column,0.22785670253614143
1,20,Column,0.2713224616324592
1,21,Column,0.5048762036113345
1,22,Column,0.5896009314814384
1,23,Column,0.37485164793721537
1,24,Column,0.19411872825917684
1,25,Column,0.3985228494177141
1,26,Column,0.5470599815086764
1,27,Column,0.24259159087076512
1,28,Column,0.16673429278468313
1,29,Column,0.295828067730694
1,30,Column,0.19874194399324485
1,31,Column,0.09353997862259483
1,32,Column,0.10508127350520025
1,33,Column,0.12878874920618827
1,34,Column,0.09206393867876489
1,35,Column,0.20796869787078787
1,36,Column,0.3176137808760679
1,37,Column,0.5154126108606325
1,38,Column,0.20813482618276946
1,39,Column,0.09199870163803156
1,40,Column,0.2040591618064405
1,41,Column,0.4351330416460262
1,42,Column,0.1875299633175124
1,43,Column,0.10045332511122802
1,44,Column,0.11557178971452974
1,45,Column,0.08631207537099202
1,46,Column,0.12582242701689614
1,47,Column,0.22465223664167852
1,48,Column,0.21214972922524278
1,49,Column,0.13913999422031498
1,50,Column,0.19849168537457182
1,51,Column,0.09938599995423093
1,52,Column,0.10240851567300265
1,53,Column,0.23485561925717707
1,54,Column,0.15111732673709222
1,55,Column,0.16798475977751343
1,56,Column,0.11930222430696882
1,57,Column,0.23258044494333543
1,58,Column,0.13748236869765007
1,59,Column,0.12884746379222836
1,60,Column,0.13465503214447747
1,61,Beam,0.49235882602247505
1,62,Beam,0.4939724375038949
1,63,Beam,0.4931965697451085
1,64,Beam,0.5502987894503186
1,65,Beam,0.5497680922746645
1,66,Beam,0.5504171126810582
1,67,Beam,0.28864698827870916
1,68,Beam,0.49517064342402783
1,69,Beam,0.49624515138668956
1,70,Beam,0.32841786387642086
1,71,Beam,0.32744130070970806
1,72,Beam,0.4765444846474588
1,73,Beam,0.260903889229172
1,74,Beam,0.6596134920116228
1,75,Beam,0.441756048696283
1,76,Beam,0.14521544580647425
1,77,Beam,0.6595838590822768
1,78,Beam,0.4424688524006849
1,79,Beam,0.28049695568224375
1,80,Beam,0.4763084492378938
1,81,Beam,0.26086868340439234
1,82,Beam,0.16993280235409955
1,83,Beam,0.4229347251608947
1,84,Beam,0.5580398801137518
1,85,Beam,0.5591453203400651
1,86,Beam,0.4406559152364326
1,87,Beam,0.7413290726488458
1,88,Beam,0.7386261533851396
1,89,Beam,0.25678996060591214
1,90,Beam,0.6670294511837745
1,91,Beam,0.6661712601567926
1,92,Beam,0.5077119202001065
1,93,Beam,0.5079841393187393
1,94,Beam,0.24533783601624934
1,95,Beam,0.13431118011902318
1,96,Beam,0.8860539314801674
1,97,Beam,0.5904209942998245
1,98,Beam,0.3772756245251393
1,99,Beam,0.8860359727753487
1,100,Beam,0.5908660200473347
1,101,Beam,0.7398907333216906
1,102,Beam,0.4750787537920175
1,103,Beam,0.25955711010399163
1,104,Beam,0.32989166286751975
1,105,Beam,0.47754709847792837
1,106,Beam,0.47303146982693717
1,107,Beam,0.478287143215296
1,108,Beam,0.6302880614461898
1,109,Beam,0.6291652573173284
1,110,Beam,0.460480759024122
1,111,Beam,0.32883252184384815
1,112,Beam,0.5787747942759149
1,113,Beam,0.42628680685894105
1,114,Beam,0.5248615212594011
1,115,Beam,0.4421100065318928
1,116,Beam,0.29376026833047997
1,117,Beam,0.2724616974726741
1,118,Beam,0.49115817588577865
1,119,Beam,0.5056767572044595
1,120,Beam,0.31902487123487316
1,121,Beam,0.4910784574136157
1,122,Beam,0.5033614581242016
1,123,Beam,0.6248023398591143
1,124,Beam,0.2937044969297313
1,125,Beam,0.17814757590722896
1,126,Beam,0.2233556288672156
1,127,Beam,0.43275743549518864
1,128,Beam,0.5297174741933064
1,129,Beam,0.530216627284519
1,130,Beam,0.4086989763717211
1,131,Beam,0.5713894181938295
1,132,Beam,0.5686236571422724
1,133,Beam,0.25586264153262417
1,134,Beam,0.5158263663584336
1,135,Beam,0.5173848272859827
1,136,Beam,0.39956164055879884
1,137,Beam,0.40040332496490777
1,138,Beam,0.28934680551583997
1,139,Beam,0.1787797523938568
1,140,Beam,0.6817265541554984
1,141,Beam,0.4609035231550991
1,142,Beam,0.1937426924329977
1,143,Beam,0.6818123262299398
1,144,Beam,0.46268928652987623
1,145,Beam,0.37413661864864883
1,146,Beam,0.4388101933799509
1,147,Beam,0.27304229398171737
1,148,Beam,0.222756493980776
2,1,Column,0.36724547251048933
2,2,Column,0.369674690057809
2,3,Column,0.24602605134657243
2,4,Column,0.41127713541365024
2,5,Column,0.44151453499761273
2,6,Column,0.5427122651801345
2,7,Column,0.5937549598136527
2,8,Column,0.5576609791795726
2,9,Column,0.29646791073097795
2,10,Column,0.6775482657212526
2,11,Column,0.41737896056979384
2,12,Column,0.5025918327465135
2,13,Column,0.26744713335263837
2,14,Column,0.5099238364301503
2,15,Column,0.35179181045913954
2,16,Column,0.17273851373221427
2,17,Column,0.2606580404487474
2,18,Column,0.3003597756821474
2,19,Column,0.18905546510390273
2,20,Column,0.1767725877199895
2,21,Column,0.5348946570248455
2,22,Column,0.3039971320853677
2,23,Column,0.26464563953598247
2,24,Column,0.17544029321094254
2,25,Column,0.3598963949314238
2,26,Column,0.29055121860349276
2,27,Column,0.22280417613095305
2,28,Column,0.17148733663373583
2,29,Column,0.19813226796448205
2,30,Column,0.1536782195917114
2,31,Column,0.10209185584301553
2,32,Column,0.23778909418611602
2,33,Column,0.14471086019215168
2,34,Column,0.0986181518031171
2,35,Column,0.13075465733363467
2,36,Column,0.47770320907658004
2,37,Column,0.3172455192614726
2,38,Column,0.13640552299265732
2,39,Column,0.0874823100058645
2,40,Column,0.28550931527209095
2,41,Column,0.26837913973684696
2,42,Column,0.10877450979359093
2,43,Column,0.10206863051111448
2,44,Column,0.20506684905868564
2,45,Column,0.09376500475535242
2,46,Column,0.13451787187626052
2,47,Column,0.2602901211438989
2,48,Column,0.2460072571909057
2,49,Column,0.15585813781484878
2,50,Column,0.1657334890217024
2,51,Column,0.12989642271005877
2,52,Column,0.18694459846742376
2,53,Column,0.17028789401955324
2,54,Column,0.12360323048334625
2,55,Column,0.10148143575265378
2,56,Column,0.11049897035195909
2,57,Column,0.15286969119339341
2,58,Column,0.14178974956106657
2,59,Column,0.16905902693521946
2,60,Column,0.11917005343142538
2,61,Beam,0.39520578503270043
2,62,Beam,0.39853416911857004
2,63,Beam,0.39657215355151615
2,64,Beam,0.5502988054150569
2,65,Beam,0.5497680911098664
2,66,Beam,0.5504171261896535
2,67,Beam,0.22567064454361108
2,68,Beam,0.4951706444009594
2,69,Beam,0.49624516330407703
2,70,Beam,0.17039112294968034
2,71,Beam,0.17038704032265656
2,72,Beam,0.525007276735304
2,73,Beam,0.39288091726315855
2,74,Beam,0.6596135010600817
2,75,Beam,0.44175604746159736
2,76,Beam,0.2425170056807676
2,77,Beam,0.6595838682312201
2,78,Beam,0.44246885126063323
2,79,Beam,0.33633932695984037
2,80,Beam,0.5250201918646581
2,81,Beam,0.392604105310811
2,82,Beam,0.3238972237008815
2,83,Beam,0.20413961921783633
2,84,Beam,0.398394487056646
2,85,Beam,0.39480884848444675
2,86,Beam,0.3785754602376318
2,87,Beam,0.7413290759680017
2,88,Beam,0.7386261154235215
2,89,Beam,0.161126150456943
2,90,Beam,0.667029455701051
2,91,Beam,0.6661712262891202
2,92,Beam,0.33142940774664437
2,93,Beam,0.3300518429906026
2,94,Beam,0.4092849995133232
2,95,Beam,0.3890805323292052
2,96,Beam,0.8860539055897367
2,97,Beam,0.636189382177581
2,98,Beam,0.4095162445714401
2,99,Beam,0.8860359470488732
2,100,Beam,0.6361735738437407
2,101,Beam,0.7398906953240845
2,102,Beam,0.5724025608352685
2,103,Beam,0.4572512076787859
2,104,Beam,0.49630270630363077
2,105,Beam,0.2664560722479893
2,106,Beam,0.2651961584463003
2,107,Beam,0.266531989487515
2,108,Beam,0.6259503097557597
2,109,Beam,0.6254703400350261
2,110,Beam,0.41057960160417006
2,111,Beam,0.2586715644660599
2,112,Beam,0.564661607952867
2,113,Beam,0.3707837716296732
2,114,Beam,0.33885688886270254
2,115,Beam,0.22368128875813167
2,116,Beam,0.46459747225408754
2,117,Beam,0.48439175343977325
2,118,Beam,0.4923081920032304
2,119,Beam,0.5784353482348245
2,120,Beam,0.36847427484894063
2,121,Beam,0.492041609172171
2,122,Beam,0.5759438237419326
2,123,Beam,0.6248022856216389
2,124,Beam,0.4640954369498961
2,125,Beam,0.42359971085169745
2,126,Beam,0.42926220021196954
2,127,Beam,0.22877208449849715
2,128,Beam,0.35165833351198383
2,129,Beam,0.3486970983308349
2,130,Beam,0.37455150061235515
2,131,Beam,0.5713894228994044
2,132,Beam,0.5686237307477903
2,133,Beam,0.15805587952215075
2,134,Beam,0.5144708610672538
2,135,Beam,0.5127711808056091
2,136,Beam,0.19189644632327718
2,137,Beam,0.1918633246667526
2,138,Beam,0.41149087646811205
2,139,Beam,0.3613900995983001
2,140,Beam,0.6817266001510711
2,141,Beam,0.5065940670333995
2,142,Beam,0.2629407409430528
2,143,Beam,0.6818123734565608
2,144,Beam,0.5072671367489786
2,145,Beam,0.4018654855887585
2,146,Beam,0.5181853793454596
2,147,Beam,0.4086242062237677
2,148,Beam,0.36773803396404875
3,1,Column,0.36724547251048933
3,2,Column,0.41598472894933014
3,3,Column,0.24602605134657243
3,4,Column,0.41127713541364996
3,5,Column,0.4905423789393334
3,6,Column,0.5427122651801345
3,7,Column,0.5937549598136527
3,8,Column,0.668816964827935
3,9,Column,0.3490353414012693
3,10,Column,0.6775482657212526
3,11,Column,0.41737896056979384
3,12,Column,0.5505803896413224
3,13,Column,0.32407723558093776
3,14,Column,0.4803075329710409
3,15,Column,0.35179181045913954
3,16,Column,0.1727385137322145
3,17,Column,0.2606580404487476
3,18,Column,0.30035977568214717
3,19,Column,0.18905546510390275
3,20,Column,0.17677258771998958
3,21,Column,0.5348946570248455
3,22,Column,0.3039971320853677
3,23,Column,0.26464563953598247
3,24,Column,0.17544029321094282
3,25,Column,0.3598963949314238
3,26,Column,0.2905512186034927
3,27,Column,0.22280417613095305
3,28,Column,0.17148733663373583
3,29,Column,0.19813226796448205
3,30,Column,0.1536782195917114
3,31,Column,0.10209185584301553
3,32,Column,0.23778909418611602
3,33,Column,0.14471086019215132
3,34,Column,0.09861815180311609
3,35,Column,0.13075465733363467
3,36,Column,0.47770320907658004
3,37,Column,0.3172455192614725
3,38,Column,0.13640552299265732
3,39,Column,0.08748231000586493
3,40,Column,0.28550931527209095
3,41,Column,0.26837913973684774
3,42,Column,0.10877450979359052
3,43,Column,0.10206863051111457
3,44,Column,0.20506684905868564
3,45,Column,0.0937650047553525
3,46,Column,0.14588303494783264
3,47,Column,0.26029012114389954
3,48,Column,0.24600725719090524
3,49,Column,0.1735286426442839
3,50,Column,0.16573348902170154
3,51,Column,0.1298964227100583
3,52,Column,0.18694459846742315
3,53,Column,0.17028789401955324
3,54,Column,0.12360323048334673
3,55,Column,0.101481435752654
3,56,Column,0.11049897035195909
3,57,Column,0.15286969119339341
3,58,Column,0.1417897495610669
3,59,Column,0.1690590269352208
3,60,Column,0.11570202884768775
3,61,Beam,0.39520578503270043
3,62,Beam,0.39853416911857004
3,63,Beam,0.39657215355151615
3,64,Beam,0.5502988054150569
3,65,Beam,0.5497680911098664
3,66,Beam,0.5504171261896535
3,67,Beam,0.22567064454361108
3,68,Beam,0.4951706444009594
3,69,Beam,0.49624516330407703
3,70,Beam,0.17039112294968034
3,71,Beam,0.17038704032265656
3,72,Beam,0.525007276735304
3,73,Beam,0.39288091726315855
3,74,Beam,0.6596135010600817
3,75,Beam,0.44175604746159736
3,76,Beam,0.2425170056807676
3,77,Beam,0.6595838682312201
3,78,Beam,0.44246885126063323
3,79,Beam,0.33633932695984037
3,80,Beam,0.5250201918646581
3,81,Beam,0.392604105310811
3,82,Beam,0.3238972237008815
3,83,Beam,0.20413961921783633
3,84,Beam,0.398394487056646
3,85,Beam,0.39480884848444675
3,86,Beam,0.3785754602376318
3,87,Beam,0.7413290759680017
3,88,Beam,0.7386261154235215
3,89,Beam,0.161126150456943
3,90,Beam,0.667029455701051
3,91,Beam,0.6661712262891202
3,92,Beam,0.33142940774664437
3,93,Beam,0.3300518429906026
3,94,Beam,0.40928499951332314
3,95,Beam,0.3890805323292052
3,96,Beam,0.8860539055897367
3,97,Beam,0.636189382177581
3,98,Beam,0.4095162445714401
3,99,Beam,0.8860359470488732
3,100,Beam,0.6361735738437407
3,101,Beam,0.7398906953240845
3,102,Beam,0.5724025608352683
3,103,Beam,0.4572512076787859
3,104,Beam,0.49630270630363077
3,105,Beam,0.2664560722479893
3,106,Beam,0.2651961584463003
3,107,Beam,0.266531989487515
3,108,Beam,0.6259503097557597
3,109,Beam,0.6254703400350261
3,110,Beam,0.41057960160417006
3,111,Beam,0.2586715644660599
3,112,Beam,0.564661607952867
3,113,Beam,0.3707837716296732
3,114,Beam,0.33885688886270254
3,115,Beam,0.22368128875813167
3,116,Beam,0.46459747225408743
3,117,Beam,0.48439175343977314
3,118,Beam,0.4923081920032304
3,119,Beam,0.5784353482348243
3,120,Beam,0.36847427484894063
3,121,Beam,0.492041609172171
3,122,Beam,0.5759438237419326
3,123,Beam,0.6248022856216389
3,124,Beam,0.46409543694989597
3,125,Beam,0.42359971085169745
3,126,Beam,0.42926220021196954
3,127,Beam,0.22877208449849715
3,128,Beam,0.35165833351198383
3,129,Beam,0.3486970983308349
3,130,Beam,0.37455150061235515
3,131,Beam,0.5713894228994044
3,132,Beam,0.5686237307477903
3,133,Beam,0.15805587952215075
3,134,Beam,0.5144708610672538
3,135,Beam,0.5127711808056091
3,136,Beam,0.19189644632327718
3,137,Beam,0.1918633246667526
3,138,Beam,0.41149087646811205
3,139,Beam,0.36139009959830004
3,140,Beam,0.6817266001510711
3,141,Beam,0.5065940670333995
3,142,Beam,0.2629407409430528
3,143,Beam,0.6818123734565608
3,144,Beam,0.5072671367489785
3,145,Beam,0.40186548558875845
3,146,Beam,0.5181853793454596
3,147,Beam,0.4086242062237676
3,148,Beam,0.36773803396404875
4,1,Column,0.3038219984844275
4,2,Column,0.3696746900578088
4,3,Column,0.24602605134657243
4,4,Column,0.3602326412601595
4,5,Column,0.44151453499761273
4,6,Column,0.5427122651801345
4,7,Column,0.5937549598136527
4,8,Column,0.5576609791795726
4,9,Column,0.29646791073097795
4,10,Column,0.6775482657212526
4,11,Column,0.41737896056979384
4,12,Column,0.5025918327465138
4,13,Column,0.2674471333526386
4,14,Column,0.5099238364301503
4,15,Column,0.30064357495251276
4,16,Column,0.17273851373221427
4,17,Column,0.2606580404487474
4,18,Column,0.3003597756821474
4,19,Column,0.18905546510390273
4,20,Column,0.17677258771998958
4,21,Column,0.5348946570248455
4,22,Column,0.3039971320853677
4,23,Column,0.26464563953598247
4,24,Column,0.17544029321094282
4,25,Column,0.359896394931424
4,26,Column,0.29055121860349276
4,27,Column,0.22280417613095305
4,28,Column,0.17148733663373583
4,29,Column,0.19813226796448205
4,30,Column,0.1536782195917114
4,31,Column,0.10209185584301553
4,32,Column,0.23778909418611602
4,33,Column,0.14471086019215157
4,34,Column,0.0986181518031171
4,35,Column,0.13075465733363467
4,36,Column,0.47770320907658004
4,37,Column,0.3172455192614726
4,38,Column,0.13640552299265732
4,39,Column,0.08748231000586469
4,40,Column,0.28550931527209095
4,41,Column,0.26837913973684696
4,42,Column,0.10877450979359093
4,43,Column,0.10206863051111448
4,44,Column,0.20506684905868564
4,45,Column,0.09376500475535242
4,46,Column,0.13451787187626052
4,47,Column,0.2602901211438989
4,48,Column,0.24600725719090452
4,49,Column,0.15585813781484878
4,50,Column,0.1657334890217024
4,51,Column,0.12989642271005877
4,52,Column,0.18694459846742376
4,53,Column,0.17028789401955324
4,54,Column,0.12360323048334625
4,55,Column,0.10148143575265386
4,56,Column,0.11049897035195909
4,57,Column,0.15286969119339341
4,58,Column,0.14178974956106657
4,59,Column,0.16905902693521946
4,60,Column,0.11917005343142538
4,61,Beam,0.39520578503270043
4,62,Beam,0.39853416911857004
4,63,Beam,0.39657215355151615
4,64,Beam,0.5502988054150569
4,65,Beam,0.5497680911098664
4,66,Beam,0.5504171261896535
4,67,Beam,0.22567064454361108
4,68,Beam,0.4951706444009594
4,69,Beam,0.49624516330407703
4,70,Beam,0.17039112294968034
4,71,Beam,0.17038704032265656
4,72,Beam,0.525007276735304
4,73,Beam,0.39288091726315855
4,74,Beam,0.6596135010600817
4,75,Beam,0.44175604746159736
4,76,Beam,0.2425170056807676
4,77,Beam,0.6595838682312201
4,78,Beam,0.44246885126063323
4,79,Beam,0.33633932695984037
4,80,Beam,0.5250201918646581
4,81,Beam,0.392604105310811
4,82,Beam,0.3238972237008815
4,83,Beam,0.20413961921783633
4,84,Beam,0.398394487056646
4,85,Beam,0.39480884848444675
4,86,Beam,0.3785754602376318
4,87,Beam,0.7413290759680017
4,88,Beam,0.7386261154235215
4,89,Beam,0.161126150456943
4,90,Beam,0.667029455701051
4,91,Beam,0.6661712262891202
4,92,Beam,0.33142940774664437
4,93,Beam,0.3300518429906026
4,94,Beam,0.4092849995133232
4,95,Beam,0.3890805323292052
4,96,Beam,0.8860539055897367
4,97,Beam,0.636189382177581
4,98,Beam,0.4095162445714401
4,99,Beam,0.8860359470488732
4,100,Beam,0.6361735738437407
4,101,Beam,0.7398906953240845
4,102,Beam,0.5724025608352685
4,103,Beam,0.4572512076787859
4,104,Beam,0.49630270630363077
4,105,Beam,0.2664560722479893
4,106,Beam,0.2651961584463003
4,107,Beam,0.266531989487515
4,108,Beam,0.6259503097557597
4,109,Beam,0.6254703400350261
4,110,Beam,0.41057960160417006
4,111,Beam,0.2586715644660599
4,112,Beam,0.564661607952867
4,113,Beam,0.3707837716296732
4,114,Beam,0.33885688886270254
4,115,Beam,0.22368128875813167
4,116,Beam,0.46459747225408754
4,117,Beam,0.48439175343977325
4,118,Beam,0.4923081920032304
4,119,Beam,0.5784353482348243
4,120,Beam,0.36847427484894063
4,121,Beam,0.492041609172171
4,122,Beam,0.5759438237419326
4,123,Beam,0.6248022856216389
4,124,Beam,0.4640954369498961
4,125,Beam,0.42359971085169745
4,126,Beam,0.42926220021196954
4,127,Beam,0.22877208449849715
4,128,Beam,0.35165833351198383
4,129,Beam,0.3486970983308349
4,130,Beam,0.37455150061235515
4,131,Beam,0.5713894228994044
4,132,Beam,0.5686237307477903
4,133,Beam,0.15805587952215075
4,134,Beam,0.5144708610672538
4,135,Beam,0.5127711808056091
4,136,Beam,0.19189644632327718
4,137,Beam,0.1918633246667526
4,138,Beam,0.41149087646811205
4,139,Beam,0.3613900995983001
4,140,Beam,0.6817266001510711
4,141,Beam,0.5065940670333995
4,142,Beam,0.2629407409430528
4,143,Beam,0.6818123734565608
4,144,Beam,0.5072671367489786
4,145,Beam,0.4018654855887585
4,146,Beam,0.5181853793454596
4,147,Beam,0.4086242062237677
4,148,Beam,0.36773803396404875
5,1,Column,0.3038219984844275
5,2,Column,0.3696746900578088
5,3,Column,0.24602605134657243
5,4,Column,0.3602326412601595
5,5,Column,0.44151453499761273
5,6,Column,0.5427122651801344
5,7,Column,0.5937549598136527
5,8,Column,0.5576609791795726
5,9,Column,0.296467910730978
5,10,Column,0.6775482657212526
5,11,Column,0.41737896056979384
5,12,Column,0.5025918327465138
5,13,Column,0.2674471333526386
5,14,Column,0.5099238364301503
5,15,Column,0.30064357495251276
5,16,Column,0.1727385137322145
5,17,Column,0.2606580404487476
5,18,Column,0.30035977568214633
5,19,Column,0.18905546510390275
5,20,Column,0.1767725877199895
5,21,Column,0.5348946570248455
5,22,Column,0.3039971320853677
5,23,Column,0.26464563953598247
5,24,Column,0.17544029321094257
5,25,Column,0.35989639493142433
5,26,Column,0.2905512186034925
5,27,Column,0.22280417613095305
5,28,Column,0.17148733663373583
5,29,Column,0.19813226796448205
5,30,Column,0.15367821959171113
5,31,Column,0.10209185584301553
5,32,Column,0.23778909418611602
5,33,Column,0.1447108601921522
5,34,Column,0.09861815180311734
5,35,Column,0.13075465733363467
5,36,Column,0.47770320907658004
5,37,Column,0.3172455192614726
5,38,Column,0.13640552299265732
5,39,Column,0.0874823100058645
5,40,Column,0.28550931527209095
5,41,Column,0.26837913973684696
5,42,Column,0.10877450979359102
5,43,Column,0.10206863051111441
5,44,Column,0.20506684905868564
5,45,Column,0.09376500475535218
5,46,Column,0.13451787187625946
5,47,Column,0.2602901211438989
5,48,Column,0.24600725719090472
5,49,Column,0.15585813781484878
5,50,Column,0.1657334890217024
5,51,Column,0.12989642271005816
5,52,Column,0.18694459846742376
5,53,Column,0.17028789401955324
5,54,Column,0.12360323048334744
5,55,Column,0.10148143575265448
5,56,Column,0.11049897035195909
5,57,Column,0.15286969119339341
5,58,Column,0.14178974956106646
5,59,Column,0.16905902693521946
5,60,Column,0.11917005343142538
5,61,Beam,0.39520578503270043
5,62,Beam,0.39853416911857004
5,63,Beam,0.39657215355151615
5,64,Beam,0.5502988054150569
5,65,Beam,0.5497680911098664
5,66,Beam,0.5504171261896535
5,67,Beam,0.22567064454361108
5,68,Beam,0.4951706444009594
5,69,Beam,0.49624516330407703
5,70,Beam,0.17039112294968034
5,71,Beam,0.17038704032265656
5,72,Beam,0.525007276735304
5,73,Beam,0.39288091726315855
5,74,Beam,0.6596135010600817
5,75,Beam,0.44175604746159736
5,76,Beam,0.2425170056807676
5,77,Beam,0.6595838682312201
5,78,Beam,0.44246885126063323
5,79,Beam,0.33633932695984037
5,80,Beam,0.5250201918646581
5,81,Beam,0.392604105310811
5,82,Beam,0.3238972237008815
5,83,Beam,0.20413961921783633
5,84,Beam,0.398394487056646
5,85,Beam,0.39480884848444675
5,86,Beam,0.3785754602376318
5,87,Beam,0.7413290759680017
5,88,Beam,0.7386261154235215
5,89,Beam,0.161126150456943
5,90,Beam,0.667029455701051
5,91,Beam,0.6661712262891202
5,92,Beam,0.33142940774664437
5,93,Beam,0.3300518429906026
5,94,Beam,0.40928499951332314
5,95,Beam,0.3890805323292052
5,96,Beam,0.8860539055897367
5,97,Beam,0.636189382177581
5,98,Beam,0.4095162445714401
5,99,Beam,0.8860359470488732
5,100,Beam,0.6361735738437407
5,101,Beam,0.7398906953240845
5,102,Beam,0.5724025608352685
5,103,Beam,0.4572512076787859
5,104,Beam,0.4963027063036308
5,105,Beam,0.2664560722479893
5,106,Beam,0.2651961584463003
5,107,Beam,0.266531989487515
5,108,Beam,0.6259503097557597
5,109,Beam,0.6254703400350261
5,110,Beam,0.41057960160417006
5,111,Beam,0.2586715644660599
5,112,Beam,0.564661607952867
5,113,Beam,0.3707837716296732
5,114,Beam,0.33885688886270254
5,115,Beam,0.22368128875813167
5,116,Beam,0.46459747225408743
5,117,Beam,0.48439175343977325
5,118,Beam,0.4923081920032304
5,119,Beam,0.5784353482348243
5,120,Beam,0.36847427484894063
5,121,Beam,0.492041609172171
5,122,Beam,0.5759438237419326
5,123,Beam,0.6248022856216389
5,124,Beam,0.4640954369498961
5,125,Beam,0.42359971085169745
5,126,Beam,0.42926220021196954
5,127,Beam,0.22877208449849715
5,128,Beam,0.35165833351198383
5,129,Beam,0.3486970983308349
5,130,Beam,0.37455150061235515
5,131,Beam,0.5713894228994044
5,132,Beam,0.5686237307477903
5,133,Beam,0.15805587952215075
5,134,Beam,0.5144708610672538
5,135,Beam,0.5127711808056091
5,136,Beam,0.19189644632327718
5,137,Beam,0.1918633246667526
5,138,Beam,0.41149087646811205
5,139,Beam,0.3613900995983001
5,140,Beam,0.6817266001510711
5,141,Beam,0.5065940670333995
5,142,Beam,0.2629407409430528
5,143,Beam,0.6818123734565608
5,144,Beam,0.5072671367489786
5,145,Beam,0.4018654855887585
5,146,Beam,0.5181853793454596
5,147,Beam,0.4086242062237677
5,148,Beam,0.36773803396404875
6,1,Column,0.3043162983078676
6,2,Column,0.2293351798306531
6,3,Column,0.2460090272943839
6,4,Column,0.36009152798196015
6,5,Column,0.44175392684700376
6,6,Column,0.5314746373755941
6,7,Column,0.5942470396943172
6,8,Column,0.5577184219574359
6,9,Column,0.29661516745814637
6,10,Column,0.8446263753088465
6,11,Column,0.418054958458548
6,12,Column,0.5028317124108411
6,13,Column,0.26809014470944026
6,14,Column,0.4802309915626959
6,15,Column,0.3007903583637328
6,16,Column,0.17274260928992857
6,17,Column,0.29467080333559453
6,18,Column,0.26309977965433595
6,19,Column,0.1891937080252044
6,20,Column,0.17677406206529814
6,21,Column,0.5358764622139361
6,22,Column,0.3050017936147854
6,23,Column,0.23480188013630737
6,24,Column,0.175293871212038
6,25,Column,0.33545940909038835
6,26,Column,0.2915092556854296
6,27,Column,0.22295214909154495
6,28,Column,0.1715121763076269
6,29,Column,0.23527901230863238
6,30,Column,0.15361758286545416
6,31,Column,0.1022332665171592
6,32,Column,0.23790001158419727
6,33,Column,0.16282254063735002
6,34,Column,0.09883954134218244
6,35,Column,0.13101752648668763
6,36,Column,0.51076776374096
6,37,Column,0.3187314408938763
6,38,Column,0.13621631643295565
6,39,Column,0.10120188383964292
6,40,Column,0.2874861532162328
6,41,Column,0.26706828638708807
6,42,Column,0.12957504261638728
6,43,Column,0.11866822012901707
6,44,Column,0.2051089923219411
6,45,Column,0.09371127386472437
6,46,Column,0.13475550026528388
6,47,Column,0.26082077543511334
6,48,Column,0.24638343539461702
6,49,Column,0.15606996172634224
6,50,Column,0.16397947153223905
6,51,Column,0.1453905855741877
6,52,Column,0.14415988907375282
6,53,Column,0.17018804314143307
6,54,Column,0.12218138986099675
6,55,Column,0.11419875573147015
6,56,Column,0.10474565651415454
6,57,Column,0.15280336246495038
6,58,Column,0.1426998648582838
6,59,Column,0.16998620338457063
6,60,Column,0.11935899967151975
6,61,Beam,0.3952281474413758
6,62,Beam,0.39851203185442885
6,63,Beam,0.39655134912638795
6,64,Beam,0.5503038343115678
6,65,Beam,0.5497579718110825
6,66,Beam,0.5504049921486138
6,67,Beam,0.2256727862471192
6,68,Beam,0.4951789652433788
6,69,Beam,0.4962324337301637
6,70,Beam,0.17039533950278254
6,71,Beam,0.1703838146125799
6,72,Beam,0.5250343900505818
6,73,Beam,0.3931642660754215
6,74,Beam,0.6595945137684833
6,75,Beam,0.44179301760753753
6,76,Beam,0.242712749128463
6,77,Beam,0.6595639283546515
6,78,Beam,0.4425115852350736
6,79,Beam,0.3365253388521833
6,80,Beam,0.5250483378932906
6,81,Beam,0.3929010204975422
6,82,Beam,0.32393400483254126
6,83,Beam,0.20407675991362134
6,84,Beam,0.3984575039166348
6,85,Beam,0.3947455506090293
6,86,Beam,0.37858510485537233
6,87,Beam,0.7413333058916287
6,88,Beam,0.7386529236859403
6,89,Beam,0.16113132561319105
6,90,Beam,0.6670498923251186
6,91,Beam,0.666201251364249
6,92,Beam,0.33149345925840656
6,93,Beam,0.3299876654971607
6,94,Beam,0.40955779247604635
6,95,Beam,0.38904695410896156
6,96,Beam,0.8861176068071475
6,97,Beam,0.6362597880337374
6,98,Beam,0.4095353933324016
6,99,Beam,0.8861194727453348
6,100,Beam,0.636462899453062
6,101,Beam,0.7397824991877644
6,102,Beam,0.5726831143750465
6,103,Beam,0.45727635265150773
6,104,Beam,0.49628680672361397
6,105,Beam,0.26644596876826
6,106,Beam,0.26520578897669683
6,107,Beam,0.26654082859599165
6,108,Beam,0.625894944408232
6,109,Beam,0.6253418959937006
6,110,Beam,0.4106087829778441
6,111,Beam,0.2586760884889929
6,112,Beam,0.5645925189643941
6,113,Beam,0.37081320861256895
6,114,Beam,0.3388279884748201
6,115,Beam,0.22369004227964717
6,116,Beam,0.4650266039182754
6,117,Beam,0.484337351113167
6,118,Beam,0.49231104945272275
6,119,Beam,0.5775590369999711
6,120,Beam,0.36816090132216023
6,121,Beam,0.4920340567487565
6,122,Beam,0.5749758767941529
6,123,Beam,0.6245654612948404
6,124,Beam,0.4644958968163425
6,125,Beam,0.4235891559332667
6,126,Beam,0.42931760105539013
6,127,Beam,0.22881153889914496
6,128,Beam,0.35166661761784146
6,129,Beam,0.34868124246938137
6,130,Beam,0.37459722794173383
6,131,Beam,0.5711663469143257
6,132,Beam,0.5686957267926724
6,133,Beam,0.1579506589098491
6,134,Beam,0.5141792853014601
6,135,Beam,0.5128214599753289
6,136,Beam,0.19193006834977244
6,137,Beam,0.19182580336085872
6,138,Beam,0.4119915767628875
6,139,Beam,0.36199770306164586
6,140,Beam,0.6823569015497922
6,141,Beam,0.5092955674982353
6,142,Beam,0.26446269059511174
6,143,Beam,0.6825167190556496
6,144,Beam,0.510326076881643
6,145,Beam,0.40302725901071856
6,146,Beam,0.5186295913344032
6,147,Beam,0.4093766738421226
6,148,Beam,0.36800047800904107
7,1,Column,0.26148457344790715
7,2,Column,0.2294345752174488
7,3,Column,0.24611038778538574
7,4,Column,0.41138827265558464
7,5,Column,0.39496296165989786
7,6,Column,0.5448700159442128
7,7,Column,0.5950056197632955
7,8,Column,0.6250816966667119
7,9,Column,0.29599630509992725
7,10,Column,0.8446508311913403
7,11,Column,0.4189037349486955
7,12,Column,0.45945955788985066
7,13,Column,0.26819178728179277
7,14,Column,0.48071242984620094
7,15,Column,0.3511322442425659
7,16,Column,0.1719327785695131
7,17,Column,0.2940028250481115
7,18,Column,0.2644668326580801
7,19,Column,0.18854057452964096
7,20,Column,0.21829688730691676
7,21,Column,0.5418363797486001
7,22,Column,0.3069622348335619
7,23,Column,0.26615791815737316
7,24,Column,0.1745108130865555
7,25,Column,0.34273282584766573
7,26,Column,0.29328746910679593
7,27,Column,0.22430382544461666
7,28,Column,0.19083817400788425
7,29,Column,0.20014678814697523
7,30,Column,0.15310205257044962
7,31,Column,0.10256859862691788
7,32,Column,0.23916541145522033
7,33,Column,0.1242872707912988
7,34,Column,0.0978478747817539
7,35,Column,0.1301884364538567
7,36,Column,0.4169945433142312
7,37,Column,0.43645807397637604
7,38,Column,0.13542885713670966
7,39,Column,0.08775962219201701
7,40,Column,0.24816601739641056
7,41,Column,0.39390898546701975
7,42,Column,0.11241752164063268
7,43,Column,0.10249894899935792
7,44,Column,0.20675795805068864
7,45,Column,0.0927510842904079
7,46,Column,0.13382801919399115
7,47,Column,0.2591150093332538
7,48,Column,0.24497608778892338
7,49,Column,0.1552143252462987
7,50,Column,0.16402371370644325
7,51,Column,0.13001503233261164
7,52,Column,0.146656828397082
7,53,Column,0.17028455070338405
7,54,Column,0.12268344593218426
7,55,Column,0.13967806037584848
7,56,Column,0.13265247399403388
7,57,Column,0.15289340043646685
7,58,Column,0.1404823382848399
7,59,Column,0.16766678720235767
7,60,Column,0.1184325865749312
7,61,Beam,0.3950758435448738
7,62,Beam,0.3986609343495218
7,63,Beam,0.39670447026450156
7,64,Beam,0.5502960795767537
7,65,Beam,0.5497640934731148
7,66,Beam,0.5504576080691337
7,67,Beam,0.2256714950343871
7,68,Beam,0.49517888035722396
7,69,Beam,0.4962849973896897
7,70,Beam,0.17038594757070585
7,71,Beam,0.1703913082539971
7,72,Beam,0.5245804131846166
7,73,Beam,0.3922427648921866
7,74,Beam,0.6596115773274183
7,75,Beam,0.44175568630479883
7,76,Beam,0.24261869816016254
7,77,Beam,0.6595752378708519
7,78,Beam,0.44246752630111563
7,79,Beam,0.33641680455713735
7,80,Beam,0.524604883949042
7,81,Beam,0.3919921829814817
7,82,Beam,0.3234150268699712
7,83,Beam,0.20383480262070497
7,84,Beam,0.3983545423752612
7,85,Beam,0.3948347385564613
7,86,Beam,0.3785920656602914
7,87,Beam,0.7409999679680443
7,88,Beam,0.7386501484785244
7,89,Beam,0.16124812069731512
7,90,Beam,0.6666684267679703
7,91,Beam,0.6661910996366243
7,92,Beam,0.3313858167214412
7,93,Beam,0.3300813478311568
7,94,Beam,0.40824343416736436
7,95,Beam,0.3875407703986741
7,96,Beam,0.885988061781604
7,97,Beam,0.6358319798322276
7,98,Beam,0.4090818524576304
7,99,Beam,0.8859606876748654
7,100,Beam,0.6356603057823338
7,101,Beam,0.7398342576737863
7,102,Beam,0.5714342901333376
7,103,Beam,0.45582972931359356
7,104,Beam,0.49511310553008875
7,105,Beam,0.2664405619155319
7,106,Beam,0.2652145203152514
7,107,Beam,0.26655348549394364
7,108,Beam,0.5712217154104088
7,109,Beam,0.5706855712372694
7,110,Beam,0.3756360389258185
7,111,Beam,0.237167154856725
7,112,Beam,0.5155438907517127
7,113,Beam,0.33941659242606226
7,114,Beam,0.33873467071106694
7,115,Beam,0.2237022170627918
7,116,Beam,0.4628762288158131
7,117,Beam,0.48167088530983554
7,118,Beam,0.45431551250040875
7,119,Beam,0.5373831485083032
7,120,Beam,0.34429009780292563
7,121,Beam,0.4540689626375211
7,122,Beam,0.5349937582415033
7,123,Beam,0.5745934930498924
7,124,Beam,0.4625055983610061
7,125,Beam,0.42112058029026384
7,126,Beam,0.42727351224956284
7,127,Beam,0.22876849731249663
7,128,Beam,0.3520254854688299
7,129,Beam,0.3483130700260837
7,130,Beam,0.37463418300827916
7,131,Beam,0.5714121283239973
7,132,Beam,0.568671642864637
7,133,Beam,0.15813368717975038
7,134,Beam,0.5146093918788331
7,135,Beam,0.5127998742797936
7,136,Beam,0.1919038892176775
7,137,Beam,0.19185158042954617
7,138,Beam,0.40989657632643706
7,139,Beam,0.3589388651530115
7,140,Beam,0.6817621223618199
7,141,Beam,0.505254264930485
7,142,Beam,0.26098091836132614
7,143,Beam,0.6818349479379177
7,144,Beam,0.5059322021606181
7,145,Beam,0.40085647396476043
7,146,Beam,0.5167047582775209
7,147,Beam,0.4065222122678922
7,148,Beam,0.36587992694774407
8,1,Column,0.30088682459241967
8,2,Column,0.22953014634027574
8,3,Column,0.24620615756434272
8,4,Column,0.3596023462522104
8,5,Column,0.3954152312644629
8,6,Column,0.5233220160933996
8,7,Column,0.5854511743026704
8,8,Column,0.6238964029278161
8,9,Column,0.29363790953892194
8,10,Column,0.6802974578911427
8,11,Column,0.41138856737026497
8,12,Column,0.5016151875697823
8,13,Column,0.26837494196457073
8,14,Column,0.481190038794605
8,15,Column,0.29778549317259934
8,16,Column,0.1711775322771324
8,17,Column,0.2927487379099451
8,18,Column,0.2651402323662252
8,19,Column,0.18784844383389349
8,20,Column,0.21722041476861953
8,21,Column,0.5426214584571563
8,22,Column,0.30934942431828977
8,23,Column,0.2660233280745279
8,24,Column,0.17361222550498862
8,25,Column,0.36640325024777187
8,26,Column,0.2954473954122216
8,27,Column,0.22416025467632233
8,28,Column,0.188863747255384
8,29,Column,0.20096849365250816
8,30,Column,0.1523713986723472
8,31,Column,0.10294334762616487
8,32,Column,0.23906813567791316
8,33,Column,0.1425653187628868
8,34,Column,0.09229861797477401
8,35,Column,0.10004136275582681
8,36,Column,0.41719002359922763
8,37,Column,0.43658280088335877
8,38,Column,0.13506568736318944
8,39,Column,0.08716663662433174
8,40,Column,0.24827796191258344
8,41,Column,0.39405019872657515
8,42,Column,0.11181283846567987
8,43,Column,0.10145396265815029
8,44,Column,0.20704876628909186
8,45,Column,0.08245671553205318
8,46,Column,0.1334026792142359
8,47,Column,0.25886825080022025
8,48,Column,0.24473551545392286
8,49,Column,0.15480699242760923
8,50,Column,0.16306090616890556
8,51,Column,0.13021259560498283
8,52,Column,0.1466771969069942
8,53,Column,0.17028798837738718
8,54,Column,0.12208528074891764
8,55,Column,0.13935120244143145
8,56,Column,0.11300041734633365
8,57,Column,0.15289631227865563
8,58,Column,0.14015069515702575
8,59,Column,0.16737274004402813
8,60,Column,0.11798819908881882
8,61,Beam,0.3950668345482375
8,62,Beam,0.39866748323865164
8,63,Beam,0.396706455542939
8,64,Beam,0.5502907737618142
8,65,Beam,0.5497634964799243
8,66,Beam,0.5504537631663288
8,67,Beam,0.2256659601670729
8,68,Beam,0.49517877187243275
8,69,Beam,0.4962817660819296
8,70,Beam,0.17038704565482107
8,71,Beam,0.17038751871123842
8,72,Beam,0.5236922081491708
8,73,Beam,0.3908917989495902
8,74,Beam,0.6595999632483546
8,75,Beam,0.4417668679635461
8,76,Beam,0.2419925341996286
8,77,Beam,0.6595670643236398
8,78,Beam,0.4424659719202422
8,79,Beam,0.3358055870397151
8,80,Beam,0.523738239205897
8,81,Beam,0.3906899397874531
8,82,Beam,0.32237713909017285
8,83,Beam,0.20353424613569193
8,84,Beam,0.3983545553412403
8,85,Beam,0.39483397387587643
8,86,Beam,0.37168172247910797
8,87,Beam,0.7251823893398597
8,88,Beam,0.7227267949213642
8,89,Beam,0.15959418693603472
8,90,Beam,0.6525226952241767
8,91,Beam,0.6520201072922757
8,92,Beam,0.33138338381502025
8,93,Beam,0.3300835944492958
8,94,Beam,0.4069821147790654
8,95,Beam,0.38557396768708363
8,96,Beam,0.8668731525405601
8,97,Beam,0.63106574635603
8,98,Beam,0.4072033398282252
8,99,Beam,0.8668492111061754
8,100,Beam,0.6309164095699447
8,101,Beam,0.7239569766586813
8,102,Beam,0.5702206701325003
8,103,Beam,0.4539962100023642
8,104,Beam,0.49364571188186185
8,105,Beam,0.26644274099042375
8,106,Beam,0.2652149228541648
8,107,Beam,0.2665565261875034
8,108,Beam,0.5712333375398705
8,109,Beam,0.5706857828752578
8,110,Beam,0.3756479414223902
8,111,Beam,0.2371792267559486
8,112,Beam,0.515545362535083
8,113,Beam,0.33942756312377154
8,114,Beam,0.3387386459760791
8,115,Beam,0.2237048569337824
8,116,Beam,0.46170939771408487
8,117,Beam,0.4799188237287785
8,118,Beam,0.45392282005048606
8,119,Beam,0.5365495107391881
8,120,Beam,0.3432197894976847
8,121,Beam,0.45369137187035413
8,122,Beam,0.5341871214083811
8,123,Beam,0.5740576525082138
8,124,Beam,0.46139109658667954
8,125,Beam,0.4194577083071967
8,126,Beam,0.42591902353958144
8,127,Beam,0.265549104479902
8,128,Beam,0.40458727301321146
8,129,Beam,0.4038758059997603
8,130,Beam,0.37463090638989
8,131,Beam,0.5714076356689515
8,132,Beam,0.5686707094822769
8,133,Beam,0.158130238850985
8,134,Beam,0.5146059895017381
8,135,Beam,0.5127992826423877
8,136,Beam,0.2228030867071839
8,137,Beam,0.22279382476940024
8,138,Beam,0.43077015912980887
8,139,Beam,0.3766941770300288
8,140,Beam,0.6817586697435891
8,141,Beam,0.5048169006252615
8,142,Beam,0.26047768990893
8,143,Beam,0.6818312260726539
8,144,Beam,0.5055118314332377
8,145,Beam,0.4005994105694368
8,146,Beam,0.5432942527936939
8,147,Beam,0.4269154246553454
8,148,Beam,0.3842892664760998
9,1,Column,0.3649759805065872
9,2,Column,0.22953013913013348
9,3,Column,0.24620615046358515
9,4,Column,0.32308536309709684
9,5,Column,0.39541522492596853
9,6,Column,0.5342185155732083
9,7,Column,0.5668404628736673
9,8,Column,0.6238915349899985
9,9,Column,0.2936342810732207
9,10,Column,0.6802974567652263
9,11,Column,0.484498282791903
9,12,Column,0.5016107829077108
9,13,Column,0.26837131915978013
9,14,Column,0.4811900248899679
9,15,Column,0.34940260548411256
9,16,Column,0.17518205996017364
9,17,Column,0.292746948212706
9,18,Column,0.2651392693766494
9,19,Column,0.18897606341744647
9,20,Column,0.21721839778295624
9,21,Column,0.5426214577110455
9,22,Column,0.3093505317329757
9,23,Column,0.26602331456996653
9,24,Column,0.17361087446680917
9,25,Column,0.3664012031216941
9,26,Column,0.2954485217719315
9,27,Column,0.22416023340253824
9,28,Column,0.18886220648983001
9,29,Column,0.2009674818226493
9,30,Column,0.15208436750325105
9,31,Column,0.10294335031248351
9,32,Column,0.23906809102287052
9,33,Column,0.1425662437400723
9,34,Column,0.09773757395802976
9,35,Column,0.10004120206632056
9,36,Column,0.41719001586314775
9,37,Column,0.43658280381151354
9,38,Column,0.13506568548181988
9,39,Column,0.087166325275262
9,40,Column,0.24827795501337763
9,41,Column,0.39405020177636607
9,42,Column,0.11181148576035689
9,43,Column,0.10145309573375781
9,44,Column,0.20704865127004404
9,45,Column,0.0923732449959364
9,46,Column,0.1334024452846304
9,47,Column,0.2588679459376247
9,48,Column,0.24473522055745173
9,49,Column,0.15480678517574262
9,50,Column,0.16306024853316387
9,51,Column,0.1302124680876703
9,52,Column,0.14667720064568618
9,53,Column,0.1702879861775675
9,54,Column,0.12208493797227911
9,55,Column,0.1393506840223701
9,56,Column,0.11300042108308193
9,57,Column,0.15289631263645928
9,58,Column,0.14015034480076055
9,59,Column,0.16737236341797535
9,60,Column,0.11798797308335099
9,61,Beam,0.39506674282606463
9,62,Beam,0.3986674868095328
9,63,Beam,0.39670637228045164
9,64,Beam,0.5502907723644702
9,65,Beam,0.5497634977929916
9,66,Beam,0.5504537644911848
9,67,Beam,0.225665958812844
9,68,Beam,0.49517877055839904
9,69,Beam,0.49628176737801083
9,70,Beam,0.1703870394946828
9,71,Beam,0.17038742159635287
9,72,Beam,0.5236911596265587
9,73,Beam,0.39089031814043196
9,74,Beam,0.659599963644545
9,75,Beam,0.4417668670480757
9,76,Beam,0.24199160380179124
9,77,Beam,0.6595670646481381
9,78,Beam,0.44246597114082126
9,79,Beam,0.3358046536338587
9,80,Beam,0.5237371843592795
9,81,Beam,0.3906884600067084
9,82,Beam,0.3223760333640212
9,83,Beam,0.20353438138531865
9,84,Beam,0.39835454720541685
9,85,Beam,0.3948338502446547
9,86,Beam,0.3716817266290058
9,87,Beam,0.7251823858154675
9,88,Beam,0.7227267914849361
9,89,Beam,0.15959419096896327
9,90,Beam,0.6525226916873087
9,91,Beam,0.6520201039299206
9,92,Beam,0.33138337495960274
9,93,Beam,0.330083470934148
9,94,Beam,0.4069811813734133
9,95,Beam,0.3855724547838627
9,96,Beam,0.8668731514345003
9,97,Beam,0.6310648622967839
9,98,Beam,0.40720275519569443
9,99,Beam,0.866849210518127
9,100,Beam,0.6309155207262241
9,101,Beam,0.7239569777803243
9,102,Beam,0.5702197413191861
9,103,Beam,0.4539947065738799
9,104,Beam,0.4936446266513011
9,105,Beam,0.26644280656005087
9,106,Beam,0.26521491881756604
9,107,Beam,0.2665565836647759
9,108,Beam,0.5712333414930836
9,109,Beam,0.5706857866754801
9,110,Beam,0.37564793715982886
9,111,Beam,0.2371792305539028
9,112,Beam,0.5155453663215452
9,113,Beam,0.3394275589685375
9,114,Beam,0.33873864960401207
9,115,Beam,0.22370491431339823
9,116,Beam,0.4617087176100988
9,117,Beam,0.4799176999082129
9,118,Beam,0.4539225615128424
9,119,Beam,0.5365489351684805
9,120,Beam,0.3432190937587393
9,121,Beam,0.4536911149676895
9,122,Beam,0.5341865456554513
9,123,Beam,0.5740572860887625
9,124,Beam,0.4613904380630532
9,125,Beam,0.4194565920813926
9,126,Beam,0.4259182593395494
9,127,Beam,0.2655490415351622
9,128,Beam,0.4045872696220743
9,129,Beam,0.4038757589612286
9,130,Beam,0.37463090199438176
9,131,Beam,0.5714076320426308
9,132,Beam,0.5686707131501556
9,133,Beam,0.15813023456720704
9,134,Beam,0.5146059858333242
9,135,Beam,0.5127992862233259
9,136,Beam,0.22280308143383248
9,137,Beam,0.22279376991215666
9,138,Beam,0.43076965209709983
9,139,Beam,0.37669333432440655
9,140,Beam,0.681758671007574
9,141,Beam,0.5048165012115856
9,142,Beam,0.2604771737017542
9,143,Beam,0.6818312263977209
9,144,Beam,0.5055114368185754
9,145,Beam,0.4005991446114446
9,146,Beam,0.5432937710297971
9,147,Beam,0.4269146036269133
9,148,Beam,0.38428871543468807
10,1,Column,0.3002598655298389
10,2,Column,0.37002756507471823
10,3,Column,0.24621742754964776
10,4,Column,0.3596308163669094
10,5,Column,0.44013833878834285
10,6,Column,0.5338863443736728
10,7,Column,0.596753285291298
10,8,Column,0.6233803648575451
10,9,Column,0.2929300731754448
10,10,Column,0.8444156652555126
10,11,Column,0.4829700397505887
10,12,Column,0.46034405870463185
10,13,Column,0.26814332829645965
10,14,Column,0.5108380684119976
10,15,Column,0.2970562950429586
10,16,Column,0.1710597966685367
10,17,Column,0.26217065067989925
10,18,Column,0.26409642997967187
10,19,Column,0.18796485876631847
10,20,Column,0.17555610165512026
10,21,Column,0.5363455542716934
10,22,Column,0.399683509276174
10,23,Column,0.2650286107168292
10,24,Column,0.173292961487316
10,25,Column,0.33593716834840837
10,26,Column,0.2940635372586087
10,27,Column,0.2231595068640277
10,28,Column,0.18835764617272605
10,29,Column,0.19970199758496315
10,30,Column,0.15233678219994595
10,31,Column,0.1025265940777003
10,32,Column,0.23804607835415503
10,33,Column,0.14364629698661288
10,34,Column,0.09327132838629035
10,35,Column,0.13034778502003405
10,36,Column,0.5069572026083627
10,37,Column,0.3139497541035624
10,38,Column,0.13607400928246255
10,39,Column,0.08720232353300182
10,40,Column,0.18005791796433
10,41,Column,0.2614488712550069
10,42,Column,0.10745436249818387
10,43,Column,0.10225951682096755
10,44,Column,0.20630440695609675
10,45,Column,0.0825020036263957
10,46,Column,0.1334143050327044
10,47,Column,0.25874622525586727
10,48,Column,0.24458773909344153
10,49,Column,0.15483871989962106
10,50,Column,0.16299207736197807
10,51,Column,0.13072884881319388
10,52,Column,0.14400719190681088
10,53,Column,0.17033560527134864
10,54,Column,0.12203670066331951
10,55,Column,0.10230165377829875
10,56,Column,0.11055000146726442
10,57,Column,0.152918634909165
10,58,Column,0.14005062870782714
10,59,Column,0.16730218291471347
10,60,Column,0.11801221057306523
10,61,Beam,0.3951998361901328
10,62,Beam,0.39853536766081266
10,63,Beam,0.39656591552360193
10,64,Beam,0.5502965192062962
10,65,Beam,0.549763708803212
10,66,Beam,0.5504108413815703
10,67,Beam,0.22566743520691582
10,68,Beam,0.49517393508518665
10,69,Beam,0.4962393961027533
10,70,Beam,0.17039290700936915
10,71,Beam,0.17037991309119704
10,72,Beam,0.5234638897450116
10,73,Beam,0.39058882500037384
10,74,Beam,0.6595990957011243
10,75,Beam,0.44177230026591574
10,76,Beam,0.24166184378760266
10,77,Beam,0.6595724199295853
10,78,Beam,0.44247306274208065
10,79,Beam,0.3354831729079422
10,80,Beam,0.5235138674482972
10,81,Beam,0.39038462249067407
10,82,Beam,0.32210392949392097
10,83,Beam,0.2035968142464356
10,84,Beam,0.3984202230083738
10,85,Beam,0.3947787680053642
10,86,Beam,0.3716740517395617
10,87,Beam,0.7255246401067315
10,88,Beam,0.7227190231381995
10,89,Beam,0.1594786594853929
10,90,Beam,0.6529030382538866
10,91,Beam,0.6520177390363686
10,92,Beam,0.3314519647348174
10,93,Beam,0.33002760364355743
10,94,Beam,0.4067562551341997
10,95,Beam,0.38521375625671056
10,96,Beam,0.8669546775615756
10,97,Beam,0.6303709507262032
10,98,Beam,0.40697858530792336
10,99,Beam,0.8669420977101286
10,100,Beam,0.6304388750087261
10,101,Beam,0.7239995294317327
10,102,Beam,0.5699956873666439
10,103,Beam,0.45363728542272674
10,104,Beam,0.493362865259971
10,105,Beam,0.26645972062169754
10,106,Beam,0.2651983723810794
10,107,Beam,0.2665401107741787
10,108,Beam,0.5715667639125207
10,109,Beam,0.5710872040952859
10,110,Beam,0.37572281180883027
10,111,Beam,0.23729497704491434
10,112,Beam,0.5157878938006141
10,113,Beam,0.3394937009575451
10,114,Beam,0.33885191363699135
10,115,Beam,0.22368852436873324
10,116,Beam,0.46153439307828054
10,117,Beam,0.4797138462648312
10,118,Beam,0.4538450869631256
10,119,Beam,0.5360877751697537
10,120,Beam,0.3431873897795756
10,121,Beam,0.4536188677010249
10,122,Beam,0.5337061349353025
10,123,Beam,0.5740269034796367
10,124,Beam,0.46122104991104923
10,125,Beam,0.4192366253887988
10,126,Beam,0.42574653277767033
10,127,Beam,0.27442897036093894
10,128,Beam,0.42188368142096927
10,129,Beam,0.4182236790258586
10,130,Beam,0.37453250405864985
10,131,Beam,0.571387467867443
10,132,Beam,0.5685954218934205
10,133,Beam,0.158037118405444
10,134,Beam,0.5144770630990022
10,135,Beam,0.5127422356531479
10,136,Beam,0.2302146239299515
10,137,Beam,0.2301475155266025
10,138,Beam,0.4905703767856052
10,139,Beam,0.42897424646784355
10,140,Beam,0.681690210220776
10,141,Beam,0.5046558801842714
10,142,Beam,0.2603635219386587
10,143,Beam,0.681776545074468
10,144,Beam,0.5054070755217906
10,145,Beam,0.4006007000862151
10,146,Beam,0.6187352190891878
10,147,Beam,0.48610762729468937
10,148,Beam,0.4376407520113585
11,1,Column,0.34828925237165537
11,2,Column,0.22930218427861904
11,3,Column,0.3494951802713652
11,4,Column,0.32091272260836895
11,5,Column,0.42922460293417586
11,6,Column,0.4776024125314868
11,7,Column,0.5331043043574879
11,8,Column,0.6142512149737284
11,9,Column,0.2726016649754009
11,10,Column,0.6344707419987229
11,11,Column,0.3702528286614517
11,12,Column,0.49095962999545395
11,13,Column,0.23936217095307094
11,14,Column,0.48076694771687534
11,15,Column,0.3334830892345534
11,16,Column,0.17016193526353687
11,17,Column,0.299780289771096
11,18,Column,0.3073626323944214
11,19,Column,0.18729662036221886
11,20,Column,0.21519959726732368
11,21,Column,0.5353869292125922
11,22,Column,0.29243853536290165
11,23,Column,0.26471933175254203
11,24,Column,0.17258177415400122
11,25,Column,0.37327415322771945
11,26,Column,0.3416010696348203
11,27,Column,0.2228979205591959
11,28,Column,0.17097624248914248
11,29,Column,0.24434182553822023
11,30,Column,0.15184395704912693
11,31,Column,0.10194013594470061
11,32,Column,0.2377155047459757
11,33,Column,0.12857347754523898
11,34,Column,0.09332101438122835
11,35,Column,0.13080278094041858
11,36,Column,0.5050821344701371
11,37,Column,0.31319903123277965
11,38,Column,0.13651401261859442
11,39,Column,0.08541561287821277
11,40,Column,0.28619888750800165
11,41,Column,0.2669743888205666
11,42,Column,0.12850501592272479
11,43,Column,0.10446678606198599
11,44,Column,0.20467250019604358
11,45,Column,0.08522810115678749
11,46,Column,0.13302854987337254
11,47,Column,0.2596058118490817
11,48,Column,0.24525402643354885
11,49,Column,0.1543941739281112
11,50,Column,0.16261659884479085
11,51,Column,0.13036942299347468
11,52,Column,0.18663570616906333
11,53,Column,0.16991706151527747
11,54,Column,0.1216226845821394
11,55,Column,0.14039192511142304
11,56,Column,0.11059834047596229
11,57,Column,0.15274603228973171
11,58,Column,0.14094784790608086
11,59,Column,0.16821068205686132
11,60,Column,0.11767022397333966
11,61,Beam,0.3952058291128642
11,62,Beam,0.39853517857497395
11,63,Beam,0.3965729151792704
11,64,Beam,0.5504719106758303
11,65,Beam,0.5497871431840716
11,66,Beam,0.550626801338675
11,67,Beam,0.22585449632015694
11,68,Beam,0.4952672776245667
11,69,Beam,0.49642754371183495
11,70,Beam,0.17039413053497718
11,71,Beam,0.1703864660573164
11,72,Beam,0.5183635035987876
11,73,Beam,0.38264552606714564
11,74,Beam,0.6599656966876113
11,75,Beam,0.44108002705975713
11,76,Beam,0.23186511094623363
11,77,Beam,0.6599455936257501
11,78,Beam,0.441804404801731
11,79,Beam,0.32571974953981864
11,80,Beam,0.5186185694110051
11,81,Beam,0.3828048890933464
11,82,Beam,0.31620572756348747
11,83,Beam,0.20435323410975423
11,84,Beam,0.3984024418750672
11,85,Beam,0.3948028445569451
11,86,Beam,0.3783885571571963
11,87,Beam,0.7413544521344722
11,88,Beam,0.7383339731911076
11,89,Beam,0.16100989080028494
11,90,Beam,0.6670839677747895
11,91,Beam,0.6659208295325458
11,92,Beam,0.33143669780040963
11,93,Beam,0.3300454327583094
11,94,Beam,0.4030123647174383
11,95,Beam,0.38015762490772265
11,96,Beam,0.8857807954197099
11,97,Beam,0.6331410227266723
11,98,Beam,0.40720718449206605
11,99,Beam,0.8857700236038129
11,100,Beam,0.6332168817682537
11,101,Beam,0.739826550683084
11,102,Beam,0.566305196117553
11,103,Beam,0.4486549578369023
11,104,Beam,0.4893280344470701
11,105,Beam,0.26645388902806366
11,106,Beam,0.26519778656975845
11,107,Beam,0.26653306285846545
11,108,Beam,0.6256813321053624
11,109,Beam,0.6254588656710734
11,110,Beam,0.4104081171769297
11,111,Beam,0.2584865648817954
11,112,Beam,0.5645931523364948
11,113,Beam,0.3706289701476319
11,114,Beam,0.3388553093131006
11,115,Beam,0.2236822286112184
11,116,Beam,0.4602636476642483
11,117,Beam,0.4784243176096595
11,118,Beam,0.49148137757131627
11,119,Beam,0.5768678062520058
11,120,Beam,0.36745986363438127
11,121,Beam,0.4911855249376922
11,122,Beam,0.5744054916871564
11,123,Beam,0.6246342112254449
11,124,Beam,0.4597981465922122
11,125,Beam,0.41768511354704563
11,126,Beam,0.4244371025582515
11,127,Beam,0.22877697298924912
11,128,Beam,0.35166160050353334
11,129,Beam,0.3486956783047761
11,130,Beam,0.37471380839710033
11,131,Beam,0.5714031961016452
11,132,Beam,0.568885020379199
11,133,Beam,0.1581635588992606
11,134,Beam,0.5145309511458586
11,135,Beam,0.5129968006914727
11,136,Beam,0.19190126140805286
11,137,Beam,0.1918603257627218
11,138,Beam,0.40865553407167443
11,139,Beam,0.3576270660900484
11,140,Beam,0.6819161236421226
11,141,Beam,0.505902111529136
11,142,Beam,0.2616531816054727
11,143,Beam,0.6820061584078916
11,144,Beam,0.5064216541028026
11,145,Beam,0.4011029009571294
11,146,Beam,0.515333362662103
11,147,Beam,0.40460986161494444
11,148,Beam,0.3646023961036856
12,1,Column,0.2849930712888959
12,2,Column,0.34027818612828004
12,3,Column,0.24757938119487424
12,4,Column,0.35115588736553893
12,5,Column,0.42943320042212607
12,6,Column,0.4779425298053084
12,7,Column,0.5335483836811739
12,8,Column,0.5577310778331852
12,9,Column,0.2727229783528356
12,10,Column,0.6358765989474572
12,11,Column,0.48303085138765955
12,12,Column,0.458887126875724
12,13,Column,0.2395666293104561
12,14,Column,0.4785573439586509
12,15,Column,0.27733895571018596
12,16,Column,0.20482640332918223
12,17,Column,0.2996835328786872
12,18,Column,0.26208501271918266
12,19,Column,0.21513426254424778
12,20,Column,0.21559445179193587
12,21,Column,0.5363692138323414
12,22,Column,0.29284913492129316
12,23,Column,0.2649095536517948
12,24,Column,0.172674021491743
12,25,Column,0.33516838060850934
12,26,Column,0.34183626863675864
12,27,Column,0.22304570988244718
12,28,Column,0.171001865720741
12,29,Column,0.20012791434061045
12,30,Column,0.17855372178769077
12,31,Column,0.10208159423753564
12,32,Column,0.23782589970196677
12,33,Column,0.12834373028883445
12,34,Column,0.09315437846072369
12,35,Column,0.13106519845330183
12,36,Column,0.5072709892462521
12,37,Column,0.31468567914647966
12,38,Column,0.13632527395012864
12,39,Column,0.08528754624177957
12,40,Column,0.2881760374189287
12,41,Column,0.26830792652134855
12,42,Column,0.10754622420052043
12,43,Column,0.11761892228743079
12,44,Column,0.20471371941189362
12,45,Column,0.08510265637867058
12,46,Column,0.133268371306339
12,47,Column,0.2601177595861647
12,48,Column,0.24560318331984632
12,49,Column,0.15460808557539185
12,50,Column,0.16086148714337717
12,51,Column,0.14596851623061796
12,52,Column,0.14461141518190934
12,53,Column,0.1700377610355136
12,54,Column,0.1202151620937784
12,55,Column,0.11463827927013408
12,56,Column,0.10517099183772864
12,57,Column,0.15267887300115032
12,58,Column,0.14182968159172257
12,59,Column,0.16911803518428736
12,60,Column,0.11785614749556718
12,61,Beam,0.3805252870955215
12,62,Beam,0.38255236730653475
12,63,Beam,0.3807053849912469
12,64,Beam,0.5504773471719017
12,65,Beam,0.5497766727864996
12,66,Beam,0.5506146380237044
12,67,Beam,0.22585698702047421
12,68,Beam,0.4952758186283287
12,69,Beam,0.49641482370500545
12,70,Beam,0.16379467214301735
12,71,Beam,0.1638032135697692
12,72,Beam,0.49762440253017115
12,73,Beam,0.3675808029399932
12,74,Beam,0.6599484516262712
12,75,Beam,0.44111292277402236
12,76,Beam,0.23204919467514507
12,77,Beam,0.6599273583193866
12,78,Beam,0.44184242792625855
12,79,Beam,0.325895176751524
12,80,Beam,0.49787051774518754
12,81,Beam,0.3677471454356042
12,82,Beam,0.30357160183689286
12,83,Beam,0.20428995745713643
12,84,Beam,0.39846573540233077
12,85,Beam,0.3947392667349101
12,86,Beam,0.3783978681850403
12,87,Beam,0.7413587237773941
12,88,Beam,0.7383605955946351
12,89,Beam,0.16101465447916907
12,90,Beam,0.6671045030583191
12,91,Beam,0.6659506116998696
12,92,Beam,0.3315010231226055
12,93,Beam,0.3299809722015433
12,94,Beam,0.4032798551175183
12,95,Beam,0.3801198622122521
12,96,Beam,0.8858438903454843
12,97,Beam,0.633212599538603
12,98,Beam,0.407229150264462
12,99,Beam,0.8858528070901984
12,100,Beam,0.6335055886026816
12,101,Beam,0.7397186101384564
12,102,Beam,0.56658037863458
12,103,Beam,0.4486500976071844
12,104,Beam,0.4893091444460806
12,105,Beam,0.2664437858487826
12,106,Beam,0.2652074182170036
12,107,Beam,0.266541904368605
12,108,Beam,0.7412831314273969
12,109,Beam,0.7409333289520733
12,110,Beam,0.48631391333815743
12,111,Beam,0.30627802032968865
12,112,Beam,0.6688862410628507
12,113,Beam,0.43918130368353603
12,114,Beam,0.3388263623248351
12,115,Beam,0.22369098405383148
12,116,Beam,0.4606878901617786
12,117,Beam,0.47836841926834384
12,118,Beam,0.5823539082661257
12,119,Beam,0.6825146713926616
12,120,Beam,0.43503274538208236
12,121,Beam,0.5819906423302398
12,122,Beam,0.6794864947129885
12,123,Beam,0.7398276388034393
12,124,Beam,0.4601940113460283
12,125,Beam,0.4176730986496907
12,126,Beam,0.4244903006822053
12,127,Beam,0.22881648965060303
12,128,Beam,0.3516699614183265
12,129,Beam,0.34867977848949505
12,130,Beam,0.37476027848457505
12,131,Beam,0.5711801977068066
12,132,Beam,0.5689578615297064
12,133,Beam,0.15805908883715486
12,134,Beam,0.5142395900221467
12,135,Beam,0.5130477880165449
12,136,Beam,0.1919349005738678
12,137,Beam,0.19182280576413568
12,138,Beam,0.40914796676871773
12,139,Beam,0.35822490106111965
12,140,Beam,0.6825496193383067
12,141,Beam,0.5085409019197439
12,142,Beam,0.2631335124428136
12,143,Beam,0.6827138668570671
12,144,Beam,0.5094169607518352
12,145,Beam,0.4024919540043645
12,146,Beam,0.5157700997921526
12,147,Beam,0.4053492550678015
12,148,Beam,0.364859282924055
13,1,Column,0.28331688383945425
13,2,Column,0.22939869853609246
13,3,Column,0.3503269748980763
13,4,Column,0.35014979444923244
13,5,Column,0.39449304029292803
13,6,Column,0.4791311479253577
13,7,Column,0.5347915700685415
13,8,Column,0.558013809714069
13,9,Column,0.27000596108697916
13,10,Column,0.6356007266256798
13,11,Column,0.37169330724686
13,12,Column,0.4595204162493034
13,13,Column,0.24056996755236815
13,14,Column,0.48182327423643856
13,15,Column,0.27467629419512196
13,16,Column,0.1694266255614429
13,17,Column,0.29792038942036986
13,18,Column,0.262421213068463
13,19,Column,0.1867439689272633
13,20,Column,0.21462060022877058
13,21,Column,0.5362443961751963
13,22,Column,0.29276344598743737
13,23,Column,0.26461103841677014
13,24,Column,0.17161008607921058
13,25,Column,0.3350196608537287
13,26,Column,0.2762213476401117
13,27,Column,0.22277080693769719
13,28,Column,0.1718639667209444
13,29,Column,0.24271819867299
13,30,Column,0.15111925486795869
13,31,Column,0.10233036979869578
13,32,Column,0.23759626705511486
13,33,Column,0.12825240489012085
13,34,Column,0.10067676061844122
13,35,Column,0.1306483826123238
13,36,Column,0.499173455664254
13,37,Column,0.3056191078211967
13,38,Column,0.1361690876949665
13,39,Column,0.08518641299847904
13,40,Column,0.28641032995055954
13,41,Column,0.25889673339820657
13,42,Column,0.11188213947134015
13,43,Column,0.10435231900800647
13,44,Column,0.2049923020324885
13,45,Column,0.09589487209633449
13,46,Column,0.13269052187143276
13,47,Column,0.2903691089955979
13,48,Column,0.2801449812836221
13,49,Column,0.15406735437953764
13,50,Column,0.18147219018030486
13,51,Column,0.13055769813520626
13,52,Column,0.14407146510125377
13,53,Column,0.18074403688417928
13,54,Column,0.13001924188331745
13,55,Column,0.10198569783006399
13,56,Column,0.13298654307146413
13,57,Column,0.14275555519047542
13,58,Column,0.15025735355684858
13,59,Column,0.1875017299851452
13,60,Column,0.1173070388635217
13,61,Beam,0.39519263283390355
13,62,Beam,0.39854591516843624
13,63,Beam,0.39657836604205976
13,64,Beam,0.5504663463782548
13,65,Beam,0.5497869022608985
13,66,Beam,0.5506242058102666
13,67,Beam,0.22584863775224978
13,68,Beam,0.49526669775539517
13,69,Beam,0.4964255849045192
13,70,Beam,0.1703948394466665
13,71,Beam,0.17038290604783465
13,72,Beam,0.5174291507144957
13,73,Beam,0.3812232543776155
13,74,Beam,0.6599545190198162
13,75,Beam,0.4410909354204761
13,76,Beam,0.23136907829192296
13,77,Beam,0.659937504914059
13,78,Beam,0.44180357185381286
13,79,Beam,0.325222864858339
13,80,Beam,0.5177158174108109
13,81,Beam,0.38144795607946236
13,82,Beam,0.31512344733407527
13,83,Beam,0.20404666484097408
13,84,Beam,0.3983985634080934
13,85,Beam,0.39480757530462235
13,86,Beam,0.37146851858959223
13,87,Beam,0.7255458414054097
13,88,Beam,0.722393374965613
13,89,Beam,0.1593471256252561
13,90,Beam,0.6529502965461819
13,91,Beam,0.6517347956900666
13,92,Beam,0.33143069184872637
13,93,Beam,0.3300531324910377
13,94,Beam,0.4018208622541359
13,95,Beam,0.3782921176323203
13,96,Beam,0.8666563076293398
13,97,Beam,0.6283037407612565
13,98,Beam,0.40529247220711273
13,99,Beam,0.8666498483099666
13,100,Beam,0.6284083174857953
13,101,Beam,0.7239471543045097
13,102,Beam,0.5651580236983573
13,103,Beam,0.44691753584342825
13,104,Beam,0.487939172786078
13,105,Beam,0.266456295331176
13,106,Beam,0.2651980158670488
13,107,Beam,0.2665359897706388
13,108,Beam,0.6256934823256174
13,109,Beam,0.625459788888449
13,110,Beam,0.41041956811378216
13,111,Beam,0.2584991615650047
13,112,Beam,0.564595339116394
13,113,Beam,0.3706395328319193
13,114,Beam,0.3388610273312084
13,115,Beam,0.2236847688889427
13,116,Beam,0.45927962406752215
13,117,Beam,0.4769466050955957
13,118,Beam,0.49109874226300465
13,119,Beam,0.5760647446702355
13,120,Beam,0.3669205175971019
13,121,Beam,0.49095489363386785
13,122,Beam,0.5736364742469586
13,123,Beam,0.624637965699132
13,124,Beam,0.4588489125117191
13,125,Beam,0.41626638464154847
13,126,Beam,0.4232799372305018
13,127,Beam,0.22877123703010122
13,128,Beam,0.351654882744027
13,129,Beam,0.3486977277423784
13,130,Beam,0.3747106736655354
13,131,Beam,0.571397535587854
13,132,Beam,0.5688850800395384
13,133,Beam,0.15816006589803255
13,134,Beam,0.5145263166161821
13,135,Beam,0.5129972134724242
13,136,Beam,0.19190138124316639
13,137,Beam,0.1918547875801382
13,138,Beam,0.40796980053832
13,139,Beam,0.3566009371702998
13,140,Beam,0.6819124600236943
13,141,Beam,0.5054931837998106
13,142,Beam,0.2611892178073568
13,143,Beam,0.682002716537643
13,144,Beam,0.5060336184717035
13,145,Beam,0.4008692339926185
13,146,Beam,0.5146728835008361
13,147,Beam,0.4036663598402384
13,148,Beam,0.36380138198644196
14,1,Column,0.28331688383945425
14,2,Column,0.22939869853609246
14,3,Column,0.2623043695968846
14,4,Column,0.35014979444923255
14,5,Column,0.39449304029292803
14,6,Column,0.4791311479253577
14,7,Column,0.5347915700685415
14,8,Column,0.6507573260097753
14,9,Column,0.32871504555076214
14,10,Column,0.6356007266256798
14,11,Column,0.37169330724686
14,12,Column,0.45952041624909434
14,13,Column,0.24056996755246574
14,14,Column,0.5126234604867056
14,15,Column,0.2746762941951221
14,16,Column,0.16942662556144297
14,17,Column,0.2979203894203689
14,18,Column,0.26242121306846317
14,19,Column,0.18674396892726297
14,20,Column,0.21462060022876978
14,21,Column,0.5362443961751963
14,22,Column,0.29276344598743737
14,23,Column,0.26461103841677014
14,24,Column,0.17161008607921066
14,25,Column,0.3350196608537287
14,26,Column,0.2762213476401117
14,27,Column,0.22277080693769719
14,28,Column,0.1718639667209444
14,29,Column,0.24271819867299
14,30,Column,0.151119254867959
14,31,Column,0.10233036979869578
14,32,Column,0.23759626705511486
14,33,Column,0.12825240489012102
14,34,Column,0.10067676061844122
14,35,Column,0.1306483826123238
14,36,Column,0.49917345566425375
14,37,Column,0.30561910782119633
14,38,Column,0.1361690876949665
14,39,Column,0.0851864129984792
14,40,Column,0.28641032995055954
14,41,Column,0.2588967333982064
14,42,Column,0.1286081798918052
14,43,Column,0.11584808770073815
14,44,Column,0.2049923020324885
14,45,Column,0.09589487209633481
14,46,Column,0.1326905218714342
14,47,Column,0.2593488736100206
14,48,Column,0.24507018804549208
14,49,Column,0.15406735437953786
14,50,Column,0.16181328366459538
14,51,Column,0.13055769813520582
14,52,Column,0.14407146510125377
14,53,Column,0.16991551651349435
14,54,Column,0.12114979675394849
14,55,Column,0.10198569783006413
14,56,Column,0.13298654307146435
14,57,Column,0.15274424547026416
14,58,Column,0.14063268963428438
14,59,Column,0.16794811456827893
14,60,Column,0.11730703886352199
14,61,Beam,0.39519263283390355
14,62,Beam,0.39854591516843624
14,63,Beam,0.39657836604205976
14,64,Beam,0.5504663463782548
14,65,Beam,0.5497869022608985
14,66,Beam,0.5506242058102666
14,67,Beam,0.22584863775224978
14,68,Beam,0.49526669775539517
14,69,Beam,0.4964255849045192
14,70,Beam,0.1703948394466665
14,71,Beam,0.17038290604783465
14,72,Beam,0.5174291507144957
14,73,Beam,0.3812232543776155
14,74,Beam,0.6599545190198162
14,75,Beam,0.4410909354204761
14,76,Beam,0.23136907829192296
14,77,Beam,0.659937504914059
14,78,Beam,0.44180357185381286
14,79,Beam,0.325222864858339
14,80,Beam,0.5177158174108109
14,81,Beam,0.38144795607946236
14,82,Beam,0.3151234473340752
14,83,Beam,0.20404666484097408
14,84,Beam,0.3983985634080934
14,85,Beam,0.39480757530462235
14,86,Beam,0.37146851858959223
14,87,Beam,0.7255458414054097
14,88,Beam,0.722393374965613
14,89,Beam,0.1593471256252561
14,90,Beam,0.6529502965461819
14,91,Beam,0.6517347956900666
14,92,Beam,0.33143069184872637
14,93,Beam,0.3300531324910377
14,94,Beam,0.4018208622541359
14,95,Beam,0.3782921176323203
14,96,Beam,0.8666563076293398
14,97,Beam,0.6283037407612565
14,98,Beam,0.40529247220711273
14,99,Beam,0.8666498483099666
14,100,Beam,0.6284083174857953
14,101,Beam,0.7239471543045097
14,102,Beam,0.5651580236983573
14,103,Beam,0.44691753584342825
14,104,Beam,0.4879391727860779
14,105,Beam,0.266456295331176
14,106,Beam,0.2651980158670488
14,107,Beam,0.2665359897706388
14,108,Beam,0.6256934823256174
14,109,Beam,0.625459788888449
14,110,Beam,0.41041956811378216
14,111,Beam,0.2584991615650047
14,112,Beam,0.564595339116394
14,113,Beam,0.3706395328319193
14,114,Beam,0.3388610273312084
14,115,Beam,0.2236847688889427
14,116,Beam,0.45927962406752204
14,117,Beam,0.4769466050955957
14,118,Beam,0.49109874226300465
14,119,Beam,0.5760647446702355
14,120,Beam,0.36692051759710187
14,121,Beam,0.49095489363386785
14,122,Beam,0.5736364742469586
14,123,Beam,0.624637965699132
14,124,Beam,0.4588489125117191
14,125,Beam,0.41626638464154847
14,126,Beam,0.4232799372305018
14,127,Beam,0.22877123703010122
14,128,Beam,0.351654882744027
14,129,Beam,0.3486977277423784
14,130,Beam,0.3747106736655354
14,131,Beam,0.571397535587854
14,132,Beam,0.5688850800395384
14,133,Beam,0.15816006589803255
14,134,Beam,0.5145263166161821
14,135,Beam,0.5129972134724242
14,136,Beam,0.19190138124316639
14,137,Beam,0.1918547875801382
14,138,Beam,0.40796980053832
14,139,Beam,0.35660093717029967
14,140,Beam,0.6819124600236943
14,141,Beam,0.5054931837998106
14,142,Beam,0.26118921780735677
14,143,Beam,0.682002716537643
14,144,Beam,0.5060336184717035
14,145,Beam,0.4008692339926185
14,146,Beam,0.5146728835008361
14,147,Beam,0.4036663598402384
14,148,Beam,0.36380138198644196
15,1,Column,0.346736124904645
15,2,Column,0.22939869853609246
15,3,Column,0.3503269748980763
15,4,Column,0.3939325068186176
15,5,Column,0.39449304029292803
15,6,Column,0.4791311479253577
15,7,Column,0.5347915700685415
15,8,Column,0.558013809714069
15,9,Column,0.2700059610869794
15,10,Column,0.6356007266256798
15,11,Column,0.37169330724686
15,12,Column,0.4595204162493034
15,13,Column,0.24056996755236815
15,14,Column,0.48182327423643856
15,15,Column,0.3316589104586083
15,16,Column,0.1694266255614429
15,17,Column,0.29792038942036986
15,18,Column,0.262421213068463
15,19,Column,0.18674396892726297
15,20,Column,0.21462060022877022
15,21,Column,0.5362443961751963
15,22,Column,0.29276344598743737
15,23,Column,0.26461103841677014
15,24,Column,0.17161008607921058
15,25,Column,0.3350196608537287
15,26,Column,0.2762213476401117
15,27,Column,0.22277080693769719
15,28,Column,0.1718639667209444
15,29,Column,0.2427181986729898
15,30,Column,0.15111925486795869
15,31,Column,0.07645190748863155
15,32,Column,0.23759626705511486
15,33,Column,0.12825240489012085
15,34,Column,0.09332795241470934
15,35,Column,0.1306483826123238
15,36,Column,0.4991734556642544
15,37,Column,0.30561910782119656
15,38,Column,0.1361690876949665
15,39,Column,0.08518641299847904
15,40,Column,0.28641032995055954
15,41,Column,0.25889673339820657
15,42,Column,0.11188213947134028
15,43,Column,0.10435231900800657
15,44,Column,0.2049923020324885
15,45,Column,0.08525994488380026
15,46,Column,0.13269052187143413
15,47,Column,0.2593488736100205
15,48,Column,0.24507018804549205
15,49,Column,0.15406735437953764
15,50,Column,0.16181328366459521
15,51,Column,0.13055769813520635
15,52,Column,0.14407146510125377
15,53,Column,0.16991551651349435
15,54,Column,0.12114979675394957
15,55,Column,0.10198569783006399
15,56,Column,0.1329865430714642
15,57,Column,0.15274424547026416
15,58,Column,0.14063268963428438
15,59,Column,0.16794811456827893
15,60,Column,0.11730703886352177
15,61,Beam,0.39519263283390355
15,62,Beam,0.39854591516843624
15,63,Beam,0.39657836604205976
15,64,Beam,0.5504663463782548
15,65,Beam,0.5497869022608985
15,66,Beam,0.5506242058102666
15,67,Beam,0.22584863775224978
15,68,Beam,0.49526669775539517
15,69,Beam,0.4964255849045192
15,70,Beam,0.1703948394466665
15,71,Beam,0.17038290604783465
15,72,Beam,0.5174291507144957
15,73,Beam,0.3812232543776155
15,74,Beam,0.6599545190198162
15,75,Beam,0.4410909354204761
15,76,Beam,0.23136907829192296
15,77,Beam,0.659937504914059
15,78,Beam,0.44180357185381286
15,79,Beam,0.325222864858339
15,80,Beam,0.5177158174108109
15,81,Beam,0.38144795607946236
15,82,Beam,0.31512344733407527
15,83,Beam,0.20404666484097408
15,84,Beam,0.3983985634080934
15,85,Beam,0.39480757530462235
15,86,Beam,0.37146851858959223
15,87,Beam,0.7255458414054097
15,88,Beam,0.722393374965613
15,89,Beam,0.1593471256252561
15,90,Beam,0.6529502965461819
15,91,Beam,0.6517347956900666
15,92,Beam,0.33143069184872637
15,93,Beam,0.3300531324910377
15,94,Beam,0.4018208622541359
15,95,Beam,0.3782921176323203
15,96,Beam,0.8666563076293398
15,97,Beam,0.6283037407612565
15,98,Beam,0.40529247220711273
15,99,Beam,0.8666498483099666
15,100,Beam,0.6284083174857953
15,101,Beam,0.7239471543045097
15,102,Beam,0.5651580236983573
15,103,Beam,0.44691753584342825
15,104,Beam,0.487939172786078
15,105,Beam,0.266456295331176
15,106,Beam,0.2651980158670488
15,107,Beam,0.2665359897706388
15,108,Beam,0.6256934823256174
15,109,Beam,0.625459788888449
15,110,Beam,0.41041956811378216
15,111,Beam,0.2584991615650047
15,112,Beam,0.564595339116394
15,113,Beam,0.3706395328319193
15,114,Beam,0.3388610273312084
15,115,Beam,0.2236847688889427
15,116,Beam,0.45927962406752215
15,117,Beam,0.4769466050955957
15,118,Beam,0.49109874226300465
15,119,Beam,0.5760647446702355
15,120,Beam,0.3669205175971019
15,121,Beam,0.49095489363386785
15,122,Beam,0.5736364742469586
15,123,Beam,0.624637965699132
15,124,Beam,0.4588489125117191
15,125,Beam,0.41626638464154847
15,126,Beam,0.4232799372305018
15,127,Beam,0.22877123703010122
15,128,Beam,0.351654882744027
15,129,Beam,0.3486977277423784
15,130,Beam,0.3747106736655354
15,131,Beam,0.571397535587854
15,132,Beam,0.5688850800395384
15,133,Beam,0.15816006589803255
15,134,Beam,0.5145263166161821
15,135,Beam,0.5129972134724242
15,136,Beam,0.19190138124316639
15,137,Beam,0.1918547875801382
15,138,Beam,0.40796980053832
15,139,Beam,0.3566009371702998
15,140,Beam,0.6819124600236943
15,141,Beam,0.5054931837998106
15,142,Beam,0.26118921780735677
15,143,Beam,0.682002716537643
15,144,Beam,0.5060336184717035
15,145,Beam,0.4008692339926185
15,146,Beam,0.5146728835008361
15,147,Beam,0.4036663598402384
15,148,Beam,0.36380138198644196
16,1,Column,0.2835164783422909
16,2,Column,0.34129463093452067
16,3,Column,0.24724941466231845
16,4,Column,0.35004698030714443
16,5,Column,0.394508869122656
16,6,Column,0.4794875215988601
16,7,Column,0.5352479273125641
16,8,Column,0.5580689345126222
16,9,Column,0.27016510130467714
16,10,Column,0.6370051095720325
16,11,Column,0.37231975246457616
16,12,Column,0.4594948688025241
16,13,Column,0.24077329921448312
16,14,Column,0.4790558804543791
16,15,Column,0.27483150913518345
16,16,Column,0.16949183907958318
16,17,Column,0.26059160173081886
16,18,Column,0.3060682813962785
16,19,Column,0.18668873776619216
16,20,Column,0.21446395896564582
16,21,Column,0.6386801432490663
16,22,Column,0.4126421388492989
16,23,Column,0.26479202767962723
16,24,Column,0.17147921092850993
16,25,Column,0.3740517740551792
16,26,Column,0.2771226812206795
16,27,Column,0.22291720677391433
16,28,Column,0.1718890160192463
16,29,Column,0.20105927061252044
16,30,Column,0.15106925815872108
16,31,Column,0.10247080972171908
16,32,Column,0.2377063185630828
16,33,Column,0.15125679697140063
16,34,Column,0.09315884911421095
16,35,Column,0.13091031822599145
16,36,Column,0.5013232533296614
16,37,Column,0.30709886323876234
16,38,Column,0.13597906977646068
16,39,Column,0.08505145707008298
16,40,Column,0.28839084794917363
16,41,Column,0.26021382780063695
16,42,Column,0.10719862850922035
16,43,Column,0.10390514088750673
16,44,Column,0.20503302640557813
16,45,Column,0.08517539680349788
16,46,Column,0.13293262905969366
16,47,Column,0.25985634496254917
16,48,Column,0.2453791636224002
16,49,Column,0.1542933544912567
16,50,Column,0.1600598356824378
16,51,Column,0.14620909052055533
16,52,Column,0.1448754312528873
16,53,Column,0.17003612262340462
16,54,Column,0.11974654536055745
16,55,Column,0.11484091971303352
16,56,Column,0.10534869447119509
16,57,Column,0.15267696941716333
16,58,Column,0.14150445627811947
16,59,Column,0.16882539969464658
16,60,Column,0.11749581027885539
16,61,Beam,0.39521506652136984
16,62,Beam,0.39852368635043617
16,63,Beam,0.3965574697394799
16,64,Beam,0.5504716842251727
16,65,Beam,0.5497765325312908
16,66,Beam,0.5506121225257158
16,67,Beam,0.22585106868046276
16,68,Beam,0.49527517545352273
16,69,Beam,0.4964129424277397
16,70,Beam,0.17039901929595558
16,71,Beam,0.17037970671043745
16,72,Beam,0.5174573733190253
16,73,Beam,0.38149784244957335
16,74,Beam,0.6599371167979915
16,75,Beam,0.4411242426105303
16,76,Beam,0.23155045869687607
16,77,Beam,0.6599193166824998
16,78,Beam,0.4418415944999517
16,79,Beam,0.3253965034135794
16,80,Beam,0.5177441625049116
16,81,Beam,0.38173528429201775
16,82,Beam,0.3151604077728565
16,83,Beam,0.20398402990506473
16,84,Beam,0.39846117834661127
16,85,Beam,0.39474462727315934
16,86,Beam,0.3714782621751586
16,87,Beam,0.725550210767193
16,88,Beam,0.7224209418340629
16,89,Beam,0.15935220196378733
16,90,Beam,0.6529713796708115
16,91,Beam,0.6517656254019015
16,92,Beam,0.3314943922500915
16,93,Beam,0.3299893475515185
16,94,Beam,0.4020889208200074
16,95,Beam,0.37826048545449276
16,96,Beam,0.8667213661922728
16,97,Beam,0.6283783421440426
16,98,Beam,0.4053170911603155
16,99,Beam,0.8667352365947206
16,100,Beam,0.6287062302127049
16,101,Beam,0.7238360120309111
16,102,Beam,0.5654333397944674
16,103,Beam,0.4469178895220888
16,104,Beam,0.4879241854412211
16,105,Beam,0.2664462295139281
16,106,Beam,0.26520760905467855
16,107,Beam,0.2665447952544497
16,108,Beam,0.6256378914358379
16,109,Beam,0.6253314802812785
16,110,Beam,0.4104483105131177
16,111,Beam,0.25850351718772047
16,112,Beam,0.5645264771182679
16,113,Beam,0.3706685472034512
16,114,Beam,0.3388322038294722
16,115,Beam,0.22369348732463884
16,116,Beam,0.45970038839087873
16,117,Beam,0.4768858292862983
16,118,Beam,0.4911136428541433
16,119,Beam,0.575244590144914
16,120,Beam,0.3666247238252587
16,121,Beam,0.4909624266170082
16,122,Beam,0.5727218427389651
16,123,Beam,0.6244018897279099
16,124,Beam,0.4592417080850399
16,125,Beam,0.41625134057739344
16,126,Beam,0.42333034119374224
16,127,Beam,0.22881069807664675
16,128,Beam,0.3516630975556507
16,129,Beam,0.34868196043646876
16,130,Beam,0.3747571124053928
16,131,Beam,0.5711744928702461
16,132,Beam,0.568957982555744
16,133,Beam,0.15805557520052094
16,134,Beam,0.5142348748715726
16,135,Beam,0.5130482729750042
16,136,Beam,0.19193497243769075
16,137,Beam,0.19181733045777707
16,138,Beam,0.40845645466607466
16,139,Beam,0.3571886619019657
16,140,Beam,0.6825464533747803
16,141,Beam,0.5081007202963441
16,142,Beam,0.26265087973165613
16,143,Beam,0.6827107321827446
16,144,Beam,0.5089994234374292
16,145,Beam,0.4022383484194559
16,146,Beam,0.5151047017688358
16,147,Beam,0.40439764195690586
16,148,Beam,0.3640527325389842
17,1,Column,0.3633654846930282
17,2,Column,0.22959417882655694
17,3,Column,0.24640933923258293
17,4,Column,0.3268280661269227
17,5,Column,0.3952790552521377
17,6,Column,0.5743417967484938
17,7,Column,0.5444194125273903
17,8,Column,0.5582387656993333
17,9,Column,0.2846325720839002
17,10,Column,0.6795304462851244
17,11,Column,0.4562288627593131
17,12,Column,0.4602562805807828
17,13,Column,0.25287046943402114
17,14,Column,0.485060286688519
17,15,Column,0.3485091228089506
17,16,Column,0.15446697277221558
17,17,Column,0.2835102438241219
17,18,Column,0.2855974806720848
17,19,Column,0.17028516652463746
17,20,Column,0.20534680408018485
17,21,Column,0.5383926795992766
17,22,Column,0.3202070147913646
17,23,Column,0.266571608978196
17,24,Column,0.13915639169656974
17,25,Column,0.3388282271810538
17,26,Column,0.3081173632084977
17,27,Column,0.2245518934935511
17,28,Column,0.16831568980177092
17,29,Column,0.21961705784575306
17,30,Column,0.14573937249480917
17,31,Column,0.10320114666217899
17,32,Column,0.23325675382086378
17,33,Column,0.14294257840175337
17,34,Column,0.11706237373610796
17,35,Column,0.13047313695733956
17,36,Column,0.5093153726983433
17,37,Column,0.3189716889620444
17,38,Column,0.1359173640100912
17,39,Column,0.09815409701110715
17,40,Column,0.28712415692043775
17,41,Column,0.27241874170175634
17,42,Column,0.14462925781974076
17,43,Column,0.09871439664604917
17,44,Column,0.20435036696645673
17,45,Column,0.10347370834366844
17,46,Column,0.13135789723616412
17,47,Column,0.2529387835910947
17,48,Column,0.23869845114793317
17,49,Column,0.15279182264841648
17,50,Column,0.1570409047082549
17,51,Column,0.12629541225324487
17,52,Column,0.17949121497076592
17,53,Column,0.17035887238918807
17,54,Column,0.11909950325519855
17,55,Column,0.13330066251088818
17,56,Column,0.11210994279602032
17,57,Column,0.1529390438478923
17,58,Column,0.1342079047682346
17,59,Column,0.1604704742198537
17,60,Column,0.1156481332271723
17,61,Beam,0.3951047768651066
17,62,Beam,0.39861429269114307
17,63,Beam,0.3966690215714821
17,64,Beam,0.5502911507538192
17,65,Beam,0.5497757240206242
17,66,Beam,0.5504616462679992
17,67,Beam,0.22566621064448533
17,68,Beam,0.49516587055425093
17,69,Beam,0.4962886056592825
17,70,Beam,0.17036866384419141
17,71,Beam,0.17038114031632118
17,72,Beam,0.5161442372037991
17,73,Beam,0.37939623926245375
17,74,Beam,0.6595972771296997
17,75,Beam,0.4417900747728581
17,76,Beam,0.2317468382577912
17,77,Beam,0.6595816293469586
17,78,Beam,0.44250579035520693
17,79,Beam,0.3253682883822166
17,80,Beam,0.5155937475900991
17,81,Beam,0.3791960946502294
17,82,Beam,0.31258087144812857
17,83,Beam,0.2351216916112212
17,84,Beam,0.4550649389192472
17,85,Beam,0.4528223428700874
17,86,Beam,0.3785670790261262
17,87,Beam,0.741084854691554
17,88,Beam,0.7385964399415103
17,89,Beam,0.16118281998304945
17,90,Beam,0.6667609046437685
17,91,Beam,0.6661362297858834
17,92,Beam,0.3799462204117862
17,93,Beam,0.37954490842786087
17,94,Beam,0.538991437208367
17,95,Beam,0.5870155495877982
17,96,Beam,0.8862582690204324
17,97,Beam,0.6216677549671764
17,98,Beam,0.40067349258316165
17,99,Beam,0.8862488123445675
17,100,Beam,0.6215977097278961
17,101,Beam,0.7399700088705745
17,102,Beam,0.6849356403532519
17,103,Beam,0.6319669839958618
17,104,Beam,0.6392965593241626
17,105,Beam,0.2664557697168635
17,106,Beam,0.26520726315703563
17,107,Beam,0.26655389499892035
17,108,Beam,0.7415218412211212
17,109,Beam,0.7407895360076518
17,110,Beam,0.486490374364004
17,111,Beam,0.30648576215157985
17,112,Beam,0.668897516337207
17,113,Beam,0.43933747806218443
17,114,Beam,0.3387988324584571
17,115,Beam,0.2236995327040576
17,116,Beam,0.4500455502546333
17,117,Beam,0.46263444784423635
17,118,Beam,0.5819878400285727
17,119,Beam,0.6707834720361044
17,120,Beam,0.4275552344732672
17,121,Beam,0.5819028035041337
17,122,Beam,0.6675916839088178
17,123,Beam,0.7404458563328911
17,124,Beam,0.4487075265883059
17,125,Beam,0.40260677523246857
17,126,Beam,0.41112434451807073
17,127,Beam,0.22878986958769174
17,128,Beam,0.35182985381322973
17,129,Beam,0.3485036198746041
17,130,Beam,0.37456021643453463
17,131,Beam,0.5713933583023476
17,132,Beam,0.5686013309278038
17,133,Beam,0.1580848036513397
17,134,Beam,0.5145275623322667
17,135,Beam,0.5127446052258167
17,136,Beam,0.19189708147055848
17,137,Beam,0.1918752817102964
17,138,Beam,0.4030419172488916
17,139,Beam,0.348445635739418
17,140,Beam,0.6817526345708156
17,141,Beam,0.49810406209716024
17,142,Beam,0.2515875596853532
17,143,Beam,0.6818648717203378
17,144,Beam,0.4987159712626374
17,145,Beam,0.396011093765039
17,146,Beam,0.5098202569626613
17,147,Beam,0.395700052514934
17,148,Beam,0.3577034977158576
18,1,Column,0.24995162989500244
18,2,Column,0.2295853084234181
18,3,Column,0.36419484154071774
18,4,Column,0.32684544800895593
18,5,Column,0.4384783633777879
18,6,Column,0.5737268151458939
18,7,Column,0.638360162640809
18,8,Column,0.6230215718725438
18,9,Column,0.28528787970773684
18,10,Column,0.6807355655728983
18,11,Column,0.45684504275383075
18,12,Column,0.46006398433641016
18,13,Column,0.25287661459727834
18,14,Column,0.48498373676504486
18,15,Column,0.34879769067202604
18,16,Column,0.18350866922379128
18,17,Column,0.28421256694505176
18,18,Column,0.2865251878971996
18,19,Column,0.19453039134136346
18,20,Column,0.2048233733573578
18,21,Column,0.5412451014202152
18,22,Column,0.3232672170980479
18,23,Column,0.266871638490668
18,24,Column,0.13938043724943774
18,25,Column,0.35438636912090293
18,26,Column,0.3162512924324973
18,27,Column,0.22485611521562923
18,28,Column,0.17898638644891451
18,29,Column,0.22095987066436298
18,30,Column,0.15840356367085712
18,31,Column,0.10328009465229931
18,32,Column,0.23362463277173226
18,33,Column,0.1184399780258395
18,34,Column,0.11699095895213465
18,35,Column,0.16484287927597255
18,36,Column,0.41640531733742125
18,37,Column,0.4380713135406679
18,38,Column,0.13556792239270277
18,39,Column,0.11633661384644302
18,40,Column,0.24735960653289
18,41,Column,0.39708054159273193
18,42,Column,0.12347864995404889
18,43,Column,0.09449165916108061
18,44,Column,0.2045489259761683
18,45,Column,0.11973622161163586
18,46,Column,0.1312256682292436
18,47,Column,0.2532665938455564
18,48,Column,0.23910771037543432
18,49,Column,0.1526572709449243
18,50,Column,0.1568504516181911
18,51,Column,0.12488364622679161
18,52,Column,0.17939347844953513
18,53,Column,0.17021353272385328
18,54,Column,0.11901008828076452
18,55,Column,0.13322630472601735
18,56,Column,0.11295552457500749
18,57,Column,0.15282300153706635
18,58,Column,0.1343876047355329
18,59,Column,0.16064223056231255
18,60,Column,0.11546981886959498
18,61,Beam,0.3950605738499385
18,62,Beam,0.39865847530328197
18,63,Beam,0.3967158414849198
18,64,Beam,0.5502864985097792
18,65,Beam,0.5497753186535489
18,66,Beam,0.550472492702639
18,67,Beam,0.22566280776160907
18,68,Beam,0.4951676677735662
18,69,Beam,0.49629935969593636
18,70,Beam,0.17036634573884527
18,71,Beam,0.17038434854187517
18,72,Beam,0.5162938154681181
18,73,Beam,0.3795238322296558
18,74,Beam,0.6596053025541391
18,75,Beam,0.44177551240432217
18,76,Beam,0.23221071993162637
18,77,Beam,0.6595696329433677
18,78,Beam,0.442486743135335
18,79,Beam,0.32580236272366897
18,80,Beam,0.5157321774584105
18,81,Beam,0.379336784212026
18,82,Beam,0.3126901794155171
18,83,Beam,0.23511483859396604
18,84,Beam,0.4550487773875576
18,85,Beam,0.45283552152350914
18,86,Beam,0.3785795527373163
18,87,Beam,0.7409738956295223
18,88,Beam,0.7386071572387045
18,89,Beam,0.161230402886949
18,90,Beam,0.6666395428149241
18,91,Beam,0.6661454055610189
18,92,Beam,0.3799294188901891
18,93,Beam,0.37955884374511367
18,94,Beam,0.5390462195746228
18,95,Beam,0.5871615340390293
18,96,Beam,0.886010177560325
18,97,Beam,0.6231229183725987
18,98,Beam,0.40093591017794744
18,99,Beam,0.8859687557433389
18,100,Beam,0.6224308600434282
18,101,Beam,0.7398143606975637
18,102,Beam,0.6849803117817068
18,103,Beam,0.632071756108358
18,104,Beam,0.6393689740578561
18,105,Beam,0.26645034100045595
18,106,Beam,0.2652123408882915
18,107,Beam,0.2665586999054285
18,108,Beam,0.6256152952904471
18,109,Beam,0.625068743651933
18,110,Beam,0.410492615405153
18,111,Beam,0.2585608142524341
18,112,Beam,0.5644259022076112
18,113,Beam,0.37070737684546623
18,114,Beam,0.3387597703009873
18,115,Beam,0.2237043249471722
18,116,Beam,0.45003630344488454
18,117,Beam,0.4623931892044652
18,118,Beam,0.4910853578963438
18,119,Beam,0.5670528022953195
18,120,Beam,0.3609224767331738
18,121,Beam,0.49099973895472276
18,122,Beam,0.5642819391285185
18,123,Beam,0.6245685746301044
18,124,Beam,0.4486820225303861
18,125,Beam,0.4024211664368827
18,126,Beam,0.4109592682220901
18,127,Beam,0.22879028551485103
18,128,Beam,0.3519424931258515
18,129,Beam,0.34838819024818596
18,130,Beam,0.37465605717600486
18,131,Beam,0.5714003583975162
18,132,Beam,0.5687128206888286
18,133,Beam,0.15815343138877797
18,134,Beam,0.5145925820089654
18,135,Beam,0.5128415514664653
18,136,Beam,0.19189819412077982
18,137,Beam,0.19187626613970088
18,138,Beam,0.40304592580038
18,139,Beam,0.34816193874376544
18,140,Beam,0.6817832688849385
18,141,Beam,0.49818771200088074
18,142,Beam,0.25181099864313305
18,143,Beam,0.6818549952133947
18,144,Beam,0.4987377980610155
18,145,Beam,0.39601389963282146
18,146,Beam,0.509818578264003
18,147,Beam,0.39566915853418294
18,148,Beam,0.3575287025016101
19,1,Column,0.2958182335815805
19,2,Column,0.22970122740569035
19,3,Column,0.24626562053671736
19,4,Column,0.3623714983292743
19,5,Column,0.48998282027117696
19,6,Column,0.5588522424333873
19,7,Column,0.6210998771265728
19,8,Column,0.5587012734369942
19,9,Column,0.3457917626240764
19,10,Column,0.6794535948914546
19,11,Column,0.4412158176882958
19,12,Column,0.5509905627486097
19,13,Column,0.3113087795486359
19,14,Column,0.48231087603099987
19,15,Column,0.2913672005764473
19,16,Column,0.16666550520908935
19,17,Column,0.25703157621043005
19,18,Column,0.25952965228545105
19,19,Column,0.18457602950274915
19,20,Column,0.21039179295830474
19,21,Column,0.534866627153659
19,22,Column,0.31985693537417514
19,23,Column,0.2658415875717391
19,24,Column,0.16610600321240446
19,25,Column,0.3344381436332516
19,26,Column,0.3070505565882917
19,27,Column,0.22427236054945887
19,28,Column,0.16884321496013513
19,29,Column,0.19444005316135665
19,30,Column,0.15064690088407248
19,31,Column,0.1139672329525414
19,32,Column,0.23801947182829825
19,33,Column,0.1177367128246939
19,34,Column,0.11675515139413875
19,35,Column,0.1565787449041364
19,36,Column,0.5352879154075258
19,37,Column,0.3504917704521233
19,38,Column,0.16189262969449836
19,39,Column,0.11743229268192544
19,40,Column,0.2857331955581327
19,41,Column,0.2743133140794854
19,42,Column,0.1567090449196869
19,43,Column,0.09958987405341993
19,44,Column,0.19243461392228342
19,45,Column,0.12582908318494124
19,46,Column,0.12108703782196882
19,47,Column,0.2503158918427032
19,48,Column,0.23558737002032704
19,49,Column,0.14178504822152424
19,50,Column,0.13700557803198524
19,51,Column,0.1743144580223712
19,52,Column,0.14385998106153494
19,53,Column,0.1703292386266414
19,54,Column,0.10509634192979718
19,55,Column,0.08956408118727027
19,56,Column,0.11045177361270862
19,57,Column,0.1529159967101504
19,58,Column,0.12909580475976817
19,59,Column,0.15594093274797094
19,60,Column,0.10326384755443425
19,61,Beam,0.39528366428444456
19,62,Beam,0.3984779716733191
19,63,Beam,0.3965736783013514
19,64,Beam,0.5503115261239947
19,65,Beam,0.5497576331774502
19,66,Beam,0.5504096247268854
19,67,Beam,0.22568458768870941
19,68,Beam,0.4951811271631008
19,69,Beam,0.4962384084685163
19,70,Beam,0.17039297465186498
19,71,Beam,0.17040166722525626
19,72,Beam,0.5202196945668619
19,73,Beam,0.38530052420336885
19,74,Beam,0.6595962944459591
19,75,Beam,0.44179724287032807
19,76,Beam,0.23434869921421494
19,77,Beam,0.6595649964539886
19,78,Beam,0.44251200539459407
19,79,Beam,0.3283624379955815
19,80,Beam,0.5205406609018307
19,81,Beam,0.38545616935549215
19,82,Beam,0.31873053228651055
19,83,Beam,0.203479443444588
19,84,Beam,0.39847606940148267
19,85,Beam,0.39466066081529627
19,86,Beam,0.3785673860693909
19,87,Beam,0.7413699075115532
19,88,Beam,0.7386620167307809
19,89,Beam,0.16112273632643093
19,90,Beam,0.6670702726144699
19,91,Beam,0.6662041254378035
19,92,Beam,0.33146758406964716
19,93,Beam,0.32997274034238894
19,94,Beam,0.3942588278449697
19,95,Beam,0.36729299053157866
19,96,Beam,0.886099032313769
19,97,Beam,0.6222923046434645
19,98,Beam,0.4005882053832757
19,99,Beam,0.8860833344526065
19,100,Beam,0.6221164097651998
19,101,Beam,0.7398082533093023
19,102,Beam,0.5566551364797601
19,103,Beam,0.4363683983840469
19,104,Beam,0.477520989875172
19,105,Beam,0.23711119487976726
19,106,Beam,0.22972219207918168
19,107,Beam,0.2390856620530333
19,108,Beam,0.6258994712721745
19,109,Beam,0.6254086459898277
19,110,Beam,0.41055879041802645
19,111,Beam,0.25858669813363483
19,112,Beam,0.564599836745803
19,113,Beam,0.3707642142805607
19,114,Beam,0.2739854029344146
19,115,Beam,0.20569008341804465
19,116,Beam,0.5578236359733065
19,117,Beam,0.6396323742025761
19,118,Beam,0.4911777530232509
19,119,Beam,0.5614410252605022
19,120,Beam,0.35752192116716436
19,121,Beam,0.4910882056590012
19,122,Beam,0.558151684676291
19,123,Beam,0.624727581281863
19,124,Beam,0.5535136620125063
19,125,Beam,0.5638051712884473
19,126,Beam,0.548103124629576
19,127,Beam,0.22867677866371425
19,128,Beam,0.3517771478739445
19,129,Beam,0.3484373105580977
19,130,Beam,0.3745624865960451
19,131,Beam,0.5714414590224286
19,132,Beam,0.5685750555307693
19,133,Beam,0.1580595961287535
19,134,Beam,0.5145229301349042
19,135,Beam,0.5127270469932571
19,136,Beam,0.19182878360067682
19,137,Beam,0.191830658265693
19,138,Beam,0.3841192694840364
19,139,Beam,0.32138417314106854
19,140,Beam,0.6816784619827178
19,141,Beam,0.49176489266452317
19,142,Beam,0.2436504642300397
19,143,Beam,0.6817647569149732
19,144,Beam,0.4917417146898274
19,145,Beam,0.3913750360920209
19,146,Beam,0.48979064152761864
19,147,Beam,0.3704666188881805
19,148,Beam,0.33309676300413327
20,1,Column,0.36256630386689986
20,2,Column,0.36104145294186624
20,3,Column,0.24626566334082758
20,4,Column,0.4118972954394817
20,5,Column,0.4406009056593171
20,6,Column,0.558856531395703
20,7,Column,0.6211043717129654
20,8,Column,0.5587013723290853
20,9,Column,0.2857386153806852
20,10,Column,0.6794540558595703
20,11,Column,0.4412197392640734
20,12,Column,0.503918650098045
20,13,Column,0.2578332080265478
20,14,Column,0.48231099422935614
20,15,Column,0.348164371669526
20,16,Column,0.18507946910520495
20,17,Column,0.25703070931706556
20,18,Column,0.2595287786244904
20,19,Column,0.1932476215155468
20,20,Column,0.21039011459782173
20,21,Column,0.5348669926404922
20,22,Column,0.31985824611577895
20,23,Column,0.265841763287322
20,24,Column,0.16610484839919593
20,25,Column,0.33443848921699154
20,26,Column,0.30705196981439964
20,27,Column,0.224272524502443
20,28,Column,0.16884325364535435
20,29,Column,0.1944391546640426
20,30,Column,0.16124939560472132
20,31,Column,0.11396650949048814
20,32,Column,0.2380195710596962
20,33,Column,0.11773693545738755
20,34,Column,0.11675443028215923
20,35,Column,0.15657758519497264
20,36,Column,0.5352885250765806
20,37,Column,0.35049180962226006
20,38,Column,0.16189137810000082
20,39,Column,0.11743196357592797
20,40,Column,0.28573371215754034
20,41,Column,0.2743144929643508
20,42,Column,0.1567086142403031
20,43,Column,0.09958979537212394
20,44,Column,0.1924346343143896
20,45,Column,0.12582841643775022
20,46,Column,0.12108690696475163
20,47,Column,0.2503157001235532
20,48,Column,0.23558717027391393
20,49,Column,0.1417849389365623
20,50,Column,0.1370051536045909
20,51,Column,0.1743141114854528
20,52,Column,0.14385998378004905
20,53,Column,0.17032925041580116
20,54,Column,0.10509613831299357
20,55,Column,0.0895639719450595
20,56,Column,0.11045177666499013
20,57,Column,0.15291601054391693
20,58,Column,0.12909558862396986
20,59,Column,0.15594071210273386
20,60,Column,0.10326371916417905
20,61,Beam,0.39528357094994343
20,62,Beam,0.3984779757850962
20,63,Beam,0.3965735947668005
20,64,Beam,0.5503115238508093
20,65,Beam,0.5497576347216626
20,66,Beam,0.5504096256479339
20,67,Beam,0.22568458556136967
20,68,Beam,0.4951811256156697
20,69,Beam,0.4962384094197598
20,70,Beam,0.17039296757109482
20,71,Beam,0.17040157006194598
20,72,Beam,0.5202188119219929
20,73,Beam,0.3852992961093146
20,74,Beam,0.6595962944388134
20,75,Beam,0.4417972419512235
20,76,Beam,0.23434794173378629
20,77,Beam,0.6595649963908407
20,78,Beam,0.44251200457154527
20,79,Beam,0.328361677073474
20,80,Beam,0.5205397723219795
20,81,Beam,0.3854549388288177
20,82,Beam,0.31872962629578044
20,83,Beam,0.2034796114061411
20,84,Beam,0.39847605966086186
20,85,Beam,0.3946605350754565
20,86,Beam,0.3785673973665876
20,87,Beam,0.7413699033108682
20,88,Beam,0.7386620180142669
20,89,Beam,0.16112274721129385
20,90,Beam,0.6670702684155825
20,91,Beam,0.6662041265937682
20,92,Beam,0.3314675742098518
20,93,Beam,0.32997261529820376
20,94,Beam,0.39425814859055264
20,95,Beam,0.36729184924661457
20,96,Beam,0.8860990337969392
20,97,Beam,0.62229167046538
20,98,Beam,0.4005877877645981
20,99,Beam,0.8860833366030694
20,100,Beam,0.6221157677108763
20,101,Beam,0.7398082587508468
20,102,Beam,0.5566544650199341
20,103,Beam,0.4363672595130356
20,104,Beam,0.47752021125155364
20,105,Beam,0.23711150004865286
20,106,Beam,0.2297222082251522
20,107,Beam,0.23908591993287584
20,108,Beam,0.7416077642078398
20,109,Beam,0.7410262065173848
20,110,Beam,0.4864583306116179
20,111,Beam,0.3063916974279994
20,112,Beam,0.6689759739364358
20,113,Beam,0.43930712808153
20,114,Beam,0.2739854292081056
20,115,Beam,0.20569033917474575
20,116,Beam,0.5578229052153001
20,117,Beam,0.6396311097065678
20,118,Beam,0.5819812446797165
20,119,Beam,0.6652324659930434
20,120,Beam,0.4236162885762196
20,121,Beam,0.581875144806321
20,122,Beam,0.6613350426127743
20,123,Beam,0.7402192301715677
20,124,Beam,0.5535129852618104
20,125,Beam,0.5638039339035025
20,126,Beam,0.5481023625994791
20,127,Beam,0.22867660323464328
20,128,Beam,0.35177713443545944
20,129,Beam,0.3484371841792026
20,130,Beam,0.3745624714389973
20,131,Beam,0.571441454301951
20,132,Beam,0.5685750522394071
20,133,Beam,0.15805958146135834
20,134,Beam,0.5145229253957244
20,135,Beam,0.5127270438828049
20,136,Beam,0.19182876721742817
20,137,Beam,0.19183051190000008
20,138,Beam,0.38411899911745406
20,139,Beam,0.32138368274880147
20,140,Beam,0.6816784592078929
20,141,Beam,0.491764623899132
20,142,Beam,0.24365014047431036
20,143,Beam,0.6817647528121744
20,144,Beam,0.4917414531433699
20,145,Beam,0.3913748685900346
20,146,Beam,0.48979020923046945
20,147,Beam,0.3704661329917236
20,148,Beam,0.3330964962014328
21,1,Column,0.36072608748332474
21,2,Column,0.36216490394383416
21,3,Column,0.2463630073587843
21,4,Column,0.41041419667514345
21,5,Column,0.39554592151475004
21,6,Column,0.5600454352212578
21,7,Column,0.6224227638871671
21,8,Column,0.6248121154948676
21,9,Column,0.28327062086476185
21,10,Column,0.8296741656165385
21,11,Column,0.4423725781898692
21,12,Column,0.5024150635684806
21,13,Column,0.25850200653459177
21,14,Column,0.505231323382916
21,15,Column,0.2512154456595489
21,16,Column,0.16599474917923845
21,17,Column,0.2579092739855491
21,18,Column,0.2603946037417923
21,19,Column,0.18452003648463927
21,20,Column,0.1820297273260322
21,21,Column,0.5357132221264067
21,22,Column,0.32191751661074103
21,23,Column,0.2657162277972045
21,24,Column,0.16499490167309291
21,25,Column,0.34813153284326204
21,26,Column,0.30899211907721735
21,27,Column,0.22413771241862523
21,28,Column,0.17758259650976255
21,29,Column,0.1954433759069602
21,30,Column,0.1500459622891932
21,31,Column,0.10064374417779198
21,32,Column,0.23789540867456865
21,33,Column,0.1338023762077324
21,34,Column,0.10435227120813535
21,35,Column,0.15581056359549436
21,36,Column,0.4782178960051302
21,37,Column,0.34371281456743547
21,38,Column,0.13682947487083358
21,39,Column,0.11671570784811583
21,40,Column,0.19635019628318295
21,41,Column,0.2765702354498427
21,42,Column,0.1559987992570721
21,43,Column,0.09859036056904132
21,44,Column,0.1928422579401199
21,45,Column,0.1174136113538388
21,46,Column,0.12084425256126337
21,47,Column,0.2501089036687488
21,48,Column,0.2353910895073196
21,49,Column,0.14155271959279137
21,50,Column,0.13644788002158634
21,51,Column,0.11885614923948423
21,52,Column,0.14387932466679712
21,53,Column,0.1703285809850878
21,54,Column,0.1047642657311619
21,55,Column,0.0897402577648177
21,56,Column,0.12056206954477657
21,57,Column,0.1529149007583995
21,58,Column,0.1288411997888985
21,59,Column,0.15569874153985797
21,60,Column,0.10298852816186387
21,61,Beam,0.39527039209336057
21,62,Beam,0.39848874320569166
21,63,Beam,0.3965790605027404
21,64,Beam,0.5503056342840115
21,65,Beam,0.5497575060684207
21,66,Beam,0.550406779735654
21,67,Beam,0.22567849974502113
21,68,Beam,0.49518055047439824
21,69,Beam,0.4962362075050169
21,70,Beam,0.17039364147946326
21,71,Beam,0.17039810034973119
21,72,Beam,0.5193188048600021
21,73,Beam,0.38393375230751436
21,74,Beam,0.6595856221027253
21,75,Beam,0.4418065693161394
21,76,Beam,0.23393223150237058
21,77,Beam,0.6595574643585276
21,78,Beam,0.4425089665338568
21,79,Beam,0.3279513315666032
21,80,Beam,0.5196822814093442
21,81,Beam,0.3841701029883001
21,82,Beam,0.31769931080453045
21,83,Beam,0.20348382853309943
21,84,Beam,0.39847204980890216
21,85,Beam,0.3946655755504882
21,86,Beam,0.37165515322017717
21,87,Beam,0.7255619920819067
21,88,Beam,0.7227355848056946
21,89,Beam,0.15946511777225458
21,90,Beam,0.6529355839741471
21,91,Beam,0.6520303367875729
21,92,Beam,0.331461795622611
21,93,Beam,0.3299804464533241
21,94,Beam,0.3931694334248867
21,95,Beam,0.3655653904812655
21,96,Beam,0.8669864595289584
21,97,Beam,0.6172234411073501
21,98,Beam,0.3985232903237849
21,99,Beam,0.8669749377425001
21,100,Beam,0.6170685594636386
21,101,Beam,0.723931097967307
21,102,Beam,0.5556175903461644
21,103,Beam,0.434767754136719
21,104,Beam,0.4762656892792232
21,105,Beam,0.23672937902434174
21,106,Beam,0.22934658651665948
21,107,Beam,0.23867485576808858
21,108,Beam,0.6259115174108021
21,109,Beam,0.6254091508976595
21,110,Beam,0.4105704882234158
21,111,Beam,0.25859910556050886
21,112,Beam,0.5646014686704756
21,113,Beam,0.3707749892508415
21,114,Beam,0.2735980445817712
21,115,Beam,0.20527860453494437
21,116,Beam,0.5563929021283335
21,117,Beam,0.6375532193381608
21,118,Beam,0.4911818539501619
21,119,Beam,0.5607443219433175
21,120,Beam,0.35705462559582396
21,121,Beam,0.49109436913129184
21,122,Beam,0.5574854184031154
21,123,Beam,0.6247326000666897
21,124,Beam,0.5521426749499682
21,125,Beam,0.5618736456443869
21,126,Beam,0.5464530715176488
21,127,Beam,0.22867077366371522
21,128,Beam,0.35177110970850445
21,129,Beam,0.3484384725592551
21,130,Beam,0.37455913584224565
21,131,Beam,0.5714362400104441
21,132,Beam,0.5685745803155304
21,133,Beam,0.15805584484830654
21,134,Beam,0.514518738538333
21,135,Beam,0.5127269186521046
21,136,Beam,0.19182883768141828
21,137,Beam,0.19182519759643343
21,138,Beam,0.3836226209573206
21,139,Beam,0.320638814947364
21,140,Beam,0.6816752375417919
21,141,Beam,0.4914285812624627
21,142,Beam,0.2432768423007724
21,143,Beam,0.6817616227607176
21,144,Beam,0.4914224640389871
21,145,Beam,0.39118621463380066
21,146,Beam,0.4893013943009719
21,147,Beam,0.3697683673037788
21,148,Beam,0.33252161266005453
22,1,Column,0.2942522039683342
22,2,Column,0.362164903943834
22,3,Column,0.2463630073587843
22,4,Column,0.36160055937353497
22,5,Column,0.39554592151475004
22,6,Column,0.560045435221258
22,7,Column,0.6224227638871671
22,8,Column,0.6248121154948677
22,9,Column,0.2832706208647618
22,10,Column,0.8296741656165385
22,11,Column,0.44237257818986897
22,12,Column,0.5024150635684805
22,13,Column,0.2585020065345919
22,14,Column,0.5052313233829158
22,15,Column,0.28897227061845904
22,16,Column,0.165994749179239
22,17,Column,0.25790927398554975
22,18,Column,0.26039460374179213
22,19,Column,0.18452003648463927
22,20,Column,0.1820297273260322
22,21,Column,0.5357132221264067
22,22,Column,0.32191751661074064
22,23,Column,0.2657162277972045
22,24,Column,0.16499490167309247
22,25,Column,0.34813153284326204
22,26,Column,0.30899211907721746
22,27,Column,0.22413771241862523
22,28,Column,0.17758259650976255
22,29,Column,0.19544337590695993
22,30,Column,0.15004596228919312
22,31,Column,0.113354802982371
22,32,Column,0.23789540867456865
22,33,Column,0.1338023762077324
22,34,Column,0.11601555832944169
22,35,Column,0.15581056359549436
22,36,Column,0.4782178960051302
22,37,Column,0.34371281456743585
22,38,Column,0.13682947487083358
22,39,Column,0.11671570784811583
22,40,Column,0.19635019628318284
22,41,Column,0.27657023544984255
22,42,Column,0.1559987992570721
22,43,Column,0.09859036056904168
22,44,Column,0.1928422579401199
22,45,Column,0.1248876612146467
22,46,Column,0.12084425256126277
22,47,Column,0.2812548107502059
22,48,Column,0.2704635429134966
22,49,Column,0.14155271959279103
22,50,Column,0.1362233560175537
22,51,Column,0.11885614923948462
22,52,Column,0.14387932466679712
22,53,Column,0.16264008224214602
22,54,Column,0.11367477848133402
22,55,Column,0.08974025776481746
22,56,Column,0.12056206954477622
22,57,Column,0.1285793712137531
22,58,Column,0.12546884668920696
22,59,Column,0.17541504178779693
22,60,Column,0.10298852816186463
22,61,Beam,0.39527039209336057
22,62,Beam,0.39848874320569166
22,63,Beam,0.3965790605027404
22,64,Beam,0.5503056342840115
22,65,Beam,0.5497575060684207
22,66,Beam,0.550406779735654
22,67,Beam,0.22567849974502113
22,68,Beam,0.49518055047439824
22,69,Beam,0.4962362075050169
22,70,Beam,0.17039364147946326
22,71,Beam,0.17039810034973119
22,72,Beam,0.5193188048600021
22,73,Beam,0.38393375230751436
22,74,Beam,0.6595856221027253
22,75,Beam,0.4418065693161394
22,76,Beam,0.23393223150237052
22,77,Beam,0.6595574643585276
22,78,Beam,0.4425089665338568
22,79,Beam,0.3279513315666032
22,80,Beam,0.5196822814093442
22,81,Beam,0.3841701029883001
22,82,Beam,0.31769931080453045
22,83,Beam,0.20348382853309943
22,84,Beam,0.39847204980890216
22,85,Beam,0.3946655755504882
22,86,Beam,0.37165515322017717
22,87,Beam,0.7255619920819067
22,88,Beam,0.7227355848056946
22,89,Beam,0.15946511777225458
22,90,Beam,0.6529355839741471
22,91,Beam,0.6520303367875729
22,92,Beam,0.331461795622611
22,93,Beam,0.3299804464533241
22,94,Beam,0.3931694334248867
22,95,Beam,0.36556539048126546
22,96,Beam,0.8669864595289584
22,97,Beam,0.6172234411073498
22,98,Beam,0.39852329032378486
22,99,Beam,0.8669749377425001
22,100,Beam,0.6170685594636385
22,101,Beam,0.723931097967307
22,102,Beam,0.5556175903461644
22,103,Beam,0.43476775413671886
22,104,Beam,0.4762656892792232
22,105,Beam,0.23672937902434174
22,106,Beam,0.22934658651665948
22,107,Beam,0.23867485576808858
22,108,Beam,0.6259115174108021
22,109,Beam,0.6254091508976595
22,110,Beam,0.4105704882234158
22,111,Beam,0.25859910556050886
22,112,Beam,0.5646014686704756
22,113,Beam,0.3707749892508415
22,114,Beam,0.2735980445817712
22,115,Beam,0.20527860453494437
22,116,Beam,0.5563929021283334
22,117,Beam,0.6375532193381607
22,118,Beam,0.4911818539501619
22,119,Beam,0.5607443219433175
22,120,Beam,0.35705462559582396
22,121,Beam,0.49109436913129184
22,122,Beam,0.5574854184031154
22,123,Beam,0.6247326000666897
22,124,Beam,0.552142674949968
22,125,Beam,0.5618736456443867
22,126,Beam,0.5464530715176487
22,127,Beam,0.22867077366371522
22,128,Beam,0.35177110970850445
22,129,Beam,0.3484384725592551
22,130,Beam,0.37455913584224565
22,131,Beam,0.5714362400104441
22,132,Beam,0.5685745803155304
22,133,Beam,0.15805584484830654
22,134,Beam,0.514518738538333
22,135,Beam,0.5127269186521046
22,136,Beam,0.19182883768141828
22,137,Beam,0.19182519759643343
22,138,Beam,0.3836226209573204
22,139,Beam,0.32063881494736396
22,140,Beam,0.6816752375417919
22,141,Beam,0.4914285812624627
22,142,Beam,0.2432768423007723
22,143,Beam,0.6817616227607176
22,144,Beam,0.4914224640389871
22,145,Beam,0.39118621463380066
22,146,Beam,0.48930139430097186
22,147,Beam,0.36976836730377877
22,148,Beam,0.3325216126600544
23,1,Column,0.36072608748332474
23,2,Column,0.4038827227471082
23,3,Column,0.2463630073587843
23,4,Column,0.41041419667514345
23,5,Column,0.4884931232926342
23,6,Column,0.5600454352212578
23,7,Column,0.6224227638871671
23,8,Column,0.5590455299151748
23,9,Column,0.3439821677464072
23,10,Column,0.8296741656165385
23,11,Column,0.44237257818986897
23,12,Column,0.4613977749726878
23,13,Column,0.31211387928899437
23,14,Column,0.5452890989945642
23,15,Column,0.2512154456595492
23,16,Column,0.16599474917923854
23,17,Column,0.25790927398554914
23,18,Column,0.2603946037417924
23,19,Column,0.18452003648463927
23,20,Column,0.18202972732603231
23,21,Column,0.5357132221264067
23,22,Column,0.32191751661074103
23,23,Column,0.2657162277972045
23,24,Column,0.16499490167309275
23,25,Column,0.34813153284326215
23,26,Column,0.30899211907721713
23,27,Column,0.22413771241862523
23,28,Column,0.17758259650976224
23,29,Column,0.1954433759069603
23,30,Column,0.15004596228919317
23,31,Column,0.10064374417779229
23,32,Column,0.23789540867456865
23,33,Column,0.13380237620773297
23,34,Column,0.10435227120813441
23,35,Column,0.1558105635954947
23,36,Column,0.4782178960051302
23,37,Column,0.3437128145674362
23,38,Column,0.13682947487083358
23,39,Column,0.11671570784811512
23,40,Column,0.19635019628318365
23,41,Column,0.27657023544984227
23,42,Column,0.15599879925707222
23,43,Column,0.09859036056904137
23,44,Column,0.1928422579401199
23,45,Column,0.11741361135383929
23,46,Column,0.12084425256126267
23,47,Column,0.25010890366875066
23,48,Column,0.23539108950732024
23,49,Column,0.14155271959279195
23,50,Column,0.1364478800215857
23,51,Column,0.11885614923948454
23,52,Column,0.14387932466679712
23,53,Column,0.1703285809850878
23,54,Column,0.1047642657311625
23,55,Column,0.089740257764818
23,56,Column,0.12056206954477612
23,57,Column,0.1529149007583995
23,58,Column,0.12884119978889885
23,59,Column,0.15569874153985727
23,60,Column,0.10298852816186328
23,61,Beam,0.39527039209336057
23,62,Beam,0.39848874320569166
23,63,Beam,0.3965790605027404
23,64,Beam,0.5503056342840115
23,65,Beam,0.5497575060684207
23,66,Beam,0.550406779735654
23,67,Beam,0.22567849974502113
23,68,Beam,0.49518055047439824
23,69,Beam,0.4962362075050169
23,70,Beam,0.17039364147946326
23,71,Beam,0.17039810034973119
23,72,Beam,0.5193188048600021
23,73,Beam,0.38393375230751436
23,74,Beam,0.6595856221027253
23,75,Beam,0.4418065693161394
23,76,Beam,0.23393223150237058
23,77,Beam,0.6595574643585276
23,78,Beam,0.4425089665338568
23,79,Beam,0.3279513315666032
23,80,Beam,0.5196822814093442
23,81,Beam,0.3841701029883001
23,82,Beam,0.31769931080453045
23,83,Beam,0.20348382853309943
23,84,Beam,0.39847204980890216
23,85,Beam,0.3946655755504882
23,86,Beam,0.37165515322017717
23,87,Beam,0.7255619920819067
23,88,Beam,0.7227355848056946
23,89,Beam,0.15946511777225458
23,90,Beam,0.6529355839741471
23,91,Beam,0.6520303367875729
23,92,Beam,0.331461795622611
23,93,Beam,0.3299804464533241
23,94,Beam,0.3931694334248867
23,95,Beam,0.3655653904812655
23,96,Beam,0.8669864595289584
23,97,Beam,0.6172234411073501
23,98,Beam,0.3985232903237849
23,99,Beam,0.8669749377425001
23,100,Beam,0.6170685594636385
23,101,Beam,0.723931097967307
23,102,Beam,0.5556175903461644
23,103,Beam,0.43476775413671886
23,104,Beam,0.4762656892792232
23,105,Beam,0.23672937902434174
23,106,Beam,0.22934658651665948
23,107,Beam,0.23867485576808858
23,108,Beam,0.6259115174108021
23,109,Beam,0.6254091508976595
23,110,Beam,0.4105704882234158
23,111,Beam,0.25859910556050886
23,112,Beam,0.5646014686704756
23,113,Beam,0.3707749892508415
23,114,Beam,0.2735980445817712
23,115,Beam,0.20527860453494437
23,116,Beam,0.5563929021283335
23,117,Beam,0.6375532193381607
23,118,Beam,0.4911818539501619
23,119,Beam,0.5607443219433175
23,120,Beam,0.35705462559582396
23,121,Beam,0.49109436913129184
23,122,Beam,0.5574854184031154
23,123,Beam,0.6247326000666897
23,124,Beam,0.5521426749499682
23,125,Beam,0.5618736456443868
23,126,Beam,0.5464530715176487
23,127,Beam,0.22867077366371522
23,128,Beam,0.35177110970850445
23,129,Beam,0.3484384725592551
23,130,Beam,0.37455913584224565
23,131,Beam,0.5714362400104441
23,132,Beam,0.5685745803155304
23,133,Beam,0.15805584484830654
23,134,Beam,0.514518738538333
23,135,Beam,0.5127269186521046
23,136,Beam,0.19182883768141828
23,137,Beam,0.19182519759643343
23,138,Beam,0.3836226209573204
23,139,Beam,0.320638814947364
23,140,Beam,0.6816752375417919
23,141,Beam,0.4914285812624627
23,142,Beam,0.2432768423007723
23,143,Beam,0.6817616227607176
23,144,Beam,0.4914224640389871
23,145,Beam,0.39118621463380066
23,146,Beam,0.48930139430097186
23,147,Beam,0.36976836730377877
23,148,Beam,0.3325216126600545
24,1,Column,0.29468178278069596
24,2,Column,0.22978332713935462
24,3,Column,0.37146957441652034
24,4,Column,0.36192256449623217
24,5,Column,0.3955798351695331
24,6,Column,0.560415802941046
24,7,Column,0.6228964540219907
24,8,Column,0.6251722130550195
24,9,Column,0.28344991138649206
24,10,Column,0.8321375916459707
24,11,Column,0.4430397868098535
24,12,Column,0.4614026411109957
24,13,Column,0.25887716726159454
24,14,Column,0.505969970877302
24,15,Column,0.28908178968064197
24,16,Column,0.16606703828333294
24,17,Column,0.28293819789061936
24,18,Column,0.2855116538223203
24,19,Column,0.18445546169505764
24,20,Column,0.2093323525059386
24,21,Column,0.536694097990247
24,22,Column,0.3229456064086091
24,23,Column,0.2658947018340251
24,24,Column,0.1649028973766344
24,25,Column,0.33619520182301305
24,26,Column,0.3097459285443859
24,27,Column,0.22426959418962822
24,28,Column,0.17784964374966855
24,29,Column,0.21994956058090392
24,30,Column,0.1500341750756611
24,31,Column,0.10056129277733757
24,32,Column,0.23800138150984568
24,33,Column,0.11703233791095902
24,34,Column,0.10432571455066285
24,35,Column,0.15578413067154653
24,36,Column,0.531753186193022
24,37,Column,0.34506504422866685
24,38,Column,0.1366572002724709
24,39,Column,0.11668684166701691
24,40,Column,0.28791627873568937
24,41,Column,0.275121461599076
24,42,Column,0.1562215654305821
24,43,Column,0.09842419553084124
24,44,Column,0.1928770920512851
24,45,Column,0.11689801858301849
24,46,Column,0.13280834012945927
24,47,Column,0.2506389621790825
24,48,Column,0.235749871478083
24,49,Column,0.1334613570912734
24,50,Column,0.135791453128093
24,51,Column,0.17301569882323783
24,52,Column,0.14192288455788954
24,53,Column,0.17022395943407884
24,54,Column,0.10351009182975171
24,55,Column,0.12669575543578324
24,56,Column,0.10467168567185847
24,57,Column,0.15284297647692704
24,58,Column,0.12974160399252282
24,59,Column,0.15663423437474241
24,60,Column,0.11311206558466558
24,61,Beam,0.39529018760209045
24,62,Beam,0.39846926267767174
24,63,Beam,0.39656093020376937
24,64,Beam,0.5503099180390582
24,65,Beam,0.549748145147234
24,66,Beam,0.5503954320569339
24,67,Beam,0.2256798537529107
24,68,Beam,0.49518814794024324
24,69,Beam,0.49622421474896306
24,70,Beam,0.1703969496728988
24,71,Beam,0.17039571152449645
24,72,Beam,0.5193663459679864
24,73,Beam,0.3842287971489096
24,74,Beam,0.6595690367204914
24,75,Beam,0.4418385590594082
24,76,Beam,0.23413190501849596
24,77,Beam,0.6595402548820963
24,78,Beam,0.44254603654462504
24,79,Beam,0.32814296436366663
24,80,Beam,0.5197300949617243
24,81,Beam,0.3844774332831851
24,82,Beam,0.317759339685845
24,83,Beam,0.20347829657570443
24,84,Beam,0.39852996882789793
24,85,Beam,0.3946077952528599
24,86,Beam,0.3716661673723853
24,87,Beam,0.7255635239535473
24,88,Beam,0.722760454002951
24,89,Beam,0.15947166520577596
24,90,Beam,0.6529537709712722
24,91,Beam,0.6520586894123049
24,92,Beam,0.33152054450045315
24,93,Beam,0.32992142862876117
24,94,Beam,0.3934496685926573
24,95,Beam,0.3655865666482998
24,96,Beam,0.8670450455331493
24,97,Beam,0.6173216375771619
24,98,Beam,0.398554833462957
24,99,Beam,0.8670532689176242
24,100,Beam,0.6173658512283281
24,101,Beam,0.7238308579585624
24,102,Beam,0.5559030870217992
24,103,Beam,0.4349134008813344
24,104,Beam,0.4762914736566468
24,105,Beam,0.23660362711133942
24,106,Beam,0.22921915751708472
24,107,Beam,0.2387194328510271
24,108,Beam,0.6258602512228001
24,109,Beam,0.6252849160273907
24,110,Beam,0.41059822523693384
24,111,Beam,0.2586079259926628
24,112,Beam,0.5645364809890062
24,113,Beam,0.37080305442477846
24,114,Beam,0.2734598423848338
24,115,Beam,0.2053258612004062
24,116,Beam,0.5571920737918391
24,117,Beam,0.6376189208877958
24,118,Beam,0.4911996455107681
24,119,Beam,0.5599006291033699
24,120,Beam,0.35677266029755395
24,121,Beam,0.4910972613318275
24,122,Beam,0.5565419099578353
24,123,Beam,0.624509950946056
24,124,Beam,0.552885177479347
24,125,Beam,0.5620041349563948
24,126,Beam,0.5466762110819677
24,127,Beam,0.22870801580819175
24,128,Beam,0.35177291359028307
24,129,Beam,0.3484299677246797
24,130,Beam,0.37460370558809236
24,131,Beam,0.5712101953300855
24,132,Beam,0.5686502082533701
24,133,Beam,0.15794933794834481
24,134,Beam,0.5142241499376146
24,135,Beam,0.5127805853783244
24,136,Beam,0.19186011389330718
24,137,Beam,0.19178991922798974
24,138,Beam,0.3841285665368465
24,139,Beam,0.32130573424633213
24,140,Beam,0.6823136783013839
24,141,Beam,0.4937754346495005
24,142,Beam,0.24477864374359615
24,143,Beam,0.6824735789151876
24,144,Beam,0.49410140743018716
24,145,Beam,0.3923567264116804
24,146,Beam,0.4897037953102004
24,147,Beam,0.37051487294085345
24,148,Beam,0.3328479088359287
25,1,Column,0.2946788720243899
25,2,Column,0.22978331750851833
25,3,Column,0.37146428009687965
25,4,Column,0.3619089757602205
25,5,Column,0.3955798243433057
25,6,Column,0.5604200716702096
25,7,Column,0.6229009314840029
25,8,Column,0.6251673710627799
25,9,Column,0.28344687267409674
25,10,Column,0.8321317232053729
25,11,Column,0.4430437097289991
25,12,Column,0.4614026014965034
25,13,Column,0.2588735892466283
25,14,Column,0.5059660940786166
25,15,Column,0.289086592717851
25,16,Column,0.1842364199689241
25,17,Column,0.2829365029093751
25,18,Column,0.28550988803065025
25,19,Column,0.1925040447721772
25,20,Column,0.20933040938427752
25,21,Column,0.5366940979529075
25,22,Column,0.3229466721073352
25,23,Column,0.2658946815978715
25,24,Column,0.16490160462325604
25,25,Column,0.3361952029954658
25,26,Column,0.30974722875366956
25,27,Column,0.22426956278293955
25,28,Column,0.17784816621754376
25,29,Column,0.21994766393844228
25,30,Column,0.16123526554388284
25,31,Column,0.11325856666595495
25,32,Column,0.23800131408686231
25,33,Column,0.1170323543848059
25,34,Column,0.11602144959217454
25,35,Column,0.15578264495522798
25,36,Column,0.5317529011791549
25,37,Column,0.3450647227727697
25,38,Column,0.13665719726300346
25,39,Column,0.11668635475998558
25,40,Column,0.28791626771119183
25,41,Column,0.2751225304791238
25,42,Column,0.1562200113515149
25,43,Column,0.09842391603328451
25,44,Column,0.19287695918388884
25,45,Column,0.1244207429725447
25,46,Column,0.12107136754665164
25,47,Column,0.2506386842918867
25,48,Column,0.23574962274027608
25,49,Column,0.1417657768847556
25,50,Column,0.13579124409389573
25,51,Column,0.1730152596823846
25,52,Column,0.1419228890725183
25,53,Column,0.170223955629634
25,54,Column,0.10350983745476222
25,55,Column,0.1266953152385754
25,56,Column,0.1046716906082219
25,57,Column,0.15284297533209734
25,58,Column,0.12974130863576927
25,59,Column,0.15663393520436023
25,60,Column,0.1032002955923847
25,61,Beam,0.3952900959007887
25,62,Beam,0.39846926664987287
25,63,Beam,0.396560847999527
25,64,Beam,0.5503099164416329
25,65,Beam,0.5497481466477618
25,66,Beam,0.5503954335613013
25,67,Beam,0.22567985221640335
25,68,Beam,0.4951881464372942
25,69,Beam,0.4962242162146529
25,70,Beam,0.17039694277928633
25,71,Beam,0.17039561562439418
25,72,Beam,0.51936532241138
25,73,Beam,0.3842273561382522
25,74,Beam,0.6595690371619463
25,75,Beam,0.44183855802731353
25,76,Beam,0.23413101134476125
25,77,Beam,0.6595402552832118
25,78,Beam,0.44254603557492167
25,79,Beam,0.3281420671523733
25,80,Beam,0.5197290650927013
25,81,Beam,0.3844759906592863
25,82,Beam,0.31775826220484094
25,83,Beam,0.2034784605789975
25,84,Beam,0.3985299593969278
25,85,Beam,0.3946076722321857
25,86,Beam,0.3716661724377154
25,87,Beam,0.7255635197305924
25,88,Beam,0.7227604498885146
25,89,Beam,0.15947167005886234
25,90,Beam,0.6529537667463661
25,91,Beam,0.6520586854036305
25,92,Beam,0.33152053495072625
25,93,Beam,0.3299213058288456
25,94,Beam,0.39344880659405557
25,95,Beam,0.36558515855028945
25,96,Beam,0.8670450441863189
25,97,Beam,0.617320818848488
25,98,Beam,0.39855429187666025
25,99,Beam,0.8670532682485689
25,100,Beam,0.6173650278504731
25,101,Beam,0.7238308593562554
25,102,Beam,0.5559022338264253
25,103,Beam,0.4349119951446311
25,104,Beam,0.4762904782153732
25,105,Beam,0.23660392164623775
25,106,Beam,0.22921917173219392
25,107,Beam,0.23871968156492474
25,108,Beam,0.6258602563551158
25,109,Beam,0.6252849209888552
25,110,Beam,0.4105982196504301
25,111,Beam,0.25860793092238926
25,112,Beam,0.5645364859539237
25,113,Beam,0.3708030489893862
25,114,Beam,0.2734598663733725
25,115,Beam,0.20532610947361807
25,116,Beam,0.5571910649806977
25,117,Beam,0.6376172574838485
25,118,Beam,0.4911996435732348
25,119,Beam,0.5599001321556718
25,120,Beam,0.35677234123611995
25,121,Beam,0.4910972607989719
25,122,Beam,0.5565414150000437
25,123,Beam,0.6245099520933982
25,124,Beam,0.552884228266949
25,125,Beam,0.5620025234983592
25,126,Beam,0.5466751258374287
25,127,Beam,0.2287078462611186
25,128,Beam,0.35177290058462546
25,129,Beam,0.348429845652799
25,130,Beam,0.37460369991668435
25,131,Beam,0.571210190712037
25,132,Beam,0.5686502128294153
25,133,Beam,0.1579493325314048
25,134,Beam,0.5142241453006505
25,135,Beam,0.5127805898235788
25,136,Beam,0.1918600980385609
25,137,Beam,0.19178977704849334
25,138,Beam,0.384128203583461
25,139,Beam,0.3213050741591057
25,140,Beam,0.6823136799127768
25,141,Beam,0.49377508665015957
25,142,Beam,0.24477820951708076
25,143,Beam,0.6824735792286416
25,144,Beam,0.49410106760747824
25,145,Beam,0.3923565008062917
25,146,Beam,0.48970328021692694
25,147,Beam,0.3705142617123922
25,148,Beam,0.332847535836411
26,1,Column,0.36069725968515826
26,2,Column,0.22987818410456998
26,3,Column,0.37175651453517244
26,4,Column,0.3265533420148973
26,5,Column,0.4395968661170605
26,6,Column,0.5609793853601586
26,7,Column,0.623497279897
26,8,Column,0.5593562297021406
26,9,Column,0.28254408214365256
26,10,Column,0.6830048647426105
26,11,Column,0.4436233730059518
26,12,Column,0.4616473587812468
26,13,Column,0.2590269848466547
26,14,Column,0.5065406100671315
26,15,Column,0.3456320326342086
26,16,Column,0.1654797810582573
26,17,Column,0.25928500955620226
26,18,Column,0.2616941871731251
26,19,Column,0.18390969490223413
26,20,Column,0.18223560087877336
26,21,Column,0.5373010971191574
26,22,Column,0.3241101168531123
26,23,Column,0.2663956246606514
26,24,Column,0.1640637279037568
26,25,Column,0.33682571385686433
26,26,Column,0.3109146748902023
26,27,Column,0.22475358760014663
26,28,Column,0.17755035286309556
26,29,Column,0.19697924527379812
26,30,Column,0.14936518006220437
26,31,Column,0.11312797359030383
26,32,Column,0.2383729691103848
26,33,Column,0.13215484467406302
26,34,Column,0.1159274758174186
26,35,Column,0.15526882980810022
26,36,Column,0.5359476290935511
26,37,Column,0.3469559255243035
26,38,Column,0.13669915746455838
26,39,Column,0.11635811725324817
26,40,Column,0.2887938425551501
26,41,Column,0.26668893297338353
26,42,Column,0.1555580956799516
26,43,Column,0.10030569283090647
26,44,Column,0.19389766889787227
26,45,Column,0.12431295994953451
26,46,Column,0.12059585911034403
26,47,Column,0.28068864240625035
26,48,Column,0.2698105507823276
26,49,Column,0.14135144571328584
26,50,Column,0.15342032505582745
26,51,Column,0.1339735964290555
26,52,Column,0.1750059060609193
26,53,Column,0.14070515142432366
26,54,Column,0.11176649438694064
26,55,Column,0.12561490225773472
26,56,Column,0.10470938124192741
26,57,Column,0.1285549453240967
26,58,Column,0.13828478332585614
26,59,Column,0.175093355052142
26,60,Column,0.10265676636163916
26,61,Beam,0.3952953582878594
26,62,Beam,0.39846180623999733
26,63,Beam,0.39655130019984564
26,64,Beam,0.5503128734601294
26,65,Beam,0.5497445479092291
26,66,Beam,0.5503926470436193
26,67,Beam,0.22568212865507878
26,68,Beam,0.495191413005606
26,69,Beam,0.49622130388087815
26,70,Beam,0.17039781351450442
26,71,Beam,0.1703924031960725
26,72,Beam,0.5188534556798162
26,73,Beam,0.38349610546884677
26,74,Beam,0.6595664773937494
26,75,Beam,0.4418429485199165
26,76,Beam,0.23401694601952022
26,77,Beam,0.6595377183081231
26,78,Beam,0.4425502631871084
26,79,Beam,0.3280218642779864
26,80,Beam,0.5192465552197595
26,81,Beam,0.3837910534606299
26,82,Beam,0.3171870507551884
26,83,Beam,0.20348143076522673
26,84,Beam,0.3985549199418533
26,85,Beam,0.3945778552050335
26,86,Beam,0.37167688403087407
26,87,Beam,0.7255666585360875
26,88,Beam,0.7227791570496129
26,89,Beam,0.15948208269167427
26,90,Beam,0.6529613137420112
26,91,Beam,0.6520780147124992
26,92,Beam,0.33154446054110537
26,93,Beam,0.3298941021662838
26,94,Beam,0.39248248113889134
26,95,Beam,0.3641243660926512
26,96,Beam,0.8670568024548365
26,97,Beam,0.6165450556033653
26,98,Beam,0.3980551891083219
26,99,Beam,0.8670652446012374
26,100,Beam,0.6166517669224435
26,101,Beam,0.7238200879064292
26,102,Beam,0.5550275234957872
26,103,Beam,0.43361979168869597
26,104,Beam,0.4752084626591757
26,105,Beam,0.23603081249706215
26,106,Beam,0.22866828402854858
26,107,Beam,0.23822339835649595
26,108,Beam,0.5714702184860174
26,109,Beam,0.5709088529077055
26,110,Beam,0.3757293099698615
26,111,Beam,0.23722297244708535
26,112,Beam,0.5156664068547807
26,113,Beam,0.33950181627635206
26,114,Beam,0.2728901211864044
26,115,Beam,0.20483210322362308
26,116,Beam,0.5546415727024786
26,117,Beam,0.633898853630174
26,118,Beam,0.44939120272318195
26,119,Beam,0.5191158772390425
26,120,Beam,0.3316676571979433
26,121,Beam,0.4492883550652776
26,122,Beam,0.5158640775925999
26,123,Beam,0.5701373886680874
26,124,Beam,0.5505891351430665
26,125,Beam,0.5588188413259105
26,126,Beam,0.5438780476551383
26,127,Beam,0.27435832662381915
26,128,Beam,0.4220220569546529
26,129,Beam,0.4179083634682214
26,130,Beam,0.37458775164772956
26,131,Beam,0.5712120892613888
26,132,Beam,0.5686241273366653
26,133,Beam,0.15793378351546553
26,134,Beam,0.5142327073854858
26,135,Beam,0.5127537143577041
26,136,Beam,0.23017065090715622
26,137,Beam,0.23006657218223805
26,138,Beam,0.4592559385657667
26,139,Beam,0.3831617697232669
26,140,Beam,0.6822825107449557
26,141,Beam,0.4924544518084905
26,142,Beam,0.24300096701194812
26,143,Beam,0.6824422426930972
26,144,Beam,0.49284222505911046
26,145,Beam,0.39147900398461677
26,146,Beam,0.5859674163976577
26,147,Beam,0.44236992890747695
26,148,Beam,0.3975423095261494
27,1,Column,0.2832522096942667
27,2,Column,0.22964738655382788
27,3,Column,0.26354701525537194
27,4,Column,0.3531956163956206
27,5,Column,0.429943679223891
27,6,Column,0.5047077492031435
27,7,Column,0.5599383528686305
27,8,Column,0.6141430521732211
27,9,Column,0.2685370796346158
27,10,Column,0.7558404536543115
27,11,Column,0.39362011784501594
27,12,Column,0.46057284347830807
27,13,Column,0.2373553289141575
27,14,Column,0.4807051575487784
27,15,Column,0.27022202044269683
27,16,Column,0.1645230182454362
27,17,Column,0.28951201336622173
27,18,Column,0.25962890256059684
27,19,Column,0.1834398718101997
27,20,Column,0.20752723265754372
27,21,Column,0.5416997673578319
27,22,Column,0.3073004719200412
27,23,Column,0.2668779454332572
27,24,Column,0.1635914476576322
27,25,Column,0.34169407599144797
27,26,Column,0.2913623843290193
27,27,Column,0.1520745961048404
27,28,Column,0.16770098159543942
27,29,Column,0.23112864482719025
27,30,Column,0.14914550752671615
27,31,Column,0.09828207800618087
27,32,Column,0.23894582178972396
27,33,Column,0.13755459189987532
27,34,Column,0.10222157680848395
27,35,Column,0.15331698433182653
27,36,Column,0.4265963204834028
27,37,Column,0.4488718405883601
27,38,Column,0.1579153216993318
27,39,Column,0.11429972969975082
27,40,Column,0.24820095562908565
27,41,Column,0.3946349962910117
27,42,Column,0.15304673434947452
27,43,Column,0.09828592279593233
27,44,Column,0.19268331292119767
27,45,Column,0.11293652294859731
27,46,Column,0.11993848078324319
27,47,Column,0.24997860901913208
27,48,Column,0.23516358747419483
27,49,Column,0.14067761573906076
27,50,Column,0.13582736715152005
27,51,Column,0.17414270323270517
27,52,Column,0.14670316778226375
27,53,Column,0.16988250924331094
27,54,Column,0.10362069866136579
27,55,Column,0.08930846625496851
27,56,Column,0.11303016286219475
27,57,Column,0.15274383749004772
27,58,Column,0.12859889222098717
27,59,Column,0.15542097555069004
27,60,Column,0.10205048877860723
27,61,Beam,0.39513729934482955
27,62,Beam,0.398624555978624
27,63,Beam,0.39672768713581036
27,64,Beam,0.5504780091885343
27,65,Beam,0.5497780159382006
27,66,Beam,0.5506666602466613
27,67,Beam,0.22586590569001694
27,68,Beam,0.49528085075354183
27,69,Beam,0.49646761585440896
27,70,Beam,0.1703880764338916
27,71,Beam,0.17041054118896895
27,72,Beam,0.5142122206616724
27,73,Beam,0.37598956531249866
27,74,Beam,0.6599507066951042
27,75,Beam,0.44111443423533725
27,76,Beam,0.22472753733533948
27,77,Beam,0.6599230388374974
27,78,Beam,0.44183975948515203
27,79,Beam,0.31874593489267505
27,80,Beam,0.5147467560994774
27,81,Beam,0.3765433054571336
27,82,Beam,0.31176616958022985
27,83,Beam,0.2034403383255985
27,84,Beam,0.39840020929646147
27,85,Beam,0.39473073014308946
27,86,Beam,0.3783882498595104
27,87,Beam,0.7410503594249644
27,88,Beam,0.7383634049918549
27,89,Beam,0.1611188692000269
27,90,Beam,0.6667465742120796
27,91,Beam,0.665942447874799
27,92,Beam,0.33138738581960747
27,93,Beam,0.33004328727596965
27,94,Beam,0.3887859329560568
27,95,Beam,0.35955203603253655
27,96,Beam,0.8857495426742783
27,97,Beam,0.6202348868947274
27,98,Beam,0.3987606783147181
27,99,Beam,0.8857304117285346
27,100,Beam,0.6199449154916479
27,101,Beam,0.739696953617716
27,102,Beam,0.5513554468101194
27,103,Beam,0.4289102198269034
27,104,Beam,0.4714947708051554
27,105,Beam,0.2369592546190234
27,106,Beam,0.22957669242685236
27,107,Beam,0.23961531983186324
27,108,Beam,0.625301175270096
27,109,Beam,0.624997689326405
27,110,Beam,0.4103073560935634
27,111,Beam,0.25829709843918897
27,112,Beam,0.5642971309745326
27,113,Beam,0.37053854793722324
27,114,Beam,0.2738413133961451
27,115,Beam,0.20621955861910019
27,116,Beam,0.5515948333186185
27,117,Beam,0.6311958571572636
27,118,Beam,0.4909789666341598
27,119,Beam,0.5607215550775798
27,120,Beam,0.35684214547037363
27,121,Beam,0.49088227455454664
27,122,Beam,0.557508591456086
27,123,Beam,0.624358185933624
27,124,Beam,0.5474093274261633
27,125,Beam,0.5557985947635423
27,126,Beam,0.5413134027636645
27,127,Beam,0.22867781737353415
27,128,Beam,0.35208524927413876
27,129,Beam,0.3481247382292317
27,130,Beam,0.37482047352850106
27,131,Beam,0.5714603967788807
27,132,Beam,0.5689251586696538
27,133,Beam,0.15825805231674103
27,134,Beam,0.5146986064347442
27,135,Beam,0.5130231171481486
27,136,Beam,0.19183170775506367
27,137,Beam,0.19183299769927467
27,138,Beam,0.3820548619239734
27,139,Beam,0.3186207694351953
27,140,Beam,0.6819312754169077
27,141,Beam,0.49154626982076244
27,142,Beam,0.24286070553559955
27,143,Beam,0.682008049209156
27,144,Beam,0.4913241124379595
27,145,Beam,0.3910683496598436
27,146,Beam,0.48791314616810105
27,147,Beam,0.3675321019740008
27,148,Beam,0.33083899911966475
28,1,Column,0.2826903429058843
28,2,Column,0.22973922536084304
28,3,Column,0.263492554899442
28,4,Column,0.353688719639461
28,5,Column,0.42995563989613494
28,6,Column,0.5052374907770161
28,7,Column,0.5605326275097819
28,8,Column,0.614621139205326
28,9,Column,0.26787165523433043
28,10,Column,0.6377063350763456
28,11,Column,0.3941870938395743
28,12,Column,0.49207479511975655
28,13,Column,0.2382767867112241
28,14,Column,0.4810706793782969
28,15,Column,0.26958136090245693
28,16,Column,0.16389956098079664
28,17,Column,0.28920216222739015
28,18,Column,0.2936472250377352
28,19,Column,0.1828321135448897
28,20,Column,0.1809424175382216
28,21,Column,0.5423027058841506
28,22,Column,0.3084788821708583
28,23,Column,0.2673561609196725
28,24,Column,0.16289026337346527
28,25,Column,0.34232657520736776
28,26,Column,0.2925296065791328
28,27,Column,0.22580920899990603
28,28,Column,0.18724903401217874
28,29,Column,0.19784655541987525
28,30,Column,0.14872229219951172
28,31,Column,0.11007185471427047
28,32,Column,0.23930049954804158
28,33,Column,0.11992045519839664
28,34,Column,0.11336491419733832
28,35,Column,0.1366728192314296
28,36,Column,0.43023023901120727
28,37,Column,0.4517140426888382
28,38,Column,0.17922891813602193
28,39,Column,0.13618318657629655
28,40,Column,0.24897967701719104
28,41,Column,0.39455573880875966
28,42,Column,0.17984456358640097
28,43,Column,0.09520714560111505
28,44,Column,0.19375180471972517
28,45,Column,0.1207534102004291
28,46,Column,0.11949002986159887
28,47,Column,0.24890372953106393
28,48,Column,0.2341932309526009
28,49,Column,0.14028775441600927
28,50,Column,0.1346870623779342
28,51,Column,0.11951906211889168
28,52,Column,0.14675376563579864
28,53,Column,0.1699274394754986
28,54,Column,0.10294612359146844
28,55,Column,0.09006217955247359
28,56,Column,0.11305790499703923
28,57,Column,0.1527900507452537
28,58,Column,0.12746263091180296
28,59,Column,0.15423476598143288
28,60,Column,0.10152861004059449
28,61,Beam,0.3951422235040424
28,62,Beam,0.39861736411628196
28,63,Beam,0.3967183084379486
28,64,Beam,0.5504808985626273
28,65,Beam,0.5497745530994861
28,66,Beam,0.5506640527732166
28,67,Beam,0.22586818092748995
28,68,Beam,0.4952839707809058
28,69,Beam,0.4964648933894347
28,70,Beam,0.17038913041707454
28,71,Beam,0.17040709008470256
28,72,Beam,0.5136554082406946
28,73,Beam,0.3751966061892589
28,74,Beam,0.6599479307222789
28,75,Beam,0.44111920318018577
28,76,Beam,0.22462879495861252
28,77,Beam,0.6599200534377805
28,78,Beam,0.4418448246571074
28,79,Beam,0.31863524627620526
28,80,Beam,0.5142216780599964
28,81,Beam,0.37579939970752574
28,82,Beam,0.31114357619005717
28,83,Beam,0.2034431460553014
28,84,Beam,0.3984234644324464
28,85,Beam,0.3947025381303567
28,86,Beam,0.37839799766986204
28,87,Beam,0.7410534296337963
28,88,Beam,0.7383808132521916
28,89,Beam,0.16112851182818524
28,90,Beam,0.6667535265161567
28,91,Beam,0.6659605255471273
28,92,Beam,0.33140973858205
28,93,Beam,0.33001771284590214
28,94,Beam,0.3877839834980871
28,95,Beam,0.3580253593439969
28,96,Beam,0.8857625789526679
28,97,Beam,0.6194683541853078
28,98,Beam,0.3982699160205939
28,99,Beam,0.8857446594000093
28,100,Beam,0.6192389280464478
28,101,Beam,0.739681645677863
28,102,Beam,0.5504432377910314
28,103,Beam,0.42750598079357965
28,104,Beam,0.47036425957838773
28,105,Beam,0.23638195990151908
28,106,Beam,0.22902314910206836
28,107,Beam,0.23910345133685693
28,108,Beam,0.5709252917612242
28,109,Beam,0.5706322902658213
28,110,Beam,0.37544352078185506
28,111,Beam,0.23691971173766865
28,112,Beam,0.51543435997344
28,113,Beam,0.3392417447628208
28,114,Beam,0.2732702061567398
28,115,Beam,0.20571026973699574
28,116,Beam,0.5491103962404197
28,117,Beam,0.6275834215926811
28,118,Beam,0.4491743152162448
28,119,Beam,0.5198923990228312
28,120,Beam,0.33172916103541633
28,121,Beam,0.4490772243234537
28,122,Beam,0.5167790512574547
28,123,Beam,0.5699827229598402
28,124,Beam,0.5451587041190445
28,125,Beam,0.552688324873229
28,126,Beam,0.5385607868191187
28,127,Beam,0.2286731153559451
28,128,Beam,0.3521173311010622
28,129,Beam,0.3480848803134525
28,130,Beam,0.37480553497238656
28,131,Beam,0.5714613686554701
28,132,Beam,0.5689019803954761
28,133,Beam,0.15824312070534666
28,134,Beam,0.5147049364159079
28,135,Beam,0.512999148308203
28,136,Beam,0.19183633089007887
28,137,Beam,0.19182085990435352
28,138,Beam,0.3808450601967093
28,139,Beam,0.31676954785314143
28,140,Beam,0.6819009471985471
28,141,Beam,0.4903434859948619
28,142,Beam,0.24117657944999082
28,143,Beam,0.6819783879238906
28,144,Beam,0.4901815648841621
28,145,Beam,0.39024757555371964
28,146,Beam,0.48674483743228664
28,147,Beam,0.36588612512104
28,148,Beam,0.3294613727486051
29,1,Column,0.2854740508263481
29,2,Column,0.22996804199253384
29,3,Column,0.246772271022705
29,4,Column,0.35802562126952014
29,5,Column,0.3957456803709418
29,6,Column,0.5815013164297138
29,7,Column,0.541926520765716
29,8,Column,0.5597737010221703
29,9,Column,0.27045324145990934
29,10,Column,0.6845548430585261
29,11,Column,0.46499253494157655
29,12,Column,0.46165946720610945
29,13,Column,0.2520151917231337
29,14,Column,0.1680651393268731
29,15,Column,0.2734112990307519
29,16,Column,0.17379693222605452
29,17,Column,0.2747143804624483
29,18,Column,0.2612170634282255
29,19,Column,0.1872381365859088
29,20,Column,0.19343816154554982
29,21,Column,0.5377259234710691
29,22,Column,0.380569793833232
29,23,Column,0.26904612478881873
29,24,Column,0.14306585588600276
29,25,Column,0.33718372959195403
29,26,Column,0.32399691067027503
29,27,Column,0.22682070640449353
29,28,Column,0.17291769632042428
29,29,Column,0.19534036326596982
29,30,Column,0.14944564243981995
29,31,Column,0.10314169344650122
29,32,Column,0.2405804961850388
29,33,Column,0.11723558066966161
29,34,Column,0.10398948401424624
29,35,Column,0.12911349435713293
29,36,Column,0.4778924103289773
29,37,Column,0.27651645231363153
29,38,Column,0.15524997165052118
29,39,Column,0.08262171674448447
29,40,Column,0.28809792352277086
29,41,Column,0.185832378502688
29,42,Column,0.1492225794307655
29,43,Column,0.13896694990704953
29,44,Column,0.2118140478324061
29,45,Column,0.10221486255170613
29,46,Column,0.1340797522818253
29,47,Column,0.23854308866918458
29,48,Column,0.22528399239216038
29,49,Column,0.13649853126580014
29,50,Column,0.1347074592157632
29,51,Column,0.16327509525044664
29,52,Column,0.14387737336255996
29,53,Column,0.17047005485646188
29,54,Column,0.10619580165251301
29,55,Column,0.103016636408035
29,56,Column,0.1106899972158027
29,57,Column,0.1530903267482696
29,58,Column,0.11821535159222774
29,59,Column,0.1438462659206786
29,60,Column,0.1156787864358617
29,61,Beam,0.39528388666976805
29,62,Beam,0.3984242495214204
29,63,Beam,0.39646826156643333
29,64,Beam,0.550334066113029
29,65,Beam,0.5497371608645357
29,66,Beam,0.5504092620544551
29,67,Beam,0.22569925084661432
29,68,Beam,0.49520203424311376
29,69,Beam,0.4962323990880198
29,70,Beam,0.17038660628444086
29,71,Beam,0.1703547948791834
29,72,Beam,0.5080276603959771
29,73,Beam,0.36755858056538115
29,74,Beam,0.659583201210806
29,75,Beam,0.44184570223169
29,76,Beam,0.22780712562917954
29,77,Beam,0.6595511108916341
29,78,Beam,0.44256196472003473
29,79,Beam,0.32128449055341535
29,80,Beam,0.5075050711499169
29,81,Beam,0.367378757213821
29,82,Beam,0.303162660763953
29,83,Beam,0.2351243396294438
29,84,Beam,0.455295406176104
29,85,Beam,0.4525736791373268
29,86,Beam,0.3786007373011149
29,87,Beam,0.7413767956194083
29,88,Beam,0.7387595237621553
29,89,Beam,0.16115511878497063
29,90,Beam,0.667094536301896
29,91,Beam,0.6663056303356103
29,92,Beam,0.3801831871753252
29,93,Beam,0.3792997548293742
29,94,Beam,0.5112023142397333
29,95,Beam,0.5459970526043736
29,96,Beam,0.8862253309560874
29,97,Beam,0.6096415424577887
29,98,Beam,0.3924298453213909
29,99,Beam,0.8861927233263807
29,100,Beam,0.6097958351974989
29,101,Beam,0.7397161633088242
29,102,Beam,0.6581032496987677
29,103,Beam,0.5945851393490269
29,104,Beam,0.6066152461276182
29,105,Beam,0.26645303545267573
29,106,Beam,0.26521960723027255
29,107,Beam,0.2665750771610475
29,108,Beam,0.4473795836519023
29,109,Beam,0.44676735861901395
29,110,Beam,0.29510111972919345
29,111,Beam,0.1882508187318404
29,112,Beam,0.4042253345280142
29,113,Beam,0.26696434222822524
29,114,Beam,0.33870539604603556
29,115,Beam,0.22371991233084462
29,116,Beam,0.42722768961108437
29,117,Beam,0.42728036491780796
29,118,Beam,0.5381823360816015
29,119,Beam,0.541282989463648
29,120,Beam,0.4377481548755752
29,121,Beam,0.5374167822149731
29,122,Beam,0.5359909152289605
29,123,Beam,0.5839820400511467
29,124,Beam,0.42709997279642387
29,125,Beam,0.36927947708480924
29,126,Beam,0.38447583029820015
29,127,Beam,0.22881442403515148
29,128,Beam,0.3520275238694676
29,129,Beam,0.34826838566435464
29,130,Beam,0.37450889438319285
29,131,Beam,0.5714638366511665
29,132,Beam,0.5684012590431747
29,133,Beam,0.1579977748698092
29,134,Beam,0.5145697999733013
29,135,Beam,0.5125465977049196
29,136,Beam,0.19195186073711176
29,137,Beam,0.19178981599893366
29,138,Beam,0.3816789787286357
29,139,Beam,0.31641389168697176
29,140,Beam,0.68148172251864
29,141,Beam,0.4808355953825383
29,142,Beam,0.2297174317745387
29,143,Beam,0.6815776988031743
29,144,Beam,0.48198389956412757
29,145,Beam,0.38421509733208953
29,146,Beam,0.4897277945048449
29,147,Beam,0.3673735632453474
29,148,Beam,0.3331431334126137
30,1,Column,0.29454049211244243
30,2,Column,0.2299186903830073
30,3,Column,0.24661878212882773
30,4,Column,0.3654127423249604
30,5,Column,0.3964747870492438
30,6,Column,0.5982284538444085
30,7,Column,0.6623508467416394
30,8,Column,0.559122376877323
30,9,Column,0.2807490759411574
30,10,Column,0.8142728765978973
30,11,Column,0.4538856007426596
30,12,Column,0.46133092963525263
30,13,Column,0.24536514977230578
30,14,Column,0.2929971172076266
30,15,Column,0.2842795789218841
30,16,Column,0.15110026687700984
30,17,Column,0.25031429844702324
30,18,Column,0.2523316853085313
30,19,Column,0.17421848280027918
30,20,Column,0.19946972056664627
30,21,Column,0.5470151153464333
30,22,Column,0.33859232391359223
30,23,Column,0.2682064156810335
30,24,Column,0.14822787818611413
30,25,Column,0.3429928318162558
30,26,Column,0.3083003624639226
30,27,Column,0.22640066873561057
30,28,Column,0.16735274447710866
30,29,Column,0.18712179844278812
30,30,Column,0.15410223718365293
30,31,Column,0.09766498621600579
30,32,Column,0.23593919980203348
30,33,Column,0.14306737217307333
30,34,Column,0.09949891361360859
30,35,Column,0.1659816075918786
30,36,Column,0.4382371170213437
30,37,Column,0.46326778409040587
30,38,Column,0.16896208026044518
30,39,Column,0.12270159819666816
30,40,Column,0.2492113791542228
30,41,Column,0.3995321681799146
30,42,Column,0.16883351642250405
30,43,Column,0.10841888337675214
30,44,Column,0.1929138382755283
30,45,Column,0.10534410718395959
30,46,Column,0.1190054758858522
30,47,Column,0.2449137204494325
30,48,Column,0.23015424763021172
30,49,Column,0.1398654848423952
30,50,Column,0.13428691631113499
30,51,Column,0.12815903004498105
30,52,Column,0.14489099664732058
30,53,Column,0.1701291604742477
30,54,Column,0.10069201843759773
30,55,Column,0.12088263482734221
30,56,Column,0.10714460129891001
30,57,Column,0.15277625872058465
30,58,Column,0.12381629491527907
30,59,Column,0.149861244545218
30,60,Column,0.10066141949403233
30,61,Beam,0.3951452414570682
30,62,Beam,0.39859531112967617
30,63,Beam,0.39671044635410957
30,64,Beam,0.550299438964279
30,65,Beam,0.5497598620170746
30,66,Beam,0.5504579654668255
30,67,Beam,0.22567407811722245
30,68,Beam,0.4951815478851928
30,69,Beam,0.496284868023929
30,70,Beam,0.17037028179257496
30,71,Beam,0.17039766880776094
30,72,Beam,0.5124807838935134
30,73,Beam,0.37365574854464356
30,74,Beam,0.6595763664716654
30,75,Beam,0.44183796877739256
30,76,Beam,0.22541698436579177
30,77,Beam,0.6595381725203134
30,78,Beam,0.4425565246623726
30,79,Beam,0.3191942856158066
30,80,Beam,0.5122642398079992
30,81,Beam,0.3739028620463444
30,82,Beam,0.30867283101620857
30,83,Beam,0.23515639930052082
30,84,Beam,0.45510873003897395
30,85,Beam,0.45268505730682784
30,86,Beam,0.37858336880304994
30,87,Beam,0.7410058995484768
30,88,Beam,0.7386549750944178
30,89,Beam,0.16123508948468193
30,90,Beam,0.6666862162642713
30,91,Beam,0.666193748814961
30,92,Beam,0.37997672898883483
30,93,Beam,0.37945453414354047
30,94,Beam,0.5154515987377362
30,95,Beam,0.5527650781579948
30,96,Beam,0.8861035528988069
30,97,Beam,0.6109032809345517
30,98,Beam,0.39309075112696246
30,99,Beam,0.8860831285097985
30,100,Beam,0.6102622181927824
30,101,Beam,0.7396475762761225
30,102,Beam,0.6603755677084026
30,103,Beam,0.6011876360800175
30,104,Beam,0.6097395423559557
30,105,Beam,0.23338906238355023
30,106,Beam,0.22636991977849077
30,107,Beam,0.2361108970900632
30,108,Beam,0.7411791318762377
30,109,Beam,0.740446239247708
30,110,Beam,0.48638448887619595
30,111,Beam,0.30628729260608156
30,112,Beam,0.6686487994462728
30,113,Beam,0.4392463153458673
30,114,Beam,0.27024186353646007
30,115,Beam,0.2027092920195797
30,116,Beam,0.5368201643413424
30,117,Beam,0.6073665411400397
30,118,Beam,0.581915545218228
30,119,Beam,0.6529656028575318
30,120,Beam,0.4157365622835659
30,121,Beam,0.5817856261174529
30,122,Beam,0.6487493488805001
30,123,Beam,0.7397005582834958
30,124,Beam,0.5312760488260063
30,125,Beam,0.5344298950473778
30,126,Beam,0.521394195781981
30,127,Beam,0.22872837059588041
30,128,Beam,0.35203355206686304
30,129,Beam,0.3481530323156752
30,130,Beam,0.3747102389443071
30,131,Beam,0.5712176181101054
30,132,Beam,0.568752477775091
30,133,Beam,0.15804784911333458
30,134,Beam,0.5143377425199487
30,135,Beam,0.5128636205582233
30,136,Beam,0.1918578104203696
30,137,Beam,0.19181222846979348
30,138,Beam,0.37831234098705085
30,139,Beam,0.3119749295450214
30,140,Beam,0.6823793194849157
30,141,Beam,0.4869198305639158
30,142,Beam,0.23585017708554978
30,143,Beam,0.6825261070911477
30,144,Beam,0.4871756971502063
30,145,Beam,0.3879387922131207
30,146,Beam,0.48387101253748827
30,147,Beam,0.3612941195591167
30,148,Beam,0.32592162720298884
31,1,Column,0.29257742813743626
31,2,Column,0.23003894699467967
31,3,Column,0.24674282070590003
31,4,Column,0.36425784039847975
31,5,Column,0.48455996410043617
31,6,Column,0.5984644835546669
31,7,Column,0.6625331856347648
31,8,Column,0.5599447714394244
31,9,Column,0.3412477119410357
31,10,Column,0.6828700553947856
31,11,Column,0.477737503742959
31,12,Column,0.5452666569606914
31,13,Column,0.24124893740384087
31,14,Column,0.1757207659992788
31,15,Column,0.2814067269335987
31,16,Column,0.15037582611216957
31,17,Column,0.2499219920510511
31,18,Column,0.25190398394577346
31,19,Column,0.17305299130717375
31,20,Column,0.19805436256159786
31,21,Column,0.5397580014277823
31,22,Column,0.37849376308796345
31,23,Column,0.2669373091173525
31,24,Column,0.14750948132103767
31,25,Column,0.3379484331520424
31,26,Column,0.32756485651095724
31,27,Column,0.22517110266460927
31,28,Column,0.1684559516227829
31,29,Column,0.20727023165761235
31,30,Column,0.15273091349679768
31,31,Column,0.09663790920952585
31,32,Column,0.2350557611604838
31,33,Column,0.11222116635208396
31,34,Column,0.09652857755856444
31,35,Column,0.13594078564593795
31,36,Column,0.5367315319216803
31,37,Column,0.3523458530578643
31,38,Column,0.13489249491042574
31,39,Column,0.1030471649765622
31,40,Column,0.28591577010417135
31,41,Column,0.29505382431387916
31,42,Column,0.14414177159035862
31,43,Column,0.09389007941355831
31,44,Column,0.19273648439657695
31,45,Column,0.09297372736083394
31,46,Column,0.11392264922672135
31,47,Column,0.24418899804783356
31,48,Column,0.2296190945291691
31,49,Column,0.13100428901628902
31,50,Column,0.13452370413142364
31,51,Column,0.11530331402872657
31,52,Column,0.14386701022796836
31,53,Column,0.17030499651950204
31,54,Column,0.1014862685865176
31,55,Column,0.1223667346666962
31,56,Column,0.11420037449901678
31,57,Column,0.15289277813051186
31,58,Column,0.12270688189034562
31,59,Column,0.14880645158071176
31,60,Column,0.11021050261154247
31,61,Beam,0.38052854130306163
31,62,Beam,0.38252347422482647
31,63,Beam,0.380717718554551
31,64,Beam,0.5502972595846377
31,65,Beam,0.5497668447377401
31,66,Beam,0.5504206512008553
31,67,Beam,0.22567030838868388
31,68,Beam,0.4951708882308125
31,69,Beam,0.49624940636208414
31,70,Beam,0.16378655353291957
31,71,Beam,0.16380295833676659
31,72,Beam,0.49098515784867636
31,73,Beam,0.3570440273503102
31,74,Beam,0.6595787777473961
31,75,Beam,0.4418264246232982
31,76,Beam,0.224569644782453
31,77,Beam,0.6595508913773245
31,78,Beam,0.4425289570280334
31,79,Beam,0.31838936921404526
31,80,Beam,0.490831949473921
31,81,Beam,0.3573539451296973
31,82,Beam,0.2952126135932546
31,83,Beam,0.23518233218843806
31,84,Beam,0.4551283606368358
31,85,Beam,0.4526784410118667
31,86,Beam,0.37165077700781085
31,87,Beam,0.7255344736318461
31,88,Beam,0.7227058003702134
31,89,Beam,0.15945489910618427
31,90,Beam,0.6529095045580167
31,91,Beam,0.6519986362957577
31,92,Beam,0.37999883513582633
31,93,Beam,0.3794506384389808
31,94,Beam,0.5129679824766695
31,95,Beam,0.5496796333743431
31,96,Beam,0.8670179739233188
31,97,Beam,0.6048433761093538
31,98,Beam,0.3905956514696183
31,99,Beam,0.8669932433320374
31,100,Beam,0.6042468569012972
31,101,Beam,0.7239021434191124
31,102,Beam,0.6580048850557106
31,103,Beam,0.5978515878458599
31,104,Beam,0.6074164165070359
31,105,Beam,0.23355779950525604
31,106,Beam,0.22653034590954294
31,107,Beam,0.2354100002003305
31,108,Beam,0.6259246467167962
31,109,Beam,0.6254262720943015
31,110,Beam,0.4105615664879134
31,111,Beam,0.2586116677936728
31,112,Beam,0.5646191681998264
31,113,Beam,0.3707675405882048
31,114,Beam,0.27054143239599865
31,115,Beam,0.20200401313584385
31,116,Beam,0.5344890938421346
31,117,Beam,0.605068494656855
31,118,Beam,0.49118156365075916
31,119,Beam,0.5508743135703202
31,120,Beam,0.35066527169182493
31,121,Beam,0.4910923648765535
31,122,Beam,0.5474032937683325
31,123,Beam,0.6246999295100438
31,124,Beam,0.5290821755466862
31,125,Beam,0.5321789882789556
31,126,Beam,0.5194341651052494
31,127,Beam,0.228690382063864
31,128,Beam,0.35172011915350315
31,129,Beam,0.34847408168735555
31,130,Beam,0.3745666910763012
31,131,Beam,0.571426049533818
31,132,Beam,0.5685914658286066
31,133,Beam,0.15806139361557023
31,134,Beam,0.5145088899369648
31,135,Beam,0.5127433977432153
31,136,Beam,0.19183000843206974
31,137,Beam,0.19183547246523042
31,138,Beam,0.3772535014487868
31,139,Beam,0.31056202205474676
31,140,Beam,0.6816685719879569
31,141,Beam,0.4844006790568178
31,142,Beam,0.23406931233792305
31,143,Beam,0.6817548895174399
31,144,Beam,0.48440355740244584
31,145,Beam,0.3864398361299246
31,146,Beam,0.4829627199976989
31,147,Beam,0.35981216596873333
31,148,Beam,0.3249891365197339
32,1,Column,0.29291829393242713
32,2,Column,0.34888544892390916
32,3,Column,0.24680958102795933
32,4,Column,0.36475750743881763
32,5,Column,0.3971552701275977
32,6,Column,0.589025391827406
32,7,Column,0.6524900396842586
32,8,Column,0.6225005323065795
32,9,Column,0.27908391367405755
32,10,Column,0.6858743645243608
32,11,Column,0.47039775884280743
32,12,Column,0.4998459042928798
32,13,Column,0.24615976232723236
32,14,Column,0.16818657849011373
32,15,Column,0.28170506252740846
32,16,Column,0.1503149875475248
32,17,Column,0.2518681398827379
32,18,Column,0.2729445056530509
32,19,Column,0.1742505994256809
32,20,Column,0.19802060623839146
32,21,Column,0.5510747479929835
32,22,Column,0.3416440466098139
32,23,Column,0.2685739550931091
32,24,Column,0.14360967732102084
32,25,Column,0.3443504141370753
32,26,Column,0.30779478148290235
32,27,Column,0.22674058638472122
32,28,Column,0.16774092514324154
32,29,Column,0.18875799019300296
32,30,Column,0.1536987710758918
32,31,Column,0.09727246447732506
32,32,Column,0.23696245909683084
32,33,Column,0.11092343339666996
32,34,Column,0.09533201075321186
32,35,Column,0.14445627792347124
32,36,Column,0.43656463505435567
32,37,Column,0.4614146061608067
32,38,Column,0.14604940118210635
32,39,Column,0.10304093193690814
32,40,Column,0.250098867699834
32,41,Column,0.3998256657263753
32,42,Column,0.1444591959696501
32,43,Column,0.09483007529426997
32,44,Column,0.19428249760464658
32,45,Column,0.09317283968590655
32,46,Column,0.11830035778300362
32,47,Column,0.24384857961481293
32,48,Column,0.22922513335993971
32,49,Column,0.13923790618528198
32,50,Column,0.13273010079347164
32,51,Column,0.12964506361893174
32,52,Column,0.1699259880620932
32,53,Column,0.1701709299667463
32,54,Column,0.09966894377057164
32,55,Column,0.10583770404826934
32,56,Column,0.11156346446671321
32,57,Column,0.15281850009994496
32,58,Column,0.12263154134023806
32,59,Column,0.1486642672570497
32,60,Column,0.0998755793869376
32,61,Beam,0.3951396505931868
32,62,Beam,0.3985960283334755
32,63,Beam,0.3967042375091726
32,64,Beam,0.5502964343655747
32,65,Beam,0.5497563829868477
32,66,Beam,0.5504520206887354
32,67,Beam,0.2256702352150882
32,68,Beam,0.49518407552899507
32,69,Beam,0.4962794064355767
32,70,Beam,0.17037208948370078
32,71,Beam,0.17039067648423173
32,72,Beam,0.5113707689430007
32,73,Beam,0.37199467764974664
32,74,Beam,0.6595632988788461
32,75,Beam,0.44185115968904276
32,76,Beam,0.22497361159984183
32,77,Beam,0.6595284958207097
32,78,Beam,0.44255692914957173
32,79,Beam,0.3187868084134114
32,80,Beam,0.5112571939606292
32,81,Beam,0.37240713786817115
32,82,Beam,0.30747900518345594
32,83,Beam,0.23516221200971393
32,84,Beam,0.45512491132636257
32,85,Beam,0.45266652984091976
32,86,Beam,0.37168332614506977
32,87,Beam,0.7251906327530894
32,88,Beam,0.7227490205695261
32,89,Beam,0.15959131371843063
32,90,Beam,0.6525470521422754
32,91,Beam,0.6520406389703751
32,92,Beam,0.3799914668746562
32,93,Beam,0.37943953259414676
32,94,Beam,0.5125704459652077
32,95,Beam,0.5484258512488401
32,96,Beam,0.8670019172021364
32,97,Beam,0.6047845466154699
32,98,Beam,0.3903485960296452
32,99,Beam,0.8669857852887345
32,100,Beam,0.6042292141713697
32,101,Beam,0.723755400752579
32,102,Beam,0.6578061921990287
32,103,Beam,0.5975742159347504
32,104,Beam,0.6066156127605425
32,105,Beam,0.23256595877418693
32,106,Beam,0.22556023574191997
32,107,Beam,0.23532700903793577
32,108,Beam,0.5711709445496287
32,109,Beam,0.5705573476989796
32,110,Beam,0.37564104609885707
32,111,Beam,0.23713060815191783
32,112,Beam,0.5154630865225486
32,113,Beam,0.3394238377273123
32,114,Beam,0.26987228998992546
32,115,Beam,0.2019266971146944
32,116,Beam,0.5334328662966072
32,117,Beam,0.6024033163558636
32,118,Beam,0.44931817210767716
32,119,Beam,0.5101620029678965
32,120,Beam,0.32563866009298664
32,121,Beam,0.4492106869081308
32,122,Beam,0.5067457185314691
32,123,Beam,0.5699296435036143
32,124,Beam,0.5282329419668879
32,125,Beam,0.5301125615848045
32,126,Beam,0.5176898807397012
32,127,Beam,0.27437576979614603
32,128,Beam,0.4223185719110365
32,129,Beam,0.41758644634947656
32,130,Beam,0.3746916874040558
32,131,Beam,0.5712144385164782
32,132,Beam,0.5687279834118077
32,133,Beam,0.15802892737899576
32,134,Beam,0.5143407186275305
32,135,Beam,0.5128388061477825
32,136,Beam,0.23016807343429305
32,137,Beam,0.2300869209845334
32,138,Beam,0.45181881163960913
32,139,Beam,0.3711985099408366
32,140,Beam,0.6823474422288205
32,141,Beam,0.4855396124775172
32,142,Beam,0.23409316675792555
32,143,Beam,0.6824939663498607
32,144,Beam,0.48586070271691495
32,145,Beam,0.38704814103152474
32,146,Beam,0.578547262526642
32,147,Beam,0.43071894603661
32,148,Beam,0.3887323669907461
33,1,Column,0.2828417530428179
33,2,Column,0.32399817175106277
33,3,Column,0.2878308251722428
33,4,Column,0.357135150810024
33,5,Column,0.39635965054365874
33,6,Column,0.5414382438407975
33,7,Column,0.5987482582063333
33,8,Column,0.6141513831753552
33,9,Column,0.268787491841994
33,10,Column,0.6403977813394882
33,11,Column,0.45907071389098497
33,12,Column,0.4614077060976287
33,13,Column,0.23770096066952714
33,14,Column,0.48510332340237544
33,15,Column,0.2702523242715845
33,16,Column,0.14961548974732555
33,17,Column,0.24944538327351357
33,18,Column,0.2519149069763536
33,19,Column,0.17416407552676666
33,20,Column,0.1936569548800926
33,21,Column,0.5426712553891107
33,22,Column,0.32495155748195703
33,23,Column,0.26826691304886835
33,24,Column,0.14668373992170208
33,25,Column,0.34264164422100746
33,26,Column,0.3177596325030075
33,27,Column,0.2264963008567857
33,28,Column,0.1773169702240978
33,29,Column,0.21822777749681
33,30,Column,0.15315675145306887
33,31,Column,0.09664644543631144
33,32,Column,0.2359544342901454
33,33,Column,0.11431547057666223
33,34,Column,0.0971307202791887
33,35,Column,0.1422905521397654
33,36,Column,0.43465016499458003
33,37,Column,0.459833853179644
33,38,Column,0.14393753479158364
33,39,Column,0.1010335995685041
33,40,Column,0.24987405179853067
33,41,Column,0.3997237261331463
33,42,Column,0.14248770617257367
33,43,Column,0.09365127991466031
33,44,Column,0.19259650630809724
33,45,Column,0.10225422209769643
33,46,Column,0.118000072866352
33,47,Column,0.24457920597871383
33,48,Column,0.22978336272496802
33,49,Column,0.13889615886862566
33,50,Column,0.1338134779330815
33,51,Column,0.1677638459987304
33,52,Column,0.1450320358253328
33,53,Column,0.1699773545249165
33,54,Column,0.09936466790496186
33,55,Column,0.0961388367335017
33,56,Column,0.11163344260570018
33,57,Column,0.15265131771018392
33,58,Column,0.12340024706540144
33,59,Column,0.14944988644997262
33,60,Column,0.09961518029554747
33,61,Beam,0.39514405041588757
33,62,Beam,0.39859740798862503
33,63,Beam,0.39671238990823227
33,64,Beam,0.5504746022277861
33,65,Beam,0.5497777768567843
33,66,Beam,0.5506690484989032
33,67,Beam,0.2258598784252154
33,68,Beam,0.49527906810240657
33,69,Beam,0.49646871357095845
33,70,Beam,0.1703727840800594
33,71,Beam,0.17039766770787346
33,72,Beam,0.5068956815092784
33,73,Beam,0.36503508145400526
33,74,Beam,0.659929249265618
33,75,Beam,0.4411610311306362
33,76,Beam,0.2164178315996455
33,77,Beam,0.6599009564523068
33,78,Beam,0.4418915351547306
33,79,Beam,0.3102069984474364
33,80,Beam,0.5068976459513839
33,81,Beam,0.3656531808364101
33,82,Beam,0.3022222519223019
33,83,Beam,0.23514777532994136
33,84,Beam,0.45511431830113214
33,85,Beam,0.45268073966854433
33,86,Beam,0.37839605680607036
33,87,Beam,0.7410295374117827
33,88,Beam,0.7383614903889695
33,89,Beam,0.16111742242920848
33,90,Beam,0.6667415850518996
33,91,Beam,0.6659418536657689
33,92,Beam,0.3799814591981452
33,93,Beam,0.37945032563481634
33,94,Beam,0.5063705101532479
33,95,Beam,0.5400264898747791
33,96,Beam,0.8858382993992242
33,97,Beam,0.6087987706464161
33,98,Beam,0.3914375881081741
33,99,Beam,0.8858252314620234
33,100,Beam,0.608288733597962
33,101,Beam,0.7395693281905579
33,102,Beam,0.6516584737348184
33,103,Beam,0.5886713552817944
33,104,Beam,0.5998962174994565
33,105,Beam,0.233568894389382
33,106,Beam,0.22654934552391442
33,107,Beam,0.23629802885303422
33,108,Beam,0.7408596373400873
33,109,Beam,0.7404329524091575
33,110,Beam,0.48617934409073066
33,111,Beam,0.30606711153702065
33,112,Beam,0.6685680597392061
33,113,Beam,0.4390609409815707
33,114,Beam,0.27042170499405815
33,115,Beam,0.20289539620117497
33,116,Beam,0.5313260464148299
33,117,Beam,0.6000552539754451
33,118,Beam,0.5817699147967922
33,119,Beam,0.6519866366546232
33,120,Beam,0.41508303983839545
33,121,Beam,0.5816364922175163
33,122,Beam,0.6478347938083008
33,123,Beam,0.7394832707454406
33,124,Beam,0.5259401051175957
33,125,Beam,0.5274279850631203
33,126,Beam,0.5155200404629213
33,127,Beam,0.22873214473753042
33,128,Beam,0.35203613546308926
33,129,Beam,0.34815206851594444
33,130,Beam,0.3748731157368218
33,131,Beam,0.5712310992523582
33,132,Beam,0.5690150234047967
33,133,Beam,0.15815618446056048
33,134,Beam,0.5143976611341341
33,135,Beam,0.51309058917838
33,136,Beam,0.1918615687686815
33,137,Beam,0.1918104765322594
33,138,Beam,0.3764558617813916
33,139,Beam,0.309595468744337
33,140,Beam,0.6825640144645224
33,141,Beam,0.4867262802129441
33,142,Beam,0.2352079634882412
33,143,Beam,0.6827150388180758
33,144,Beam,0.48684448707852473
33,145,Beam,0.3878149516874061
33,146,Beam,0.4822325147763446
33,147,Beam,0.35869574214798877
33,148,Beam,0.3239465120863085
34,1,Column,0.2812724131228242
34,2,Column,0.3246838404638779
34,3,Column,0.2877431646833985
34,4,Column,0.35619999381166356
34,5,Column,0.396761798763048
34,6,Column,0.5418568414601255
34,7,Column,0.5991185796066414
34,8,Column,0.6128064247527265
34,9,Column,0.2675296593696862
34,10,Column,0.6400339344744123
34,11,Column,0.45798590909033227
34,12,Column,0.49002421144763253
34,13,Column,0.2385927022855347
34,14,Column,0.4855805656667164
34,15,Column,0.2687579157700949
34,16,Column,0.14898861932691057
34,17,Column,0.24992871057403268
34,18,Column,0.2524489471384258
34,19,Column,0.17400047404103627
34,20,Column,0.19187781787018507
34,21,Column,0.5425066530522354
34,22,Column,0.3257815515209885
34,23,Column,0.2679747291328958
34,24,Column,0.1388401454130658
34,25,Column,0.3424038181998511
34,26,Column,0.3101110921546825
34,27,Column,0.2262461501697373
34,28,Column,0.17604161886027045
34,29,Column,0.1893569059758501
34,30,Column,0.15282634037519685
34,31,Column,0.09684091179626926
34,32,Column,0.2360615319612048
34,33,Column,0.11431319772597906
34,34,Column,0.09668913431954813
34,35,Column,0.16168453463547414
34,36,Column,0.4277875386544748
34,37,Column,0.45115667763815687
34,38,Column,0.13617670074448612
34,39,Column,0.11914010651267312
34,40,Column,0.2483013492586357
34,41,Column,0.3972524423149019
34,42,Column,0.13663303870273774
34,43,Column,0.10652239652556446
34,44,Column,0.1929539366243966
34,45,Column,0.1021430383845919
34,46,Column,0.11761722032675166
34,47,Column,0.2440087023113615
34,48,Column,0.2293695949445789
34,49,Column,0.13853430861680022
34,50,Column,0.13409496546936242
34,51,Column,0.11552566257027613
34,52,Column,0.1467097470525572
34,53,Column,0.16986072327444007
34,54,Column,0.1002903644025431
34,55,Column,0.08569157120107081
34,56,Column,0.11423561898789396
34,57,Column,0.15272332780417655
34,58,Column,0.12239226909013924
34,59,Column,0.1484684555171519
34,60,Column,0.09920595042844368
34,61,Beam,0.3951162906997331
34,62,Beam,0.39862246963031694
34,63,Beam,0.3967311824398278
34,64,Beam,0.5504658422121986
34,65,Beam,0.5497855653660753
34,66,Beam,0.5506757597172103
34,67,Beam,0.22585363401478514
34,68,Beam,0.4952721636959371
34,69,Beam,0.49647666783703726
34,70,Beam,0.17037064954397127
34,71,Beam,0.17039620351190912
34,72,Beam,0.5060738392194706
34,73,Beam,0.3635648829741464
34,74,Beam,0.659931208653635
34,75,Beam,0.4411477120440432
34,76,Beam,0.2159784276647
34,77,Beam,0.6599071506233933
34,78,Beam,0.4418614230354747
34,79,Beam,0.30978632128651995
34,80,Beam,0.5061319758658355
34,81,Beam,0.36426830582468567
34,82,Beam,0.3013077653379652
34,83,Beam,0.23515507747606532
34,84,Beam,0.4550759187160241
34,85,Beam,0.452722001405028
34,86,Beam,0.37146643106088967
34,87,Beam,0.7252107458664749
34,88,Beam,0.7224014300061063
34,89,Beam,0.15945077356763337
34,90,Beam,0.6525817060046158
34,91,Beam,0.6517323444514213
34,92,Beam,0.3799396597434182
34,93,Beam,0.37949466158008804
34,94,Beam,0.5043810149984674
34,95,Beam,0.5377100268851288
34,96,Beam,0.8666606865729739
34,97,Beam,0.6033058105950354
34,98,Beam,0.3891074698665318
34,99,Beam,0.8666322941957396
34,100,Beam,0.6026163927441706
34,101,Beam,0.7237772065074052
34,102,Beam,0.6497636111546368
34,103,Beam,0.5861291171983342
34,104,Beam,0.598159034025986
34,105,Beam,0.23335554792165966
34,106,Beam,0.2263357573772259
34,107,Beam,0.23590620229343387
34,108,Beam,0.6253233188096561
34,109,Beam,0.6250128600094391
34,110,Beam,0.4103088304715873
34,111,Beam,0.2583191782084117
34,112,Beam,0.5643142914202242
34,113,Beam,0.37054058392116873
34,114,Beam,0.27021110085474404
34,115,Beam,0.2024994716543298
34,116,Beam,0.5295362737381866
34,117,Beam,0.5984397437039143
34,118,Beam,0.49098388485781436
34,119,Beam,0.5504427025963835
34,120,Beam,0.3501869735877115
34,121,Beam,0.49088768732611676
34,122,Beam,0.547050654296273
34,123,Beam,0.6243227663317535
34,124,Beam,0.5242462142841068
34,125,Beam,0.5258258299802653
34,126,Beam,0.5140930552740063
34,127,Beam,0.2286896852260003
34,128,Beam,0.3520333394572171
34,129,Beam,0.34815626831269586
34,130,Beam,0.3748241986621236
34,131,Beam,0.5714473189654439
34,132,Beam,0.5689396430787746
34,133,Beam,0.1582596347741867
34,134,Beam,0.5146869670540526
34,135,Beam,0.5130376134914455
34,136,Beam,0.19183124639339535
34,137,Beam,0.19183953518119845
34,138,Beam,0.37560931014677545
34,139,Beam,0.30841063005899394
34,140,Beam,0.6819182340442039
34,141,Beam,0.4844182445941353
34,142,Beam,0.23355835333105776
34,143,Beam,0.68199468840791
34,144,Beam,0.4842300268234416
34,145,Beam,0.3863200013423225
34,146,Beam,0.4814788828715296
34,147,Beam,0.3574885698836354
34,148,Beam,0.3232022192677445
35,1,Column,0.3422976803880653
35,2,Column,0.23849961827098184
35,3,Column,0.3356696064844486
35,4,Column,0.3987425973484252
35,5,Column,0.3968049278689526
35,6,Column,0.5421927004551662
35,7,Column,0.5995512105377663
35,8,Column,0.5594829377331784
35,9,Column,0.2673954677767618
35,10,Column,0.6414316928238585
35,11,Column,0.459335711507597
35,12,Column,0.4903185874949043
35,13,Column,0.23877844805657839
35,14,Column,0.4855151635761739
35,15,Column,0.3288122855154514
35,16,Column,0.1492088938542602
35,17,Column,0.27809804217947715
35,18,Column,0.25287592408237136
35,19,Column,0.17415643777303794
35,20,Column,0.19190723952083424
35,21,Column,0.5434731432696001
35,22,Column,0.3885325670074802
35,23,Column,0.2681489111990898
35,24,Column,0.13888608171940678
35,25,Column,0.3433750917748207
35,26,Column,0.3108151236611836
35,27,Column,0.22636681491979518
35,28,Column,0.16755167239609473
35,29,Column,0.21674715419372922
35,30,Column,0.1529821789174424
35,31,Column,0.09700908210527995
35,32,Column,0.2361620845483538
35,33,Column,0.11401262238272572
35,34,Column,0.09521944008164748
35,35,Column,0.14155597495571923
35,36,Column,0.42955473147326545
35,37,Column,0.4405790408948814
35,38,Column,0.14317221776619488
35,39,Column,0.10066012556209941
35,40,Column,0.2500022686252054
35,41,Column,0.3997064578330713
35,42,Column,0.14205922822782768
35,43,Column,0.09272832022649852
35,44,Column,0.19297828347630153
35,45,Column,0.10174049628655273
35,46,Column,0.11783670848868966
35,47,Column,0.24443675777435034
35,48,Column,0.22967071296611896
35,49,Column,0.1387452167047078
35,50,Column,0.13369639572741054
35,51,Column,0.1292743283395646
35,52,Column,0.17055828583533855
35,53,Column,0.16997779642442076
35,54,Column,0.09913538558554678
35,55,Column,0.09644116146255335
35,56,Column,0.11164303411746203
35,57,Column,0.15265132393086703
35,58,Column,0.12323499742273915
35,59,Column,0.14931314528099215
35,60,Column,0.09941912374084552
35,61,Beam,0.39513502629851777
35,62,Beam,0.3986039915222173
35,63,Beam,0.39671430432888954
35,64,Beam,0.5504697207986826
35,65,Beam,0.5497769917818239
35,66,Beam,0.5506654235008699
35,67,Beam,0.2258546458910099
35,68,Beam,0.4952790446026232
35,69,Beam,0.4964656839859349
35,70,Beam,0.1703737618637211
35,71,Beam,0.17039399475145153
35,72,Beam,0.5061267913608312
35,73,Beam,0.36384922422859517
35,74,Beam,0.6599183674702944
35,75,Beam,0.4411712928963984
35,76,Beam,0.21616788711605478
35,77,Beam,0.659893644508807
35,78,Beam,0.4418892851795109
35,79,Beam,0.3099682862307472
35,80,Beam,0.5061854046950757
35,81,Beam,0.36456539910847835
35,82,Beam,0.30137408703518637
35,83,Beam,0.23515112134736105
35,84,Beam,0.4551160116387945
35,85,Beam,0.45268082217872924
35,86,Beam,0.3714773061911076
35,87,Beam,0.7252130990877993
35,88,Beam,0.7224258424600483
35,89,Beam,0.15945778619408388
35,90,Beam,0.6525992450014114
35,91,Beam,0.6517602015520646
35,92,Beam,0.37998127042180496
35,93,Beam,0.37945225995342347
35,94,Beam,0.5048912823639532
35,95,Beam,0.537792748854096
35,96,Beam,0.8667150916167086
35,97,Beam,0.6034081713553912
35,98,Beam,0.38914905342943024
35,99,Beam,0.8667057868917246
35,100,Beam,0.6029044606795072
35,101,Beam,0.7236830455320451
35,102,Beam,0.6502785476148245
35,103,Beam,0.5867759833976735
35,104,Beam,0.5982409982760098
35,105,Beam,0.23323950399776888
35,106,Beam,0.22621814733941606
35,107,Beam,0.235948671882927
35,108,Beam,0.7408725603671639
35,109,Beam,0.7404326790045722
35,110,Beam,0.48619293504480166
35,111,Beam,0.3060808100535424
35,112,Beam,0.6685694179072
35,113,Beam,0.43907347265697017
35,114,Beam,0.27008306729071263
35,115,Beam,0.2025450684217212
35,116,Beam,0.5303397216913238
35,117,Beam,0.5985778988403456
35,118,Beam,0.5817740813326032
35,119,Beam,0.6513564957748269
35,120,Beam,0.4146492218180105
35,121,Beam,0.5816435726690665
35,122,Beam,0.6472352134658731
35,123,Beam,0.7394895483498358
35,124,Beam,0.5249911453902458
35,125,Beam,0.5260264044706774
35,126,Beam,0.5143649824644254
35,127,Beam,0.2287262872028181
35,128,Beam,0.3520320433075161
35,129,Beam,0.3481511993081326
35,130,Beam,0.37486989926927117
35,131,Beam,0.571226979952479
35,132,Beam,0.5690137952068636
35,133,Beam,0.15815280263848971
35,134,Beam,0.5143946343079676
35,135,Beam,0.5130896974317901
35,136,Beam,0.19186168057908096
35,137,Beam,0.19180493095085308
35,138,Beam,0.3761104367143733
35,139,Beam,0.30907370870852513
35,140,Beam,0.682561806196965
35,141,Beam,0.48647441227201815
35,142,Beam,0.23495660589582748
35,143,Beam,0.6827123280954297
35,144,Beam,0.48660886112684193
35,145,Beam,0.3876767219773057
35,146,Beam,0.4818854561289734
35,147,Beam,0.3582146121008439
35,148,Beam,0.32353843289127765
36,1,Column,0.3447566016114853
36,2,Column,0.2302930575069616
36,3,Column,0.24697722803750927
36,4,Column,0.40199521642652225
36,5,Column,0.4087741177806438
36,6,Column,0.6047302995183232
36,7,Column,0.6696673004289102
36,8,Column,0.5718496418556718
36,9,Column,0.2704938938442397
36,10,Column,0.6853818918141819
36,11,Column,0.4493241592831061
36,12,Column,0.47234808428872005
36,13,Column,0.24887191193699418
36,14,Column,0.16830684271005755
36,15,Column,0.32905910817881817
36,16,Column,0.14750076548173627
36,17,Column,0.2896250305435777
36,18,Column,0.2911850950137738
36,19,Column,0.17418468328162143
36,20,Column,0.219268971099752
36,21,Column,0.5458281574083399
36,22,Column,0.34269710264615794
36,23,Column,0.2752925271695149
36,24,Column,0.16187633524792028
36,25,Column,0.33693492922043383
36,26,Column,0.33277527739613033
36,27,Column,0.2328359644420509
36,28,Column,0.17353009944027475
36,29,Column,0.2157459832219551
36,30,Column,0.14973480768118394
36,31,Column,0.09747020355970486
36,32,Column,0.24505457663310126
36,33,Column,0.1542126791735847
36,34,Column,0.09798159324119905
36,35,Column,0.16033869355784325
36,36,Column,0.4821480601624353
36,37,Column,0.28678352209465546
36,38,Column,0.1478715769068216
36,39,Column,0.08756558383313202
36,40,Column,0.28869882052298673
36,41,Column,0.20291356131867389
36,42,Column,0.16245625303509667
36,43,Column,0.13669152885035823
36,44,Column,0.20126397487982073
36,45,Column,0.10284564641763055
36,46,Column,0.11225672453580153
36,47,Column,0.23202000467095832
36,48,Column,0.2183325652869815
36,49,Column,0.13389087387834295
36,50,Column,0.11959948585407279
36,51,Column,0.12115447018797475
36,52,Column,0.1558188883363755
36,53,Column,0.17059839713316677
36,54,Column,0.09209226157591711
36,55,Column,0.09269891006398487
36,56,Column,0.11076103021359132
36,57,Column,0.15320766912103562
36,58,Column,0.10933553397271283
36,59,Column,0.13512800568809358
36,60,Column,0.09302757820490898
36,61,Beam,0.3952912795752946
36,62,Beam,0.3984369143705359
36,63,Beam,0.3965286328677984
36,64,Beam,0.5500745767683356
36,65,Beam,0.5497414545055571
36,66,Beam,0.5501620369031431
36,67,Beam,0.22558476075831646
36,68,Beam,0.4951960071558214
36,69,Beam,0.4960112568103845
36,70,Beam,0.17025455850073246
36,71,Beam,0.17036434058729416
36,72,Beam,0.504582508718231
36,73,Beam,0.36221358519198055
36,74,Beam,0.6597850060046889
36,75,Beam,0.44191599218612665
36,76,Beam,0.22091615421566577
36,77,Beam,0.6597604409279454
36,78,Beam,0.44261541250536973
36,79,Beam,0.3144814588146903
36,80,Beam,0.5044479670683047
36,81,Beam,0.3623523072299187
36,82,Beam,0.300306974019615
36,83,Beam,0.23517279164066346
36,84,Beam,0.4550594598376746
36,85,Beam,0.45249477655779374
36,86,Beam,0.37877457823093674
36,87,Beam,0.741393348860747
36,88,Beam,0.7391840786595325
36,89,Beam,0.1612359241944643
36,90,Beam,0.6671098312232151
36,91,Beam,0.6666880656262959
36,92,Beam,0.37983514406409113
36,93,Beam,0.3792683779189921
36,94,Beam,0.49353057149107554
36,95,Beam,0.5193645979419044
36,96,Beam,0.8859438299665208
36,97,Beam,0.6007578209184369
36,98,Beam,0.38649614046162156
36,99,Beam,0.8859065503010731
36,100,Beam,0.6008451800703841
36,101,Beam,0.7392305238545962
36,102,Beam,0.6394247183500125
36,103,Beam,0.5694100907692362
36,104,Beam,0.5844917154887314
36,105,Beam,0.2275622938237438
36,106,Beam,0.22050022220614232
36,107,Beam,0.23062706976648323
36,108,Beam,0.4472677557337288
36,109,Beam,0.44668166289276895
36,110,Beam,0.29500056005760783
36,111,Beam,0.188113755781776
36,112,Beam,0.4041383570741804
36,113,Beam,0.26687235978559926
36,114,Beam,0.2693482345758804
36,115,Beam,0.19721950453800613
36,116,Beam,0.5034752718356952
36,117,Beam,0.5581725450751686
36,118,Beam,0.5170570009791935
36,119,Beam,0.5108619838948777
36,120,Beam,0.4127925046046498
36,121,Beam,0.5150781353994277
36,122,Beam,0.5035068169160258
36,123,Beam,0.5573642789362807
36,124,Beam,0.500036523559026
36,125,Beam,0.4901102366910379
36,126,Beam,0.4837562581116278
36,127,Beam,0.22871536864803454
36,128,Beam,0.3520909529757164
36,129,Beam,0.34804424150046337
36,130,Beam,0.3744992679865792
36,131,Beam,0.5714946795752864
36,132,Beam,0.5683291921103094
36,133,Beam,0.15798928466926287
36,134,Beam,0.5146002336357604
36,135,Beam,0.5124825973461826
36,136,Beam,0.19186770340048853
36,137,Beam,0.19175691580315748
36,138,Beam,0.36126975362904734
36,139,Beam,0.28716264207415476
36,140,Beam,0.6814780404431244
36,141,Beam,0.47057026479048625
36,142,Beam,0.22292795130755638
36,143,Beam,0.6815750505993772
36,144,Beam,0.4710876912264196
36,145,Beam,0.3768867683991717
36,146,Beam,0.4678690130176645
36,147,Beam,0.3385527868960544
36,148,Beam,0.30691166710219386
37,1,Column,0.28275137727279964
37,2,Column,0.3513071776609791
37,3,Column,0.24707508084677451
37,4,Column,0.35950869851190836
37,5,Column,0.40966514955431527
37,6,Column,0.606254313416071
37,7,Column,0.5326865631964095
37,8,Column,0.6308601931122824
37,9,Column,0.2700369701469441
37,10,Column,0.8124682163379888
37,11,Column,0.4499020781559717
37,12,Column,0.5043648157985402
37,13,Column,0.24984228439074632
37,14,Column,0.29548522934049226
37,15,Column,0.26819984341933417
37,16,Column,0.14742341481695237
37,17,Column,0.28982659656841075
37,18,Column,0.29108245431724866
37,19,Column,0.17476102694140883
37,20,Column,0.2188295275716481
37,21,Column,0.5508465285178814
37,22,Column,0.3430436714184777
37,23,Column,0.2757826585070045
37,24,Column,0.1614734569793903
37,25,Column,0.3420285403890133
37,26,Column,0.33322512036288127
37,27,Column,0.23331220775185324
37,28,Column,0.17269771485838759
37,29,Column,0.21533639605741828
37,30,Column,0.1500242896622917
37,31,Column,0.09818650970763372
37,32,Column,0.2454918202266647
37,33,Column,0.13960977814348588
37,34,Column,0.09798449257454388
37,35,Column,0.13292541092464447
37,36,Column,0.4791952417911831
37,37,Column,0.2786302149742078
37,38,Column,0.1469419884117609
37,39,Column,0.10126404427411856
37,40,Column,0.2904591677554118
37,41,Column,0.19624256228554202
37,42,Column,0.141204135744407
37,43,Column,0.11632584759097303
37,44,Column,0.20200388457021032
37,45,Column,0.10265876453162112
37,46,Column,0.12414759018690263
37,47,Column,0.23148414629667108
37,48,Column,0.21779317874107815
37,49,Column,0.1517899735034758
37,50,Column,0.11941877223866056
37,51,Column,0.12316951638549994
37,52,Column,0.15569042514361428
37,53,Column,0.17064967726106897
37,54,Column,0.09188478093049782
37,55,Column,0.09505627720874342
37,56,Column,0.11229557919532929
37,57,Column,0.15325805791147645
37,58,Column,0.1088222627120294
37,59,Column,0.13462671732120918
37,60,Column,0.10316137287057914
37,61,Beam,0.39517967745621285
37,62,Beam,0.39854683489854753
37,63,Beam,0.39663654139228327
37,64,Beam,0.5500652981331073
37,65,Beam,0.5497440033637808
37,66,Beam,0.5501939760282925
37,67,Beam,0.22557860152333195
37,68,Beam,0.4951962300951781
37,69,Beam,0.4960432775979661
37,70,Beam,0.17025030896446453
37,71,Beam,0.17036615903060773
37,72,Beam,0.5043019088506068
37,73,Beam,0.36184154573676397
37,74,Beam,0.6597688808554212
37,75,Beam,0.44193439190501205
37,76,Beam,0.22066612306463712
37,77,Beam,0.6597608154139372
37,78,Beam,0.4426253891645378
37,79,Beam,0.31427065114687314
37,80,Beam,0.5041946234347426
37,81,Beam,0.36200463081885476
37,82,Beam,0.3000018110860214
37,83,Beam,0.2351632855426796
37,84,Beam,0.45500064566738435
37,85,Beam,0.4525201357775536
37,86,Beam,0.37186910443723437
37,87,Beam,0.7253541274480914
37,88,Beam,0.7232681318318281
37,89,Beam,0.15965381789803737
37,90,Beam,0.652714988125539
37,91,Beam,0.6525191383999261
37,92,Beam,0.379771265837359
37,93,Beam,0.37932367023010233
37,94,Beam,0.49298869082981467
37,95,Beam,0.518477787942565
37,96,Beam,0.8669974154428013
37,97,Beam,0.5958079701602568
37,98,Beam,0.3844120211693369
37,99,Beam,0.8669878305762894
37,100,Beam,0.5957943597268146
37,101,Beam,0.7234466352057113
37,102,Beam,0.6389626031958429
37,103,Beam,0.5688603270568172
37,104,Beam,0.5838744817341611
37,105,Beam,0.22710613929109372
37,106,Beam,0.2200465672351468
37,107,Beam,0.2304764236162982
37,108,Beam,0.4471613239069319
37,109,Beam,0.44635644590666146
37,110,Beam,0.2950441763614486
37,111,Beam,0.18816933161074206
37,112,Beam,0.40399970970198906
37,113,Beam,0.26690957692088424
37,114,Beam,0.2691350922708891
37,115,Beam,0.19707048888282497
37,116,Beam,0.5027464059009786
37,117,Beam,0.5572139048528589
37,118,Beam,0.5154681546801343
37,119,Beam,0.5055716004624029
37,120,Beam,0.41131235197343036
37,121,Beam,0.5136015243205954
37,122,Beam,0.49868499404502803
37,123,Beam,0.5559940342033288
37,124,Beam,0.4994214790480805
37,125,Beam,0.4892216532694678
37,126,Beam,0.4831062019164801
37,127,Beam,0.22870636390029445
37,128,Beam,0.3522335196409391
37,129,Beam,0.3478933684299037
37,130,Beam,0.37449765165500665
37,131,Beam,0.571485521978158
37,132,Beam,0.5683171447461416
37,133,Beam,0.15800853819277189
37,134,Beam,0.5146394850511957
37,135,Beam,0.5124670491915955
37,136,Beam,0.19186579879181498
37,137,Beam,0.1917545572099598
37,138,Beam,0.36089853262001864
37,139,Beam,0.2866630029634875
37,140,Beam,0.6814938258710791
37,141,Beam,0.47042723024948097
37,142,Beam,0.22258399282403937
37,143,Beam,0.6816178810631168
37,144,Beam,0.4709665383502616
37,145,Beam,0.3766284185941038
37,146,Beam,0.46761407687720064
37,147,Beam,0.3381254874759863
37,148,Beam,0.3065997896574377
38,1,Column,0.28434916071723293
38,2,Column,0.2305034528025437
38,3,Column,0.25602530463436884
38,4,Column,0.3617918900706953
38,5,Column,0.3975858168757785
38,6,Column,0.6171746470738478
38,7,Column,0.5039511087011115
38,8,Column,0.5617427726048616
38,9,Column,0.27032175977350364
38,10,Column,0.7788946438122172
38,11,Column,0.49840939838748466
38,12,Column,0.4908741777396045
38,13,Column,0.2502115214777007
38,14,Column,0.16875357140066863
38,15,Column,0.2702723895478864
38,16,Column,0.11980453984376381
38,17,Column,0.4270512314770865
38,18,Column,0.2622894385085341
38,19,Column,0.1316494923039353
38,20,Column,0.21961919785480005
38,21,Column,0.5566927280097773
38,22,Column,0.35435433101100394
38,23,Column,0.27119842402390226
38,24,Column,0.14493976308944204
38,25,Column,0.3379449114746062
38,26,Column,0.34691141723803515
38,27,Column,0.22854611037621647
38,28,Column,0.16338666392214565
38,29,Column,0.1852404359800742
38,30,Column,0.14474600843265345
38,31,Column,0.10136462692595645
38,32,Column,0.2311002269669469
38,33,Column,0.11174622893166236
38,34,Column,0.11118497977440474
38,35,Column,0.16099253377905717
38,36,Column,0.4966765958105991
38,37,Column,0.3059057034518867
38,38,Column,0.16798317437548257
38,39,Column,0.10613946913168368
38,40,Column,0.28825559099474996
38,41,Column,0.2234993580665918
38,42,Column,0.16132351940386325
38,43,Column,0.10711302719620498
38,44,Column,0.2103508403401764
38,45,Column,0.13324807910542377
38,46,Column,0.11946459657219828
38,47,Column,0.2327315837054781
38,48,Column,0.21956487799200322
38,49,Column,0.14175293968658462
38,50,Column,0.12700004214727928
38,51,Column,0.1263600655680314
38,52,Column,0.1438963149516131
38,53,Column,0.17043395581691378
38,54,Column,0.10204432843247989
38,55,Column,0.11104714743123704
38,56,Column,0.11069326103578483
38,57,Column,0.15305504474042786
38,58,Column,0.11197759918609099
38,59,Column,0.1369555719611051
38,60,Column,0.10210218826198997
38,61,Beam,0.39525300989845447
38,62,Beam,0.3984206824568874
38,63,Beam,0.396479250931313
38,64,Beam,0.5503165582307993
38,65,Beam,0.5497506040939653
38,66,Beam,0.5504284271973476
38,67,Beam,0.2256814191060673
38,68,Beam,0.49518735767321315
38,69,Beam,0.4962505875096788
38,70,Beam,0.17035685319885616
38,71,Beam,0.17033257502291457
38,72,Beam,0.49928111219257526
38,73,Beam,0.3540815329125102
38,74,Beam,0.6595685166640367
38,75,Beam,0.4418752808639077
38,76,Beam,0.21674813287226638
38,77,Beam,0.6595401735324903
38,78,Beam,0.44257831513006896
38,79,Beam,0.310100324633399
38,80,Beam,0.4982602179325713
38,81,Beam,0.3541314447015274
38,82,Beam,0.29231392829815916
38,83,Beam,0.22530347659991534
38,84,Beam,0.42951484198918494
38,85,Beam,0.4254339922659895
38,86,Beam,0.3716866024585486
38,87,Beam,0.7255283290034743
38,88,Beam,0.7227952581950753
38,89,Beam,0.15948089605894303
38,90,Beam,0.652922457624194
38,91,Beam,0.6520891943860865
38,92,Beam,0.35881790581339595
38,93,Beam,0.3576512481195482
38,94,Beam,0.5946819160575276
38,95,Beam,0.6810565016023752
38,96,Beam,0.8671614672005389
38,97,Beam,0.5906255853266829
38,98,Beam,0.3814283377970766
38,99,Beam,0.8671047561301913
38,100,Beam,0.590329322317889
38,101,Beam,0.7238180269496632
38,102,Beam,0.7120976225376316
38,103,Beam,0.6910376868415421
38,104,Beam,0.6873340797226709
38,105,Beam,0.26647208981185383
38,106,Beam,0.26522014745770467
38,107,Beam,0.26659507676018657
38,108,Beam,0.44741959290030664
38,109,Beam,0.4468007690113628
38,110,Beam,0.29509272032403056
38,111,Beam,0.18829198478849138
38,112,Beam,0.4042618940079606
38,113,Beam,0.266958700274946
38,114,Beam,0.3387381174674955
38,115,Beam,0.223734633745492
38,116,Beam,0.4132487177778249
38,117,Beam,0.4062223867896572
38,118,Beam,0.5182157504934704
38,119,Beam,0.5128607877895455
38,120,Beam,0.4140176137891814
38,121,Beam,0.5169051414407336
38,122,Beam,0.5068686119165488
38,123,Beam,0.559658826777662
38,124,Beam,0.41230178811357504
38,125,Beam,0.34901663161144014
38,126,Beam,0.36692055874861185
38,127,Beam,0.22883743136020576
38,128,Beam,0.35194842841147683
38,129,Beam,0.34831694219526016
38,130,Beam,0.3745184145975198
38,131,Beam,0.5714440788348137
38,132,Beam,0.568426848071141
38,133,Beam,0.1580028901359976
38,134,Beam,0.5145516405620671
38,135,Beam,0.5125717638711492
38,136,Beam,0.19195007574840817
38,137,Beam,0.19180198025522327
38,138,Beam,0.3742220638756488
38,139,Beam,0.3046740329026067
38,140,Beam,0.6814830630481848
38,141,Beam,0.47351293979898174
38,142,Beam,0.2248549889351257
38,143,Beam,0.6815763157682062
38,144,Beam,0.47459072287877174
38,145,Beam,0.3792829038235076
38,146,Beam,0.4822063725889879
38,147,Beam,0.3557189088531118
38,148,Beam,0.323985894949669
39,1,Column,0.35522289572397076
39,2,Column,0.2304791864385743
39,3,Column,0.2651089901825756
39,4,Column,0.4152012814860318
39,5,Column,0.39801162182829325
39,6,Column,0.6436374511088476
39,7,Column,0.7093661003321552
39,8,Column,0.621605800210951
39,9,Column,0.2789449801806837
39,10,Column,0.7924410550672526
39,11,Column,0.43359210326703435
39,12,Column,0.4634128780892264
39,13,Column,0.24159486410767356
39,14,Column,0.2780794714474386
39,15,Column,0.34120011731936706
39,16,Column,0.12671765328899348
39,17,Column,0.4294499888550697
39,18,Column,0.2587804089099674
39,19,Column,0.17515216570663777
39,20,Column,0.22457036406516767
39,21,Column,0.5591058877923663
39,22,Column,0.36787564095279823
39,23,Column,0.26990574187146765
39,24,Column,0.15786883421911235
39,25,Column,0.33948760755743324
39,26,Column,0.3476997199578154
39,27,Column,0.22773720189476304
39,28,Column,0.1608884218343465
39,29,Column,0.17495054921145517
39,30,Column,0.15734975062644382
39,31,Column,0.09867332675938881
39,32,Column,0.13026074850605973
39,33,Column,0.13078202003991496
39,34,Column,0.11262715898913164
39,35,Column,0.1614777966590723
39,36,Column,0.5375875490894692
39,37,Column,0.35444281774609987
39,38,Column,0.16494585787291396
39,39,Column,0.10125079817767504
39,40,Column,0.28743546521338387
39,41,Column,0.3066760201897541
39,42,Column,0.15820979747531558
39,43,Column,0.09010322315026034
39,44,Column,0.1942598831716368
39,45,Column,0.11553548099497175
39,46,Column,0.11617662550355123
39,47,Column,0.2373263347124837
39,48,Column,0.2229352804062792
39,49,Column,0.13721543168515485
39,50,Column,0.13308085346397439
39,51,Column,0.11231179926016603
39,52,Column,0.1456339088730883
39,53,Column,0.1703538750452256
39,54,Column,0.09801987719611874
39,55,Column,0.08268166642074704
39,56,Column,0.11206568192999639
39,57,Column,0.15294032889052422
39,58,Column,0.11573115823794984
39,59,Column,0.14102204394514897
39,60,Column,0.0972248208838778
39,61,Beam,0.3951585960885461
39,62,Beam,0.3985473768927234
39,63,Beam,0.39666988597771813
39,64,Beam,0.5502903119463921
39,65,Beam,0.5497751867374524
39,66,Beam,0.550469360828947
39,67,Beam,0.22566625018166192
39,68,Beam,0.4951651988952263
39,69,Beam,0.49629606446692776
39,70,Beam,0.17034170993770925
39,71,Beam,0.17037230825520827
39,72,Beam,0.5026953993612803
39,73,Beam,0.35858204457129944
39,74,Beam,0.6595655894015453
39,75,Beam,0.4418606320943506
39,76,Beam,0.21391869202140498
39,77,Beam,0.6595509641810424
39,78,Beam,0.44256677971568525
39,79,Beam,0.3076019596517791
39,80,Beam,0.5019875580154345
39,81,Beam,0.35904135504673096
39,82,Beam,0.29650625573638206
39,83,Beam,0.2253682033403295
39,84,Beam,0.429225372836026
39,85,Beam,0.4256104550483687
39,86,Beam,0.37164300778972054
39,87,Beam,0.7252784016996845
39,88,Beam,0.7226730184060388
39,89,Beam,0.15950396953326532
39,90,Beam,0.6526289928459688
39,91,Beam,0.6519569359423759
39,92,Beam,0.3584862534880224
39,93,Beam,0.3579002974934427
39,94,Beam,0.5982451555465196
39,95,Beam,0.6876240160487757
39,96,Beam,0.8672451523475964
39,97,Beam,0.5903167784489292
39,98,Beam,0.3815741916964536
39,99,Beam,0.867214743856353
39,100,Beam,0.5895420750884175
39,101,Beam,0.7239908271269799
39,102,Beam,0.7130422506480313
39,103,Beam,0.6969911029908012
39,104,Beam,0.6896860253302957
39,105,Beam,0.2295365258848947
39,106,Beam,0.22288280986564865
39,107,Beam,0.23176546812451107
39,108,Beam,0.7414973353539361
39,109,Beam,0.7407477886871391
39,110,Beam,0.4864589440860052
39,111,Beam,0.3064215774823763
39,112,Beam,0.6688582879173384
39,113,Beam,0.4393096848744946
39,114,Beam,0.2703150483384344
39,115,Beam,0.1983538648272417
39,116,Beam,0.5101364542281709
39,117,Beam,0.5692125371065421
39,118,Beam,0.5820118094146438
39,119,Beam,0.6389270459289629
39,120,Beam,0.4069128023035694
39,121,Beam,0.581914802360151
39,122,Beam,0.6346841471011364
39,123,Beam,0.7403170834296361
39,124,Beam,0.5036205377784865
39,125,Beam,0.499467736702495
39,126,Beam,0.4896714074349702
39,127,Beam,0.27437462513654
39,128,Beam,0.422086295639239
39,129,Beam,0.41780822562759
39,130,Beam,0.3745800617389357
39,131,Beam,0.5714223499124824
39,132,Beam,0.5685822753586282
39,133,Beam,0.158093448018177
39,134,Beam,0.5145582224065753
39,135,Beam,0.5127296233802237
39,136,Beam,0.23012609691214914
39,137,Beam,0.23015963676167925
39,138,Beam,0.44419588199183946
39,139,Beam,0.3594971752584468
39,140,Beam,0.6817007122795845
39,141,Beam,0.4765710325102252
39,142,Beam,0.2272747954386508
39,143,Beam,0.6818118238556133
39,144,Beam,0.4766185302482448
39,145,Beam,0.3811070606716183
39,146,Beam,0.5710587067071439
39,147,Beam,0.4185306646594643
39,148,Beam,0.3799803395971776
40,1,Column,0.29193811071249154
40,2,Column,0.23046960086639362
40,3,Column,0.2646219890788609
40,4,Column,0.36846331863270987
40,5,Column,0.434748365453004
40,6,Column,0.6431848952602935
40,7,Column,0.708853737272456
40,8,Column,0.5610979324634655
40,9,Column,0.2792310024154079
40,10,Column,0.6861910022429998
40,11,Column,0.43506816466476317
40,12,Column,0.46322408683368593
40,13,Column,0.24167082496385162
40,14,Column,0.278539131790252
40,15,Column,0.2794211631411514
40,16,Column,0.126799366967874
40,17,Column,0.42919660960442974
40,18,Column,0.24368222166905185
40,19,Column,0.1754916575654684
40,20,Column,0.22478937480245115
40,21,Column,0.564390682659893
40,22,Column,0.3581947516446323
40,23,Column,0.27019843364597823
40,24,Column,0.15770840976636302
40,25,Column,0.3427325204887989
40,26,Column,0.3498862667604447
40,27,Column,0.2280188698578853
40,28,Column,0.13936750272962503
40,29,Column,0.17756087588455968
40,30,Column,0.15753525100767518
40,31,Column,0.09875438481385829
40,32,Column,0.22638732599588343
40,33,Column,0.12848827795511605
40,34,Column,0.1011981834469029
40,35,Column,0.1611692923068613
40,36,Column,0.43804364856475064
40,37,Column,0.46199160566778397
40,38,Column,0.16447056192125636
40,39,Column,0.10074040024833598
40,40,Column,0.24761217423229578
40,41,Column,0.3971221190763765
40,42,Column,0.1579768111182113
40,43,Column,0.08744040779975648
40,44,Column,0.19431993492315827
40,45,Column,0.10655242896286984
40,46,Column,0.11608897648408063
40,47,Column,0.23762941490291634
40,48,Column,0.22329167516720727
40,49,Column,0.13711096998989103
40,50,Column,0.1329224855885307
40,51,Column,0.11110169872656613
40,52,Column,0.14657313246029147
40,53,Column,0.17020202241302987
40,54,Column,0.09796668676525133
40,55,Column,0.11513562945453733
40,56,Column,0.11291667714838832
40,57,Column,0.15281801768897657
40,58,Column,0.11590981929261295
40,59,Column,0.14117095875108587
40,60,Column,0.09709887255989968
40,61,Beam,0.395114088155645
40,62,Beam,0.39859204109281493
40,63,Beam,0.396717214399181
40,64,Beam,0.5502855978866227
40,65,Beam,0.5497749311302385
40,66,Beam,0.5504801638418755
40,67,Beam,0.22566274741844763
40,68,Beam,0.49516686696453893
40,69,Beam,0.4963067530239948
40,70,Beam,0.17033867127864918
40,71,Beam,0.17037624221108622
40,72,Beam,0.5028596281709488
40,73,Beam,0.35872694613981226
40,74,Beam,0.6595720474502582
40,75,Beam,0.44184894388781804
40,76,Beam,0.21433916476368534
40,77,Beam,0.6595387192074988
40,78,Beam,0.4425486238584868
40,79,Beam,0.3079932412675995
40,80,Beam,0.5021389739681864
40,81,Beam,0.35919735325400787
40,82,Beam,0.296626659536207
40,83,Beam,0.2253587923181121
40,84,Beam,0.4291977105143263
40,85,Beam,0.42563372185544485
40,86,Beam,0.3716572022418871
40,87,Beam,0.7251628661889845
40,88,Beam,0.722683378803669
40,89,Beam,0.15955412664218036
40,90,Beam,0.6525025161525402
40,91,Beam,0.6519656267469875
40,92,Beam,0.3584557065480492
40,93,Beam,0.3579247030132357
40,94,Beam,0.5984185841651293
40,95,Beam,0.6880019370145335
40,96,Beam,0.8669898906878821
40,97,Beam,0.5914071299478536
40,98,Beam,0.38179875230533106
40,99,Beam,0.8669266877377255
40,100,Beam,0.590173120083273
40,101,Beam,0.7238289332788257
40,102,Beam,0.7131894595800049
40,103,Beam,0.6972456641849385
40,104,Beam,0.6899105668140023
40,105,Beam,0.22941085164178363
40,106,Beam,0.22276029292430444
40,107,Beam,0.23187450257263345
40,108,Beam,0.6255989556523947
40,109,Beam,0.6250380190335907
40,110,Beam,0.41046515617950013
40,111,Beam,0.2585111585323663
40,112,Beam,0.564397315431758
40,113,Beam,0.3706830218416216
40,114,Beam,0.27013409442457187
40,115,Beam,0.19846143461885807
40,116,Beam,0.5102351364353888
40,117,Beam,0.5689689621417887
40,118,Beam,0.4911024185205555
40,119,Beam,0.5400967460903185
40,120,Beam,0.343521073452289
40,121,Beam,0.4910075229865133
40,122,Beam,0.536431915541781
40,123,Beam,0.6244600917981191
40,124,Beam,0.503685733603376
40,125,Beam,0.49932540215474513
40,126,Beam,0.4895224630885046
40,127,Beam,0.2743733470888922
40,128,Beam,0.4222136387812806
40,129,Beam,0.4176786168090152
40,130,Beam,0.37467517249084403
40,131,Beam,0.5714254112759096
40,132,Beam,0.5686980525952797
40,133,Beam,0.1581613060061202
40,134,Beam,0.5146193388172123
40,135,Beam,0.5128307676148997
40,136,Beam,0.23012554183931752
40,137,Beam,0.23016261366677856
40,138,Beam,0.44426776102891946
40,139,Beam,0.35927540801444857
40,140,Beam,0.6817338834965921
40,141,Beam,0.47670059496281
40,142,Beam,0.22758608284027748
40,143,Beam,0.6818037286922977
40,144,Beam,0.4766853436310168
40,145,Beam,0.3811578945475065
40,146,Beam,0.5709543786434713
40,147,Beam,0.4185930572440478
40,148,Beam,0.3798631418346642
41,1,Column,0.35523031646945413
41,2,Column,0.23046598837084004
41,3,Column,0.26450233445727
41,4,Column,0.33552603789330804
41,5,Column,0.43369786301671076
41,6,Column,0.6430796897968075
41,7,Column,0.5196043203408206
41,8,Column,0.6224138313522319
41,9,Column,0.2792739671087905
41,10,Column,0.7963141726145981
41,11,Column,0.43519775509582137
41,12,Column,0.4637292895184044
41,13,Column,0.24180194936132954
41,14,Column,0.2787078226935978
41,15,Column,0.34146218112373455
41,16,Column,0.13458211456215352
41,17,Column,0.4298276017137545
41,18,Column,0.24326783524203033
41,19,Column,0.19488936802327655
41,20,Column,0.22457212685563024
41,21,Column,0.5580846419798725
41,22,Column,0.35753366178217805
41,23,Column,0.2694503859099434
41,24,Column,0.15818639759493944
41,25,Column,0.33617818636665514
41,26,Column,0.3494426929492609
41,27,Column,0.22720348608950522
41,28,Column,0.16127027624451828
41,29,Column,0.17723902676987166
41,30,Column,0.17454325173523424
41,31,Column,0.09865414175172398
41,32,Column,0.22555490561893515
41,33,Column,0.1294829415581962
41,34,Column,0.11277626147658056
41,35,Column,0.16118487473332058
41,36,Column,0.5470136182830372
41,37,Column,0.3635990397313974
41,38,Column,0.1645242113164371
41,39,Column,0.10080305480997738
41,40,Column,0.28789914529025884
41,41,Column,0.3160652274383626
41,42,Column,0.15839343592429547
41,43,Column,0.08175069151392882
41,44,Column,0.19382482330536702
41,45,Column,0.11548872629573166
41,46,Column,0.11133942886993928
41,47,Column,0.23793641228773718
41,48,Column,0.22342616007552907
41,49,Column,0.13188026094437746
41,50,Column,0.13259557049462367
41,51,Column,0.16138170678174582
41,52,Column,0.14189290342192593
41,53,Column,0.17016527313188584
41,54,Column,0.09686900423297032
41,55,Column,0.09191862295073452
41,56,Column,0.10463701377730511
41,57,Column,0.15278689071279064
41,58,Column,0.11661884873449402
41,59,Column,0.14188711285880082
41,60,Column,0.09291650071372748
41,61,Beam,0.39526245699800683
41,62,Beam,0.39844406484028755
41,63,Beam,0.3965637083958304
41,64,Beam,0.5502923740107775
41,65,Beam,0.549768766273837
41,66,Beam,0.5504290320471853
41,67,Beam,0.22566228712868489
41,68,Beam,0.495166693424369
41,69,Beam,0.4962554727615838
41,70,Beam,0.17035147410701684
41,71,Beam,0.1703627071928035
41,72,Beam,0.5027374788799498
41,73,Beam,0.35876653198800407
41,74,Beam,0.6595605199212875
41,75,Beam,0.44187346965647667
41,76,Beam,0.21426748939234644
41,77,Beam,0.6595326597559809
41,78,Beam,0.44258008827219614
41,79,Beam,0.307921325614556
41,80,Beam,0.5020212960048472
41,81,Beam,0.35924616383957364
41,82,Beam,0.2966671706569098
41,83,Beam,0.22537993343041324
41,84,Beam,0.4293335540875857
41,85,Beam,0.42550998259199957
41,86,Beam,0.3716571094737701
41,87,Beam,0.7255017761920132
41,88,Beam,0.7226963577102488
41,89,Beam,0.15944196185704765
41,90,Beam,0.6528957706142824
41,91,Beam,0.6519875903974282
41,92,Beam,0.3586074275819069
41,93,Beam,0.357798200454639
41,94,Beam,0.5986667785913506
41,95,Beam,0.6874174433512346
41,96,Beam,0.8671177198112389
41,97,Beam,0.5909700946572428
41,98,Beam,0.3816840371297881
41,99,Beam,0.8670847139370372
41,100,Beam,0.5901177500607123
41,101,Beam,0.7237907624186505
41,102,Beam,0.713451832085303
41,103,Beam,0.6975957040896165
41,104,Beam,0.6894846845767303
41,105,Beam,0.22967857063509836
41,106,Beam,0.22301979125037216
41,107,Beam,0.2315881527113246
41,108,Beam,0.45087798319051897
41,109,Beam,0.45277561666125216
41,110,Beam,0.2963592336475699
41,111,Beam,0.18941174513325545
41,112,Beam,0.40882505128374746
41,113,Beam,0.2676647312462582
41,114,Beam,0.270553007940438
41,115,Beam,0.19817872147192875
41,116,Beam,0.5107706264402914
41,117,Beam,0.5688726171739983
41,118,Beam,0.5032793359240678
41,119,Beam,0.44924682221815093
41,120,Beam,0.3572422173069427
41,121,Beam,0.5012207146313815
41,122,Beam,0.44333192143543376
41,123,Beam,0.5364671425966566
41,124,Beam,0.5041760066848351
41,125,Beam,0.4992728866656726
41,126,Beam,0.4895851845211731
41,127,Beam,0.2744248171628578
41,128,Beam,0.42182905764759693
41,129,Beam,0.41806294975091857
41,130,Beam,0.37462395510256313
41,131,Beam,0.5711870484358763
41,132,Beam,0.5686908319695321
41,133,Beam,0.1579636719038972
41,134,Beam,0.5142019147882171
41,135,Beam,0.5128199899257079
41,136,Beam,0.23016721617364855
41,137,Beam,0.23011224280535097
41,138,Beam,0.44475021826488514
41,139,Beam,0.3599801558448319
41,140,Beam,0.6823107685761683
41,141,Beam,0.47828459573056953
41,142,Beam,0.22840909921415165
41,143,Beam,0.6824684106610741
41,144,Beam,0.47863452732195916
41,145,Beam,0.38218932237558534
41,146,Beam,0.5713766575851126
41,147,Beam,0.419291926435993
41,148,Beam,0.38019257148693425
42,1,Column,0.23800170166715737
42,2,Column,0.2588710034412232
42,3,Column,0.3285588726473948
42,4,Column,0.33379457411906005
42,5,Column,0.41009249662269187
42,6,Column,0.5859249729515239
42,7,Column,0.6449744650251712
42,8,Column,0.5722084313165192
42,9,Column,0.2681454247827368
42,10,Column,0.7295469225198572
42,11,Column,0.46864824003199057
42,12,Column,0.49961368886421803
42,13,Column,0.24101533042582968
42,14,Column,0.2563274267686249
42,15,Column,0.3252927299519455
42,16,Column,0.1727267799754394
42,17,Column,0.42945811596861416
42,18,Column,0.27431572298132395
42,19,Column,0.19094403315188727
42,20,Column,0.24815986465593787
42,21,Column,0.5492889883120686
42,22,Column,0.34200996079012713
42,23,Column,0.25301245008714063
42,24,Column,0.17159325716291057
42,25,Column,0.3421846353885548
42,26,Column,0.3082600770957849
42,27,Column,0.23263225381393313
42,28,Column,0.15932161537608894
42,29,Column,0.20175885850559633
42,30,Column,0.16162325215220671
42,31,Column,0.09863111787021403
42,32,Column,0.23005883146438472
42,33,Column,0.15152515602426267
42,34,Column,0.11076224915399303
42,35,Column,0.1926698730479672
42,36,Column,0.43434428036337774
42,37,Column,0.4584194973238343
42,38,Column,0.19304541068010386
42,39,Column,0.10032525611498978
42,40,Column,0.24871096142621976
42,41,Column,0.3971514808708692
42,42,Column,0.1923758066210546
42,43,Column,0.10014939301321966
42,44,Column,0.19434070793410022
42,45,Column,0.11264832579462848
42,46,Column,0.11544195631465501
42,47,Column,0.23760117597311403
42,48,Column,0.2232147059642358
42,49,Column,0.13647745654970106
42,50,Column,0.13220512304719265
42,51,Column,0.1114571421659095
42,52,Column,0.1468164177856279
42,53,Column,0.16996393335055865
42,54,Column,0.09702168878345278
42,55,Column,0.08131467445069915
42,56,Column,0.11312443328342191
42,57,Column,0.15281314629426795
42,58,Column,0.1158942085898705
42,59,Column,0.1411252646381393
42,60,Column,0.09640332629183365
42,61,Beam,0.38045887953538693
42,62,Beam,0.38267784373809577
42,63,Beam,0.38086195923510674
42,64,Beam,0.5501975579909657
42,65,Beam,0.5497985832369916
42,66,Beam,0.5504429579851673
42,67,Beam,0.22572947238049865
42,68,Beam,0.4952567715887283
42,69,Beam,0.4962676158207939
42,70,Beam,0.16370779152627693
42,71,Beam,0.16379331011079143
42,72,Beam,0.47771248605892636
42,73,Beam,0.33696089651746447
42,74,Beam,0.6601375719581635
42,75,Beam,0.4411969078960826
42,76,Beam,0.20531490989420337
42,77,Beam,0.6601214344474841
42,78,Beam,0.4418995086712141
42,79,Beam,0.2989157475094716
42,80,Beam,0.4772892280266704
42,81,Beam,0.3376812117965004
42,82,Beam,0.27958750716198816
42,83,Beam,0.22535386614780167
42,84,Beam,0.4288538812018548
42,85,Beam,0.42555806506439586
42,86,Beam,0.3716501032273138
42,87,Beam,0.7251984148679567
42,88,Beam,0.722818718388669
42,89,Beam,0.15952258001321468
42,90,Beam,0.652569846161921
42,91,Beam,0.6521044162997753
42,92,Beam,0.3579169403442711
42,93,Beam,0.35789950324295294
42,94,Beam,0.5883642110571631
42,95,Beam,0.6704474676387715
42,96,Beam,0.8665687271536646
42,97,Beam,0.5906728445210161
42,98,Beam,0.3809629563810634
42,99,Beam,0.8666319124280838
42,100,Beam,0.5897111731502845
42,101,Beam,0.7233101170236191
42,102,Beam,0.7038967442535647
42,103,Beam,0.678704553838824
42,104,Beam,0.6795674502011709
42,105,Beam,0.22936128594752528
42,106,Beam,0.2225337280279986
42,107,Beam,0.23205414642418157
42,108,Beam,0.740855685849877
42,109,Beam,0.7405322112295477
42,110,Beam,0.4860868950156747
42,111,Beam,0.30602423679373486
42,112,Beam,0.6686127160604982
42,113,Beam,0.4389755804980655
42,114,Beam,0.2696813542851729
42,115,Beam,0.1986414985897944
42,116,Beam,0.506348497155529
42,117,Beam,0.5643640805694389
42,118,Beam,0.5817623074402766
42,119,Beam,0.6399855508469456
42,120,Beam,0.40703750261686056
42,121,Beam,0.5816546959495585
42,122,Beam,0.6356341609475014
42,123,Beam,0.7398080859446817
42,124,Beam,0.4997851008270856
42,125,Beam,0.49522122114864126
42,126,Beam,0.4851888221614131
42,127,Beam,0.274376732876335
42,128,Beam,0.42222574710397653
42,129,Beam,0.41764366263619945
42,130,Beam,0.3748179719882697
42,131,Beam,0.5714457302881817
42,132,Beam,0.568904980024191
42,133,Beam,0.15825777135974076
42,134,Beam,0.5146853360175612
42,135,Beam,0.5130058674523781
42,136,Beam,0.2301147677217566
42,137,Beam,0.23015737400902814
42,138,Beam,0.4429001295980112
42,139,Beam,0.3575153029567889
42,140,Beam,0.6819399036775845
42,141,Beam,0.4769475982982095
42,142,Beam,0.2277616323851947
42,143,Beam,0.682014127308449
42,144,Beam,0.47677474088140254
42,145,Beam,0.38133573599790105
42,146,Beam,0.5696381366671066
42,147,Beam,0.4164711383254506
42,148,Beam,0.37840163474456784
43,1,Column,0.24697406666690677
43,2,Column,0.6293850694223161
43,3,Column,0.766670771542006
43,4,Column,0.321132919217687
43,5,Column,0.4583085474916731
43,6,Column,0.798035963948864
43,7,Column,0.8866268183892028
43,8,Column,0.5957984755095416
43,9,Column,0.27935415912913036
43,10,Column,0.6921284108838404
43,11,Column,0.5400770676717976
43,12,Column,0.5402680237064725
43,13,Column,0.27309216473023634
43,14,Column,0.4763107863575464
43,15,Column,0.2268087204643958
43,16,Column,0.13632905574871235
43,17,Column,0.2849802439778773
43,18,Column,0.38587818527156925
43,19,Column,0.15480375763294135
43,20,Column,0.25954486366007007
43,21,Column,0.5978059530885806
43,22,Column,0.7513342769369895
43,23,Column,0.38235321767191854
43,24,Column,0.13882148320497845
43,25,Column,0.36821625274789727
43,26,Column,0.702422663760097
43,27,Column,0.21342801571321615
43,28,Column,0.16701755293150733
43,29,Column,0.3011252979743853
43,30,Column,0.14264719903438317
43,31,Column,0.08982488191849673
43,32,Column,0.11405902220375992
43,33,Column,0.13068727546801195
43,34,Column,0.08938330217537804
43,35,Column,0.1824313067733839
43,36,Column,0.6560867900435037
43,37,Column,0.6207277376077243
43,38,Column,0.20463808604899938
43,39,Column,0.05309409001938707
43,40,Column,0.26672498778044407
43,41,Column,0.5308878712402371
43,42,Column,0.16718855492244492
43,43,Column,0.11454894356802689
43,44,Column,0.09920841564617942
43,45,Column,0.08579164848429979
43,46,Column,0.08066677420314734
43,47,Column,0.22466804496794832
43,48,Column,0.2120412378545035
43,49,Column,0.11224151369391035
43,50,Column,0.12618712945659127
43,51,Column,0.08514639903651844
43,52,Column,0.11475462196626353
43,53,Column,0.17178384467148042
43,54,Column,0.07775536193463455
43,55,Column,0.07340258952676207
43,56,Column,0.09735048504178598
43,57,Column,0.1575120455619377
43,58,Column,0.07954909508777033
43,59,Column,0.09641884951698047
43,60,Column,0.07845864295008934
43,61,Beam,0.43122766818682473
43,62,Beam,0.43302924600736475
43,63,Beam,0.432121884756069
43,64,Beam,0.5503117427451767
43,65,Beam,0.5497603013466218
43,66,Beam,0.5504533881431067
43,67,Beam,0.24085319735826746
43,68,Beam,0.4951813563963643
43,69,Beam,0.496282031475159
43,70,Beam,0.2663961968018823
43,71,Beam,0.2659437029266531
43,72,Beam,0.4764294856041921
43,73,Beam,0.260961299173106
43,74,Beam,0.6595691237100805
43,75,Beam,0.44186103892342443
43,76,Beam,0.14525493553455182
43,77,Beam,0.659549604619512
43,78,Beam,0.44258126025553807
43,79,Beam,0.28054375667249415
43,80,Beam,0.476206724197827
43,81,Beam,0.26093457068434434
43,82,Beam,0.16998490903776978
43,83,Beam,0.4005881755823896
43,84,Beam,0.524649826739136
43,85,Beam,0.5248606401260758
43,86,Beam,0.38039859599578246
43,87,Beam,0.7411479523963259
43,88,Beam,0.7386476762452862
43,89,Beam,0.1936935396011571
43,90,Beam,0.6668238951517119
43,91,Beam,0.6661805216568568
43,92,Beam,0.4775628446433589
43,93,Beam,0.47680741978821684
43,94,Beam,0.2379929413344835
43,95,Beam,0.1645806609715684
43,96,Beam,0.8863342523755559
43,97,Beam,0.5910454267706314
43,98,Beam,0.37707345932864833
43,99,Beam,0.8863283235120452
43,100,Beam,0.5912893509990235
43,101,Beam,0.7398247918091455
43,102,Beam,0.454997819394793
43,103,Beam,0.3036039750194363
43,104,Beam,0.37947656216964537
43,105,Beam,0.3616948583905738
43,106,Beam,0.3406746857862727
43,107,Beam,0.3652456644837866
43,108,Beam,0.7414359566750708
43,109,Beam,0.740675258328475
43,110,Beam,0.4864311418600832
43,111,Beam,0.30630765733649445
43,112,Beam,0.6687829322957056
43,113,Beam,0.43928165852232287
43,114,Beam,0.3839117538677203
43,115,Beam,0.3398500880083324
43,116,Beam,0.1937805962518351
43,117,Beam,0.17979985428662368
43,118,Beam,0.5820291292686259
43,119,Beam,0.5991066698438194
43,120,Beam,0.3778432199848149
43,121,Beam,0.5819187426890684
43,122,Beam,0.5965227362067261
43,123,Beam,0.7402971848533715
43,124,Beam,0.1970962653629098
43,125,Beam,0.12653469639390916
43,126,Beam,0.1554660147866122
43,127,Beam,0.2795337100012568
43,128,Beam,0.37648980405535215
43,129,Beam,0.37279363871856036
43,130,Beam,0.3745848194061287
43,131,Beam,0.5714743676500754
43,132,Beam,0.5685285987559784
43,133,Beam,0.1671164812497337
43,134,Beam,0.5146084950604387
43,135,Beam,0.5126824728758168
43,136,Beam,0.24626341371554977
43,137,Beam,0.24708002381239436
43,138,Beam,0.2745499178419548
43,139,Beam,0.1455081444599538
43,140,Beam,0.6816690808379632
43,141,Beam,0.46103548215200735
43,142,Beam,0.19386334085695542
43,143,Beam,0.6817829609377675
43,144,Beam,0.46282634201933415
43,145,Beam,0.37424270342109206
43,146,Beam,0.41619148212550383
43,147,Beam,0.22239326713308374
43,148,Beam,0.19091090762683946
44,1,Column,0.14324456842346286
44,2,Column,0.5722424952391912
44,3,Column,0.6290026669586042
44,4,Column,0.2199141117332548
44,5,Column,0.5626213555887545
44,6,Column,0.4227980236567478
44,7,Column,0.4509047730721935
44,8,Column,0.8811744118315532
44,9,Column,0.16830949265274542
44,10,Column,0.6396865708949903
44,11,Column,0.36122687782843177
44,12,Column,0.6682670461737937
44,13,Column,0.24939762460235754
44,14,Column,0.6760903593551522
44,15,Column,0.12956202848707485
44,16,Column,0.11111890561875515
44,17,Column,0.23928156869300116
44,18,Column,0.2905833529732566
44,19,Column,0.1786070262397046
44,20,Column,0.25937153888216985
44,21,Column,0.7438977070672729
44,22,Column,0.5487012166175876
44,23,Column,0.38312146805008185
44,24,Column,0.10069275761479161
44,25,Column,0.4215563826460209
44,26,Column,0.5409843164248985
44,27,Column,0.2282835559893444
44,28,Column,0.1677510495699449
44,29,Column,0.29763321266365816
44,30,Column,0.13383697628558133
44,31,Column,0.09091434489473732
44,32,Column,0.23806164522940756
44,33,Column,0.10906888835395623
44,34,Column,0.09493414314305385
44,35,Column,0.18335228500051717
44,36,Column,0.5341038137357323
44,37,Column,0.5534620340587391
44,38,Column,0.20529591680880807
44,39,Column,0.06462166392172808
44,40,Column,0.24819699438331375
44,41,Column,0.4821680914005121
44,42,Column,0.16851869844127815
44,43,Column,0.06431603879050765
44,44,Column,0.18239753272819972
44,45,Column,0.046418778899482184
44,46,Column,0.08416287265735158
44,47,Column,0.22439081258474028
44,48,Column,0.21183610645051257
44,49,Column,0.12849854315104786
44,50,Column,0.11133970060605627
44,51,Column,0.07125561123935309
44,52,Column,0.14663247829204043
44,53,Column,0.17008029888782072
44,54,Column,0.04905358789757083
44,55,Column,0.061717647189883824
44,56,Column,0.11297775047289547
44,57,Column,0.15272813215974143
44,58,Column,0.057491595643533934
44,59,Column,0.09641857522303651
44,60,Column,0.052026364832384035
44,61,Beam,0.3952130869129114
44,62,Beam,0.39855917343718456
44,63,Beam,0.3967557699373084
44,64,Beam,0.5504846053991391
44,65,Beam,0.5497804109363047
44,66,Beam,0.5506798857029321
44,67,Beam,0.22587481887987204
44,68,Beam,0.4952790150009746
44,69,Beam,0.49648058933836064
44,70,Beam,0.17037168994127713
44,71,Beam,0.17042327989129927
44,72,Beam,0.4765937883370847
44,73,Beam,0.26085900590915434
44,74,Beam,0.6599399589400219
44,75,Beam,0.44116103543777796
44,76,Beam,0.1452943978039176
44,77,Beam,0.6599067868648493
44,78,Beam,0.44190147555424125
44,79,Beam,0.2807218001681342
44,80,Beam,0.47635854636788455
44,81,Beam,0.26083996346699123
44,82,Beam,0.16996206379515721
44,83,Beam,0.23520382598792863
44,84,Beam,0.4550827256009583
44,85,Beam,0.45259333198395857
44,86,Beam,0.27684822818959487
44,87,Beam,0.5437516604553545
44,88,Beam,0.5419084004475498
44,89,Beam,0.11699499837701449
44,90,Beam,0.48917919344498045
44,91,Beam,0.4886207493288732
44,92,Beam,0.3799316586320725
44,93,Beam,0.3794287336004554
44,94,Beam,0.23770438871954958
44,95,Beam,0.1640577285403198
44,96,Beam,0.6501414720415013
44,97,Beam,0.43344456367322737
44,98,Beam,0.27607138390580577
44,99,Beam,0.6501189973583241
44,100,Beam,0.43371155116052834
44,101,Beam,0.5427526221562398
44,102,Beam,0.45512656921915784
44,103,Beam,0.30385517217274016
44,104,Beam,0.3796202274549724
44,105,Beam,0.22799593789980416
44,106,Beam,0.22426465205306287
44,107,Beam,0.22827887376356953
44,108,Beam,0.7408691694899813
44,109,Beam,0.740510175547748
44,110,Beam,0.4861030919648066
44,111,Beam,0.3059645143516769
44,112,Beam,0.6685869341353938
44,113,Beam,0.43898700235148064
44,114,Beam,0.2850501003405523
44,115,Beam,0.19388565930352517
44,116,Beam,0.2305281591065857
44,117,Beam,0.23147644661358208
44,118,Beam,0.581761399890416
44,119,Beam,0.5985625069753179
44,120,Beam,0.3774574358021249
44,121,Beam,0.5816299098089721
44,122,Beam,0.5959541588972592
44,123,Beam,0.739664426047842
44,124,Beam,0.23000264949595015
44,125,Beam,0.1623713454994868
44,126,Beam,0.19253077132956975
44,127,Beam,0.27420982283381284
44,128,Beam,0.4224078528565198
44,129,Beam,0.4173099054425585
44,130,Beam,0.37484335118831474
44,131,Beam,0.5714887392413958
44,132,Beam,0.5689124948291703
44,133,Beam,0.15827049743424024
44,134,Beam,0.5147261237646318
44,135,Beam,0.5130160920585473
44,136,Beam,0.23002671617842627
44,137,Beam,0.23010909193932216
44,138,Beam,0.3293881339171591
44,139,Beam,0.17667722784797063
44,140,Beam,0.6818841460365681
44,141,Beam,0.4613381145793095
44,142,Beam,0.19397287123177478
44,143,Beam,0.6819631731926787
44,144,Beam,0.46296086569369854
44,145,Beam,0.3744164113993711
44,146,Beam,0.49928241887087965
44,147,Beam,0.27001466939268026
44,148,Beam,0.22900603478834142
45,1,Column,0.20139986742625554
45,2,Column,0.545738591416149
45,3,Column,0.5971391688058596
45,4,Column,0.3320976902228323
45,5,Column,0.4828500292196738
45,6,Column,0.42536714230971456
45,7,Column,0.4534424339975648
45,8,Column,0.7553290933752423
45,9,Column,0.154541405760548
45,10,Column,0.23834625043363836
45,11,Column,0.3637212879553858
45,12,Column,0.5667331461601687
45,13,Column,0.21687882155757054
45,14,Column,0.5686507886166744
45,15,Column,0.17316407589662694
45,16,Column,0.0938666803134563
45,17,Column,0.24009702005565628
45,18,Column,0.15833856431770715
45,19,Column,0.14637290426303715
45,20,Column,0.14704470078156073
45,21,Column,0.7593327165298527
45,22,Column,0.5391224829205553
45,23,Column,0.21322075535917429
45,24,Column,0.05807557080251964
45,25,Column,0.4392381106803629
45,26,Column,0.22030840676789099
45,27,Column,0.19720105816098135
45,28,Column,0.08732236904745232
45,29,Column,0.2268361524311593
45,30,Column,0.13287926706536826
45,31,Column,0.06572160775906549
45,32,Column,0.24945123715246661
45,33,Column,0.18348558678378943
45,34,Column,0.052283761496230104
45,35,Column,0.2084252792043815
45,36,Column,0.5583763483659354
45,37,Column,0.5667578268156515
45,38,Column,0.22691557839264484
45,39,Column,0.06841967526062229
45,40,Column,0.2624087571734933
45,41,Column,0.48827129207970843
45,42,Column,0.189517116066256
45,43,Column,0.08222152386251874
45,44,Column,0.12717825125113622
45,45,Column,0.04810905058438087
45,46,Column,0.06555716625215356
45,47,Column,0.14448757088886713
45,48,Column,0.14578780053893686
45,49,Column,0.08803299731674949
45,50,Column,0.06098814945409976
45,51,Column,0.10840803902888414
45,52,Column,0.14317781780372268
45,53,Column,0.09448713334360662
45,54,Column,0.03313446520819154
45,55,Column,0.08050400573343944
45,56,Column,0.10565262823087095
45,57,Column,0.0844114430592301
45,58,Column,0.04020537316697165
45,59,Column,0.06647886146470881
45,60,Column,0.05392564470258777
45,61,Beam,0.3967060518023785
45,62,Beam,0.39789122844245073
45,63,Beam,0.39744224547621604
45,64,Beam,0.5494493418131754
45,65,Beam,0.5496010442891713
45,66,Beam,0.5494779599925417
45,67,Beam,0.2249997830374915
45,68,Beam,0.4951364361047825
45,69,Beam,0.49539438049191287
45,70,Beam,0.17023139530642364
45,71,Beam,0.1708494209915677
45,72,Beam,0.4780845242106431
45,73,Beam,0.2601679822701856
45,74,Beam,0.6590644106274419
45,75,Beam,0.44166347854377797
45,76,Beam,0.14524731250854725
45,77,Beam,0.659131635500017
45,78,Beam,0.44241247187551
45,79,Beam,0.2804822686694042
45,80,Beam,0.47799196933685295
45,81,Beam,0.2603210157760161
45,82,Beam,0.1709402066214925
45,83,Beam,0.23444786505074897
45,84,Beam,0.45465898034900276
45,85,Beam,0.4535993970078357
45,86,Beam,0.3715719580960323
45,87,Beam,0.7244620835015612
45,88,Beam,0.7227092426553569
45,89,Beam,0.15952790962304292
45,90,Beam,0.6519806787013099
45,91,Beam,0.6519665393846912
45,92,Beam,0.3800180320736862
45,93,Beam,0.3801844773056738
45,94,Beam,0.23750522342933153
45,95,Beam,0.16475991724832198
45,96,Beam,0.8677872577754834
45,97,Beam,0.5780187888647038
45,98,Beam,0.37066036477091363
45,99,Beam,0.8677854276032301
45,100,Beam,0.57769423179599
45,101,Beam,0.7249594985520281
45,102,Beam,0.45572635674033646
45,103,Beam,0.3038710080447359
45,104,Beam,0.3796122756967091
45,105,Beam,0.2661762624643501
45,106,Beam,0.26523264990799644
45,107,Beam,0.26631800919966864
45,108,Beam,0.4519723968891556
45,109,Beam,0.45197693195997096
45,110,Beam,0.29656397626408776
45,111,Beam,0.1896336821738082
45,112,Beam,0.40814553493003364
45,113,Beam,0.26784978348606375
45,114,Beam,0.33869393820079147
45,115,Beam,0.22349914272944174
45,116,Beam,0.29365525698077277
45,117,Beam,0.27220350679472044
45,118,Beam,0.4225096103683839
45,119,Beam,0.3291561892928607
45,120,Beam,0.23066272379285996
45,121,Beam,0.42224799339389757
45,122,Beam,0.3278686319247271
45,123,Beam,0.4488328665746206
45,124,Beam,0.29370521649581466
45,125,Beam,0.17817876128145316
45,126,Beam,0.2232575354295562
45,127,Beam,0.1736007513802405
45,128,Beam,0.2542486983708412
45,129,Beam,0.25571979040052456
45,130,Beam,0.3741654181588789
45,131,Beam,0.5710803831504725
45,132,Beam,0.5688010452734366
45,133,Beam,0.1574727110216029
45,134,Beam,0.5143428379767566
45,135,Beam,0.5131784556691487
45,136,Beam,0.14625190653209102
45,137,Beam,0.1473793294977468
45,138,Beam,0.17578348753292614
45,139,Beam,0.11894260155037115
45,140,Beam,0.6817071473055658
45,141,Beam,0.45943832156287195
45,142,Beam,0.19359194303881003
45,143,Beam,0.6815753716169913
45,144,Beam,0.461279169577707
45,145,Beam,0.3740162546100076
45,146,Beam,0.2575131053015381
45,147,Beam,0.17503984116565205
45,148,Beam,0.14713232751012273
46,1,Column,0.22602458393955022
46,2,Column,0.1944224215811396
46,3,Column,0.18484744846049833
46,4,Column,0.39034236925808075
46,5,Column,0.13741445121538698
46,6,Column,0.4070422826700537
46,7,Column,0.43405826205104225
46,8,Column,0.1707685238359528
46,9,Column,0.05524443121312463
46,10,Column,0.23094611175770474
46,11,Column,0.347560792496477
46,12,Column,0.14241020575364033
46,13,Column,0.07174572393596367
46,14,Column,0.1417495596442107
46,15,Column,0.23222724958912752
46,16,Column,0.1161550095077407
46,17,Column,0.3463792235838773
46,18,Column,0.2506880966219684
46,19,Column,0.1919107540510957
46,20,Column,0.21166013738118925
46,21,Column,0.7463998265623537
46,22,Column,0.5524394289965068
46,23,Column,0.3136987031582686
46,24,Column,0.0685760263305472
46,25,Column,0.4336334367287147
46,26,Column,0.2722107042247648
46,27,Column,0.28807179801769056
46,28,Column,0.14281011125926021
46,29,Column,0.3188461950254601
46,30,Column,0.14262812683973763
46,31,Column,0.09998116813921556
46,32,Column,0.24566157440223987
46,33,Column,0.18383333091177725
46,34,Column,0.08675184154706976
46,35,Column,0.19621143107018454
46,36,Column,0.528761380725506
46,37,Column,0.5468507622631162
46,38,Column,0.2109423121403456
46,39,Column,0.068862034167693
46,40,Column,0.24713383652606025
46,41,Column,0.4796895756905201
46,42,Column,0.17745097923379352
46,43,Column,0.07652827654058174
46,44,Column,0.08640897542698747
46,45,Column,0.04278512667781538
46,46,Column,0.07680777589230933
46,47,Column,0.2266274462029521
46,48,Column,0.2143067027911371
46,49,Column,0.10730196893288499
46,50,Column,0.10545316037179057
46,51,Column,0.08580195029959548
46,52,Column,0.14568240634243232
46,53,Column,0.17197948353686834
46,54,Column,0.04977029673044877
46,55,Column,0.08060290852658901
46,56,Column,0.11215927727866531
46,57,Column,0.15461108373461244
46,58,Column,0.05691789034779593
46,59,Column,0.10083894488255295
46,60,Column,0.05311826728885734
46,61,Beam,0.46478578729525205
46,62,Beam,0.4552770412712311
46,63,Beam,0.464904302254657
46,64,Beam,0.5519052237891151
46,65,Beam,0.5497313497649274
46,66,Beam,0.5515293791672276
46,67,Beam,0.22553447795067608
46,68,Beam,0.4951845222584547
46,69,Beam,0.49711968369963627
46,70,Beam,0.20407913354346524
46,71,Beam,0.20861869973937922
46,72,Beam,0.4666400150965434
46,73,Beam,0.30735212173173926
46,74,Beam,0.6612401941192823
46,75,Beam,0.44154552259093
46,76,Beam,0.1461124526492943
46,77,Beam,0.6613588667741434
46,78,Beam,0.4423509247167314
46,79,Beam,0.28204662924530177
46,80,Beam,0.4660858015557871
46,81,Beam,0.3075236038526755
46,82,Beam,0.20884215053573837
46,83,Beam,0.24946793076088403
46,84,Beam,0.4783881187366491
46,85,Beam,0.4801606767814031
46,86,Beam,0.3732561718722704
46,87,Beam,0.7252304149947257
46,88,Beam,0.725305045835633
46,89,Beam,0.1602498578068546
46,90,Beam,0.6525793728129821
46,91,Beam,0.6541831475961221
46,92,Beam,0.4010947946227455
46,93,Beam,0.4022416218539982
46,94,Beam,0.2522476080801667
46,95,Beam,0.16781417865568443
46,96,Beam,0.8704764648087295
46,97,Beam,0.5786803065767695
46,98,Beam,0.371573106044984
46,99,Beam,0.8705475727015541
46,100,Beam,0.579106058696865
46,101,Beam,0.7272313931848416
46,102,Beam,0.48190795202455683
46,103,Beam,0.31999551448386854
46,104,Beam,0.4021034481996431
46,105,Beam,0.26548732864281865
46,106,Beam,0.26520908668905163
46,107,Beam,0.2653865172182781
46,108,Beam,0.45463065468703345
46,109,Beam,0.45213766997379073
46,110,Beam,0.2994946522903814
46,111,Beam,0.19106204398205467
46,112,Beam,0.4085050728454738
46,113,Beam,0.2704872342268236
46,114,Beam,0.33782521771630225
46,115,Beam,0.22267768298585727
46,116,Beam,0.29251212757203
46,117,Beam,0.27041877508624235
46,118,Beam,0.42465316750263715
46,119,Beam,0.329483279298291
46,120,Beam,0.23222695290113762
46,121,Beam,0.42445809807665813
46,122,Beam,0.32809208818904684
46,123,Beam,0.45164559472320126
46,124,Beam,0.2923132523832149
46,125,Beam,0.1781155816477912
46,126,Beam,0.22283539519505738
46,127,Beam,0.27931371145084066
46,128,Beam,0.42283237093166914
46,129,Beam,0.4253361034119294
46,130,Beam,0.37394884112949056
46,131,Beam,0.5713816557755665
46,132,Beam,0.5681443643956717
46,133,Beam,0.15754827321449133
46,134,Beam,0.5145676119015903
46,135,Beam,0.5124608528328173
46,136,Beam,0.23227037970689804
46,137,Beam,0.23434318324579184
46,138,Beam,0.33268507635738814
46,139,Beam,0.17809759574066672
46,140,Beam,0.6813372008624743
46,141,Beam,0.4609849291604129
46,142,Beam,0.1938781678232301
46,143,Beam,0.6814225542935329
46,144,Beam,0.4628469751914605
46,145,Beam,0.37444634712767877
46,146,Beam,0.5040470011071495
46,147,Beam,0.2706563625989599
46,148,Beam,0.23282808712911424
47,1,Column,0.2749986822131747
47,2,Column,0.2638091953188604
47,3,Column,0.2690482525034859
47,4,Column,0.4665490578064062
47,5,Column,0.19339909400944272
47,6,Column,0.40685003253904634
47,7,Column,0.43370614573500177
47,8,Column,0.23877832384762934
47,9,Column,0.08555122468202934
47,10,Column,0.2308901821869044
47,11,Column,0.3472690334729932
47,12,Column,0.2023585612033512
47,13,Column,0.1030571221648618
47,14,Column,0.1931037781364966
47,15,Column,0.2905952663078337
47,16,Column,0.18414174218077692
47,17,Column,0.15605938212660944
47,18,Column,0.1194773670555659
47,19,Column,0.24782427717947464
47,20,Column,0.09498699984843205
47,21,Column,0.7418129702189964
47,22,Column,0.5526938392538328
47,23,Column,0.13365794239420806
47,24,Column,0.04030025895994847
47,25,Column,0.429840787461271
47,26,Column,0.27184891035637204
47,27,Column,0.12522034335107093
47,28,Column,0.06423394660584589
47,29,Column,0.14308004964141882
47,30,Column,0.2225926113324942
47,31,Column,0.02337027024454875
47,32,Column,0.1832520900449474
47,33,Column,0.21178548493479338
47,34,Column,0.020706521439026293
47,35,Column,0.19239299523871992
47,36,Column,0.5342550224444049
47,37,Column,0.5515779182080736
47,38,Column,0.21734298136986863
47,39,Column,0.0696480544416097
47,40,Column,0.2447575406105096
47,41,Column,0.48134400843074243
47,42,Column,0.1849856337985531
47,43,Column,0.08449587126548946
47,44,Column,0.20921987754004978
47,45,Column,0.021548492897625067
47,46,Column,0.07346012424313757
47,47,Column,0.22705965380360568
47,48,Column,0.21468225334829127
47,49,Column,0.10713506570017395
47,50,Column,0.11321802313979991
47,51,Column,0.08519814866057643
47,52,Column,0.14481256927124322
47,53,Column,0.13809639888253444
47,54,Column,0.04977468498214925
47,55,Column,0.08115963121617453
47,56,Column,0.11145820377750636
47,57,Column,0.15487927674405957
47,58,Column,0.05699034022908289
47,59,Column,0.103238289546591
47,60,Column,0.049386705541158184
47,61,Beam,0.4136449300351341
47,62,Beam,0.4063734506319908
47,63,Beam,0.41575930052824805
47,64,Beam,0.5514678581755015
47,65,Beam,0.5497034281377821
47,66,Beam,0.5512070136832447
47,67,Beam,0.2253140282896684
47,68,Beam,0.4952146779451121
47,69,Beam,0.4968416842315305
47,70,Beam,0.17918229963727333
47,71,Beam,0.1821313432778568
47,72,Beam,0.4975290452235997
47,73,Beam,0.26443717875084716
47,74,Beam,0.661036308008221
47,75,Beam,0.44136203258395446
47,76,Beam,0.14602305431537574
47,77,Beam,0.6611828257368116
47,78,Beam,0.4422393325895181
47,79,Beam,0.2819004211169173
47,80,Beam,0.49807695069628166
47,81,Beam,0.2648854739729404
47,82,Beam,0.18281175297205346
47,83,Beam,0.23649639932730154
47,84,Beam,0.4530605585996656
47,85,Beam,0.45576067121162106
47,86,Beam,0.37493092578589665
47,87,Beam,0.7253531763609996
47,88,Beam,0.7289288403589702
47,89,Beam,0.16089133186368995
47,90,Beam,0.6527066603182775
47,91,Beam,0.657448983854114
47,92,Beam,0.3793609948175604
47,93,Beam,0.38147155858971743
47,94,Beam,0.23857643510285334
47,95,Beam,0.15881292094580335
47,96,Beam,0.8714560657976653
47,97,Beam,0.578142969522661
47,98,Beam,0.37259514412945677
47,99,Beam,0.8715832781898472
47,100,Beam,0.5786664163515249
47,101,Beam,0.728811825525336
47,102,Beam,0.45653017330000467
47,103,Beam,0.30339809746380575
47,104,Beam,0.38110082720916927
47,105,Beam,0.26532735147585584
47,106,Beam,0.2651742949458032
47,107,Beam,0.26536255738946735
47,108,Beam,0.743820839281155
47,109,Beam,0.7411755213518275
47,110,Beam,0.48779090168547024
47,111,Beam,0.30752147084960746
47,112,Beam,0.6691562667671932
47,113,Beam,0.44048917826856593
47,114,Beam,0.3376776258064211
47,115,Beam,0.22274000288186618
47,116,Beam,0.29305440461891563
47,117,Beam,0.2704553071135676
47,118,Beam,0.5829231724556425
47,119,Beam,0.5976323205048428
47,120,Beam,0.37800983886951894
47,121,Beam,0.5828092542824858
47,122,Beam,0.5952184962646861
47,123,Beam,0.7413297806486091
47,124,Beam,0.29226250132178117
47,125,Beam,0.1780353550299683
47,126,Beam,0.22262385701192547
47,127,Beam,0.28073827979316146
47,128,Beam,0.4214663135610364
47,129,Beam,0.4273024295525507
47,130,Beam,0.37419156566413414
47,131,Beam,0.5710101276859927
47,132,Beam,0.5683074617907169
47,133,Beam,0.1574718872354963
47,134,Beam,0.5141335889071196
47,135,Beam,0.5125541587198759
47,136,Beam,0.23249129225409002
47,137,Beam,0.23560365717055845
47,138,Beam,0.333247133113166
47,139,Beam,0.17851933311142007
47,140,Beam,0.6815417519639383
47,141,Beam,0.4610536705726124
47,142,Beam,0.19397954501402642
47,143,Beam,0.6816304723790959
47,144,Beam,0.4628185775759754
47,145,Beam,0.37463661768675244
47,146,Beam,0.5050787035066909
47,147,Beam,0.27022518745817925
47,148,Beam,0.23396897103445613
48,1,Column,0.2531420303009524
48,2,Column,0.19274894565893783
48,3,Column,0.20876988822440568
48,4,Column,0.33268142685033997
48,5,Column,0.13495041446178285
48,6,Column,0.3414475402944816
48,7,Column,0.363602333240053
48,8,Column,0.16920275669516513
48,9,Column,0.05394971654693525
48,10,Column,0.20690633222464758
48,11,Column,0.29221990079817384
48,12,Column,0.1413446035988587
48,13,Column,0.06958625762266576
48,14,Column,0.14107951294193244
48,15,Column,0.22897683594824217
48,16,Column,0.06545976745525152
48,17,Column,0.25396219175772217
48,18,Column,0.16196319285975852
48,19,Column,0.0886897072577157
48,20,Column,0.15738285925598833
48,21,Column,0.4813856316022852
48,22,Column,0.4005238328138213
48,23,Column,0.22016007793609926
48,24,Column,0.03726545136615287
48,25,Column,0.2866220165113916
48,26,Column,0.146981956779821
48,27,Column,0.2055720644268197
48,28,Column,0.1004721901580822
48,29,Column,0.16527805378944643
48,30,Column,0.06694124420426861
48,31,Column,0.03886096111690522
48,32,Column,0.12959575283491637
48,33,Column,0.14667570730399304
48,34,Column,0.05399671925323223
48,35,Column,0.16227646345848656
48,36,Column,0.37674682922694086
48,37,Column,0.3811117068793349
48,38,Column,0.17355928728049375
48,39,Column,0.06308227291797755
48,40,Column,0.20773582208636962
48,41,Column,0.3325810112600568
48,42,Column,0.1461832593450917
48,43,Column,0.07073788272016907
48,44,Column,0.17602506084681804
48,45,Column,0.04433645903459913
48,46,Column,0.0640545804326514
48,47,Column,0.13241870905254213
48,48,Column,0.13260761066902482
48,49,Column,0.07961986528097345
48,50,Column,0.0764275072298104
48,51,Column,0.10129924367295853
48,52,Column,0.16109793137335393
48,53,Column,0.09656600465329483
48,54,Column,0.03447505438243549
48,55,Column,0.05950663976082351
48,56,Column,0.1246887843911483
48,57,Column,0.0869481393518914
48,58,Column,0.040728251473395115
48,59,Column,0.07285048200160829
48,60,Column,0.0446721243528917
48,61,Beam,0.39606289372906145
48,62,Beam,0.3973084758009629
48,63,Beam,0.3968092113820171
48,64,Beam,0.8037222151130017
48,65,Beam,0.8011511810778725
48,66,Beam,0.8031965588713982
48,67,Beam,0.3329105905620819
48,68,Beam,0.7222236108613187
48,69,Beam,0.7245928578904716
48,70,Beam,0.17090200188702373
48,71,Beam,0.1707483363378186
48,72,Beam,0.47830604416980826
48,73,Beam,0.25950742616700984
48,74,Beam,0.9629066687842617
48,75,Beam,0.6436265140839748
48,76,Beam,0.21876851586713397
48,77,Beam,0.9630132766119458
48,78,Beam,0.6460101229338006
48,79,Beam,0.4149681097462034
48,80,Beam,0.47819614162499974
48,81,Beam,0.25971721659464425
48,82,Beam,0.17119141534015508
48,83,Beam,0.16458079308269435
48,84,Beam,0.2992914749461546
48,85,Beam,0.29852921247733744
48,86,Beam,0.2842445496253069
48,87,Beam,0.5538004671603259
48,88,Beam,0.5546939341777254
48,89,Beam,0.12099371683314802
48,90,Beam,0.49854389037293195
48,91,Beam,0.5002152787421689
48,92,Beam,0.25201520585254483
48,93,Beam,0.25262950416152286
48,94,Beam,0.17048665389874557
48,95,Beam,0.12053356196629408
48,96,Beam,0.6640625894444535
48,97,Beam,0.4421094364784917
48,98,Beam,0.2822391907554499
48,99,Beam,0.6640863540575846
48,100,Beam,0.44231326014798483
48,101,Beam,0.5541583120610073
48,102,Beam,0.30392704627884376
48,103,Beam,0.2019700147378264
48,104,Beam,0.25363380596020724
48,105,Beam,0.2337075353828049
48,106,Beam,0.233264123846556
48,107,Beam,0.2338022975188731
48,108,Beam,0.4023735834667226
48,109,Beam,0.40097951758709466
48,110,Beam,0.26528052494406085
48,111,Beam,0.16766705758189762
48,112,Beam,0.3622803170203398
48,113,Beam,0.23984870494870117
48,114,Beam,0.2950678955125399
48,115,Beam,0.19712422924565798
48,116,Beam,0.23617261646370294
48,117,Beam,0.23692290045911257
48,118,Beam,0.31706315081032344
48,119,Beam,0.32393481668875473
48,120,Beam,0.2061465790240276
48,121,Beam,0.3170141029292939
48,122,Beam,0.32265637859658464
48,123,Beam,0.4015187876514792
48,124,Beam,0.2362047101319598
48,125,Beam,0.15733764560001165
48,126,Beam,0.1969876864089089
48,127,Beam,0.17369037737785292
48,128,Beam,0.25431361299545596
48,129,Beam,0.25619282993124265
48,130,Beam,0.26785816120026273
48,131,Beam,0.4082483710347537
48,132,Beam,0.4068779924415687
48,133,Beam,0.11287602385281646
48,134,Beam,0.3675529497319765
48,135,Beam,0.36704318678188286
48,136,Beam,0.1471916149396325
48,137,Beam,0.147712080864579
48,138,Beam,0.1763397233913706
48,139,Beam,0.11931481246582137
48,140,Beam,0.4875384348759643
48,141,Beam,0.32743349163994806
48,142,Beam,0.1386806911581623
48,143,Beam,0.48763728665463196
48,144,Beam,0.3287788123350236
48,145,Beam,0.2677680137837853
48,146,Beam,0.257779435985944
48,147,Beam,0.17598059106171404
48,148,Beam,0.147487311626642
49,1,Column,0.1459557652599108
49,2,Column,0.23363410787345545
49,3,Column,0.24779977473193657
49,4,Column,0.1929659789731065
49,5,Column,0.17307994659040274
49,6,Column,0.14185456007503192
49,7,Column,0.14753205506808584
49,8,Column,0.21701278025882872
49,9,Column,0.11309823282766818
49,10,Column,0.09896802908878632
49,11,Column,0.12894660114169085
49,12,Column,0.1880602593632654
49,13,Column,0.12181711437706225
49,14,Column,0.0640011039537464
49,15,Column,0.14105786669039863
49,16,Column,0.10031494591048931
49,17,Column,0.3034480173392818
49,18,Column,0.3412957159337891
49,19,Column,0.1170860328825895
49,20,Column,0.0757124092554892
49,21,Column,0.19913701014514695
49,22,Column,0.20328780237165936
49,23,Column,0.09225346093062894
49,24,Column,0.15281285761964916
49,25,Column,0.14962325109832975
49,26,Column,0.08842545173837059
49,27,Column,0.2706405724124109
49,28,Column,0.057824497131250624
49,29,Column,0.0896159828044713
49,30,Column,0.09657994708209679
49,31,Column,0.03789134185794433
49,32,Column,0.0700824628274157
49,33,Column,0.05127961124852915
49,34,Column,0.033785849258231235
49,35,Column,0.06279845188996076
49,36,Column,0.3508165740482363
49,37,Column,0.35511311096343406
49,38,Column,0.06411752764412339
49,39,Column,0.0337629539333719
49,40,Column,0.24867821663541342
49,41,Column,0.142103221259361
49,42,Column,0.057968907079914006
49,43,Column,0.02990325759365719
49,44,Column,0.06352484955294294
49,45,Column,0.02994956585778117
49,46,Column,0.04437267813133823
49,47,Column,0.0983965030287642
49,48,Column,0.0964040764878289
49,49,Column,0.06001610215042264
49,50,Column,0.05707540149565237
49,51,Column,0.04946054724011539
49,52,Column,0.06333627486603242
49,53,Column,0.07194642327823776
49,54,Column,0.026518046414401437
49,55,Column,0.04935747189248071
49,56,Column,0.05225182516838089
49,57,Column,0.06482582057642206
49,58,Column,0.028594938632154634
49,59,Column,0.05154074618426692
49,60,Column,0.03905238122353749
49,61,Beam,0.33868897207865456
49,62,Beam,0.337467035217411
49,63,Beam,0.33849334672476394
49,64,Beam,0.8007363441952702
49,65,Beam,0.8000591197755798
49,66,Beam,0.8008601237477831
49,67,Beam,0.3315969091833252
49,68,Beam,0.7217828000682639
49,69,Beam,0.7226092607627042
49,70,Beam,0.15545345838679
49,71,Beam,0.15602861211164043
49,72,Beam,0.34301136508869295
49,73,Beam,0.22765242929777393
49,74,Beam,0.96046767523904
49,75,Beam,0.6401996584552108
49,76,Beam,0.21756974593750394
49,77,Beam,0.9604232103519627
49,78,Beam,0.6404599002131433
49,79,Beam,0.4128911278728988
49,80,Beam,0.3429594173722233
49,81,Beam,0.2279483498482123
49,82,Beam,0.1564514121988507
49,83,Beam,0.14554061723503606
49,84,Beam,0.2641096521550416
49,85,Beam,0.26377320493374284
49,86,Beam,0.2565798655240558
49,87,Beam,0.4868451134187234
49,88,Beam,0.4867061304793011
49,89,Beam,0.11674335688670842
49,90,Beam,0.43928836324129883
49,91,Beam,0.44006408031416444
49,92,Beam,0.22319779684677005
49,93,Beam,0.22288920816007862
49,94,Beam,0.15019093602842937
49,95,Beam,0.10230244018115828
49,96,Beam,0.5838274474974695
49,97,Beam,0.3890522206655
49,98,Beam,0.253652157610974
49,99,Beam,0.5838858169950167
49,100,Beam,0.38915341419643706
49,101,Beam,0.48697666314627647
49,102,Beam,0.2675709992647445
49,103,Beam,0.17873877214425465
49,104,Beam,0.22302106097741656
49,105,Beam,0.14697383800846428
49,106,Beam,0.14638122364552134
49,107,Beam,0.1470931752469995
49,108,Beam,0.5062512769599313
49,109,Beam,0.49922875094984376
49,110,Beam,0.3386752302328957
49,111,Beam,0.21916726963879982
49,112,Beam,0.4528730099580889
49,113,Beam,0.30745398205987745
49,114,Beam,0.18229259979696394
49,115,Beam,0.12573551779760717
49,116,Beam,0.15043531590132245
49,117,Beam,0.14734156930915626
49,118,Beam,0.40253276229172125
49,119,Beam,0.409538223793517
49,120,Beam,0.2667879432611097
49,121,Beam,0.40247898984827046
49,122,Beam,0.40557046568736105
49,123,Beam,0.5051043367960855
49,124,Beam,0.150263567094972
49,125,Beam,0.1004690543896264
49,126,Beam,0.12540498644640882
49,127,Beam,0.17385559996626038
49,128,Beam,0.24557789634281332
49,129,Beam,0.2511251788115623
49,130,Beam,0.32585293880471705
49,131,Beam,0.4835593851918765
49,132,Beam,0.48585936744344665
49,133,Beam,0.14638876983775717
49,134,Beam,0.43558275944238456
49,135,Beam,0.4394949613514713
49,136,Beam,0.14591675367373602
49,137,Beam,0.14861585739769675
49,138,Beam,0.1763701116947019
49,139,Beam,0.11665006336901297
49,140,Beam,0.5802491518321664
49,141,Beam,0.3866661587616189
49,142,Beam,0.17594132232739107
49,143,Beam,0.5799873684092204
49,144,Beam,0.3896200433281205
49,145,Beam,0.32557175441166525
49,146,Beam,0.2522609945666984
49,147,Beam,0.168097245155989
49,148,Beam,0.1478029357473072
