Solution_ID,Element_ID,ElementType,DCR
1,1,Column,0.4301230145562355
1,2,Column,0.43434181501167846
1,3,Column,0.36235200310321447
1,4,Column,0.31569549936511976
1,5,Column,0.37369932204607004
1,6,Column,0.8653474320909373
1,7,Column,0.3652177344239371
1,8,Column,0.3815565714786233
1,9,Column,0.4462116993171764
1,10,Column,0.8661106613766891
1,11,Column,0.8171635737210189
1,12,Column,0.8208626003879009
1,13,Column,0.2679663393251549
1,14,Column,0.271704357235823
1,15,Column,0.22697087912625916
1,16,Column,0.28397757849842475
1,17,Column,0.33918319235966166
1,18,Column,0.4652966863427236
1,19,Column,0.2292854232606135
1,20,Column,0.3547483469160744
1,21,Column,0.4147294567026494
1,22,Column,0.4661199052213881
1,23,Column,0.59451952617616
1,24,Column,0.5994000598577742
1,25,Column,0.339698707671043
1,26,Column,0.33820674480372076
1,27,Column,0.36587655372429306
1,28,Column,0.16044290188195187
1,29,Column,0.17791943185990464
1,30,Column,0.5977717268402889
1,31,Column,0.36801855806585965
1,32,Column,0.18535933208807834
1,33,Column,0.20307611021089958
1,34,Column,0.5987901727756184
1,35,Column,0.5110879712167162
1,36,Column,0.5069760086339521
1,37,Column,0.27637602054181876
1,38,Column,0.2790281100084302
1,39,Column,0.22437359372162372
1,40,Column,0.38324099184425764
1,41,Column,0.46086075946263044
1,42,Column,0.562590722965049
1,43,Column,0.22718899580705318
1,44,Column,0.4649187157417118
1,45,Column,0.5484495344150889
1,46,Column,0.5652425746036026
1,47,Column,0.3764774016858859
1,48,Column,0.3831940711200349
1,49,Column,0.15383378555189367
1,50,Column,0.13077797894177862
1,51,Column,0.1375257406794762
1,52,Column,0.3328793947469064
1,53,Column,0.46301385631626024
1,54,Column,0.2240433402807609
1,55,Column,0.1387736394890643
1,56,Column,0.4720059540945114
1,57,Column,0.620687148240481
1,58,Column,0.22564467837646546
1,59,Column,0.24219373202730743
1,60,Column,0.23378230883088869
1,61,Beam,0.10866335986531538
1,62,Beam,0.07178969133953624
1,63,Beam,0.09129255619499944
1,64,Beam,0.4600255625465777
1,65,Beam,0.6165482645851259
1,66,Beam,0.12348528241867622
1,67,Beam,0.0787345573206842
1,68,Beam,0.42998571278955366
1,69,Beam,0.5362190636546538
1,70,Beam,0.13205641531396328
1,71,Beam,0.13993954855639612
1,72,Beam,0.14069166726964594
1,73,Beam,0.057727047740580545
1,74,Beam,0.04467566355067536
1,75,Beam,0.03895485915896453
1,76,Beam,0.5380717441099009
1,77,Beam,0.4935530951649341
1,78,Beam,0.09993496538296802
1,79,Beam,0.03989408682117187
1,80,Beam,0.683046554757923
1,81,Beam,0.5900432635208471
1,82,Beam,0.07432346393109168
1,83,Beam,0.06350505403990336
1,84,Beam,0.05567763884850562
1,85,Beam,0.0879731861472798
1,86,Beam,0.09078269291462636
1,87,Beam,0.0672838114235711
1,88,Beam,0.11284534917078963
1,89,Beam,0.08885564495651314
1,90,Beam,0.1827051419801784
1,91,Beam,0.06905449270225064
1,92,Beam,0.13924335477660368
1,93,Beam,0.09038893156114804
1,94,Beam,0.1837074725240468
1,95,Beam,0.11149808498568509
1,96,Beam,0.11177061117662712
1,97,Beam,0.3607154519162975
1,98,Beam,0.24526064732676817
1,99,Beam,0.6280395176802461
1,100,Beam,0.4734866547536203
1,101,Beam,0.24495223181654696
1,102,Beam,0.7397227451226445
1,103,Beam,0.47340129014300475
1,104,Beam,0.2584092862202807
1,105,Beam,0.3608533590879518
1,106,Beam,0.24545637985926363
1,107,Beam,0.6835324851216641
1,108,Beam,0.24713496817230665
1,109,Beam,0.2449936386492171
1,110,Beam,0.6835287129058542
1,111,Beam,0.2470255834709539
1,112,Beam,0.4303989109442089
1,113,Beam,0.3797317899950302
1,114,Beam,0.21487340186104875
1,115,Beam,0.6550055461097448
1,116,Beam,0.5005458388048518
1,117,Beam,0.21852110622653823
1,118,Beam,0.7683241050328304
1,119,Beam,0.49936011482739384
1,120,Beam,0.4964879036233064
1,121,Beam,0.2702588664838336
1,122,Beam,0.2989087542535942
1,123,Beam,0.7106135681678895
1,124,Beam,0.5007052648517845
1,125,Beam,0.29709830372184654
1,126,Beam,0.7106511516990811
1,127,Beam,0.49955779941131695
1,128,Beam,0.4501374429788252
1,129,Beam,0.3552442943098394
1,130,Beam,0.2744549882084792
1,131,Beam,0.699617904492678
1,132,Beam,0.3538566982097284
1,133,Beam,0.2761231191070861
1,134,Beam,0.8232884002294134
1,135,Beam,0.3533624415992387
1,136,Beam,0.5648875909549438
1,137,Beam,0.45822849159345463
1,138,Beam,0.20306761001347165
1,139,Beam,0.7620465129298306
1,140,Beam,0.5273542999384304
1,141,Beam,0.20431894817628604
1,142,Beam,0.7620452258204569
1,143,Beam,0.5278135754780103
1,144,Beam,0.40585390984412295
1,145,Beam,0.37719997126098465
1,146,Beam,0.21503539600087004
1,147,Beam,0.4875532987713187
1,148,Beam,0.4275957843909918
1,149,Beam,0.21846943772259858
1,150,Beam,0.5731762241805352
1,151,Beam,0.429495294168045
1,152,Beam,0.3586990160209387
1,153,Beam,0.3763787561565354
1,154,Beam,0.21800928714611537
1,155,Beam,0.5270107882348278
1,156,Beam,0.3044712998808744
1,157,Beam,0.22127858550916732
1,158,Beam,0.5270545508519776
1,159,Beam,0.3061550059463008
1,160,Beam,0.4338549813181165
1,161,Beam,0.3257565978179025
1,162,Beam,0.14266444912148216
1,163,Beam,0.40143553687047223
1,164,Beam,0.35565240457576774
1,165,Beam,0.14625319471603307
1,166,Beam,0.4720642919082297
1,167,Beam,0.3576826067711864
1,168,Beam,0.4511242265867887
1,169,Beam,0.23393446283213856
1,170,Beam,0.17615212027934904
1,171,Beam,0.43512161809327693
1,172,Beam,0.35450081554149954
1,173,Beam,0.17924596609960994
1,174,Beam,0.4350997201034275
1,175,Beam,0.3563408551761831
1,176,Beam,0.3878513130820978
1,177,Beam,0.22179030316012618
1,178,Beam,0.24182222606165743
1,179,Beam,0.5483948773741968
1,180,Beam,0.38100850061340974
1,181,Beam,0.24704091394402952
1,182,Beam,0.6456208275725439
1,183,Beam,0.383612387823706
1,184,Beam,0.3477143722957522
1,185,Beam,0.26657801318368446
1,186,Beam,0.2061956395694142
1,187,Beam,0.5990444205219524
1,188,Beam,0.4913213599196939
1,189,Beam,0.21103462954774868
1,190,Beam,0.5990669446389366
1,191,Beam,0.49423211474604967
1,192,Beam,0.24533058497639226
1,193,Beam,0.3442284977014012
1,194,Beam,0.22105245156288833
1,195,Beam,0.550034986093811
1,196,Beam,0.4522691376772432
1,197,Beam,0.22354713523919412
1,198,Beam,0.6477935040575542
1,199,Beam,0.45529995691354663
1,200,Beam,0.36699151655451945
1,201,Beam,0.34327634085694486
1,202,Beam,0.22109129235350272
1,203,Beam,0.5988943684519504
1,204,Beam,0.35025558785201405
1,205,Beam,0.2234441102907053
1,206,Beam,0.598851214943302
1,207,Beam,0.3524096759583043
1,208,Beam,0.4080453393314051
1,209,Beam,0.33843734516505714
1,210,Beam,0.1401520422657422
1,211,Beam,0.4591740399253564
1,212,Beam,0.35526313012706273
1,213,Beam,0.14170692945619442
1,214,Beam,0.5405679365080533
1,215,Beam,0.3572130646727778
1,216,Beam,0.3501242435778019
1,217,Beam,0.28029759602613513
1,218,Beam,0.18149443299937687
1,219,Beam,0.49816276357513656
1,220,Beam,0.27495800632006795
1,221,Beam,0.18343584030580407
1,222,Beam,0.49816753100269406
1,223,Beam,0.27672793586273564
1,224,Beam,0.3843806035562021
2,1,Column,0.433300880860366
2,2,Column,0.4642357597000921
2,3,Column,0.35173545624912206
2,4,Column,0.3122093977279699
2,5,Column,0.37237411561564016
2,6,Column,0.8698957111228073
2,7,Column,0.368380214762242
2,8,Column,0.3801386798107035
2,9,Column,0.44496200817263676
2,10,Column,0.871035088108786
2,11,Column,0.8211342113514599
2,12,Column,0.8254549453397442
2,13,Column,0.27140439303554575
2,14,Column,0.2585771682135362
2,15,Column,0.23054532545163473
2,16,Column,0.28246666343262505
2,17,Column,0.3377401714802238
2,18,Column,0.4723404186754846
2,19,Column,0.23335740903130478
2,20,Column,0.3531916436188567
2,21,Column,0.4133580402058469
2,22,Column,0.47346610248581367
2,23,Column,0.601414673399854
2,24,Column,0.606809714533477
2,25,Column,0.3435256305577621
2,26,Column,0.34301132636121356
2,27,Column,0.3424151122116003
2,28,Column,0.15973331798434984
2,29,Column,0.17728160300798973
2,30,Column,0.6100092827915058
2,31,Column,0.37825636105134464
2,32,Column,0.18468223387245553
2,33,Column,0.2025115258045137
2,34,Column,0.4926468866338342
2,35,Column,0.5136037038022464
2,36,Column,0.5103969363231262
2,37,Column,0.2124721572150562
2,38,Column,0.21496642215910097
2,39,Column,0.1788503669975356
2,40,Column,0.38009316550809735
2,41,Column,0.4578549847970258
2,42,Column,0.3674040515360768
2,43,Column,0.18136341190950675
2,44,Column,0.4617140164894201
2,45,Column,0.5456289582972526
2,46,Column,0.37056371169732477
2,47,Column,0.25234863011663233
2,48,Column,0.254915788995556
2,49,Column,0.12687332010872385
2,50,Column,0.121317897676682
2,51,Column,0.11017994622652763
2,52,Column,0.3077661233230842
2,53,Column,0.4563283402930016
2,54,Column,0.21531537341146623
2,55,Column,0.1073476890698314
2,56,Column,0.4304061242394084
2,57,Column,0.5997136937358631
2,58,Column,0.21539972330318793
2,59,Column,0.2290421433963126
2,60,Column,0.22626794240627895
2,61,Beam,0.08362183402927512
2,62,Beam,0.11234448049236084
2,63,Beam,0.10353863290541382
2,64,Beam,0.469145847778601
2,65,Beam,0.6275132622578281
2,66,Beam,0.16127624913689462
2,67,Beam,0.1038257303537075
2,68,Beam,0.4287715658267997
2,69,Beam,0.536446081915424
2,70,Beam,0.15940939131507315
2,71,Beam,0.14532181942047492
2,72,Beam,0.14665877230572905
2,73,Beam,0.0539086488039683
2,74,Beam,0.0538795745366347
2,75,Beam,0.03911799576898218
2,76,Beam,0.5320641319294409
2,77,Beam,0.480926680075729
2,78,Beam,0.11870612746967257
2,79,Beam,0.05317982584318946
2,80,Beam,0.6773560421485905
2,81,Beam,0.15313748317089035
2,82,Beam,0.11750894041042206
2,83,Beam,0.06497961275963876
2,84,Beam,0.06267583210563435
2,85,Beam,0.07869197629793818
2,86,Beam,0.07987623977243141
2,87,Beam,0.07113694947824177
2,88,Beam,0.15613156521390897
2,89,Beam,0.15922822245256368
2,90,Beam,0.1530381324317628
2,91,Beam,0.08651848454929179
2,92,Beam,0.17022039185527496
2,93,Beam,0.11027048792194702
2,94,Beam,0.15387191248216292
2,95,Beam,0.14036383156411372
2,96,Beam,0.14116893167381275
2,97,Beam,0.3348122081253488
2,98,Beam,0.24526801897362696
2,99,Beam,0.6280307130018495
2,100,Beam,0.47350028575605557
2,101,Beam,0.24496041646385697
2,102,Beam,0.7397135690971843
2,103,Beam,0.47341468451098645
2,104,Beam,0.239142026503843
2,105,Beam,0.3349469198722734
2,106,Beam,0.24547063667545263
2,107,Beam,0.6835325315900771
2,108,Beam,0.24714689717738167
2,109,Beam,0.24500402736621046
2,110,Beam,0.6835253705060945
2,111,Beam,0.24703872465062574
2,112,Beam,0.39981955473069475
2,113,Beam,0.42333886334942056
2,114,Beam,0.21052784517332895
2,115,Beam,0.6549243885811646
2,116,Beam,0.5005886148595902
2,117,Beam,0.21353089646893603
2,118,Beam,0.76823999203698
2,119,Beam,0.4994084895283464
2,120,Beam,0.5855785287572505
2,121,Beam,0.23394901994595374
2,122,Beam,0.29551299387606317
2,123,Beam,0.7105833987892531
2,124,Beam,0.500641377564508
2,125,Beam,0.29384314526879396
2,126,Beam,0.7106002073120176
2,127,Beam,0.499506180111421
2,128,Beam,0.5044916490629168
2,129,Beam,0.24800464992149687
2,130,Beam,0.27432447031739693
2,131,Beam,0.6995632081781827
2,132,Beam,0.35395722580441896
2,133,Beam,0.27599495429533527
2,134,Beam,0.8232321713287428
2,135,Beam,0.3534596724719783
2,136,Beam,0.4409814637363741
2,137,Beam,0.3196209788640116
2,138,Beam,0.19994290140081475
2,139,Beam,0.7620609786800604
2,140,Beam,0.5275795320233758
2,141,Beam,0.20122507917963847
2,142,Beam,0.7620513449967066
2,143,Beam,0.5275857821224694
2,144,Beam,0.2802430567535948
2,145,Beam,0.3425010585459342
2,146,Beam,0.29540110251307505
2,147,Beam,0.7556457972969698
2,148,Beam,0.5675619113032225
2,149,Beam,0.2972718768617442
2,150,Beam,0.889825461204419
2,151,Beam,0.5681782715475576
2,152,Beam,0.3256805682231661
2,153,Beam,0.341852760142333
2,154,Beam,0.29634035951627047
2,155,Beam,0.8214945089388597
2,156,Beam,0.3773818498826668
2,157,Beam,0.29847114409437686
2,158,Beam,0.8215187787799456
2,159,Beam,0.37793043175563096
2,160,Beam,0.3940951846148125
2,161,Beam,0.36322803549382077
2,162,Beam,0.21113070343676968
2,163,Beam,0.6266900454996956
2,164,Beam,0.4764151617674733
2,165,Beam,0.21526382806889818
2,166,Beam,0.7365282264477374
2,167,Beam,0.4780489825349501
2,168,Beam,0.47733487376353056
2,169,Beam,0.28233932409913437
2,170,Beam,0.2753669857293876
2,171,Beam,0.6793692401530006
2,172,Beam,0.4756982302597533
2,173,Beam,0.27905939505584015
2,174,Beam,0.6793924523416509
2,175,Beam,0.47736212044753207
2,176,Beam,0.4106785535924172
2,177,Beam,0.21259449219339613
2,178,Beam,0.18288038908299753
2,179,Beam,0.44932168168217074
2,180,Beam,0.2964444090891419
2,181,Beam,0.1873147532595518
2,182,Beam,0.5290052553549889
2,183,Beam,0.2986236803632723
2,184,Beam,0.33974232587985287
2,185,Beam,0.2587454552175759
2,186,Beam,0.15639861870326585
2,187,Beam,0.48941166468305847
2,188,Beam,0.3844011094891357
2,189,Beam,0.1604293642840397
2,190,Beam,0.489421309391281
2,191,Beam,0.3868600458324345
2,192,Beam,0.23774400023093203
2,193,Beam,0.2743846326236585
2,194,Beam,0.220949391172354
2,195,Beam,0.549971655581972
2,196,Beam,0.4519388737648738
2,197,Beam,0.2234004916147786
2,198,Beam,0.6477288389655594
2,199,Beam,0.4549317753460997
2,200,Beam,0.2841341282499447
2,201,Beam,0.2734150620595668
2,202,Beam,0.22043822981925495
2,203,Beam,0.5990615053617588
2,204,Beam,0.34904785219128376
2,205,Beam,0.22281279362051
2,206,Beam,0.5990415190181437
2,207,Beam,0.3511626541357417
2,208,Beam,0.3071705631955502
2,209,Beam,0.32954684757095876
2,210,Beam,0.14009741566472866
2,211,Beam,0.4593117631322934
2,212,Beam,0.3564237635837348
2,213,Beam,0.14158510358183712
2,214,Beam,0.5407081339444674
2,215,Beam,0.358276053749457
2,216,Beam,0.3413547713290088
2,217,Beam,0.2654269816017422
2,218,Beam,0.1785654758182918
2,219,Beam,0.49860017909786686
2,220,Beam,0.27577750897465
2,221,Beam,0.18046031556344466
2,222,Beam,0.49865557113463593
2,223,Beam,0.27403381103057206
2,224,Beam,0.36953845647641076
3,1,Column,0.4283405224823596
3,2,Column,0.4319841512115783
3,3,Column,0.3605602070099819
3,4,Column,0.31466529722353614
3,5,Column,0.37474265723576156
3,6,Column,0.8646805682625398
3,7,Column,0.3530270474489486
3,8,Column,0.38260069512436623
3,9,Column,0.4471752315810015
3,10,Column,0.8654802575462841
3,11,Column,0.8161254832774825
3,12,Column,0.8192721265378118
3,13,Column,0.2687066995012463
3,14,Column,0.2721674720453428
3,15,Column,0.22721231293122535
3,16,Column,0.2851401658218481
3,17,Column,0.34031998043011813
3,18,Column,0.46685313786309623
3,19,Column,0.22971095652343243
3,20,Column,0.3558949016478802
3,21,Column,0.41578701343121727
3,22,Column,0.4676918247457819
3,23,Column,0.486711681051311
3,24,Column,0.4903283775785271
3,25,Column,0.32605458379565394
3,26,Column,0.32392310801859037
3,27,Column,0.35854275464559926
3,28,Column,0.16099127279523795
3,29,Column,0.1784267825154615
3,30,Column,0.5434164521714723
3,31,Column,0.36026018650467373
3,32,Column,0.18585909913763654
3,33,Column,0.2035156000002318
3,34,Column,0.484802684301452
3,35,Column,0.5029606075185564
3,36,Column,0.49850056830403655
3,37,Column,0.21024439570091705
3,38,Column,0.21324037593256218
3,39,Column,0.190227249723644
3,40,Column,0.9698446342887831
3,41,Column,0.25507318748340857
3,42,Column,0.3721946542310669
3,43,Column,0.19221301657482281
3,44,Column,0.25730560258495705
3,45,Column,0.3033633438307364
3,46,Column,0.3735634567352675
3,47,Column,0.26910170147855433
3,48,Column,0.27021706476971524
3,49,Column,0.1280877875063452
3,50,Column,0.12455074492379051
3,51,Column,0.14305381857279445
3,52,Column,0.33580635317924745
3,53,Column,0.4845725281643818
3,54,Column,0.18426198895031584
3,55,Column,0.1441806492281945
3,56,Column,0.4777523391431852
3,57,Column,0.6265093867371285
3,58,Column,0.18442138379857623
3,59,Column,0.23045079280431632
3,60,Column,0.22475942182721975
3,61,Beam,0.10987961915086915
3,62,Beam,0.11106920444239264
3,63,Beam,0.09481404878727574
3,64,Beam,0.4608783375877351
3,65,Beam,0.6171925949582
3,66,Beam,0.16000107273130937
3,67,Beam,0.09535112709077882
3,68,Beam,0.4285112638236975
3,69,Beam,0.5347392514311169
3,70,Beam,0.15885581408343302
3,71,Beam,0.14221095325189143
3,72,Beam,0.14293757287633424
3,73,Beam,0.05846344294113848
3,74,Beam,0.05102140132053229
3,75,Beam,0.06073079775855274
3,76,Beam,0.3157971769383425
3,77,Beam,0.4532389570257341
3,78,Beam,0.09268351663030083
3,79,Beam,0.06211482744549336
3,80,Beam,0.40451337555048106
3,81,Beam,0.5532664710828931
3,82,Beam,0.0911397475380321
3,83,Beam,0.05711872465028374
3,84,Beam,0.05602484521537175
3,85,Beam,0.0842420120625315
3,86,Beam,0.08499427093407487
3,87,Beam,0.07618330916742105
3,88,Beam,0.15237571225241694
3,89,Beam,0.15527406810565192
3,90,Beam,0.15198095847658444
3,91,Beam,0.0770519489858173
3,92,Beam,0.16809007998430794
3,93,Beam,0.10686193657531887
3,94,Beam,0.1526940475596111
3,95,Beam,0.1396356606869871
3,96,Beam,0.12453823498697332
3,97,Beam,0.4464069696933666
3,98,Beam,0.2452684252832046
3,99,Beam,0.6280577310685818
3,100,Beam,0.4734663680832182
3,101,Beam,0.24495700667372508
3,102,Beam,0.7397411534930862
3,103,Beam,0.47337970219788705
3,104,Beam,0.31879648244802405
3,105,Beam,0.44649845391353093
3,106,Beam,0.24539819920379347
3,107,Beam,0.6834953672299704
3,108,Beam,0.2471462474858929
3,109,Beam,0.24493276933327415
3,110,Beam,0.6834904145850819
3,111,Beam,0.24703790277800705
3,112,Beam,0.5329989418971576
3,113,Beam,0.3817750933680274
3,114,Beam,0.21705154468913276
3,115,Beam,0.6551820686072907
3,116,Beam,0.500483001214867
3,117,Beam,0.22084965486244967
3,118,Beam,0.7685016862749154
3,119,Beam,0.4993292590574697
3,120,Beam,0.4966687446334839
3,121,Beam,0.26986756359218833
3,122,Beam,0.29845962465382236
3,123,Beam,0.7102807821754993
3,124,Beam,0.5007683485164688
3,125,Beam,0.2977798454953134
3,126,Beam,0.7103129951204479
3,127,Beam,0.4996295482842793
3,128,Beam,0.45010923832737765
3,129,Beam,0.3514052270862976
3,130,Beam,0.27455850744957705
3,131,Beam,0.699729986242208
3,132,Beam,0.3537215161033153
3,133,Beam,0.27628915400037884
3,134,Beam,0.8234013609938999
3,135,Beam,0.3534287129821525
3,136,Beam,0.5611449392806108
3,137,Beam,0.45371947933470846
3,138,Beam,0.20234260879174912
3,139,Beam,0.7618385516555647
3,140,Beam,0.5277284108523401
3,141,Beam,0.2035648471854343
3,142,Beam,0.7618356415965749
3,143,Beam,0.5274427527945115
3,144,Beam,0.4023893714794221
3,145,Beam,0.3713875646167067
3,146,Beam,0.29529369844265446
3,147,Beam,0.754918337072854
3,148,Beam,0.5670821335755405
3,149,Beam,0.29729308889874556
3,150,Beam,0.8890990103362655
3,151,Beam,0.567796408750825
3,152,Beam,0.3528510278696249
3,153,Beam,0.3744972671103872
3,154,Beam,0.2943087527662799
3,155,Beam,0.8216394402455302
3,156,Beam,0.3769639426911063
3,157,Beam,0.2961764931761103
3,158,Beam,0.8216696492772089
3,159,Beam,0.3769493816960015
3,160,Beam,0.4315467347737933
3,161,Beam,0.3399074020106451
3,162,Beam,0.13671202687000064
3,163,Beam,0.4007756175250006
3,164,Beam,0.3533468076532918
3,165,Beam,0.13990319283428465
3,166,Beam,0.47136004958196404
3,167,Beam,0.3551368285578869
3,168,Beam,0.42388117448010865
3,169,Beam,0.26949116355769365
3,170,Beam,0.17124953615569694
3,171,Beam,0.4349945663509248
3,172,Beam,0.3521801526649408
3,173,Beam,0.17406277903167497
3,174,Beam,0.43497345069635035
3,175,Beam,0.35383152926569894
3,176,Beam,0.3769618004059941
3,177,Beam,0.20045377891432434
3,178,Beam,0.18732789566029148
3,179,Beam,0.4494132932586857
3,180,Beam,0.2961818121624046
3,181,Beam,0.19132065507017393
3,182,Beam,0.5290900519559985
3,183,Beam,0.2981717528354473
3,184,Beam,0.3027925867477177
3,185,Beam,0.23114036783626257
3,186,Beam,0.1610119480988581
3,187,Beam,0.4893421203876491
3,188,Beam,0.38246176318249825
3,189,Beam,0.1647261014206333
3,190,Beam,0.4893494530123002
3,191,Beam,0.3846695762678595
3,192,Beam,0.21352023102202014
3,193,Beam,0.18674063260538173
3,194,Beam,0.21981536487782913
3,195,Beam,0.5498286475635626
3,196,Beam,0.4492860851932213
3,197,Beam,0.2220722922953648
3,198,Beam,0.6475894518817755
3,199,Beam,0.4520292413052534
3,200,Beam,0.19274326755808147
3,201,Beam,0.187815212762682
3,202,Beam,0.21923855952827948
3,203,Beam,0.5990675873608211
3,204,Beam,0.34717845045636486
3,205,Beam,0.22140559470053042
3,206,Beam,0.5990468399365654
3,207,Beam,0.34910434545054564
3,208,Beam,0.2068548784885336
3,209,Beam,0.26288297784283005
3,210,Beam,0.1393062748072535
3,211,Beam,0.4592260344545729
3,212,Beam,0.35427418740550426
3,213,Beam,0.14061603667104167
3,214,Beam,0.5406259514927223
3,215,Beam,0.3558998831674919
3,216,Beam,0.2812515382270219
3,217,Beam,0.20807784183155212
3,218,Beam,0.1780539668303361
3,219,Beam,0.49860589367583874
3,220,Beam,0.27744543497054686
3,221,Beam,0.17915654600418118
3,222,Beam,0.4986591737892564
3,223,Beam,0.2758562401436133
3,224,Beam,0.310317837966523
4,1,Column,0.43285808012317684
4,2,Column,0.39191799286150547
4,3,Column,0.33399045000466815
4,4,Column,0.31392726098574353
4,5,Column,0.37402623781302646
4,6,Column,0.8766966341332285
4,7,Column,0.3366312313324555
4,8,Column,0.38186743696707
4,9,Column,0.44649024224920286
4,10,Column,0.8777925135219287
4,11,Column,0.8216881198836049
4,12,Column,0.8257051723635155
4,13,Column,0.27091326358169726
4,14,Column,0.2743423681678537
4,15,Column,0.2303973302124194
4,16,Column,0.28433962517468714
4,17,Column,0.3395415264148405
4,18,Column,0.48730350660548494
4,19,Column,0.23207468358117958
4,20,Column,0.3550879900277833
4,21,Column,0.4150330284506557
4,22,Column,0.3546535380800377
4,23,Column,0.6098104129224883
4,24,Column,0.6132667869613306
4,25,Column,0.33546347766492046
4,26,Column,0.3342705360676156
4,27,Column,0.36645181251098935
4,28,Column,0.16060579892526516
4,29,Column,0.17807664030984757
4,30,Column,0.6042098900823091
4,31,Column,0.3681511260548307
4,32,Column,0.18549948226034874
4,33,Column,0.20319954230666012
4,34,Column,0.6051215605448417
4,35,Column,0.4755486301308702
4,36,Column,0.47131768851359335
4,37,Column,0.2992618394496846
4,38,Column,0.3021266320684551
4,39,Column,0.2601410073094954
4,40,Column,0.9622228011731314
4,41,Column,0.25416930302414115
4,42,Column,0.5718115226891993
4,43,Column,0.26274253990319496
4,44,Column,0.2563793184864087
4,45,Column,0.3025028240413711
4,46,Column,0.5735962459914375
4,47,Column,0.40331022007988937
4,48,Column,0.4055366349622157
4,49,Column,0.13274577878698451
4,50,Column,0.13209435339263406
4,51,Column,0.12477568099462644
4,52,Column,0.5450821509647529
4,53,Column,0.48832111204369344
4,54,Column,0.2188830001426576
4,55,Column,0.1257741270763879
4,56,Column,0.7307304579578191
4,57,Column,0.22451396975869445
4,58,Column,0.21957176147509364
4,59,Column,0.2350747040607619
4,60,Column,0.23376096940923038
4,61,Beam,0.11087259888773436
4,62,Beam,0.11227287361395998
4,63,Beam,0.09502212480975948
4,64,Beam,0.4511577312426149
4,65,Beam,0.6097081241572309
4,66,Beam,0.13449484950284138
4,67,Beam,0.09559831658689177
4,68,Beam,0.4201772907146488
4,69,Beam,0.5295311263174325
4,70,Beam,0.135153708861256
4,71,Beam,0.14312509971053466
4,72,Beam,0.1438788064513496
4,73,Beam,0.04757543307651911
4,74,Beam,0.056622101547872526
4,75,Beam,0.05512834700928075
4,76,Beam,0.5180091375853458
4,77,Beam,0.4758452821294398
4,78,Beam,0.10054118703138046
4,79,Beam,0.05604522966593478
4,80,Beam,0.662386555042456
4,81,Beam,0.15353750375968245
4,82,Beam,0.09963732125470334
4,83,Beam,0.061879656429384255
4,84,Beam,0.06290843245233896
4,85,Beam,0.08213861593771313
4,86,Beam,0.08271485917056765
4,87,Beam,0.07408054955830648
4,88,Beam,0.15560536712602047
4,89,Beam,0.15861030868691336
4,90,Beam,0.15299815017798207
4,91,Beam,0.09584529461327476
4,92,Beam,0.1694356958601324
4,93,Beam,0.10935106682138407
4,94,Beam,0.15378095446247267
4,95,Beam,0.1407709833735739
4,96,Beam,0.14156170706020327
4,97,Beam,0.3607838761277242
4,98,Beam,0.2454970326908141
4,99,Beam,0.6281870175462103
4,100,Beam,0.473456851664825
4,101,Beam,0.24522665268343738
4,102,Beam,0.7398704947454491
4,103,Beam,0.47339117617004256
4,104,Beam,0.2584420315026219
4,105,Beam,0.36078964276284964
4,106,Beam,0.24520562845113186
4,107,Beam,0.6835180133260766
4,108,Beam,0.24716572092184824
4,109,Beam,0.24474031646039288
4,110,Beam,0.6835238926733253
4,111,Beam,0.24705724981595
4,112,Beam,0.4303463698493532
4,113,Beam,0.42359702541082594
4,114,Beam,0.2252713459468567
4,115,Beam,0.6552977991977922
4,116,Beam,0.5004742367488105
4,117,Beam,0.22780853904069967
4,118,Beam,0.7686171168301531
4,119,Beam,0.4993110038166792
4,120,Beam,0.5858359931274507
4,121,Beam,0.23053654488756778
4,122,Beam,0.2929832183474422
4,123,Beam,0.7102332551018777
4,124,Beam,0.5009450788962383
4,125,Beam,0.29216708407598907
4,126,Beam,0.7102641948734069
4,127,Beam,0.499805237841494
4,128,Beam,0.5042837625613283
4,129,Beam,0.25667128866609884
4,130,Beam,0.2746939787692391
4,131,Beam,0.6997339225833716
4,132,Beam,0.3535503101046948
4,133,Beam,0.2764389752408008
4,134,Beam,0.8234045642772955
4,135,Beam,0.3536046826856085
4,136,Beam,0.44126084233847046
4,137,Beam,0.3193998033420444
4,138,Beam,0.20090172343234852
4,139,Beam,0.7618315088889408
4,140,Beam,0.5276723357385495
4,141,Beam,0.20217781630357592
4,142,Beam,0.7618287951184908
4,143,Beam,0.5275000036320369
4,144,Beam,0.28145991747316645
4,145,Beam,0.3474784384677241
4,146,Beam,0.209941284122589
4,147,Beam,0.4868343520275788
4,148,Beam,0.4266426103226082
4,149,Beam,0.2130889980148587
4,150,Beam,0.5725676957592235
4,151,Beam,0.4284044502526711
4,152,Beam,0.33061598944305737
4,153,Beam,0.34714403891393913
4,154,Beam,0.21109070053889034
4,155,Beam,0.5272126570473391
4,156,Beam,0.299796577426363
4,157,Beam,0.2139489849905022
4,158,Beam,0.5272465125548493
4,159,Beam,0.30128777118634453
4,160,Beam,0.39892244198442
4,161,Beam,0.38707533186563725
4,162,Beam,0.13759824265627832
4,163,Beam,0.4010432822452083
4,164,Beam,0.3535480362597406
4,165,Beam,0.14076268560461652
4,166,Beam,0.4715262088593744
4,167,Beam,0.35529673292860814
4,168,Beam,0.5322708545482847
4,169,Beam,0.26246749991555757
4,170,Beam,0.17161435970891684
4,171,Beam,0.4350185517056606
4,172,Beam,0.3526412335713381
4,173,Beam,0.174452434043599
4,174,Beam,0.4349968521542843
4,175,Beam,0.35433522926965005
4,176,Beam,0.4592695683689626
4,177,Beam,0.2184504237612078
4,178,Beam,0.18885868989574092
4,179,Beam,0.44942708305861423
4,180,Beam,0.2975111944699113
4,181,Beam,0.19297173728485925
4,182,Beam,0.5291048464132035
4,183,Beam,0.29956875967482965
4,184,Beam,0.34437255101612535
4,185,Beam,0.264241456207755
4,186,Beam,0.16184056886398066
4,187,Beam,0.48940601319380483
4,188,Beam,0.38285019753576055
4,189,Beam,0.16560339782291503
4,190,Beam,0.4894114199706993
4,191,Beam,0.38509879983634554
4,192,Beam,0.2428745813317493
4,193,Beam,0.343498915247699
4,194,Beam,0.2200791786037524
4,195,Beam,0.5499097951373116
4,196,Beam,0.4500810652065646
4,197,Beam,0.22237242643610539
4,198,Beam,0.6476690257942314
4,199,Beam,0.45287040364395115
4,200,Beam,0.3665345038782264
4,201,Beam,0.34283557290744604
4,202,Beam,0.21948952277786574
4,203,Beam,0.599065012461585
4,204,Beam,0.34761900325273176
4,205,Beam,0.22172691403836375
4,206,Beam,0.5990484230222136
4,207,Beam,0.34959125402818403
4,208,Beam,0.40771925978121076
4,209,Beam,0.2630805939330748
4,210,Beam,0.13809862170092282
4,211,Beam,0.4511766888766991
4,212,Beam,0.37598155195492405
4,213,Beam,0.13954151611550322
4,214,Beam,0.5308651038105928
4,215,Beam,0.3779219987411339
4,216,Beam,0.28135958586355614
4,217,Beam,0.20817710433375383
4,218,Beam,0.17533752175317016
4,219,Beam,0.4895857263157748
4,220,Beam,0.2943025365554444
4,221,Beam,0.17720461847200858
4,222,Beam,0.4896408460823799
4,223,Beam,0.29245618843981386
4,224,Beam,0.310427697087375
5,1,Column,0.45810154514313606
5,2,Column,0.4628049113745935
5,3,Column,0.3460492488972081
5,4,Column,0.31910202204192534
5,5,Column,0.37540200647081945
5,6,Column,0.8781080870014102
5,7,Column,0.36404911829902065
5,8,Column,0.38327387414464287
5,9,Column,0.4478796750133477
5,10,Column,0.8795071012132021
5,11,Column,0.8221335631709706
5,12,Column,0.8260228284446434
5,13,Column,0.26925495612508465
5,14,Column,0.2725465633001176
5,15,Column,0.23479352471932882
5,16,Column,0.28581255373879455
5,17,Column,0.34103333227865396
5,18,Column,0.4350071092506257
5,19,Column,0.22685811070784115
5,20,Column,0.35663342261204845
5,21,Column,0.4165605856920688
5,22,Column,0.47342143526487124
5,23,Column,0.6085316222827626
5,24,Column,0.6103586323507715
5,25,Column,0.33906610266726883
5,26,Column,0.34075624612582606
5,27,Column,0.36357576440562733
5,28,Column,0.1612988602721192
5,29,Column,0.1787432335224324
5,30,Column,0.5997759644629533
5,31,Column,0.3647127601791188
5,32,Column,0.18617004848908356
5,33,Column,0.20383297735842043
5,34,Column,0.6001677371015752
5,35,Column,0.5166053221331366
5,36,Column,0.5166707133926745
5,37,Column,0.3074563231130977
5,38,Column,0.28625240164633164
5,39,Column,0.2638342372411655
5,40,Column,0.22466335148220626
5,41,Column,0.2558956362939012
5,42,Column,0.5487572577000063
5,43,Column,0.26674215354319186
5,44,Column,0.2581246965348414
5,45,Column,0.3042418927299567
5,46,Column,0.5509092022322886
5,47,Column,0.4283999779350758
5,48,Column,0.43181042556906524
5,49,Column,0.14984204964877812
5,50,Column,0.15105965299723811
5,51,Column,0.1444615794939085
5,52,Column,0.3427403762307608
5,53,Column,0.4904786592989982
5,54,Column,0.21963968369427952
5,55,Column,0.14558486388771838
5,56,Column,0.4686669224667779
5,57,Column,0.635630900806352
5,58,Column,0.2198649202532307
5,59,Column,0.22809850409528407
5,60,Column,0.22637705925620724
5,61,Beam,0.10993001993864461
5,62,Beam,0.11086819807863961
5,63,Beam,0.08324086400039757
5,64,Beam,0.4765836982623869
5,65,Beam,0.6344100027523298
5,66,Beam,0.13674509854531075
5,67,Beam,0.10131747457316358
5,68,Beam,0.4330177835127806
5,69,Beam,0.5395689200694197
5,70,Beam,0.13734437676796052
5,71,Beam,0.13981728921353154
5,72,Beam,0.14044368568939825
5,73,Beam,0.055442025541468674
5,74,Beam,0.048665113912259826
5,75,Beam,0.04078023825075831
5,76,Beam,0.3657836751984452
5,77,Beam,0.5253315564327378
5,78,Beam,0.10050223278777111
5,79,Beam,0.041595669752739685
5,80,Beam,0.4643622617066255
5,81,Beam,0.6365528622810535
5,82,Beam,0.09936518213863914
5,83,Beam,0.06450126032929596
5,84,Beam,0.0617936930818973
5,85,Beam,0.0819721825261119
5,86,Beam,0.08240332040418506
5,87,Beam,0.07527223557544543
5,88,Beam,0.14749153601180034
5,89,Beam,0.15032857970166305
5,90,Beam,0.15201596228691078
5,91,Beam,0.07617381119232221
5,92,Beam,0.16704478691668823
5,93,Beam,0.10287897480625995
5,94,Beam,0.15272477427587172
5,95,Beam,0.13953888177699394
5,96,Beam,0.12404648441725763
5,97,Beam,0.33491280576639426
5,98,Beam,0.245244572191906
5,99,Beam,0.6280676854725347
5,100,Beam,0.4733900686761607
5,101,Beam,0.24489906410426066
5,102,Beam,0.7397507775529221
5,103,Beam,0.4732862004456878
5,104,Beam,0.2391748398971149
5,105,Beam,0.3348884552711021
5,106,Beam,0.24550286592707407
5,107,Beam,0.6835361013128822
5,108,Beam,0.24719087560303402
5,109,Beam,0.24503291281966283
5,110,Beam,0.6835446005051251
5,111,Beam,0.2470834138720024
5,112,Beam,0.39977403644090326
5,113,Beam,0.42348699808951745
5,114,Beam,0.21228919895090637
5,115,Beam,0.654769987323218
5,116,Beam,0.5005988838929907
5,117,Beam,0.21658910122576036
5,118,Beam,0.7680870403558829
5,119,Beam,0.49940837299677515
5,120,Beam,0.5857267274648171
5,121,Beam,0.2382588383060483
5,122,Beam,0.29985095405003187
5,123,Beam,0.7107414938369147
5,124,Beam,0.5007365304116262
5,125,Beam,0.298143373630475
5,126,Beam,0.7107800393732724
5,127,Beam,0.49960395435662797
5,128,Beam,0.5044295508411649
5,129,Beam,0.2144114019386388
5,130,Beam,0.2749355778025498
5,131,Beam,0.6996016495390249
5,132,Beam,0.3535823227308209
5,133,Beam,0.276668848860577
5,134,Beam,0.8232729423028677
5,135,Beam,0.35356897633646395
5,136,Beam,0.4291909684577959
5,137,Beam,0.3091383087791254
5,138,Beam,0.20189905636964534
5,139,Beam,0.7619569306267617
5,140,Beam,0.5275781222080468
5,141,Beam,0.20311171573042963
5,142,Beam,0.7619570463045019
5,143,Beam,0.5275960520530758
5,144,Beam,0.25133533817745685
5,145,Beam,0.22501573770845165
5,146,Beam,0.20511566482795932
5,147,Beam,0.48651905370675896
5,148,Beam,0.4264197217566384
5,149,Beam,0.20826001763376245
5,150,Beam,0.5722546026934643
5,151,Beam,0.42817711081520243
5,152,Beam,0.21377180760138495
5,153,Beam,0.22551685687095774
5,154,Beam,0.20950783468827447
5,155,Beam,0.5276057807726321
5,156,Beam,0.2988839242713121
5,157,Beam,0.21244904197455708
5,158,Beam,0.5276355773024946
5,159,Beam,0.30044806954318964
5,160,Beam,0.2609437757882015
5,161,Beam,0.37200698864072657
5,162,Beam,0.13348246103806283
5,163,Beam,0.40083693111985813
5,164,Beam,0.3530403106177105
5,165,Beam,0.1365433218764877
5,166,Beam,0.4713056560118903
5,167,Beam,0.354725817989142
5,168,Beam,0.4766468088737019
5,169,Beam,0.2917193380580052
5,170,Beam,0.16981612740436988
5,171,Beam,0.4347374171902322
5,172,Beam,0.3521828552260792
5,173,Beam,0.17268398320921177
5,174,Beam,0.4347102529331416
5,175,Beam,0.35383200745829957
5,176,Beam,0.4148435222556836
5,177,Beam,0.2157065758073934
5,178,Beam,0.23191348571389603
5,179,Beam,0.5493052226533489
5,180,Beam,0.3760049954527112
5,181,Beam,0.23677690532298215
5,182,Beam,0.6467203212870031
5,183,Beam,0.37837522770656734
5,184,Beam,0.34162736890067663
5,185,Beam,0.2631764563343976
5,186,Beam,0.1987308905272141
5,187,Beam,0.5984948567297651
5,188,Beam,0.48871630734938537
5,189,Beam,0.20314577503679038
5,190,Beam,0.5984988386190336
5,191,Beam,0.49134340683789285
5,192,Beam,0.2413336356834625
5,193,Beam,0.27747732186204016
5,194,Beam,0.21978075846521813
5,195,Beam,0.5498031040420033
5,196,Beam,0.4491310540308979
5,197,Beam,0.22203463561368267
5,198,Beam,0.6475640604279022
5,199,Beam,0.45186713826708813
5,200,Beam,0.28721331162442393
5,201,Beam,0.28085736096354874
5,202,Beam,0.21944053002588865
5,203,Beam,0.5990915134328272
5,204,Beam,0.3473399885576419
5,205,Beam,0.22158168519989893
5,206,Beam,0.5990742208612951
5,207,Beam,0.3492393319220083
5,208,Beam,0.3133269584618895
5,209,Beam,0.26281833485008915
5,210,Beam,0.1392272865564658
5,211,Beam,0.45923092699937657
5,212,Beam,0.3544236459315694
5,213,Beam,0.14050535675626938
5,214,Beam,0.5406311443957806
5,215,Beam,0.35573777866970485
5,216,Beam,0.2812208808010347
5,217,Beam,0.20814150178911006
5,218,Beam,0.1782516646638009
5,219,Beam,0.4986352028984531
5,220,Beam,0.2776655316371552
5,221,Beam,0.17893462065584978
5,222,Beam,0.4986884680464273
5,223,Beam,0.2761029787284484
5,224,Beam,0.3103572190024735
6,1,Column,0.33068774312024934
6,2,Column,0.33344160572606474
6,3,Column,0.29039607678778573
6,4,Column,0.31542510146458214
6,5,Column,0.37566742189319985
6,6,Column,0.6603919530159743
6,7,Column,0.29355893290356994
6,8,Column,0.3835878337931581
6,9,Column,0.4484160284480653
6,10,Column,0.6609689579331148
6,11,Column,0.6160499261694725
6,12,Column,0.6181488089862697
6,13,Column,0.27442944063731867
6,14,Column,0.27828528914782397
6,15,Column,0.23470882217409633
6,16,Column,0.2859660154825947
6,17,Column,0.34132607787975583
6,18,Column,0.5124518020202573
6,19,Column,0.2369668472656466
6,20,Column,0.35697810778043837
6,21,Column,0.41714864095808124
6,22,Column,0.4783664089732377
6,23,Column,0.6022195039982117
6,24,Column,0.6058845293405479
6,25,Column,0.3530554166562815
6,26,Column,0.3518083429975987
6,27,Column,0.3714914216608624
6,28,Column,0.16137784258572357
6,29,Column,0.17887003972823395
6,30,Column,0.6026383158710205
6,31,Column,0.372768834964301
6,32,Column,0.1863274496222309
6,33,Column,0.20407384697687728
6,34,Column,0.602731792385637
6,35,Column,0.5284719374549423
6,36,Column,0.5246094835397411
6,37,Column,0.2981459988975495
6,38,Column,0.30237730506319704
6,39,Column,0.24149300697578358
6,40,Column,0.231035372742445
6,41,Column,0.25538850515417755
6,42,Column,0.5694419320592022
6,43,Column,0.24513960950069855
6,44,Column,0.2576019397739133
6,45,Column,0.30379755021021826
6,46,Column,0.5720846158540297
6,47,Column,0.41164117132378697
6,48,Column,0.41574846501048635
6,49,Column,0.1368534826068301
6,50,Column,0.12169831976732565
6,51,Column,0.1388580555632927
6,52,Column,0.38062987036933277
6,53,Column,0.5289885274659955
6,54,Column,0.19609065540577744
6,55,Column,0.1400577880614408
6,56,Column,0.5209887471233006
6,57,Column,0.6720985335696736
6,58,Column,0.195734655774832
6,59,Column,0.2304448465321498
6,60,Column,0.2266529861453672
6,61,Beam,0.11176746510733432
6,62,Beam,0.11265397088358475
6,63,Beam,0.10029205834389293
6,64,Beam,0.46286963032840855
6,65,Beam,0.6212340723066408
6,66,Beam,0.13411843709719834
6,67,Beam,0.10087368852753481
6,68,Beam,0.4299443100495677
6,69,Beam,0.5381736808452966
6,70,Beam,0.13469591467081637
6,71,Beam,0.13933087483760945
6,72,Beam,0.140062741854123
6,73,Beam,0.04928813661180206
6,74,Beam,0.05128531049363815
6,75,Beam,0.040868881625587765
6,76,Beam,0.5319154545235012
6,77,Beam,0.4804941585537222
6,78,Beam,0.12429170548390411
6,79,Beam,0.04136529581606195
6,80,Beam,0.6771244264088963
6,81,Beam,0.1535664407911768
6,82,Beam,0.12402645251368061
6,83,Beam,0.06034803483733185
6,84,Beam,0.0625123295473812
6,85,Beam,0.10413867030497999
6,86,Beam,0.104307905194857
6,87,Beam,0.0656444945159901
6,88,Beam,0.15499193917057244
6,89,Beam,0.15817640994764717
6,90,Beam,0.18240189306604207
6,91,Beam,0.06469887398109363
6,92,Beam,0.16878634854885893
6,93,Beam,0.10895858495704963
6,94,Beam,0.17486626234582406
6,95,Beam,0.10929582413534873
6,96,Beam,0.11010671852501598
6,97,Beam,0.3348424244960873
6,98,Beam,0.2452712736020669
6,99,Beam,0.6280584271497217
6,100,Beam,0.47346546684632773
6,101,Beam,0.24496076158679655
6,102,Beam,0.7397416462401278
6,103,Beam,0.47337854390643475
6,104,Beam,0.23915530857683379
6,105,Beam,0.33493782480455997
6,106,Beam,0.24544643547402734
6,107,Beam,0.6835288030976036
6,108,Beam,0.24712808558321694
6,109,Beam,0.24497897782779973
6,110,Beam,0.6835216980175692
6,111,Beam,0.24702026547562705
6,112,Beam,0.3998064459813191
6,113,Beam,0.42348637506543857
6,114,Beam,0.20807499569627796
6,115,Beam,0.6552150398230547
6,116,Beam,0.5004306952265509
6,117,Beam,0.2109644277848747
6,118,Beam,0.7685299411466002
6,119,Beam,0.49926499219797027
6,120,Beam,0.5857244299420119
6,121,Beam,0.23016089191964678
6,122,Beam,0.2916693175611682
6,123,Beam,0.7105937292663501
6,124,Beam,0.5007094157577844
6,125,Beam,0.29027493497623846
6,126,Beam,0.710625255484864
6,127,Beam,0.4995512591919492
6,128,Beam,0.5044668120803533
6,129,Beam,0.21001803727043433
6,130,Beam,0.274772158002739
6,131,Beam,0.6246415428009883
6,132,Beam,0.32119128064019975
6,133,Beam,0.2775124221200701
6,134,Beam,0.7338942561854167
6,135,Beam,0.32059222105832774
6,136,Beam,0.4292743521798175
6,137,Beam,0.3091324630711293
6,138,Beam,0.21372498724128808
6,139,Beam,0.6799907291460843
6,140,Beam,0.47299398051262104
6,141,Beam,0.21570869897340783
6,142,Beam,0.6800005443177601
6,143,Beam,0.47393438708075736
6,144,Beam,0.2487103948338667
6,145,Beam,0.3389386787672153
6,146,Beam,0.20226434255462977
6,147,Beam,0.486773912157498
6,148,Beam,0.42521341573613936
6,149,Beam,0.2054425684381637
6,150,Beam,0.5725255105158646
6,151,Beam,0.42700060193496836
6,152,Beam,0.322147851133621
6,153,Beam,0.3425878367019022
6,154,Beam,0.20686753780407519
6,155,Beam,0.5276699050704863
6,156,Beam,0.29678974165941674
6,157,Beam,0.20968082927197448
6,158,Beam,0.5277105751919307
6,159,Beam,0.29824617799695835
6,160,Beam,0.3953236161676138
6,161,Beam,0.36702558444613725
6,162,Beam,0.13123678907524708
6,163,Beam,0.4008641444776095
6,164,Beam,0.3530129240833996
6,165,Beam,0.13434239897213632
6,166,Beam,0.47137417888067495
6,167,Beam,0.35473921806716513
6,168,Beam,0.4767117938155761
6,169,Beam,0.2860293141095614
6,170,Beam,0.16826773584150734
6,171,Beam,0.4348186612508808
6,172,Beam,0.35258925830972704
6,173,Beam,0.17124318868399302
6,174,Beam,0.4347918011923607
6,175,Beam,0.35424384173195816
6,176,Beam,0.41036813343174905
6,177,Beam,0.2658885785387294
6,178,Beam,0.18216986200396182
6,179,Beam,0.4495040920229569
6,180,Beam,0.29492471805154596
6,181,Beam,0.18617854552984495
6,182,Beam,0.5291819723019662
6,183,Beam,0.29687575060177374
6,184,Beam,0.35630433830827224
6,185,Beam,0.2901765932852265
6,186,Beam,0.15791829072322716
6,187,Beam,0.4893698478033227
6,188,Beam,0.38222525246012484
6,189,Beam,0.16186379944075613
6,190,Beam,0.48937532611319706
6,191,Beam,0.38442724478284346
6,192,Beam,0.26811409726639696
6,193,Beam,0.34339570230842975
6,194,Beam,0.21985518464029336
6,195,Beam,0.5498928857661339
6,196,Beam,0.4493552374714361
6,197,Beam,0.22209837360056595
6,198,Beam,0.6476518092098836
6,199,Beam,0.45208740579779466
6,200,Beam,0.3665094256240377
6,201,Beam,0.3426499043344471
6,202,Beam,0.21939928832079383
6,203,Beam,0.5991221837054103
6,204,Beam,0.34739965501065356
6,205,Beam,0.22159123966400338
6,206,Beam,0.5991035226392288
6,207,Beam,0.3493408888135156
6,208,Beam,0.40754203353456764
6,209,Beam,0.3256353645929291
6,210,Beam,0.13770261174991774
6,211,Beam,0.45121661073771074
6,212,Beam,0.37574531027902425
6,213,Beam,0.13909587060755704
6,214,Beam,0.5309042312389886
6,215,Beam,0.3757059431117896
6,216,Beam,0.33728740315613426
6,217,Beam,0.2708606375654905
6,218,Beam,0.17556378543373605
6,219,Beam,0.489552449421013
6,220,Beam,0.2938529842878122
6,221,Beam,0.17739962231341236
6,222,Beam,0.4896087909177239
6,223,Beam,0.29204232857866913
6,224,Beam,0.37413876098303706
7,1,Column,0.32896073740964316
7,2,Column,0.33176010067044376
7,3,Column,0.29028648606121943
7,4,Column,0.31973066745830125
7,5,Column,0.37449912969827404
7,6,Column,0.656771924283813
7,7,Column,0.29338256903983223
7,8,Column,0.38231454795617914
7,9,Column,0.44704130912727685
7,10,Column,0.6572142213416542
7,11,Column,0.6135459352782799
7,12,Column,0.6156801097235055
7,13,Column,0.26934129515050764
7,14,Column,0.2584820210790427
7,15,Column,0.23327494739565685
7,16,Column,0.28479748249537645
7,17,Column,0.3400538620143886
7,18,Column,0.47461471735033467
7,19,Column,0.23542432061787233
7,20,Column,0.35557940596360826
7,21,Column,0.4156398545892117
7,22,Column,0.4750085044624577
7,23,Column,0.6026194684553211
7,24,Column,0.6056884290344282
7,25,Column,0.3360975276271983
7,26,Column,0.3360147252949916
7,27,Column,0.36141772360307206
7,28,Column,0.16082227675104394
7,29,Column,0.1782987325960895
7,30,Column,0.5489016162579017
7,31,Column,0.36234622793694216
7,32,Column,0.18571296453433167
7,33,Column,0.20344511256926234
7,34,Column,0.5484537366505173
7,35,Column,0.46314058279818887
7,36,Column,0.5038562421984754
7,37,Column,0.2243272698049194
7,38,Column,0.2246376552177201
7,39,Column,0.19313413401651275
7,40,Column,0.22383349723536336
7,41,Column,0.25473851714735063
7,42,Column,0.36782698643034767
7,43,Column,0.1952476221518713
7,44,Column,0.256920355269312
7,45,Column,0.30317448248674495
7,46,Column,0.3697457363049699
7,47,Column,0.28412406518880506
7,48,Column,0.28418975159775745
7,49,Column,0.12012521074733624
7,50,Column,0.1259038607863591
7,51,Column,0.11101598349939938
7,52,Column,0.3198802911408799
7,53,Column,0.463899544620259
7,54,Column,0.18946852941702477
7,55,Column,0.08615810649974176
7,56,Column,0.44697999842769576
7,57,Column,0.6111679381630843
7,58,Column,0.18883012582307007
7,59,Column,0.2223030334616743
7,60,Column,0.2248355447931548
7,61,Beam,0.11535520065763367
7,62,Beam,0.09349189728342727
7,63,Beam,0.10673625354259461
7,64,Beam,0.46255102161833117
7,65,Beam,0.6142289313745931
7,66,Beam,0.16823121937591995
7,67,Beam,0.10687843814319747
7,68,Beam,0.44032411421446227
7,69,Beam,0.541596649215535
7,70,Beam,0.16699253440983022
7,71,Beam,0.14113850421187996
7,72,Beam,0.14222738827742504
7,73,Beam,0.05775273891442713
7,74,Beam,0.057819622561817115
7,75,Beam,0.056021393561587494
7,76,Beam,0.3970713205902877
7,77,Beam,0.478595653432974
7,78,Beam,0.07095018521588983
7,79,Beam,0.048622668802523965
7,80,Beam,0.6830461523475597
7,81,Beam,0.15319684931830563
7,82,Beam,0.10261193338296376
7,83,Beam,0.06594285639073359
7,84,Beam,0.06573177637787454
7,85,Beam,0.07043180541617734
7,86,Beam,0.07085408654972634
7,87,Beam,0.06405540475791957
7,88,Beam,0.15383411388323798
7,89,Beam,0.15669377285896946
7,90,Beam,0.12807943918927478
7,91,Beam,0.0646326310884278
7,92,Beam,0.17151006258160412
7,93,Beam,0.10826473712540814
7,94,Beam,0.12870765347659943
7,95,Beam,0.10332643149242694
7,96,Beam,0.10402002686828575
7,97,Beam,0.33486547536606204
7,98,Beam,0.2453012787316329
7,99,Beam,0.6280673176897
7,100,Beam,0.47345133842727644
7,101,Beam,0.2449831425697546
7,102,Beam,0.7397501611773042
7,103,Beam,0.473361004438832
7,104,Beam,0.23915507224025237
7,105,Beam,0.33494042580879035
7,106,Beam,0.2454579333639854
7,107,Beam,0.6835270195456401
7,108,Beam,0.24714424903817553
7,109,Beam,0.2449901762153522
7,110,Beam,0.6835199945456482
7,111,Beam,0.2470364509393936
7,112,Beam,0.3998106633410632
7,113,Beam,0.423464639545372
7,114,Beam,0.21565994493386767
7,115,Beam,0.6554546773286468
7,116,Beam,0.5005696939825252
7,117,Beam,0.21934192549477605
7,118,Beam,0.7687769799084211
7,119,Beam,0.499479128294974
7,120,Beam,0.5857006636718594
7,121,Beam,0.23640203150593067
7,122,Beam,0.29915700036539195
7,123,Beam,0.7105152082693074
7,124,Beam,0.5006139161111007
7,125,Beam,0.2978816133378606
7,126,Beam,0.7105353963088569
7,127,Beam,0.4994667901138718
7,128,Beam,0.504502648115405
7,129,Beam,0.21597768974263715
7,130,Beam,0.27426116151070784
7,131,Beam,0.6996706648398028
7,132,Beam,0.3538329707908576
7,133,Beam,0.27597019372690434
7,134,Beam,0.8233404966612137
7,135,Beam,0.35332243976522104
7,136,Beam,0.42926249641487596
7,137,Beam,0.3091738065392038
7,138,Beam,0.20083288244441838
7,139,Beam,0.7618769867641928
7,140,Beam,0.5274587875051998
7,141,Beam,0.20202777756393203
7,142,Beam,0.7618714535294597
7,143,Beam,0.5277106147713219
7,144,Beam,0.25138406126072205
7,145,Beam,0.3681047283837965
7,146,Beam,0.2950236785511523
7,147,Beam,0.7550132208433847
7,148,Beam,0.5667595929184807
7,149,Beam,0.2969482435231197
7,150,Beam,0.8891933030308135
7,151,Beam,0.5674364916070669
7,152,Beam,0.34957491292768084
7,153,Beam,0.36944589482769624
7,154,Beam,0.29476183327364275
7,155,Beam,0.821463406176913
7,156,Beam,0.3767486343362622
7,157,Beam,0.29664526359653626
7,158,Beam,0.8214858349754742
7,159,Beam,0.3772320728259994
7,160,Beam,0.42764979203588366
7,161,Beam,0.32829410745200044
7,162,Beam,0.20561364186477846
7,163,Beam,0.6041777469198674
7,164,Beam,0.45678653719159545
7,165,Beam,0.2123907307516902
7,166,Beam,0.7106769090465412
7,167,Beam,0.45810886699988673
7,168,Beam,0.41230241027068215
7,169,Beam,0.25711457955121125
7,170,Beam,0.259872672992487
7,171,Beam,0.6561243823021676
7,172,Beam,0.45618699798954393
7,173,Beam,0.26292582366445516
7,174,Beam,0.656134999147089
7,175,Beam,0.45751909492514836
7,176,Beam,0.3657119990547743
7,177,Beam,0.19229874243663198
7,178,Beam,0.18212343460095948
7,179,Beam,0.4494275751251414
7,180,Beam,0.29490078939771774
7,181,Beam,0.1863168732574789
7,182,Beam,0.529110238984414
7,183,Beam,0.29695690824025367
7,184,Beam,0.3030600644674866
7,185,Beam,0.22257744581469288
7,186,Beam,0.15432445928239377
7,187,Beam,0.48953232400855745
7,188,Beam,0.38177828726640495
7,189,Beam,0.15809253118477423
7,190,Beam,0.4895386858401501
7,191,Beam,0.3839944713471342
7,192,Beam,0.20510171650601064
7,193,Beam,0.21920759772203988
7,194,Beam,0.21974503242040797
7,195,Beam,0.549885883947626
7,196,Beam,0.4497782887809045
7,197,Beam,0.22196313336516482
7,198,Beam,0.6476461959940844
7,199,Beam,0.45248987827177717
7,200,Beam,0.23465230252962516
7,201,Beam,0.21858087997683717
7,202,Beam,0.2192734772482629
7,203,Beam,0.5991466478414864
7,204,Beam,0.3472365592293807
7,205,Beam,0.2214633342539311
7,206,Beam,0.599130926787382
7,207,Beam,0.3491733260319702
7,208,Beam,0.2581098127427694
7,209,Beam,0.2628506492934872
7,210,Beam,0.1397616239423513
7,211,Beam,0.4591669008217541
7,212,Beam,0.3568988158480591
7,213,Beam,0.1411102643265843
7,214,Beam,0.5405647132741409
7,215,Beam,0.35857273538446494
7,216,Beam,0.281210765164274
7,217,Beam,0.2080017204707333
7,218,Beam,0.17812629332947427
7,219,Beam,0.4985560185543653
7,220,Beam,0.2762504475434994
7,221,Beam,0.179899152703757
7,222,Beam,0.49860642811462536
7,223,Beam,0.2746530293197528
7,224,Beam,0.31022578725911454
8,1,Column,0.4323230373507798
8,2,Column,0.4371994889633518
8,3,Column,0.33310502468263326
8,4,Column,0.3167316047661295
8,5,Column,0.37425712677995704
8,6,Column,0.8746580049813982
8,7,Column,0.3360656310149295
8,8,Column,0.3821391363543849
8,9,Column,0.44664337500053414
8,10,Column,0.8760282182121576
8,11,Column,0.8203345672860844
8,12,Column,0.8244049808579526
8,13,Column,0.26970586631002613
8,14,Column,0.26078295441249255
8,15,Column,0.23259335436006356
8,16,Column,0.2846804149670683
8,17,Column,0.33979098048645284
8,18,Column,0.4692772048473305
8,19,Column,0.2266525915267606
8,20,Column,0.3553878838324386
8,21,Column,0.41520334913649254
8,22,Column,0.46962539821763827
8,23,Column,0.6118541667120043
8,24,Column,0.6129119950763164
8,25,Column,0.3517794875793261
8,26,Column,0.355079562357007
8,27,Column,0.3719618345726994
8,28,Column,0.16076069526192996
8,29,Column,0.17818947569393623
8,30,Column,0.6133646252809957
8,31,Column,0.3733747799648795
8,32,Column,0.18562288109694863
8,33,Column,0.20326941152700645
8,34,Column,0.6141999937185466
8,35,Column,0.5261411865768957
8,36,Column,0.4929758957799945
8,37,Column,0.3033609526896418
8,38,Column,0.3063524679144688
8,39,Column,0.26681447088565297
8,40,Column,0.2237356958961699
8,41,Column,0.2544556352165937
8,42,Column,0.5565063276418966
8,43,Column,0.2695909069309015
8,44,Column,0.256697755734929
8,45,Column,0.30269097025115727
8,46,Column,0.5585119004950618
8,47,Column,0.42489572675636045
8,48,Column,0.4279473847414211
8,49,Column,0.1500981171580668
8,50,Column,0.15131751805674276
8,51,Column,0.14331382691413858
8,52,Column,0.33928708158620635
8,53,Column,0.486290800025742
8,54,Column,0.1831252123283831
8,55,Column,0.14435780058017184
8,56,Column,0.4645720548088469
8,57,Column,0.6307388336118036
8,58,Column,0.2271477720354478
8,59,Column,0.23094117905012415
8,60,Column,0.22950532582152242
8,61,Beam,0.11039926933810133
8,62,Beam,0.11162754038119022
8,63,Beam,0.09686949360646759
8,64,Beam,0.454259656813766
8,65,Beam,0.6118789662427588
8,66,Beam,0.1358549862907231
8,67,Beam,0.09746745337679184
8,68,Beam,0.42048905366357664
8,69,Beam,0.5288891468613014
8,70,Beam,0.13650949156513592
8,71,Beam,0.1416285572865942
8,72,Beam,0.14228934152430947
8,73,Beam,0.060298523892669764
8,74,Beam,0.061970142271624645
8,75,Beam,0.06089443455508465
8,76,Beam,0.20237794390818153
8,77,Beam,0.2721300132894544
8,78,Beam,0.0728213243433183
8,79,Beam,0.06211118469298081
8,80,Beam,0.24677629645707425
8,81,Beam,0.31130681110824365
8,82,Beam,0.09200934180910289
8,83,Beam,0.06640924467975651
8,84,Beam,0.06761759241817551
8,85,Beam,0.08293953222864921
8,86,Beam,0.08389920477100445
8,87,Beam,0.07635424458811102
8,88,Beam,0.15524306940567417
8,89,Beam,0.15817634987864043
8,90,Beam,0.15234651919089734
8,91,Beam,0.07710063294469698
8,92,Beam,0.16958931500376698
8,93,Beam,0.10916669681072055
8,94,Beam,0.15306838126860103
8,95,Beam,0.13972183828521187
8,96,Beam,0.12504067694499368
8,97,Beam,0.3349676906544115
8,98,Beam,0.24547751475654309
8,99,Beam,0.6282124153902815
8,100,Beam,0.4733559626886169
8,101,Beam,0.24516097149105123
8,102,Beam,0.7398956233417887
8,103,Beam,0.47326706645244837
8,104,Beam,0.23920420973098078
8,105,Beam,0.33487030662635914
8,106,Beam,0.24527784324405552
8,107,Beam,0.6835635638202611
8,108,Beam,0.24720071246838377
8,109,Beam,0.24480844127718576
8,110,Beam,0.683572465124007
8,111,Beam,0.24709325480769395
8,112,Beam,0.39976183466542575
8,113,Beam,0.33078245065872736
8,114,Beam,0.22668328018351333
8,115,Beam,0.6550681205562761
8,116,Beam,0.5003623031773079
8,117,Beam,0.22988770985595688
8,118,Beam,0.7683847947192747
8,119,Beam,0.49915699192894397
8,120,Beam,0.4587545334412703
8,121,Beam,0.19553389244000885
8,122,Beam,0.2980908539532406
8,123,Beam,0.7107413740807418
8,124,Beam,0.5008360376955053
8,125,Beam,0.29612735724354683
8,126,Beam,0.7107774397439496
8,127,Beam,0.4997057741600678
8,128,Beam,0.39462551027099996
8,129,Beam,0.2177914577270427
8,130,Beam,0.2747444848499226
8,131,Beam,0.6996933759662992
8,132,Beam,0.35358098408052185
8,133,Beam,0.2764778937596835
8,134,Beam,0.823364887895889
8,135,Beam,0.35357035028506123
8,136,Beam,0.4292392469979849
8,137,Beam,0.30914774050857224
8,138,Beam,0.20206608228632272
8,139,Beam,0.7619672866094646
8,140,Beam,0.5275893205013364
8,141,Beam,0.20329496653483697
8,142,Beam,0.761967434828064
8,143,Beam,0.5275848340770187
8,144,Beam,0.2511165468220489
8,145,Beam,0.22728686873454187
8,146,Beam,0.29540683675091095
8,147,Beam,0.7549612385722706
8,148,Beam,0.5671880001270064
8,149,Beam,0.2973358034578246
8,150,Beam,0.88914369294604
8,151,Beam,0.5678657404906823
8,152,Beam,0.21604539669039066
8,153,Beam,0.2259274429292077
8,154,Beam,0.29480136362017695
8,155,Beam,0.821480130086491
8,156,Beam,0.37676998389930155
8,157,Beam,0.2966649542663683
8,158,Beam,0.8214997138635693
8,159,Beam,0.37715020341264655
8,160,Beam,0.26095569196632146
8,161,Beam,0.38694662318476564
8,162,Beam,0.13598173255697568
8,163,Beam,0.40092554845316286
8,164,Beam,0.3530376908407508
8,165,Beam,0.13905719065956398
8,166,Beam,0.47140478139289727
8,167,Beam,0.3547345244294497
8,168,Beam,0.5321410302491405
8,169,Beam,0.26245113310612095
8,170,Beam,0.1713846461734571
8,171,Beam,0.43486063757346655
8,172,Beam,0.3522661838777422
8,173,Beam,0.17424564728758343
8,174,Beam,0.4348373589866013
8,175,Beam,0.3539180869514106
8,176,Beam,0.4591942179358353
8,177,Beam,0.21734506384895097
8,178,Beam,0.23405108215376466
8,179,Beam,0.5490679148597774
8,180,Beam,0.3758098115768085
8,181,Beam,0.23886216406326602
8,182,Beam,0.6464234615874324
8,183,Beam,0.37814512243662257
8,184,Beam,0.34326458038922614
8,185,Beam,0.26390440806185606
8,186,Beam,0.2002766030568851
8,187,Beam,0.5986730870242855
8,188,Beam,0.4883144355639645
8,189,Beam,0.20471317343153309
8,190,Beam,0.5986718201215874
8,191,Beam,0.490932125790611
8,192,Beam,0.2417266966229801
8,193,Beam,0.221232455505687
8,194,Beam,0.21986451265280396
8,195,Beam,0.5498479634831407
8,196,Beam,0.44940665534640456
8,197,Beam,0.22211030535708168
8,198,Beam,0.6476097362009156
8,199,Beam,0.4521392019561933
8,200,Beam,0.2346630694712115
8,201,Beam,0.2215723234223328
8,202,Beam,0.21928406266423356
8,203,Beam,0.5991257885498568
8,204,Beam,0.34710263677738296
8,205,Beam,0.22147226809664708
8,206,Beam,0.5991068653562257
8,207,Beam,0.3490335477438533
8,208,Beam,0.2581256972381353
8,209,Beam,0.26289177679918807
8,210,Beam,0.13938954448666485
8,211,Beam,0.45920390290480995
8,212,Beam,0.3544784351301597
8,213,Beam,0.1407221429477088
8,214,Beam,0.5406036176069738
8,215,Beam,0.3561296790425933
8,216,Beam,0.28124583455069835
8,217,Beam,0.20803415241591583
8,218,Beam,0.1778309045151294
8,219,Beam,0.4985473294319889
8,220,Beam,0.2772778905732591
8,221,Beam,0.1793974520572845
8,222,Beam,0.4985996948443146
8,223,Beam,0.2756763341885132
8,224,Beam,0.31022450828789033
9,1,Column,0.331482733419209
9,2,Column,0.33493130324734544
9,3,Column,0.29181613926010946
9,4,Column,0.31442852599537247
9,5,Column,0.3744790808802853
9,6,Column,0.6537706306161117
9,7,Column,0.29482302507540703
9,8,Column,0.3823567665461089
9,9,Column,0.44690788448389296
9,10,Column,0.6542550031190046
9,11,Column,0.6169919411805955
9,12,Column,0.6201192938205036
9,13,Column,0.2729638930922814
9,14,Column,0.20691430513225145
9,15,Column,0.2325554383430605
9,16,Column,0.28488108637979703
9,17,Column,0.34003187657005485
9,18,Column,0.47342002589893506
9,19,Column,0.23495761536837542
9,20,Column,0.35562660244074423
9,21,Column,0.4154935075881775
9,22,Column,0.4740766099696908
9,23,Column,0.6047008544752128
9,24,Column,0.6094076702782107
9,25,Column,0.34593809159454436
9,26,Column,0.3455874510391651
9,27,Column,0.36802822527134077
9,28,Column,0.16086332023241784
9,29,Column,0.17829392277716785
9,30,Column,0.5578070543132049
9,31,Column,0.36954582371666356
9,32,Column,0.18573520639737118
9,33,Column,0.20338823043482054
9,34,Column,0.5585043777393299
9,35,Column,0.520711347777107
9,36,Column,0.5181392563027087
9,37,Column,0.29850539749515587
9,38,Column,0.3008763155772356
9,39,Column,0.26414766063564515
9,40,Column,0.22391147780808154
9,41,Column,0.2547314468089492
9,42,Column,0.5426253361738301
9,43,Column,0.26680356459279647
9,44,Column,0.2569911163988332
9,45,Column,0.3030248940595396
9,46,Column,0.544044663651266
9,47,Column,0.4339305854387855
9,48,Column,0.43630199473388387
9,49,Column,0.11061682874476812
9,50,Column,0.15153054638645477
9,51,Column,0.15078999043422686
9,52,Column,0.3959900159102259
9,53,Column,0.38500633075381363
9,54,Column,0.22910588500584692
9,55,Column,0.151710934059
9,56,Column,0.533810175814807
9,57,Column,0.4797460665350458
9,58,Column,0.22910523954025644
9,59,Column,0.22524361882579344
9,60,Column,0.22285634261520437
9,61,Beam,0.11048368669499836
9,62,Beam,0.11102956952816653
9,63,Beam,0.1020453206746896
9,64,Beam,0.456405528770098
9,65,Beam,0.6063713283303042
9,66,Beam,0.16419168702189693
9,67,Beam,0.10230974898982763
9,68,Beam,0.6570939397792175
9,69,Beam,0.5411576011951862
9,70,Beam,0.1636135201831255
9,71,Beam,0.14129428426318752
9,72,Beam,0.14198094101557096
9,73,Beam,0.058509920303366846
9,74,Beam,0.060227800485675116
9,75,Beam,0.03907298932850347
9,76,Beam,0.5299114779552697
9,77,Beam,0.14555092436652717
9,78,Beam,0.10049648601078265
9,79,Beam,0.03946060935504438
9,80,Beam,0.6771885868615719
9,81,Beam,0.15319842099629943
9,82,Beam,0.09945552015103129
9,83,Beam,0.05960314129368745
9,84,Beam,0.05984864637669722
9,85,Beam,0.07684262542282728
9,86,Beam,0.07733317747980038
9,87,Beam,0.054587905433428646
9,88,Beam,0.15467640571726748
9,89,Beam,0.15709863433974217
9,90,Beam,0.14568980624097067
9,91,Beam,0.05499430086926948
9,92,Beam,0.17089916616039838
9,93,Beam,0.10831923837492001
9,94,Beam,0.14639083591179994
9,95,Beam,0.09049006474086034
9,96,Beam,0.09110660021967883
9,97,Beam,0.4463933274148418
9,98,Beam,0.24527159172890262
9,99,Beam,0.6280449434809585
9,100,Beam,0.47348440358900523
9,101,Beam,0.24495946785339795
9,102,Beam,0.7397283291622723
9,103,Beam,0.47339752542579977
9,104,Beam,0.31879315723421314
9,105,Beam,0.4465208541030028
9,106,Beam,0.24542451245673222
9,107,Beam,0.6835023777682349
9,108,Beam,0.2471529755350277
9,109,Beam,0.2449597902720145
9,110,Beam,0.6834968883146608
9,111,Beam,0.24704519815382533
9,112,Beam,0.5330229522618687
9,113,Beam,0.4233994981592112
9,114,Beam,0.21368428243270945
9,115,Beam,0.6550709228320406
9,116,Beam,0.5005922554216036
9,117,Beam,0.21788735785710237
9,118,Beam,0.768390889636056
9,119,Beam,0.49943922993088546
9,120,Beam,0.5856361744288141
9,121,Beam,0.23773950253928824
9,122,Beam,0.29684507437800056
9,123,Beam,0.710403257219264
9,124,Beam,0.5009500524655921
9,125,Beam,0.29531001974402676
9,126,Beam,0.7104362855344982
9,127,Beam,0.49981148832449834
9,128,Beam,0.5043725160677469
9,129,Beam,0.21393561048787288
9,130,Beam,0.2745072212894639
9,131,Beam,0.6996500158974279
9,132,Beam,0.3538311346003777
9,133,Beam,0.2762444346520295
9,134,Beam,0.8233209914121054
9,135,Beam,0.35332045162257186
9,136,Beam,0.4292282102411361
9,137,Beam,0.3090354179865137
9,138,Beam,0.20118580818216705
9,139,Beam,0.7618559879375624
9,140,Beam,0.5273834813752146
9,141,Beam,0.2024183169889536
9,142,Beam,0.7618550313413385
9,143,Beam,0.5277849366845789
9,144,Beam,0.24890940685211485
9,145,Beam,0.27468427744374213
9,146,Beam,0.29540405912005785
9,147,Beam,0.7547986959679344
9,148,Beam,0.5668588032049048
9,149,Beam,0.2973744469771695
9,150,Beam,0.8889805108526114
9,151,Beam,0.5675583196428403
9,152,Beam,0.2671670043993689
9,153,Beam,0.27426168885406704
9,154,Beam,0.29505215940245505
9,155,Beam,0.8217838846636614
9,156,Beam,0.3767396634740507
9,157,Beam,0.29691765760883126
9,158,Beam,0.8218098166888036
9,159,Beam,0.37721600197763583
9,160,Beam,0.297194650570829
9,161,Beam,0.37088143693488684
9,162,Beam,0.13317976483971422
9,163,Beam,0.4004420680570243
9,164,Beam,0.35332253786202616
9,165,Beam,0.13640008306694903
9,166,Beam,0.47105765590268817
9,167,Beam,0.3551392710725159
9,168,Beam,0.4767879425205983
9,169,Beam,0.28880604421136585
9,170,Beam,0.16846010438889325
9,171,Beam,0.43481611608151877
9,172,Beam,0.3518007393785319
9,173,Beam,0.17137005776554512
9,174,Beam,0.4347859736876296
9,175,Beam,0.35343587689676265
9,176,Beam,0.41155435318267797
9,177,Beam,0.19678911562899343
9,178,Beam,0.18597165316177336
9,179,Beam,0.4494425293278111
9,180,Beam,0.2952605738681188
9,181,Beam,0.19010493347867213
9,182,Beam,0.5291210954997629
9,183,Beam,0.2973481825490993
9,184,Beam,0.30289116024290696
9,185,Beam,0.22831533279697747
9,186,Beam,0.15748725268991945
9,187,Beam,0.48947190995691026
9,188,Beam,0.3817708548203202
9,189,Beam,0.16106781561198635
9,190,Beam,0.4894793301525201
9,191,Beam,0.38395720866169897
9,192,Beam,0.21097899681766716
9,193,Beam,0.18567198703794868
9,194,Beam,0.21977145042123847
9,195,Beam,0.5498791832257233
9,196,Beam,0.44965115525305266
9,197,Beam,0.2219961548604599
9,198,Beam,0.6476407129777427
9,199,Beam,0.4523607665226876
9,200,Beam,0.1916599392761099
9,201,Beam,0.186077340428153
9,202,Beam,0.21939932931793543
9,203,Beam,0.5991682690354116
9,204,Beam,0.3473145953735164
9,205,Beam,0.22157089224128104
9,206,Beam,0.5991439451266691
9,207,Beam,0.34925401843563575
9,208,Beam,0.20612844059086644
9,209,Beam,0.33390982201356856
9,210,Beam,0.1396190822233994
9,211,Beam,0.45920621581306875
9,212,Beam,0.3559116507250015
9,213,Beam,0.14095951246763788
9,214,Beam,0.5406056520615625
9,215,Beam,0.35757114811707696
9,216,Beam,0.3458047799235601
9,217,Beam,0.2748736859470099
9,218,Beam,0.17842839480202496
9,219,Beam,0.49853823431021194
9,220,Beam,0.27579536079228384
9,221,Beam,0.18018982906615247
9,222,Beam,0.498595289465947
9,223,Beam,0.27536301016388764
9,224,Beam,0.38059462464850896
10,1,Column,0.42888855344308285
10,2,Column,0.3402872848044322
10,3,Column,0.364539114338957
10,4,Column,0.3205674563520978
10,5,Column,0.3809723764332257
10,6,Column,0.8689281213057769
10,7,Column,0.36746515365029797
10,8,Column,0.38889436341809613
10,9,Column,0.453748773057535
10,10,Column,0.8697783735103517
10,11,Column,0.8176394874715567
10,12,Column,0.8207405515614712
10,13,Column,0.25627173386841157
10,14,Column,0.2758110128670069
10,15,Column,0.22951564171945746
10,16,Column,0.2915680533864421
10,17,Column,0.3471078679695916
10,18,Column,0.46462795735763424
10,19,Column,0.23195111369653237
10,20,Column,0.362808282620773
10,21,Column,0.4230051333654103
10,22,Column,0.46517203255587314
10,23,Column,0.6055897675964077
10,24,Column,0.6099981242740709
10,25,Column,0.33046306393472863
10,26,Column,0.3267882350501893
10,27,Column,0.37851376412775745
10,28,Column,0.16400224890251125
10,29,Column,0.18142346361175765
10,30,Column,0.5728018388180642
10,31,Column,0.38088712633951993
10,32,Column,0.18885544490239298
10,33,Column,0.2064848454502665
10,34,Column,0.5746203682350535
10,35,Column,0.47958766714669654
10,36,Column,0.5157248798245518
10,37,Column,0.32389965532252807
10,38,Column,0.3251773017427104
10,39,Column,0.268685248397809
10,40,Column,0.43833758521707145
10,41,Column,0.5036123116615732
10,42,Column,0.5540497608713544
10,43,Column,0.27133307542182256
10,44,Column,0.15208558715617115
10,45,Column,0.16952619350302867
10,46,Column,0.5559399748632827
10,47,Column,0.4314515903969438
10,48,Column,0.43349020868416
10,49,Column,0.12966240679947422
10,50,Column,0.11078045767337838
10,51,Column,0.1475697462608753
10,52,Column,0.3497144782887003
10,53,Column,0.4966404965241846
10,54,Column,0.1852921016021282
10,55,Column,0.14858835431581652
10,56,Column,0.49510632459366655
10,57,Column,0.6410353040735108
10,58,Column,0.18476959656446162
10,59,Column,0.1734708521340649
10,60,Column,0.19225767042769498
10,61,Beam,0.11315248971240137
10,62,Beam,0.1126906000938307
10,63,Beam,0.0813311298437923
10,64,Beam,0.46545345328331056
10,65,Beam,0.6156873120299029
10,66,Beam,0.1723700571210455
10,67,Beam,0.10518200088436808
10,68,Beam,0.44733870744324644
10,69,Beam,0.5474230981265842
10,70,Beam,0.17175307985365879
10,71,Beam,0.14015287732741116
10,72,Beam,0.1407856416229501
10,73,Beam,0.04771120146874734
10,74,Beam,0.05881556593603589
10,75,Beam,0.0562160013230959
10,76,Beam,0.21075455339399823
10,77,Beam,0.2795110547080616
10,78,Beam,0.10050345884131442
10,79,Beam,0.04708195515447734
10,80,Beam,0.2502692607835019
10,81,Beam,0.32044177429627474
10,82,Beam,0.09764611421714857
10,83,Beam,0.05991112461627958
10,84,Beam,0.059500576288730705
10,85,Beam,0.08015466424649806
10,86,Beam,0.0801505739562316
10,87,Beam,0.07836291640812076
10,88,Beam,0.15356021326483354
10,89,Beam,0.1563940694512601
10,90,Beam,0.1519268142342096
10,91,Beam,0.07775827412651648
10,92,Beam,0.16983291551712065
10,93,Beam,0.10807818343832809
10,94,Beam,0.15259445434275284
10,95,Beam,0.12377896547035458
10,96,Beam,0.13986885950476582
10,97,Beam,0.3607402450641281
10,98,Beam,0.24523742262518256
10,99,Beam,0.6280664303606073
10,100,Beam,0.47344398132740406
10,101,Beam,0.244923660626662
10,102,Beam,0.739750015749336
10,103,Beam,0.47335628015099296
10,104,Beam,0.2584122976962253
10,105,Beam,0.36080009873659047
10,106,Beam,0.24533063527877552
10,107,Beam,0.6835023353305734
10,108,Beam,0.24712120709599583
10,109,Beam,0.24486235989736355
10,110,Beam,0.6835093253498996
10,111,Beam,0.2470141465307948
10,112,Beam,0.4303718637759548
10,113,Beam,0.33071370257320026
10,114,Beam,0.21492283729483777
10,115,Beam,0.6552323411381848
10,116,Beam,0.500381821405358
10,117,Beam,0.21975170949128933
10,118,Beam,0.7685522767227371
10,119,Beam,0.49925187374391145
10,120,Beam,0.4586843800154833
10,121,Beam,0.1971731178865475
10,122,Beam,0.29816080118859223
10,123,Beam,0.7101685284352725
10,124,Beam,0.5011172533193797
10,125,Beam,0.2981123148510133
10,126,Beam,0.7101890936845969
10,127,Beam,0.4999873166816646
10,128,Beam,0.3945914394640495
10,129,Beam,0.24609911232207832
10,130,Beam,0.27478329628671677
10,131,Beam,0.6997421831320323
10,132,Beam,0.35368505660399685
10,133,Beam,0.2765611925190775
10,134,Beam,0.8234142703696042
10,135,Beam,0.3534820838546298
10,136,Beam,0.4411546978536721
10,137,Beam,0.3194336779862389
10,138,Beam,0.20180640956779106
10,139,Beam,0.761548497162538
10,140,Beam,0.5273944230193284
10,141,Beam,0.20305894465184243
10,142,Beam,0.7615426775503246
10,143,Beam,0.527953202904698
10,144,Beam,0.28122689969977493
10,145,Beam,0.2232069062715399
10,146,Beam,0.29483568487797657
10,147,Beam,0.7545586578892374
10,148,Beam,0.5665295730801729
10,149,Beam,0.2967428889270055
10,150,Beam,0.8887397084728489
10,151,Beam,0.5670303271573024
10,152,Beam,0.21197324180746574
10,153,Beam,0.2233442107685517
10,154,Beam,0.29440593639113705
10,155,Beam,0.8215281550188496
10,156,Beam,0.37692618280619355
10,157,Beam,0.2960773581121237
10,158,Beam,0.8215435566956324
10,159,Beam,0.3769464537303498
10,160,Beam,0.2608258165530731
10,161,Beam,0.3705833270335594
10,162,Beam,0.1300711892544346
10,163,Beam,0.4002203060145413
10,164,Beam,0.3519668545506002
10,165,Beam,0.13301682591030842
10,166,Beam,0.47082707448187455
10,167,Beam,0.3536232330776573
10,168,Beam,0.4467198347230467
10,169,Beam,0.2998872670576031
10,170,Beam,0.16490289005428999
10,171,Beam,0.43496650914921875
10,172,Beam,0.3506864710242214
10,173,Beam,0.16768058179964568
10,174,Beam,0.43494348939722827
10,175,Beam,0.3521873901743811
10,176,Beam,0.3913232102752393
10,177,Beam,0.19471585683270737
10,178,Beam,0.18262174934277614
10,179,Beam,0.4495056654767065
10,180,Beam,0.2939366796334257
10,181,Beam,0.18644807993280493
10,182,Beam,0.5291831809344344
10,183,Beam,0.2957992239088887
10,184,Beam,0.3026379662050125
10,185,Beam,0.22522940662184976
10,186,Beam,0.1544462297679639
10,187,Beam,0.48954828108645165
10,188,Beam,0.38071052146487
10,189,Beam,0.15787096432374326
10,190,Beam,0.4895538667106336
10,191,Beam,0.3827328943365534
10,192,Beam,0.20756992225220863
10,193,Beam,0.22046968240426437
10,194,Beam,0.2189085841492343
10,195,Beam,0.5498963772475597
10,196,Beam,0.44795369041561134
10,197,Beam,0.22097034675659963
10,198,Beam,0.6476595269593662
10,199,Beam,0.4504665143952179
10,200,Beam,0.2345470913194327
10,201,Beam,0.2214293491082392
10,202,Beam,0.21843689857032852
10,203,Beam,0.5990871747124912
10,204,Beam,0.346102355552226
10,205,Beam,0.22048091574786932
10,206,Beam,0.5990694575618992
10,207,Beam,0.3479054467433904
10,208,Beam,0.2581511053162157
10,209,Beam,0.316176678847162
10,210,Beam,0.138923092909742
10,211,Beam,0.4592641540653121
10,212,Beam,0.3550235251532462
10,213,Beam,0.14013758344742974
10,214,Beam,0.5406637711420896
10,215,Beam,0.35498179087148796
10,216,Beam,0.33649001615447793
10,217,Beam,0.25028597416365983
10,218,Beam,0.1785359498956373
10,219,Beam,0.49860318594851216
10,220,Beam,0.27809442718383937
10,221,Beam,0.1785707890855304
10,222,Beam,0.4986526948048795
10,223,Beam,0.2765995707874812
10,224,Beam,0.3746353505513154
11,1,Column,0.3369427360976265
11,2,Column,0.34090890904865795
11,3,Column,0.29452073081222985
11,4,Column,0.3151555967433257
11,5,Column,0.3753369266388869
11,6,Column,0.6650041979617414
11,7,Column,0.2978333063706749
11,8,Column,0.38324113134782206
11,9,Column,0.44799393780054475
11,10,Column,0.6658823396081182
11,11,Column,0.6237637969585383
11,12,Column,0.6274029214422793
11,13,Column,0.25992296105662144
11,14,Column,0.2863090851270601
11,15,Column,0.2396232645181277
11,16,Column,0.2856718852010932
11,17,Column,0.34096538167721824
11,18,Column,0.5184856992354012
11,19,Column,0.24243494573191993
11,20,Column,0.35659696074704417
11,21,Column,0.41668503403691504
11,22,Column,0.3651340519899239
11,23,Column,0.6099113637076788
11,24,Column,0.615346738418376
11,25,Column,0.36675892603068017
11,26,Column,0.3678106507851528
11,27,Column,0.38560104864157607
11,28,Column,0.16123557050076567
11,29,Column,0.17870847606867388
11,30,Column,0.6204309559529786
11,31,Column,0.3877825455282007
11,32,Column,0.1861589579672364
11,33,Column,0.20388236012653127
11,34,Column,0.621703565369381
11,35,Column,0.5430779276055397
11,36,Column,0.5406741389834047
11,37,Column,0.3020753320952797
11,38,Column,0.30615269753462443
11,39,Column,0.24690572364312388
11,40,Column,0.22432570565476131
11,41,Column,0.2554549634095314
11,42,Column,0.550156684835543
11,43,Column,0.24868429545733445
11,44,Column,0.25766361903614243
11,45,Column,0.3038493131621447
11,46,Column,0.5518872205269347
11,47,Column,0.4323106127329329
11,48,Column,0.4380456152678871
11,49,Column,0.15583666495057105
11,50,Column,0.15786843950462376
11,51,Column,0.14974111412774405
11,52,Column,0.39655603146588303
11,53,Column,0.38869031892596656
11,54,Column,0.2149935312599711
11,55,Column,0.15088139296935102
11,56,Column,0.5320136025463249
11,57,Column,0.6795303519309195
11,58,Column,0.1902652948560061
11,59,Column,0.19052884148726415
11,60,Column,0.1846574606646845
11,61,Beam,0.10989851968756265
11,62,Beam,0.11018991045104483
11,63,Beam,0.11140852073896769
11,64,Beam,0.4702626784042846
11,65,Beam,0.6192746211125786
11,66,Beam,0.12389608428288502
11,67,Beam,0.11181020691864763
11,68,Beam,0.4491171690890226
11,69,Beam,0.5477790221633747
11,70,Beam,0.1568976780852319
11,71,Beam,0.13316801233165285
11,72,Beam,0.13666479454412161
11,73,Beam,0.05794639488161526
11,74,Beam,0.0587801774819863
11,75,Beam,0.041327836816430916
11,76,Beam,0.2140359440322969
11,77,Beam,0.28309095387086614
11,78,Beam,0.121180095249457
11,79,Beam,0.04671276562251847
11,80,Beam,0.2512858886235313
11,81,Beam,0.3242743911316637
11,82,Beam,0.12094742012586829
11,83,Beam,0.06289098142883302
11,84,Beam,0.06358524268867935
11,85,Beam,0.10215642810693605
11,86,Beam,0.10224153845658725
11,87,Beam,0.06611501740171936
11,88,Beam,0.15385606527880463
11,89,Beam,0.15698180605917844
11,90,Beam,0.18229847537960964
11,91,Beam,0.066741284332522
11,92,Beam,0.17017991911824398
11,93,Beam,0.10785877067502829
11,94,Beam,0.17397476239904047
11,95,Beam,0.10956347549348651
11,96,Beam,0.11032855907924254
11,97,Beam,0.3607158791043569
11,98,Beam,0.2452625641636384
11,99,Beam,0.6280381271502178
11,100,Beam,0.4734915502865293
11,101,Beam,0.24495331121162142
11,102,Beam,0.739721374459264
11,103,Beam,0.4734051524676761
11,104,Beam,0.25841342118613875
11,105,Beam,0.36083928493502954
11,106,Beam,0.2454367504901355
11,107,Beam,0.6835094034193446
11,108,Beam,0.2471477525981628
11,109,Beam,0.2449727292103708
11,110,Beam,0.6835022386872704
11,111,Beam,0.24704090092854425
11,112,Beam,0.43039728848150843
11,113,Beam,0.42335871670739617
11,114,Beam,0.20553276913987661
11,115,Beam,0.6549915382464478
11,116,Beam,0.5005986539978841
11,117,Beam,0.20841052090319787
11,118,Beam,0.7683069846779651
11,119,Beam,0.4994371654485144
11,120,Beam,0.5855966337014027
11,121,Beam,0.2298351160955824
11,122,Beam,0.28939476421498317
11,123,Beam,0.7104589355202839
11,124,Beam,0.5008897262936888
11,125,Beam,0.28776969127715407
11,126,Beam,0.7104901720616561
11,127,Beam,0.4997435646977916
11,128,Beam,0.504402549995492
11,129,Beam,0.20748528837125454
11,130,Beam,0.27932467774980996
11,131,Beam,0.6558255287753666
11,132,Beam,0.3347224484861195
11,133,Beam,0.2820056437065558
11,134,Beam,0.7711479064889911
11,135,Beam,0.3338113124316973
11,136,Beam,0.4291912372503866
11,137,Beam,0.3090519713013525
11,138,Beam,0.21539232194359847
11,139,Beam,0.7142651684860837
11,140,Beam,0.4955356470971072
11,141,Beam,0.21733437244062964
11,142,Beam,0.7142746526550983
11,143,Beam,0.49632225275300873
11,144,Beam,0.24480907663486515
11,145,Beam,0.28542428049201035
11,146,Beam,0.19613153912054596
11,147,Beam,0.4861874029269345
11,148,Beam,0.42550704769777514
11,149,Beam,0.19932796649182533
11,150,Beam,0.5719601152136834
11,151,Beam,0.42730818966998085
11,152,Beam,0.2714168474490858
11,153,Beam,0.2863497555819528
11,154,Beam,0.20107930779237065
11,155,Beam,0.5276931726096169
11,156,Beam,0.2921952259872115
11,157,Beam,0.2040393029996071
11,158,Beam,0.5277265664089431
11,159,Beam,0.2937719436249378
11,160,Beam,0.3310573782425095
11,161,Beam,0.3652320867707352
11,162,Beam,0.12631417671978248
11,163,Beam,0.4002729685777201
11,164,Beam,0.35254346918642004
11,165,Beam,0.1295150386662048
11,166,Beam,0.47088580460619345
11,167,Beam,0.35435359903417785
11,168,Beam,0.4428135695790741
11,169,Beam,0.2907920253923787
11,170,Beam,0.1626322712064769
11,171,Beam,0.434650082596818
11,172,Beam,0.3524540983421967
11,173,Beam,0.1657116936699169
11,174,Beam,0.43461694312658367
11,175,Beam,0.3540866497226136
11,176,Beam,0.38367541296646795
11,177,Beam,0.2496861505462851
11,178,Beam,0.17949157301739269
11,179,Beam,0.44949289187381425
11,180,Beam,0.29425628499060685
11,181,Beam,0.18130066417274
11,182,Beam,0.5291720135684781
11,183,Beam,0.29627752509231486
11,184,Beam,0.3395689191684848
11,185,Beam,0.27936141431006567
11,186,Beam,0.1517930730708443
11,187,Beam,0.4893774433198689
11,188,Beam,0.3821329909007235
11,189,Beam,0.15564341773034854
11,190,Beam,0.48938112190673033
11,191,Beam,0.3843050855516848
11,192,Beam,0.25627308913489466
11,193,Beam,0.21917393138013813
11,194,Beam,0.21974772582526886
11,195,Beam,0.5498713099719613
11,196,Beam,0.4492500905156561
11,197,Beam,0.22196286504937268
11,198,Beam,0.6476306679049276
11,199,Beam,0.4519516987556931
11,200,Beam,0.23455089734894402
11,201,Beam,0.21847601273377387
11,202,Beam,0.2193897844472615
11,203,Beam,0.5991602975912056
11,204,Beam,0.34716785138180084
11,205,Beam,0.22156464091312136
11,206,Beam,0.5991401586133989
11,207,Beam,0.3490995995366646
11,208,Beam,0.25800102820644943
11,209,Beam,0.31889425466705146
11,210,Beam,0.13766881920408397
11,211,Beam,0.4511979467997644
11,212,Beam,0.37584614269786665
11,213,Beam,0.13906386437279628
11,214,Beam,0.5308854701261343
11,215,Beam,0.37552814499973824
11,216,Beam,0.3304969637439848
11,217,Beam,0.26418027061553717
11,218,Beam,0.1755112610628966
11,219,Beam,0.48952863262030816
11,220,Beam,0.2940709010826152
11,221,Beam,0.17732691007683699
11,222,Beam,0.4895875225907804
11,223,Beam,0.29227039690704165
11,224,Beam,0.36813840747340815
12,1,Column,0.18976873902107674
12,2,Column,0.1909063321869476
12,3,Column,0.15287208762413174
12,4,Column,0.31389723630743427
12,5,Column,0.37404741630101146
12,6,Column,0.32486519570698663
12,7,Column,0.17567246079646578
12,8,Column,0.3819202257182688
12,9,Column,0.4465833196445701
12,10,Column,0.3246552135399393
12,11,Column,0.2949303213612307
12,12,Column,0.2968125517192126
12,13,Column,0.2784076536528739
12,14,Column,0.2800336256747584
12,15,Column,0.23522420990855714
12,16,Column,0.28441455894731493
12,17,Column,0.33967422884290455
12,18,Column,0.49191160994056493
12,19,Column,0.23789739919658603
12,20,Column,0.35524311372099393
12,21,Column,0.4152314572251623
12,22,Column,0.38036479299278264
12,23,Column,0.6065861048937855
12,24,Column,0.605687529916578
12,25,Column,0.32793761177254677
12,26,Column,0.33032328256696586
12,27,Column,0.3603030479592392
12,28,Column,0.1607124461423948
12,29,Column,0.17818217776010803
12,30,Column,0.4854226963281036
12,31,Column,0.3620819614298613
12,32,Column,0.18561705029002704
12,33,Column,0.20330746179509895
12,34,Column,0.48504327039994877
12,35,Column,0.45690920036723515
12,36,Column,0.5037712840472137
12,37,Column,0.2159618388893231
12,38,Column,0.2184358905745909
12,39,Column,0.1927828207650496
12,40,Column,0.22369535442103877
12,41,Column,0.25449563058557945
12,42,Column,0.37177066544164283
12,43,Column,0.1949655521990837
12,44,Column,0.2567265713537047
12,45,Column,0.3028366192290544
12,46,Column,0.3732266064961161
12,47,Column,0.2685939721965186
12,48,Column,0.26820815894847977
12,49,Column,0.15065246455450143
12,50,Column,0.15300883721815245
12,51,Column,0.12876775709433494
12,52,Column,0.33747704897148484
12,53,Column,0.41026129343003015
12,54,Column,0.17448362988484942
12,55,Column,0.12997068782341054
12,56,Column,0.46264629904962074
12,57,Column,0.6292003815241147
12,58,Column,0.17734147712626247
12,59,Column,0.1963184273321764
12,60,Column,0.19483466413040074
12,61,Beam,0.11325671907911818
12,62,Beam,0.1144061443672679
12,63,Beam,0.10560575718597791
12,64,Beam,0.46411105632681104
12,65,Beam,0.6223727322525168
12,66,Beam,0.1611433962522546
12,67,Beam,0.10630323658322574
12,68,Beam,0.42958058219583894
12,69,Beam,0.5375247027739024
12,70,Beam,0.15978901033914383
12,71,Beam,0.14180922713481625
12,72,Beam,0.14248937171948645
12,73,Beam,0.050380418011431
12,74,Beam,0.059306300087530364
12,75,Beam,0.05037550419512785
12,76,Beam,0.5232463430890866
12,77,Beam,0.48013964097612455
12,78,Beam,0.09594838995342536
12,79,Beam,0.06074929400227015
12,80,Beam,0.6683542993353271
12,81,Beam,0.15351686264580405
12,82,Beam,0.0946610323440039
12,83,Beam,0.05791210494447385
12,84,Beam,0.06727469831985322
12,85,Beam,0.09528383044412889
12,86,Beam,0.09722814559436331
12,87,Beam,0.07090965217065825
12,88,Beam,0.15546408145898674
12,89,Beam,0.15861520920601527
12,90,Beam,0.17403565776694266
12,91,Beam,0.06871285194858844
12,92,Beam,0.1697477185752646
12,93,Beam,0.10923775273776493
12,94,Beam,0.17490077265947465
12,95,Beam,0.10955934324726087
12,96,Beam,0.12243542679016652
12,97,Beam,0.21350353149916304
12,98,Beam,0.24399372592715418
12,99,Beam,0.6280145049405556
12,100,Beam,0.4720549286292816
12,101,Beam,0.24430694068548894
12,102,Beam,0.7396977590842515
12,103,Beam,0.47196779121996846
12,104,Beam,0.15394682974371524
12,105,Beam,0.21266553090179036
12,106,Beam,0.24443752529791352
12,107,Beam,0.6834956676573397
12,108,Beam,0.246659973437334
12,109,Beam,0.2439670848040671
12,110,Beam,0.6834897344465343
12,111,Beam,0.2465516678715591
12,112,Beam,0.25358229381920006
12,113,Beam,0.4236226079045533
12,114,Beam,0.20579004962682929
12,115,Beam,0.6555953931489812
12,116,Beam,0.5001920643076091
12,117,Beam,0.20855960830959105
12,118,Beam,0.768919998009187
12,119,Beam,0.4990943440821596
12,120,Beam,0.5858569874085066
12,121,Beam,0.2334568965594227
12,122,Beam,0.29269658722793
12,123,Beam,0.7103239758057055
12,124,Beam,0.49948814919780304
12,125,Beam,0.2949045983123408
12,126,Beam,0.7103504290845899
12,127,Beam,0.49833876302794744
12,128,Beam,0.5044552825200416
12,129,Beam,0.2496692217824179
12,130,Beam,0.27547885130056404
12,131,Beam,0.6996134488024985
12,132,Beam,0.3533344343937652
12,133,Beam,0.2771918276606905
12,134,Beam,0.82328462731952
12,135,Beam,0.3538447440739975
12,136,Beam,0.38929034926149514
12,137,Beam,0.3194162951489885
12,138,Beam,0.19975130074055766
12,139,Beam,0.7617999201194391
12,140,Beam,0.5274203344451982
12,141,Beam,0.20089114690802018
12,142,Beam,0.7617978381042079
12,143,Beam,0.5279821530385704
12,144,Beam,0.28661174238515014
12,145,Beam,0.36692395469011885
12,146,Beam,0.29606460157798026
12,147,Beam,0.754915700395508
12,148,Beam,0.567360484211326
12,149,Beam,0.2980003374143269
12,150,Beam,0.8890979921139647
12,151,Beam,0.5680417998214784
12,152,Beam,0.34839607181686083
12,153,Beam,0.3696398801732619
12,154,Beam,0.29557268961711236
12,155,Beam,0.8215214866821711
12,156,Beam,0.3769508486954306
12,157,Beam,0.2974433859141038
12,158,Beam,0.8215449967511989
12,159,Beam,0.3774272528496466
12,160,Beam,0.42671997943949286
12,161,Beam,0.3709862838242102
12,162,Beam,0.13199806629033664
12,163,Beam,0.4006774036876741
12,164,Beam,0.3538103592965906
12,165,Beam,0.13507881587426465
12,166,Beam,0.47115463506458494
12,167,Beam,0.3555061880694715
12,168,Beam,0.44710885752820295
12,169,Beam,0.30255841822268426
12,170,Beam,0.1683762795827148
12,171,Beam,0.4347777509341584
12,172,Beam,0.3530198465770154
12,173,Beam,0.17128069689826156
12,174,Beam,0.4347552378871132
12,175,Beam,0.354673416827962
12,176,Beam,0.395679710790079
12,177,Beam,0.2456713696320127
12,178,Beam,0.22844052555935884
12,179,Beam,0.5493318517761134
12,180,Beam,0.37665246820885706
12,181,Beam,0.23325251788516285
12,182,Beam,0.6466892868306758
12,183,Beam,0.3789888913408531
12,184,Beam,0.38672846025983787
12,185,Beam,0.2970376101941638
12,186,Beam,0.1959835738976874
12,187,Beam,0.5985655707146121
12,188,Beam,0.4893299592748007
12,189,Beam,0.20059365320679975
12,190,Beam,0.5985683919616893
12,191,Beam,0.49195172947739046
12,192,Beam,0.2719613312060082
12,193,Beam,0.21907002500899472
12,194,Beam,0.22046351247209262
12,195,Beam,0.5497975790408337
12,196,Beam,0.45013212375963463
12,197,Beam,0.22270737434120472
12,198,Beam,0.6475577484755226
12,199,Beam,0.4528602562352252
12,200,Beam,0.23464236485349693
12,201,Beam,0.21854203508508435
12,202,Beam,0.21998592200586164
12,203,Beam,0.5991600552547489
12,204,Beam,0.3480170576865294
12,205,Beam,0.22217742315174466
12,206,Beam,0.5991399964914146
12,207,Beam,0.34995487216823584
12,208,Beam,0.2580601270602481
12,209,Beam,0.3328179261557237
12,210,Beam,0.1380872859709611
12,211,Beam,0.4511115709675566
12,212,Beam,0.37512017476828013
12,213,Beam,0.1394845664740812
12,214,Beam,0.5308005006417696
12,215,Beam,0.3763164626824908
12,216,Beam,0.3555014246413128
12,217,Beam,0.26418366239949614
12,218,Beam,0.1760474219348231
12,219,Beam,0.48952126674525354
12,220,Beam,0.2933058016977481
12,221,Beam,0.1778829095103658
12,222,Beam,0.4895813346189239
12,223,Beam,0.2914926234954721
12,224,Beam,0.3924444798005768
13,1,Column,0.251561464536772
13,2,Column,0.25216490520466733
13,3,Column,0.22999963188215364
13,4,Column,0.32704275689975215
13,5,Column,0.3878232340047766
13,6,Column,0.43570772282781006
13,7,Column,0.21212362605745494
13,8,Column,0.3958244029662623
13,9,Column,0.4610035535516154
13,10,Column,0.5640283973296036
13,11,Column,0.5090851473435841
13,12,Column,0.5107433930031509
13,13,Column,0.2787415237490511
13,14,Column,0.2789520143131521
13,15,Column,0.23791796034496013
13,16,Column,0.5083011647260117
13,17,Column,0.1670968520421651
13,18,Column,0.4263980010927768
13,19,Column,0.23975772388096903
13,20,Column,0.5941911070515252
13,21,Column,0.19060622555473222
13,22,Column,0.31435258973084346
13,23,Column,0.49589680518051615
13,24,Column,0.6021567443342442
13,25,Column,0.33033082971336114
13,26,Column,0.3343599798925637
13,27,Column,0.35606662247739407
13,28,Column,0.16117760109529042
13,29,Column,0.1786276469203079
13,30,Column,0.589440718530096
13,31,Column,0.3576444894598718
13,32,Column,0.1860675041802613
13,33,Column,0.2037226573634029
13,34,Column,0.5898639465350085
13,35,Column,0.46332034386912185
13,36,Column,0.511486235305763
13,37,Column,0.310238259839445
13,38,Column,0.312106256071251
13,39,Column,0.24561825565863465
13,40,Column,0.2244032898794907
13,41,Column,0.2555339137222062
13,42,Column,0.5606117627854836
13,43,Column,0.24762680127847278
13,44,Column,0.2577856829003103
13,45,Column,0.3038912333056745
13,46,Column,0.5627599067228835
13,47,Column,0.4179689580634725
13,48,Column,0.4190337359238325
13,49,Column,0.1363862486509083
13,50,Column,0.13740314965697673
13,51,Column,0.13889753934594457
13,52,Column,0.3424947896430127
13,53,Column,0.4898116735003568
13,54,Column,0.18550495075639312
13,55,Column,0.13976210832063862
13,56,Column,0.46772600192691427
13,57,Column,0.6339213666132042
13,58,Column,0.18536003665293255
13,59,Column,0.20843053138063142
13,60,Column,0.18415486435666453
13,61,Beam,0.10868286071998283
13,62,Beam,0.07868892440897227
13,63,Beam,0.09996520172097427
13,64,Beam,0.4624990067334238
13,65,Beam,0.6216568405206998
13,66,Beam,0.1742582204212476
13,67,Beam,0.1000531090661553
13,68,Beam,0.42828110435955696
13,69,Beam,0.5377713476978524
13,70,Beam,0.17289117194443812
13,71,Beam,0.13861644286940306
13,72,Beam,0.1392774461232367
13,73,Beam,0.05410287316703437
13,74,Beam,0.05185013318322978
13,75,Beam,0.050794238549073924
13,76,Beam,0.517667984847751
13,77,Beam,0.47572848621189207
13,78,Beam,0.09442087333733266
13,79,Beam,0.03814177477236431
13,80,Beam,0.6630076597490095
13,81,Beam,0.15363783921281293
13,82,Beam,0.09366688021085745
13,83,Beam,0.06697534328086263
13,84,Beam,0.06723600900313706
13,85,Beam,0.07985033556314967
13,86,Beam,0.0798076240846314
13,87,Beam,0.08964792230340646
13,88,Beam,0.15569094681432386
13,89,Beam,0.1581076598082214
13,90,Beam,0.15250219851147195
13,91,Beam,0.0715034646721145
13,92,Beam,0.1684557066802757
13,93,Beam,0.10841085949738309
13,94,Beam,0.15319874955379223
13,95,Beam,0.14017365728082967
13,96,Beam,0.12537514196262267
13,97,Beam,0.2130781738977017
13,98,Beam,0.24470515778303828
13,99,Beam,0.6280716350781489
13,100,Beam,0.47292386528862806
13,101,Beam,0.24431647864460276
13,102,Beam,0.7397549677698136
13,103,Beam,0.4727981311825437
13,104,Beam,0.1556520419730472
13,105,Beam,0.2124155406239113
13,106,Beam,0.24480542372258277
13,107,Beam,0.6836521642149299
13,108,Beam,0.24689806610426968
13,109,Beam,0.24435053139282883
13,110,Beam,0.6836533788741556
13,111,Beam,0.2467883177687715
13,112,Beam,0.25324678392948463
13,113,Beam,0.3759842137962984
13,114,Beam,0.21032099262978038
13,115,Beam,0.6546070336666886
13,116,Beam,0.5021282817909215
13,117,Beam,0.20970930799634382
13,118,Beam,0.7679222011336085
13,119,Beam,0.5011360074527887
13,120,Beam,0.49675170227226856
13,121,Beam,0.2680315503899897
13,122,Beam,0.2966589793376052
13,123,Beam,0.7097629932226468
13,124,Beam,0.5026534039212823
13,125,Beam,0.29440596814374687
13,126,Beam,0.7097771782010017
13,127,Beam,0.50170197050797
13,128,Beam,0.44874952125965595
13,129,Beam,0.2131117635042996
13,130,Beam,0.2735834877955851
13,131,Beam,0.69962052090706
13,132,Beam,0.354154030008981
13,133,Beam,0.27502641723615157
13,134,Beam,0.8232947732858863
13,135,Beam,0.35371523965726615
13,136,Beam,0.42907601148454944
13,137,Beam,0.308945533181931
13,138,Beam,0.200848765582031
13,139,Beam,0.7617738998475969
13,140,Beam,0.5281113486038819
13,141,Beam,0.20184804723841845
13,142,Beam,0.7617652012461035
13,143,Beam,0.527634939048119
13,144,Beam,0.25224645884959784
13,145,Beam,0.343786037726024
13,146,Beam,0.20477008917313813
13,147,Beam,0.4866068702276545
13,148,Beam,0.42492489425903884
13,149,Beam,0.20754674563033904
13,150,Beam,0.572351707303292
13,151,Beam,0.4251333042261746
13,152,Beam,0.3270083288260036
13,153,Beam,0.34613053635112584
13,154,Beam,0.21045214375158286
13,155,Beam,0.5279600579448599
13,156,Beam,0.2990048154838097
13,157,Beam,0.2131350429619966
13,158,Beam,0.5279891806632165
13,159,Beam,0.3004245734647785
13,160,Beam,0.3984879396656371
13,161,Beam,0.3809911557222138
13,162,Beam,0.13351968928444605
13,163,Beam,0.4008401892860798
13,164,Beam,0.3518526264329082
13,165,Beam,0.13630917775151438
13,166,Beam,0.4713216536228981
13,167,Beam,0.35337034426289954
13,168,Beam,0.45704368047606125
13,169,Beam,0.3148058362846486
13,170,Beam,0.17089026327406062
13,171,Beam,0.4346972861611123
13,172,Beam,0.3513627139650502
13,173,Beam,0.17366309982231665
13,174,Beam,0.4346834327137875
13,175,Beam,0.3528857345998952
13,176,Beam,0.409608852016778
13,177,Beam,0.23642207188996506
13,178,Beam,0.18629436818773118
13,179,Beam,0.4495026336473511
13,180,Beam,0.2952973906081728
13,181,Beam,0.18996887659755968
13,182,Beam,0.5291790527380202
13,183,Beam,0.29712013823630457
13,184,Beam,0.4232442421381284
13,185,Beam,0.3052680890509102
13,186,Beam,0.1612610802690931
13,187,Beam,0.48935847174037894
13,188,Beam,0.38083415127948794
13,189,Beam,0.16474288317204172
13,190,Beam,0.48936548787093437
13,191,Beam,0.3828712788221987
13,192,Beam,0.28129616817592945
13,193,Beam,0.3012385672436412
13,194,Beam,0.2191372641122255
13,195,Beam,0.5498907427198322
13,196,Beam,0.4482770101011292
13,197,Beam,0.22119631620530955
13,198,Beam,0.6476526725152516
13,199,Beam,0.4507793980764523
13,200,Beam,0.31172082829469944
13,201,Beam,0.3072213698751363
13,202,Beam,0.21863435408477408
13,203,Beam,0.5991079631801655
13,204,Beam,0.3464086924037203
13,205,Beam,0.22069016633130417
13,206,Beam,0.59908941588861
13,207,Beam,0.34822214787484257
13,208,Beam,0.3438499362748138
13,209,Beam,0.3351208587948724
13,210,Beam,0.1375726416678579
13,211,Beam,0.45116568999124995
13,212,Beam,0.3760843642402756
13,213,Beam,0.13885449430995872
13,214,Beam,0.5308546182471842
13,215,Beam,0.3761250579453646
13,216,Beam,0.3469100686620998
13,217,Beam,0.27418975272256185
13,218,Beam,0.1758437636807276
13,219,Beam,0.48957328773818426
13,220,Beam,0.2953438310549623
13,221,Beam,0.17632035772541488
13,222,Beam,0.48962904090298653
13,223,Beam,0.29364204626286444
13,224,Beam,0.3790635233449899
14,1,Column,0.23286540833622446
14,2,Column,0.2337836292535991
14,3,Column,0.20641255345024126
14,4,Column,0.32470918263432647
14,5,Column,0.3849766580947027
14,6,Column,0.5848834016494151
14,7,Column,0.23047724054343485
14,8,Column,0.39317011839396243
14,9,Column,0.45773254661509943
14,10,Column,0.5837599094188588
14,11,Column,0.48943308164256893
14,12,Column,0.4905589204970685
14,13,Column,0.20217665225015624
14,14,Column,0.27284796092872404
14,15,Column,0.2326725407932441
14,16,Column,0.4851837972479004
14,17,Column,0.1661416792700473
14,18,Column,0.46494599135630643
14,19,Column,0.2346269084799595
14,20,Column,0.5709311677291533
14,21,Column,0.18955774989114904
14,22,Column,0.4642729430425482
14,23,Column,0.5968557654036726
14,24,Column,0.5922524440678908
14,25,Column,0.36127113835585456
14,26,Column,0.32198294886926293
14,27,Column,0.38210153747678005
14,28,Column,0.16102399964126046
14,29,Column,0.17846917344047614
14,30,Column,0.6009628027050373
14,31,Column,0.3849852691849776
14,32,Column,0.18591975597403243
14,33,Column,0.20356564129719346
14,34,Column,0.6022358897221498
14,35,Column,0.5815796240905952
14,36,Column,0.5876683840896517
14,37,Column,0.31635481260969434
14,38,Column,0.31846247908759284
14,39,Column,0.24512528934129546
14,40,Column,0.224182535863711
14,41,Column,0.2551758893864011
14,42,Column,0.5551206979080996
14,43,Column,0.24704255282547422
14,44,Column,0.25744828681320514
14,45,Column,0.3034971534346208
14,46,Column,0.5575800682534611
14,47,Column,0.42539688846243995
14,48,Column,0.4267358252104685
14,49,Column,0.10634018393159417
14,50,Column,0.14907611723836114
14,51,Column,0.08811170631863637
14,52,Column,0.3754856445817462
14,53,Column,0.5246239924096585
14,54,Column,0.17400430663596672
14,55,Column,0.12801724202287235
14,56,Column,0.517132865876583
14,57,Column,0.6704317642096043
14,58,Column,0.17475872786063104
14,59,Column,0.1882761277615355
14,60,Column,0.18560097263874367
14,61,Beam,0.09069690327280623
14,62,Beam,0.07873074631882385
14,63,Beam,0.09976089431438134
14,64,Beam,0.4640845723492021
14,65,Beam,0.6219254756022481
14,66,Beam,0.16746975496485086
14,67,Beam,0.10009395611608726
14,68,Beam,0.43090584561969986
14,69,Beam,0.5386237607728763
14,70,Beam,0.1675245701746929
14,71,Beam,0.14162501577828895
14,72,Beam,0.14226364475275674
14,73,Beam,0.05007996963599106
14,74,Beam,0.051563134179040265
14,75,Beam,0.05047340877815879
14,76,Beam,0.3177152075862213
14,77,Beam,0.456028570921157
14,78,Beam,0.09949746042286815
14,79,Beam,0.040629333889182585
14,80,Beam,0.4072342811604446
14,81,Beam,0.5567334224894384
14,82,Beam,0.09886811953182834
14,83,Beam,0.0670935061735637
14,84,Beam,0.06011550487265597
14,85,Beam,0.09342674469211375
14,86,Beam,0.1127286549003147
14,87,Beam,0.06935445343677403
14,88,Beam,0.15172221935823835
14,89,Beam,0.15474875279024602
14,90,Beam,0.1733703099566318
14,91,Beam,0.06955693482189815
14,92,Beam,0.16764443240144464
14,93,Beam,0.10622836953625024
14,94,Beam,0.18285798104055906
14,95,Beam,0.1088838621471953
14,96,Beam,0.11844315396138522
14,97,Beam,0.2135978487204084
14,98,Beam,0.24431513454015755
14,99,Beam,0.6280065758651106
14,100,Beam,0.4718745939118575
14,101,Beam,0.24469665403726062
14,102,Beam,0.7396908980898443
14,103,Beam,0.4717519201780172
14,104,Beam,0.15397746111470076
14,105,Beam,0.2130439012650809
14,106,Beam,0.24413983497140251
14,107,Beam,0.6835649765195492
14,108,Beam,0.24627878049951235
14,109,Beam,0.24458929680954272
14,110,Beam,0.6835660478956134
14,111,Beam,0.24627477975938838
14,112,Beam,0.2538951289003852
14,113,Beam,0.330679847204636
14,114,Beam,0.19421853906792674
14,115,Beam,0.6406126061294735
14,116,Beam,0.5152673964505287
14,117,Beam,0.19706790383755976
14,118,Beam,0.7539835588802244
14,119,Beam,0.5137541418018023
14,120,Beam,0.4586530998992483
14,121,Beam,0.2020831433524238
14,122,Beam,0.26112803438923615
14,123,Beam,0.6964933313571914
14,124,Beam,0.5156471319786343
14,125,Beam,0.25924155049862035
14,126,Beam,0.6964933449952005
14,127,Beam,0.5141359484337008
14,128,Beam,0.394463171993788
14,129,Beam,0.21688145193682767
14,130,Beam,0.2744467068351327
14,131,Beam,0.6995415741096039
14,132,Beam,0.35383037880267415
14,133,Beam,0.2758871737688198
14,134,Beam,0.8232177379356568
14,135,Beam,0.3533971357213984
14,136,Beam,0.42901018470138313
14,137,Beam,0.3089007975977666
14,138,Beam,0.20514206884096678
14,139,Beam,0.7616714727689744
14,140,Beam,0.5277209544270934
14,141,Beam,0.20603992400468019
14,142,Beam,0.7616608240749112
14,143,Beam,0.5273564834345135
14,144,Beam,0.25957161052285727
14,145,Beam,0.34644140248953537
14,146,Beam,0.2951905765216304
14,147,Beam,0.7548119336199558
14,148,Beam,0.5667474111702249
14,149,Beam,0.2969123773451129
14,150,Beam,0.888996074886916
14,151,Beam,0.5673493778747329
14,152,Beam,0.32963260125175575
14,153,Beam,0.351432878918178
14,154,Beam,0.29527777377708875
14,155,Beam,0.8217728096774773
14,156,Beam,0.37680980507283407
14,157,Beam,0.2969674623824408
14,158,Beam,0.821794408011141
14,159,Beam,0.377238537362869
14,160,Beam,0.40468505545617167
14,161,Beam,0.39228606696626445
14,162,Beam,0.18444122047618777
14,163,Beam,0.6611329279090628
14,164,Beam,0.49727424460289205
14,165,Beam,0.1860898982949084
14,166,Beam,0.778609022890224
14,167,Beam,0.4978949429885282
14,168,Beam,0.4701800886207711
14,169,Beam,0.3199255974815094
14,170,Beam,0.25997059025676306
14,171,Beam,0.7189221119652311
14,172,Beam,0.49692093163520057
14,173,Beam,0.2617417660721479
14,174,Beam,0.718921445679526
14,175,Beam,0.49759030772084945
14,176,Beam,0.41577405893767033
14,177,Beam,0.2096442491660458
14,178,Beam,0.18582276413363294
14,179,Beam,0.44951951162323855
14,180,Beam,0.2947963400284046
14,181,Beam,0.18949785098980104
14,182,Beam,0.5291947008031263
14,183,Beam,0.29661873642964687
14,184,Beam,0.34726092463091857
14,185,Beam,0.25877227876395476
14,186,Beam,0.16112789887195023
14,187,Beam,0.4892563300693435
14,188,Beam,0.3817910943336326
14,189,Beam,0.1647183058410005
14,190,Beam,0.48926476983754713
14,191,Beam,0.3838213354845578
14,192,Beam,0.2359720082939737
14,193,Beam,0.28271255330441036
14,194,Beam,0.21959713258438066
14,195,Beam,0.5498310898196705
14,196,Beam,0.44882941879108473
14,197,Beam,0.2216569640052889
14,198,Beam,0.6475932181011249
14,199,Beam,0.4513264246336362
14,200,Beam,0.3023349260672444
14,201,Beam,0.2820943227867191
14,202,Beam,0.21930981689421242
14,203,Beam,0.5991335866540608
14,204,Beam,0.34725069439076295
14,205,Beam,0.22133934380756
14,206,Beam,0.5991157111284752
14,207,Beam,0.34904225118301974
14,208,Beam,0.3344167700726312
14,209,Beam,0.26280429047339815
14,210,Beam,0.13754773077621174
14,211,Beam,0.4511817363876282
14,212,Beam,0.3763450289655702
14,213,Beam,0.13879900843425236
14,214,Beam,0.5308716973505659
14,215,Beam,0.3756566254379619
14,216,Beam,0.28122694867657716
14,217,Beam,0.20802289103752897
14,218,Beam,0.17524529218484552
14,219,Beam,0.48958076781162807
14,220,Beam,0.2942362717362285
14,221,Beam,0.1769500077046254
14,222,Beam,0.48963541671568545
14,223,Beam,0.2925639507058107
14,224,Beam,0.31014771425117926
15,1,Column,0.21442334149577855
15,2,Column,0.21517151756066571
15,3,Column,0.21978172865140874
15,4,Column,0.3303742327993358
15,5,Column,0.3908072317456392
15,6,Column,0.5542377790071051
15,7,Column,0.18722858383175178
15,8,Column,0.3991061552664544
15,9,Column,0.4637390739374106
15,10,Column,0.5536701409929248
15,11,Column,0.46854349938804063
15,12,Column,0.4691197934528522
15,13,Column,0.2579691473786093
15,14,Column,0.25885933721402754
15,15,Column,0.23881907889128995
15,16,Column,0.7001837317023254
15,17,Column,0.5632770975877157
15,18,Column,0.38091486328301805
15,19,Column,0.24079172133936058
15,20,Column,0.9083623866071944
15,21,Column,0.19152794620369465
15,22,Column,0.45867530226420783
15,23,Column,0.5832751998066272
15,24,Column,0.5762060507198385
15,25,Column,0.3623131219484677
15,26,Column,0.3715795835046726
15,27,Column,0.39425459126765394
15,28,Column,0.16402783973728088
15,29,Column,0.181461089923464
15,30,Column,0.4428333276417051
15,31,Column,0.39659358326396915
15,32,Column,0.18890439137296625
15,33,Column,0.2065243513593976
15,34,Column,0.6131772417129935
15,35,Column,0.5340326437970642
15,36,Column,0.5423541272607093
15,37,Column,0.333026293722421
15,38,Column,0.33419344617408286
15,39,Column,0.25083692499109994
15,40,Column,0.6078966760269612
15,41,Column,0.5115070483239862
15,42,Column,0.5569700289408537
15,43,Column,0.25255189935313554
15,44,Column,0.5221200779672156
15,45,Column,0.1695575029582325
15,46,Column,0.5590880750487505
15,47,Column,0.43871744597785833
15,48,Column,0.4384313745872554
15,49,Column,0.12612045554069387
15,50,Column,0.12804760660585285
15,51,Column,0.12478732575269826
15,52,Column,0.33720659817215415
15,53,Column,0.48555506556627726
15,54,Column,0.17967041646935736
15,55,Column,0.12560183111899245
15,56,Column,0.40606365442735376
15,57,Column,0.6283490461834317
15,58,Column,0.178979096409996
15,59,Column,0.19391038903807944
15,60,Column,0.19609400465813817
15,61,Beam,0.09974652664091563
15,62,Beam,0.10098699868169077
15,63,Beam,0.08170322470821102
15,64,Beam,0.4475962372520738
15,65,Beam,0.6055258876967464
15,66,Beam,0.1506428982875664
15,67,Beam,0.08922990842365178
15,68,Beam,0.418285319927923
15,69,Beam,0.5272033574516638
15,70,Beam,0.14971231196120738
15,71,Beam,0.1228561915102914
15,72,Beam,0.12431097074126778
15,73,Beam,0.061301512862715346
15,74,Beam,0.053498789701702396
15,75,Beam,0.06476165137508488
15,76,Beam,0.2001267990306012
15,77,Beam,0.2707089115949372
15,78,Beam,0.06908710226323572
15,79,Beam,0.06581435516121172
15,80,Beam,0.24455482074769205
15,81,Beam,0.3084363485461752
15,82,Beam,0.08428751972160556
15,83,Beam,0.06861042026542896
15,84,Beam,0.05245389586586497
15,85,Beam,0.11809427252238676
15,86,Beam,0.11951680906786782
15,87,Beam,0.06811690356201987
15,88,Beam,0.15458671147826675
15,89,Beam,0.15722479104977655
15,90,Beam,0.1717562788320641
15,91,Beam,0.07361623728887666
15,92,Beam,0.16851194608082
15,93,Beam,0.10792129457115973
15,94,Beam,0.17241021505869292
15,95,Beam,0.10857262143236329
15,96,Beam,0.12494322713083993
15,97,Beam,0.2136486246303506
15,98,Beam,0.2444732805214761
15,99,Beam,0.628000954309255
15,100,Beam,0.471787449577794
15,101,Beam,0.24490286211604134
15,102,Beam,0.7396855064137794
15,103,Beam,0.4716579504763075
15,104,Beam,0.15614966638317215
15,105,Beam,0.2128943728207743
15,106,Beam,0.24411282498832546
15,107,Beam,0.6835468693855294
15,108,Beam,0.24631291784525375
15,109,Beam,0.2445662277274965
15,110,Beam,0.6835497599132236
15,111,Beam,0.24623856005653436
15,112,Beam,0.2537978630998018
15,113,Beam,0.4429814455362874
15,114,Beam,0.14227312911739573
15,115,Beam,0.5684331321972815
15,116,Beam,0.49933515899939973
15,117,Beam,0.14379291530821248
15,118,Beam,0.6695179355750328
15,119,Beam,0.4985099911114773
15,120,Beam,0.6127354859073764
15,121,Beam,0.2334354129397986
15,122,Beam,0.22096893377518975
15,123,Beam,0.6187652809596554
15,124,Beam,0.49945633812935547
15,125,Beam,0.2209107968268527
15,126,Beam,0.6187609538161605
15,127,Beam,0.49869813181418343
15,128,Beam,0.527594043517238
15,129,Beam,0.21824467731477998
15,130,Beam,0.275744521507669
15,131,Beam,0.6994095563543946
15,132,Beam,0.35355289733433193
15,133,Beam,0.2770622192193463
15,134,Beam,0.8230867493284966
15,135,Beam,0.3535283362195027
15,136,Beam,0.4288936622996659
15,137,Beam,0.30898862691564455
15,138,Beam,0.21035002178330806
15,139,Beam,0.761492997950943
15,140,Beam,0.5277785157510873
15,141,Beam,0.21126806783055382
15,142,Beam,0.7614830863316538
15,143,Beam,0.5273074925652855
15,144,Beam,0.26516731292527773
15,145,Beam,0.3468053310516486
15,146,Beam,0.29512641821648994
15,147,Beam,0.7543643055289803
15,148,Beam,0.5664701485070363
15,149,Beam,0.29680016657058284
15,150,Beam,0.8885479187368571
15,151,Beam,0.566997765237422
15,152,Beam,0.32998830622990805
15,153,Beam,0.3568318679971901
15,154,Beam,0.2956300792935147
15,155,Beam,0.8213537205439148
15,156,Beam,0.3770819029826154
15,157,Beam,0.29680702866160097
15,158,Beam,0.8213628976648498
15,159,Beam,0.37674350222795683
15,160,Beam,0.410476481474475
15,161,Beam,0.33992407610225384
15,162,Beam,0.13547470266547817
15,163,Beam,0.4005350647154774
15,164,Beam,0.35059267776564096
15,165,Beam,0.13795073112642206
15,166,Beam,0.47098736851505035
15,167,Beam,0.3519244343374538
15,168,Beam,0.4236886263126665
15,169,Beam,0.27414230209604074
15,170,Beam,0.173960445035601
15,171,Beam,0.43482009780420383
15,172,Beam,0.3514278315772167
15,173,Beam,0.17632938521659422
15,174,Beam,0.4348106816974991
15,175,Beam,0.35280744200869046
15,176,Beam,0.3825250049155731
15,177,Beam,0.19740903966497433
15,178,Beam,0.18472041810669
15,179,Beam,0.44954893075110275
15,180,Beam,0.29375676471721685
15,181,Beam,0.1880931875331634
15,182,Beam,0.5292237765323535
15,183,Beam,0.2954212389514459
15,184,Beam,0.3023614849400986
15,185,Beam,0.23543159772333436
15,186,Beam,0.16347891124026878
15,187,Beam,0.48934855477741723
15,188,Beam,0.3809040261751242
15,189,Beam,0.16680269983585055
15,190,Beam,0.48935497828750474
15,191,Beam,0.3827677725782784
15,192,Beam,0.2177964140591098
15,193,Beam,0.1844287572278337
15,194,Beam,0.218860378261074
15,195,Beam,0.5498039165913343
15,196,Beam,0.4473378804576542
15,197,Beam,0.2207567599479383
15,198,Beam,0.6475692515092681
15,199,Beam,0.44964034132777236
15,200,Beam,0.19052246594710345
15,201,Beam,0.18780635035149426
15,202,Beam,0.21821610784994522
15,203,Beam,0.5990230748800403
15,204,Beam,0.34593351965832314
15,205,Beam,0.22011251976672036
15,206,Beam,0.5990005821969863
15,207,Beam,0.3476185052415272
15,208,Beam,0.2065828964072142
15,209,Beam,0.33216963500053737
15,210,Beam,0.1386348502242234
15,211,Beam,0.4591944775928162
15,212,Beam,0.3563471260518701
15,213,Beam,0.13972182706832115
15,214,Beam,0.5405960341494985
15,215,Beam,0.3558955592650305
15,216,Beam,0.35507541098913886
15,217,Beam,0.2733362130776646
15,218,Beam,0.17832160157263627
15,219,Beam,0.4985780717539165
15,220,Beam,0.2776069062627235
15,221,Beam,0.17868358214478136
15,222,Beam,0.4986314541329745
15,223,Beam,0.27620154492253807
15,224,Beam,0.39207519730547075
16,1,Column,0.3780889613424335
16,2,Column,0.38195014102639
16,3,Column,0.30532631074330907
16,4,Column,0.32642618119187417
16,5,Column,0.38611669188691833
16,6,Column,0.8469935548141643
16,7,Column,0.307136436181095
16,8,Column,0.3942507508852275
16,9,Column,0.4587568951056414
16,10,Column,0.8479671778192676
16,11,Column,0.7911824672600012
16,12,Column,0.7948616318018009
16,13,Column,0.25796134991286135
16,14,Column,0.26019638909949266
16,15,Column,0.21820842446094108
16,16,Column,0.26415920186149233
16,17,Column,0.33780478020956795
16,18,Column,0.43921848076027126
16,19,Column,0.21998088242651315
16,20,Column,0.344630845629161
16,21,Column,0.42518295335130507
16,22,Column,0.33909622259960925
16,23,Column,0.5330492113835457
16,24,Column,0.4153991337123456
16,25,Column,0.3651586761926482
16,26,Column,0.3687890314066202
16,27,Column,0.417342679404889
16,28,Column,0.16421796541604797
16,29,Column,0.18162353636254033
16,30,Column,0.6518327707157494
16,31,Column,0.42019459450251406
16,32,Column,0.18906229699855312
16,33,Column,0.2066648152194263
16,34,Column,0.6532363771361263
16,35,Column,0.5829970673027849
16,36,Column,0.5856668861174704
16,37,Column,0.3300211724330885
16,38,Column,0.33110070762589516
16,39,Column,0.2617506096239455
16,40,Column,0.4410533785235271
16,41,Column,0.507534714105768
16,42,Column,0.5792474811079558
16,43,Column,0.263333067647795
16,44,Column,0.1522718146988031
16,45,Column,0.16968947227497738
16,46,Column,0.5798659610374013
16,47,Column,0.43350352901403355
16,48,Column,0.4335925410989251
16,49,Column,0.13537675546039485
16,50,Column,0.1317637801332685
16,51,Column,0.1435957081023034
16,52,Column,0.31500834565253355
16,53,Column,0.4884271782529605
16,54,Column,0.2177788323266133
16,55,Column,0.14443056018004713
16,56,Column,0.48098537859978985
16,57,Column,0.6290242875077594
16,58,Column,0.21820539612239176
16,59,Column,0.23819589725682372
16,60,Column,0.233926590142222
16,61,Beam,0.11667964988411574
16,62,Beam,0.11815137874372307
16,63,Beam,0.09338493353260095
16,64,Beam,0.44725222652313246
16,65,Beam,0.6047829571368033
16,66,Beam,0.13406487364445502
16,67,Beam,0.09375570693552066
16,68,Beam,0.6348855336766691
16,69,Beam,0.5275513608109885
16,70,Beam,0.13454569144202785
16,71,Beam,0.14180378275779817
16,72,Beam,0.1424526332480889
16,73,Beam,0.054348309990691165
16,74,Beam,0.04917476587947344
16,75,Beam,0.05833738300615933
16,76,Beam,0.5215125224558315
16,77,Beam,0.48492067223419727
16,78,Beam,0.1021870127202264
16,79,Beam,0.03725092898668343
16,80,Beam,0.664144458162381
16,81,Beam,0.5814037036219167
16,82,Beam,0.07535752214556647
16,83,Beam,0.07024662033950363
16,84,Beam,0.07042613198506463
16,85,Beam,0.09592582145206467
16,86,Beam,0.09791086228970063
16,87,Beam,0.05316419914274601
16,88,Beam,0.1580057761796033
16,89,Beam,0.16064796916913618
16,90,Beam,0.17144447241399016
16,91,Beam,0.05129903343332095
16,92,Beam,0.16788119411093305
16,93,Beam,0.10765849091591216
16,94,Beam,0.17214163649239975
16,95,Beam,0.10053696812301612
16,96,Beam,0.10115701585390104
16,97,Beam,0.24976691404614187
16,98,Beam,0.21038544990356065
16,99,Beam,0.5286065478815063
16,100,Beam,0.40224688960843274
16,101,Beam,0.20976294308579052
16,102,Beam,0.6214038253403945
16,103,Beam,0.40205055438547954
16,104,Beam,0.18419721186195162
16,105,Beam,0.24943432088660594
16,106,Beam,0.20983570776645044
16,107,Beam,0.5743278476102727
16,108,Beam,0.21484364095019215
16,109,Beam,0.20904088861000558
16,110,Beam,0.5743313468125826
16,111,Beam,0.21465394666241705
16,112,Beam,0.29534990083351503
16,113,Beam,0.4088333671392153
16,114,Beam,0.15131075018267665
16,115,Beam,0.568678417104248
16,116,Beam,0.4995863420553281
16,117,Beam,0.1529258888228478
16,118,Beam,0.6696445794549357
16,119,Beam,0.4987557762242377
16,120,Beam,0.5160615021251311
16,121,Beam,0.2788124397329385
16,122,Beam,0.22122783300015914
16,123,Beam,0.6187086556689478
16,124,Beam,0.5002297557765654
16,125,Beam,0.22069487153114575
16,126,Beam,0.618705041393676
16,127,Beam,0.49941085326566126
16,128,Beam,0.45650276896577663
16,129,Beam,0.27558471856980404
16,130,Beam,0.2790225751331663
16,131,Beam,0.6995748442862879
16,132,Beam,0.35390871007262636
16,133,Beam,0.28042489472966126
16,134,Beam,0.8232512564182456
16,135,Beam,0.3534329003058667
16,136,Beam,0.41553514246143397
16,137,Beam,0.3328861610620901
16,138,Beam,0.20624763674268334
16,139,Beam,0.7613541330017508
16,140,Beam,0.5282210300685642
16,141,Beam,0.20740423178185033
16,142,Beam,0.7613440763322306
16,143,Beam,0.5277235096716892
16,144,Beam,0.2982391027280528
16,145,Beam,0.35246372506610074
16,146,Beam,0.21402654285270495
16,147,Beam,0.48608358431886745
16,148,Beam,0.4253623187768906
16,149,Beam,0.21682362421708934
16,150,Beam,0.5720104018241663
16,151,Beam,0.4254703769375454
16,152,Beam,0.33560674746563063
16,153,Beam,0.3519582119134983
16,154,Beam,0.21196730514262374
16,155,Beam,0.5281202162844655
16,156,Beam,0.30141327487597513
16,157,Beam,0.21421887059134678
16,158,Beam,0.528136948294216
16,159,Beam,0.30157178194324213
16,160,Beam,0.4046014274789289
16,161,Beam,0.3865727797882276
16,162,Beam,0.13942115361409388
16,163,Beam,0.4004450726593567
16,164,Beam,0.3507506541252676
16,165,Beam,0.14212958373725598
16,166,Beam,0.4710078901565321
16,167,Beam,0.3522492192515274
16,168,Beam,0.5317653291900598
16,169,Beam,0.26223961651748645
16,170,Beam,0.17006059223116396
16,171,Beam,0.4349684684197424
16,172,Beam,0.349953743773509
16,173,Beam,0.17236710035433095
16,174,Beam,0.43495741992539966
16,175,Beam,0.35137757483690996
16,176,Beam,0.4590770478727483
16,177,Beam,0.20535617622977292
16,178,Beam,0.18918763563984367
16,179,Beam,0.44952318043956363
16,180,Beam,0.2970505680970796
16,181,Beam,0.19264722387645206
16,182,Beam,0.5291975195603995
16,183,Beam,0.2987539191457662
16,184,Beam,0.30231020235875716
16,185,Beam,0.23271507062556185
16,186,Beam,0.15940923480738228
16,187,Beam,0.48941877724500044
16,188,Beam,0.3797429734934335
16,189,Beam,0.16265504290100297
16,190,Beam,0.4894267593706702
16,191,Beam,0.38166952680279864
16,192,Beam,0.21643289391541662
16,193,Beam,0.1891114918512338
16,194,Beam,0.21840541467418736
16,195,Beam,0.5497591263053354
16,196,Beam,0.44658859898568876
16,197,Beam,0.22037887036937326
16,198,Beam,0.6475234898935721
16,199,Beam,0.4489851373252466
16,200,Beam,0.19509705875810304
16,201,Beam,0.18685511774714586
16,202,Beam,0.21770981298094882
16,203,Beam,0.5990855907571033
16,204,Beam,0.345207050422042
16,205,Beam,0.21965932287169354
16,206,Beam,0.5990694230531782
16,207,Beam,0.3469315750106222
16,208,Beam,0.20678779369727363
16,209,Beam,0.2624152429644414
16,210,Beam,0.13861494060608973
16,211,Beam,0.45913748697681606
16,212,Beam,0.35589598589202387
16,213,Beam,0.13975402581422477
16,214,Beam,0.5405386368794827
16,215,Beam,0.35538946821290085
16,216,Beam,0.28096481850407073
16,217,Beam,0.2076676914301454
16,218,Beam,0.17777945575058646
16,219,Beam,0.49853445351791087
16,220,Beam,0.27648643843948234
16,221,Beam,0.17931075790223705
16,222,Beam,0.4985801635120412
16,223,Beam,0.2756124279010613
16,224,Beam,0.31010798379068244
17,1,Column,0.3213763417644122
17,2,Column,0.30743498538474967
17,3,Column,0.26599981016724883
17,4,Column,0.3287949849989514
17,5,Column,0.38960653773386583
17,6,Column,0.6664804086086642
17,7,Column,0.2686317756375352
17,8,Column,0.39768472742394356
17,9,Column,0.46291177514826554
17,10,Column,0.6664860484554281
17,11,Column,0.6050924306854801
17,12,Column,0.6071295265604765
17,13,Column,0.29643141363448855
17,14,Column,0.29663887645238063
17,15,Column,0.25333015041769835
17,16,Column,0.5159485674549891
17,17,Column,0.1677064464727202
17,18,Column,0.47341705412013346
17,19,Column,0.2556657110431356
17,20,Column,0.17273150108764487
17,21,Column,0.19122437232412523
17,22,Column,0.5301933144288549
17,23,Column,0.6287688934080544
17,24,Column,0.5090573583425216
17,25,Column,0.33816246551168017
17,26,Column,0.34572250897717355
17,27,Column,0.371506882504238
17,28,Column,0.384462859869985
17,29,Column,0.6441678159061266
17,30,Column,0.6140381213036901
17,31,Column,0.37320089185869887
17,32,Column,0.6865233905031478
17,33,Column,0.8283484949586876
17,34,Column,0.6144321384436702
17,35,Column,0.5214450939301338
17,36,Column,0.52885231601161
17,37,Column,0.23244122982073956
17,38,Column,0.231183575440403
17,39,Column,0.18491439157780315
17,40,Column,0.689026173990973
17,41,Column,0.2325868369150145
17,42,Column,0.37552096384464007
17,43,Column,0.1863383086601706
17,44,Column,0.23394978207993566
17,45,Column,0.2664099117874762
17,46,Column,0.37688840404801427
17,47,Column,0.29173580915944686
17,48,Column,0.28985414635078555
17,49,Column,0.1426811386230582
17,50,Column,0.14462475076751194
17,51,Column,0.14265466288478673
17,52,Column,0.34588338213009895
17,53,Column,0.492696810505327
17,54,Column,0.19965701288683532
17,55,Column,0.14383548632669235
17,56,Column,0.4720745416921436
17,57,Column,0.6376805052574379
17,58,Column,0.17426987790040416
17,59,Column,0.2294107850017811
17,60,Column,0.22785135847440477
17,61,Beam,0.11986579936303648
17,62,Beam,0.12085487213349179
17,63,Beam,0.07689554685581457
17,64,Beam,0.45857657483505143
17,65,Beam,0.6184363330160425
17,66,Beam,0.15647460984110714
17,67,Beam,0.10258865666640439
17,68,Beam,0.42451073678894824
17,69,Beam,0.5345065696463231
17,70,Beam,0.13894636444881173
17,71,Beam,0.1375282726360631
17,72,Beam,0.13818020452076107
17,73,Beam,0.050482202967210094
17,74,Beam,0.056762706018445706
17,75,Beam,0.05703788527975774
17,76,Beam,0.5350361348254173
17,77,Beam,0.485539893024064
17,78,Beam,0.11975168764596344
17,79,Beam,0.04233592137165524
17,80,Beam,0.679602976797139
17,81,Beam,0.15333579037384723
17,82,Beam,0.10399293259996227
17,83,Beam,0.08729148711916987
17,84,Beam,0.06807133644659548
17,85,Beam,0.0778919441999161
17,86,Beam,0.07815121773399253
17,87,Beam,0.06975477631906533
17,88,Beam,0.15421437146668968
17,89,Beam,0.15689388371442206
17,90,Beam,0.12735445513925694
17,91,Beam,0.07026119567269624
17,92,Beam,0.16887827295233457
17,93,Beam,0.107777260039155
17,94,Beam,0.12787091860808622
17,95,Beam,0.10265352026060487
17,96,Beam,0.10327373379649683
17,97,Beam,0.36095662438542164
17,98,Beam,0.24515679441855073
17,99,Beam,0.6281004696296567
17,100,Beam,0.47323914673329687
17,101,Beam,0.24475837946431156
17,102,Beam,0.7397833640266265
17,103,Beam,0.4731075654277973
17,104,Beam,0.25846801167474054
17,105,Beam,0.3608460248871135
17,106,Beam,0.2450488352779503
17,107,Beam,0.6836248409008286
17,108,Beam,0.24703151350311395
17,109,Beam,0.24459232446472826
17,110,Beam,0.6836226333305843
17,111,Beam,0.24692362925189112
17,112,Beam,0.43038677878313636
17,113,Beam,0.42335760212515716
17,114,Beam,0.20174794679680286
17,115,Beam,0.6548850486689249
17,116,Beam,0.5025343630513857
17,117,Beam,0.2024894843804111
17,118,Beam,0.7682032476484337
17,119,Beam,0.5016280918229844
17,120,Beam,0.5855970303281547
17,121,Beam,0.2294620228409679
17,122,Beam,0.2934272511927816
17,123,Beam,0.7095865768799869
17,124,Beam,0.5029318532574517
17,125,Beam,0.29122608143567374
17,126,Beam,0.709588427796615
17,127,Beam,0.5019815797792394
17,128,Beam,0.504283765683586
17,129,Beam,0.21054137808428575
17,130,Beam,0.28421614938362494
17,131,Beam,0.6554433071272613
17,132,Beam,0.3352755411279052
17,133,Beam,0.28646707061821886
17,134,Beam,0.77077423192069
17,135,Beam,0.33450754362138585
17,136,Beam,0.42890048664603203
17,137,Beam,0.30905604081008925
17,138,Beam,0.21494909888850736
17,139,Beam,0.7135892459195686
17,140,Beam,0.49718778077317843
17,141,Beam,0.21666124056267683
17,142,Beam,0.7135781631020331
17,143,Beam,0.4963179117648304
17,144,Beam,0.24677198563108602
17,145,Beam,0.33846208554084195
17,146,Beam,0.20038268971087175
17,147,Beam,0.4861951691505411
17,148,Beam,0.4261622723035551
17,149,Beam,0.2031101915536741
17,150,Beam,0.5720397149244433
17,151,Beam,0.42478136926844323
17,152,Beam,0.3216688245708406
17,153,Beam,0.3385364895860708
17,154,Beam,0.19861267143831784
17,155,Beam,0.5280154091276049
17,156,Beam,0.291238397332025
17,157,Beam,0.20081815796734126
17,158,Beam,0.5280433766124072
17,159,Beam,0.2923665216748454
17,160,Beam,0.39132250784706635
17,161,Beam,0.32614297024638456
17,162,Beam,0.12771939525598358
17,163,Beam,0.4005044040923809
17,164,Beam,0.3503357612099376
17,165,Beam,0.13033264767676744
17,166,Beam,0.47096419180304866
17,167,Beam,0.35175525094984184
17,168,Beam,0.4100769938400044
17,169,Beam,0.2537468572717144
17,170,Beam,0.16265634725725464
17,171,Beam,0.43483430377789545
17,172,Beam,0.3504439294853318
17,173,Beam,0.16515961931950893
17,174,Beam,0.43481406028886777
17,175,Beam,0.3518805715879869
17,176,Beam,0.36076718699315163
17,177,Beam,0.2580295253647826
17,178,Beam,0.15611289814995077
17,179,Beam,0.39193129064266047
17,180,Beam,0.23012611579961337
17,181,Beam,0.15750641501708745
17,182,Beam,0.46112047193441735
17,183,Beam,0.2305569189827035
17,184,Beam,0.37259237619203855
17,185,Beam,0.28523914777036175
17,186,Beam,0.12522959778901738
17,187,Beam,0.4264352485281194
17,188,Beam,0.2962127608282781
17,189,Beam,0.1265980442999654
17,190,Beam,0.4264409189259145
17,191,Beam,0.2976010469932962
17,192,Beam,0.2602836171089062
17,193,Beam,0.2185468987651593
17,194,Beam,0.21865743487286057
17,195,Beam,0.549663694479319
17,196,Beam,0.4466897864850159
17,197,Beam,0.22062869443582767
17,198,Beam,0.6474267032288576
17,199,Beam,0.4490919198883085
17,200,Beam,0.2343230626257015
17,201,Beam,0.2182841649907782
17,202,Beam,0.21777863988965704
17,203,Beam,0.5991526556122438
17,204,Beam,0.34497851230934007
17,205,Beam,0.21974101234126636
17,206,Beam,0.5991389278393648
17,207,Beam,0.3467168826426077
17,208,Beam,0.2578184509914697
17,209,Beam,0.16477551007410648
17,210,Beam,0.1389503198243602
17,211,Beam,0.4590105346507514
17,212,Beam,0.3553990838643075
17,213,Beam,0.14010735854743323
17,214,Beam,0.5404108827143241
17,215,Beam,0.35579368429256336
17,216,Beam,0.16910282611170158
17,217,Beam,0.13589488698889926
17,218,Beam,0.17845383999973896
17,219,Beam,0.49850382067023236
17,220,Beam,0.27793797551485255
17,221,Beam,0.17862285638709474
17,222,Beam,0.49854934081260843
17,223,Beam,0.2764926484067483
17,224,Beam,0.17033750573841389
18,1,Column,0.32546544262109095
18,2,Column,0.3293718124180055
18,3,Column,0.25762019356489013
18,4,Column,0.3326761676953378
18,5,Column,0.3936713006621455
18,6,Column,0.6601817197976796
18,7,Column,0.25747895332172793
18,8,Column,0.401783970698668
18,9,Column,0.4671635582538868
18,10,Column,0.6604810160985723
18,11,Column,0.6101729706618286
18,12,Column,0.6136038498540861
18,13,Column,0.32095608625010236
18,14,Column,0.3216049923851421
18,15,Column,0.25146536214406023
18,16,Column,0.15084131776194748
18,17,Column,0.16911345875894976
18,18,Column,0.5317774271542558
18,19,Column,0.25376371789519575
18,20,Column,0.17414125895012383
18,21,Column,0.19261363026060802
18,22,Column,0.5327210024350468
18,23,Column,0.5100486761593597
18,24,Column,0.5084518483338143
18,25,Column,0.35730626574675795
18,26,Column,0.36275649251737474
18,27,Column,0.3905384793345676
18,28,Column,0.17116313379021234
18,29,Column,0.18930170142181033
18,30,Column,0.638666358559185
18,31,Column,0.39297684688397916
18,32,Column,0.19708342359216552
18,33,Column,0.21544149403559532
18,34,Column,0.6403278089380662
18,35,Column,0.539703293065527
18,36,Column,0.48238536667103477
18,37,Column,0.2832291434623793
18,38,Column,0.31703094840744794
18,39,Column,0.25490130762578245
18,40,Column,0.5951634679947957
18,41,Column,0.49628575543930975
18,42,Column,0.5722371164615243
18,43,Column,0.2564188423124339
18,44,Column,0.5232337059640085
18,45,Column,0.16977672563371
18,46,Column,0.5740766374847726
18,47,Column,0.4315194410942934
18,48,Column,0.43098418121208926
18,49,Column,0.1556543100136557
18,50,Column,0.15682064000935644
18,51,Column,0.1520908792667875
18,52,Column,0.40744237530823046
18,53,Column,0.4004782358279503
18,54,Column,0.22951689692485713
18,55,Column,0.1530453957057095
18,56,Column,0.5415802809022923
18,57,Column,0.6903731528504553
18,58,Column,0.2296879104477942
18,59,Column,0.2353325137925523
18,60,Column,0.232000619748407
18,61,Beam,0.12512018652906345
18,62,Beam,0.12564187866559637
18,63,Beam,0.10506441198779423
18,64,Beam,0.4721862718940073
18,65,Beam,0.6301546642363507
18,66,Beam,0.1552353276500146
18,67,Beam,0.10549727542143315
18,68,Beam,0.4336540603638122
18,69,Beam,0.5405847401092011
18,70,Beam,0.1453819506922832
18,71,Beam,0.1418554920139072
18,72,Beam,0.14249281369530756
18,73,Beam,0.05704979001600917
18,74,Beam,0.05629793677133286
18,75,Beam,0.04116147568073525
18,76,Beam,0.21146066106975842
18,77,Beam,0.2804447853155203
18,78,Beam,0.12613289147115916
18,79,Beam,0.04142162906661793
18,80,Beam,0.255429782753448
18,81,Beam,0.32483460393279096
18,82,Beam,0.12568644885768027
18,83,Beam,0.06361730985915855
18,84,Beam,0.06520079191625842
18,85,Beam,0.07728284866817668
18,86,Beam,0.07659902779882244
18,87,Beam,0.05573485644286235
18,88,Beam,0.15353640995933845
18,89,Beam,0.1564218705097901
18,90,Beam,0.14514761607255006
18,91,Beam,0.05586740290210505
18,92,Beam,0.16730317158481112
18,93,Beam,0.10710850921164075
18,94,Beam,0.14575401651655312
18,95,Beam,0.09038644340105188
18,96,Beam,0.09094359101801207
18,97,Beam,0.36095684315498533
18,98,Beam,0.24525886282061699
18,99,Beam,0.6281969758494029
18,100,Beam,0.4732287728681209
18,101,Beam,0.24488377733220815
18,102,Beam,0.7398802901156972
18,103,Beam,0.4731090782615809
18,104,Beam,0.25848262452089804
18,105,Beam,0.3607980305038279
18,106,Beam,0.24487243062451647
18,107,Beam,0.6835511658716147
18,108,Beam,0.24704745505028045
18,109,Beam,0.24441737284094645
18,110,Beam,0.6835485558015159
18,111,Beam,0.24694015613897044
18,112,Beam,0.4303455688597511
18,113,Beam,0.42362513236144883
18,114,Beam,0.2066496302143392
18,115,Beam,0.6548278209156868
18,116,Beam,0.5021098593267188
18,117,Beam,0.20658121881332092
18,118,Beam,0.7681425646246429
18,119,Beam,0.5011490181413858
18,120,Beam,0.5858686528575894
18,121,Beam,0.22500008068495672
18,122,Beam,0.28309269404933646
18,123,Beam,0.7093559183600667
18,124,Beam,0.5033460519506863
18,125,Beam,0.28080367608882695
18,126,Beam,0.7093585563970576
18,127,Beam,0.502402617660097
18,128,Beam,0.5040955881745058
18,129,Beam,0.23678103417949078
18,130,Beam,0.2796858495180689
18,131,Beam,0.655818002732643
18,132,Beam,0.33546177342279365
18,133,Beam,0.281534244672274
18,134,Beam,0.7711472938787209
18,135,Beam,0.33466676616463725
18,136,Beam,0.44062976134781456
18,137,Beam,0.31908518634746685
18,138,Beam,0.2105601326694828
18,139,Beam,0.7134244220238494
18,140,Beam,0.49685246323280574
18,141,Beam,0.2123920600829175
18,142,Beam,0.7134158484997338
18,143,Beam,0.496005360548192
18,144,Beam,0.2640528531513517
18,145,Beam,0.28576289767939633
18,146,Beam,0.2937684962010542
18,147,Beam,0.7544299465529364
18,148,Beam,0.5672458706754364
18,149,Beam,0.2954716844518032
18,150,Beam,0.8886111728862128
18,151,Beam,0.5666269050691748
18,152,Beam,0.2717649101731608
18,153,Beam,0.2831781190969978
18,154,Beam,0.29333665072416687
18,155,Beam,0.8215921949276016
18,156,Beam,0.37747165711588965
18,157,Beam,0.29483752840641864
18,158,Beam,0.8216080041819083
18,159,Beam,0.37708357492498423
18,160,Beam,0.33087828011432774
18,161,Beam,0.3587859229398228
18,162,Beam,0.12558809950052757
18,163,Beam,0.4002329084629638
18,164,Beam,0.350289513725346
18,165,Beam,0.12815868553279305
18,166,Beam,0.47077072558392963
18,167,Beam,0.3517056173355057
18,168,Beam,0.4759426737141273
18,169,Beam,0.27309352402408016
18,170,Beam,0.15852262371392156
18,171,Beam,0.434804681287885
18,172,Beam,0.3500061565867304
18,173,Beam,0.16099126561502372
18,174,Beam,0.43478567226686804
18,175,Beam,0.35076689534035926
18,176,Beam,0.41004806427638507
18,177,Beam,0.25473202287903646
18,178,Beam,0.177836620852599
18,179,Beam,0.44959371667737125
18,180,Beam,0.2924899094647353
18,181,Beam,0.17928185754924242
18,182,Beam,0.5292687136845138
18,183,Beam,0.2940683213136146
18,184,Beam,0.34511732218299346
18,185,Beam,0.27756874051139735
18,186,Beam,0.1486709719660165
18,187,Beam,0.489357524491079
18,188,Beam,0.3791235823012982
18,189,Beam,0.15195552424125694
18,190,Beam,0.48936255168695436
18,191,Beam,0.3809853310974134
18,192,Beam,0.2560551703828488
18,193,Beam,0.21858481978971447
18,194,Beam,0.21824092014345964
18,195,Beam,0.5497219854339502
18,196,Beam,0.4461432291871258
18,197,Beam,0.22014209302646037
18,198,Beam,0.6474844882295195
18,199,Beam,0.44845648544658934
18,200,Beam,0.23434762404295076
18,201,Beam,0.21829834577049867
18,202,Beam,0.21750673608113202
18,203,Beam,0.5991349468969479
18,204,Beam,0.34471461043495444
18,205,Beam,0.21941085792359835
18,206,Beam,0.5991218489445935
18,207,Beam,0.3463928951735548
18,208,Beam,0.25786686894343813
18,209,Beam,0.3241705198820697
18,210,Beam,0.13708378903504026
18,211,Beam,0.45103383806893854
18,212,Beam,0.37741931316108857
18,213,Beam,0.13824026970825093
18,214,Beam,0.5307228746793796
18,215,Beam,0.3768826495980627
18,216,Beam,0.33603571306698166
18,217,Beam,0.2661792542870504
18,218,Beam,0.17594466966717592
18,219,Beam,0.48951625774614854
18,220,Beam,0.295226080292894
18,221,Beam,0.1761290614707201
18,222,Beam,0.48956519340464644
18,223,Beam,0.2936538129057813
18,224,Beam,0.3709547765122088
19,1,Column,0.361185958208928
19,2,Column,0.3646944722266808
19,3,Column,0.3164021648304278
19,4,Column,0.5112744900168693
19,5,Column,0.6255375935859311
19,6,Column,0.6925269429108974
19,7,Column,0.31768306187598205
19,8,Column,0.6352157118674344
19,9,Column,0.7586453079762135
19,10,Column,0.6927474986282487
19,11,Column,0.6367812950526403
19,12,Column,0.6397155133142938
19,13,Column,0.35966099721163913
19,14,Column,0.34237731640342906
19,15,Column,0.2839961292353933
19,16,Column,0.4996104157398805
19,17,Column,0.1668636366001264
19,18,Column,0.5577240709292979
19,19,Column,0.2861135527441412
19,20,Column,0.5880649419455103
19,21,Column,0.1903567632514737
19,22,Column,0.5574101642478351
19,23,Column,0.6740694116787422
19,24,Column,0.6787002002303897
19,25,Column,0.35792331985108594
19,26,Column,0.36332098069815255
19,27,Column,0.39803695764344094
19,28,Column,0.6956491866386101
19,29,Column,0.8651766367997475
19,30,Column,0.631280383842082
19,31,Column,0.4007543600426621
19,32,Column,0.9228525892874808
19,33,Column,0.6704515062642742
19,34,Column,0.6330037083047142
19,35,Column,0.537883463086113
19,36,Column,0.4835391170829309
19,37,Column,0.21834645472908612
19,38,Column,0.21967272057814513
19,39,Column,0.1585560035074227
19,40,Column,0.22443480719237024
19,41,Column,0.2554697384572613
19,42,Column,0.36547196038844865
19,43,Column,0.15954625630310584
19,44,Column,0.25777691418824183
19,45,Column,0.30370757496460676
19,46,Column,0.3664472277449813
19,47,Column,0.2374827250681692
19,48,Column,0.23843233818240878
19,49,Column,0.16363301667505079
19,50,Column,0.16477958492250463
19,51,Column,0.15296808774043671
19,52,Column,0.3735343606966884
19,53,Column,0.5114786744992921
19,54,Column,0.20387464406356548
19,55,Column,0.15389371941340876
19,56,Column,0.5021203945008672
19,57,Column,0.645505366471169
19,58,Column,0.2038005412666182
19,59,Column,0.22075757216447967
19,60,Column,0.2189643743046068
19,61,Beam,0.12105704068786112
19,62,Beam,0.12082880091962699
19,63,Beam,0.11182404557589107
19,64,Beam,0.4751653813307174
19,65,Beam,0.49517770368590575
19,66,Beam,0.18091226554895737
19,67,Beam,0.0791026326552409
19,68,Beam,0.45046546252397596
19,69,Beam,0.5505626693271058
19,70,Beam,0.18053911403404488
19,71,Beam,0.13476972479241336
19,72,Beam,0.13530147298937364
19,73,Beam,0.060248870631023264
19,74,Beam,0.05987215283503517
19,75,Beam,0.040364962758936605
19,76,Beam,0.5464714862205757
19,77,Beam,0.4854251155068957
19,78,Beam,0.11983109887121504
19,79,Beam,0.04050563815513365
19,80,Beam,0.6949025495110513
19,81,Beam,0.1533359013269504
19,82,Beam,0.11924682467135284
19,83,Beam,0.0854099399527192
19,84,Beam,0.06644256504955598
19,85,Beam,0.06839676250443436
19,86,Beam,0.06793208698250032
19,87,Beam,0.06205643358865868
19,88,Beam,0.1527808808953029
19,89,Beam,0.15538900913436163
19,90,Beam,0.12761946709371752
19,91,Beam,0.062234740828832784
19,92,Beam,0.16982051720109217
19,93,Beam,0.10713511654572852
19,94,Beam,0.12811609452491923
19,95,Beam,0.10280278410335525
19,96,Beam,0.10341706874012047
19,97,Beam,0.21333753733825536
19,98,Beam,0.244296009117886
19,99,Beam,0.6277617525322184
19,100,Beam,0.47257017707979665
19,101,Beam,0.24405108104751427
19,102,Beam,0.7394462686529895
19,103,Beam,0.47248982295740877
19,104,Beam,0.15381783798953585
19,105,Beam,0.21283611601631086
19,106,Beam,0.24461928826321852
19,107,Beam,0.6835184711604205
19,108,Beam,0.24678525674553886
19,109,Beam,0.2443345929005844
19,110,Beam,0.6835158568034819
19,111,Beam,0.2467192587692138
19,112,Beam,0.25373991053208056
19,113,Beam,0.33039217800194143
19,114,Beam,0.18064198007674742
19,115,Beam,0.6538014072922248
19,116,Beam,0.5049144433895566
19,117,Beam,0.17888045779916464
19,118,Beam,0.7671176677634067
19,119,Beam,0.5042168981736505
19,120,Beam,0.45836294105171943
19,121,Beam,0.18213021149783104
19,122,Beam,0.2722512243125469
19,123,Beam,0.7092100391428351
19,124,Beam,0.5046393814396245
19,125,Beam,0.2703851015450427
19,126,Beam,0.7092057882460858
19,127,Beam,0.5039474953374041
19,128,Beam,0.39436516766035373
19,129,Beam,0.22003332722462238
19,130,Beam,0.26744640394487806
19,131,Beam,0.6556416805681182
19,132,Beam,0.33596695020224654
19,133,Beam,0.26757835877086683
19,134,Beam,0.7709902337748373
19,135,Beam,0.33536250638833376
19,136,Beam,0.43989742030083473
19,137,Beam,0.3188967830376781
19,138,Beam,0.2051075403714017
19,139,Beam,0.7136785772238083
19,140,Beam,0.49839193711123664
19,141,Beam,0.2052949063923308
19,142,Beam,0.7136708915081316
19,143,Beam,0.4977040081761238
19,144,Beam,0.2585833533580319
19,145,Beam,0.2827117685229532
19,146,Beam,0.18957426591181753
19,147,Beam,0.48645360714652586
19,148,Beam,0.42683940528755493
19,149,Beam,0.19129738032522084
19,150,Beam,0.5719847335584083
19,151,Beam,0.42613892472130455
19,152,Beam,0.26870315126124905
19,153,Beam,0.2806034983035875
19,154,Beam,0.19216638797949354
19,155,Beam,0.5282560702682744
19,156,Beam,0.2862489423705695
19,157,Beam,0.19457910320757216
19,158,Beam,0.5282672253480118
19,159,Beam,0.28744355068728866
19,160,Beam,0.3306628486113336
19,161,Beam,0.3618929672318813
19,162,Beam,0.12360690731095654
19,163,Beam,0.40052794196303787
19,164,Beam,0.35097560093330027
19,165,Beam,0.12620401143604315
19,166,Beam,0.47112451914023
19,167,Beam,0.3524095918333124
19,168,Beam,0.43976527729823406
19,169,Beam,0.28873950593392306
19,170,Beam,0.15922200332696448
19,171,Beam,0.43472627521517254
19,172,Beam,0.3501895118221523
19,173,Beam,0.16176089208739844
19,174,Beam,0.434711685628319
19,175,Beam,0.35153890212519945
19,176,Beam,0.38296971999405804
19,177,Beam,0.1873506328677549
19,178,Beam,0.17827429082049343
19,179,Beam,0.44952431351368666
19,180,Beam,0.29325147268864954
19,181,Beam,0.18004190202821196
19,182,Beam,0.5292007520748372
19,183,Beam,0.29494952221798426
19,184,Beam,0.30250702278019537
19,185,Beam,0.22090694948091585
19,186,Beam,0.14868742804470367
19,187,Beam,0.48950716341445694
19,188,Beam,0.37919766010581696
19,189,Beam,0.151871600128253
19,190,Beam,0.489512741462515
19,191,Beam,0.3810233247220537
19,192,Beam,0.20474656686054216
19,193,Beam,0.179492527238536
19,194,Beam,0.21835049436995152
19,195,Beam,0.5498397847629962
19,196,Beam,0.4472602451286741
19,197,Beam,0.22019754617380483
19,198,Beam,0.6476047666830113
19,199,Beam,0.4495092612897781
19,200,Beam,0.18545585403631193
19,201,Beam,0.1803845729790859
19,202,Beam,0.21794513177739255
19,203,Beam,0.5991668224058105
19,204,Beam,0.34537325639278327
19,205,Beam,0.2198212197185332
19,206,Beam,0.599149947624818
19,207,Beam,0.34705274035668926
19,208,Beam,0.20008637967266862
19,209,Beam,0.32850084934458895
19,210,Beam,0.13901992474355487
19,211,Beam,0.4591393750328989
19,212,Beam,0.35497085003028184
19,213,Beam,0.14012428671189897
19,214,Beam,0.5405398902015646
19,215,Beam,0.35627208050049697
19,216,Beam,0.34046965135354973
19,217,Beam,0.26617642036201916
19,218,Beam,0.17840400595491776
19,219,Beam,0.4985457400676959
19,220,Beam,0.2776613505697487
19,221,Beam,0.17859114949566668
19,222,Beam,0.4985942895604833
19,223,Beam,0.2762671953996181
19,224,Beam,0.3712525894040882
20,1,Column,0.2855206282989571
20,2,Column,0.28804889488023055
20,3,Column,0.26804170542704553
20,4,Column,0.3313707349681886
20,5,Column,0.3919776545554032
20,6,Column,0.6407415546259754
20,7,Column,0.26764720253240537
20,8,Column,0.4002276293094096
20,9,Column,0.4651127822551052
20,10,Column,0.6416975226346386
20,11,Column,0.5491632728443482
20,12,Column,0.5541909231577782
20,13,Column,0.33944840502693824
20,14,Column,0.3434087835722747
20,15,Column,0.2665109991691887
20,16,Column,0.503830847104935
20,17,Column,0.1685685981634994
20,18,Column,0.5200870889423166
20,19,Column,0.2690292427428228
20,20,Column,0.5887541119587804
20,21,Column,0.1919734237110128
20,22,Column,0.5207028653247068
20,23,Column,0.6956139816680724
20,24,Column,0.6659143123084434
20,25,Column,0.382164453943678
20,26,Column,0.39291448337400825
20,27,Column,0.41778883538835176
20,28,Column,0.1645285857798261
20,29,Column,0.18202710220043675
20,30,Column,0.6149106529493582
20,31,Column,0.42172053532303233
20,32,Column,0.189434266700835
20,33,Column,0.20715246123916994
20,34,Column,0.6169263681422559
20,35,Column,0.5809633204558164
20,36,Column,0.5913445508744448
20,37,Column,0.2621208801866089
20,38,Column,0.26548727796550636
20,39,Column,0.2462575343264444
20,40,Column,0.3706257632802553
20,41,Column,0.4255308455736856
20,42,Column,0.4023727446813926
20,43,Column,0.2482773530518608
20,44,Column,0.15273226951369562
20,45,Column,0.17024963346085195
20,46,Column,0.4038636327205422
20,47,Column,0.34839338429245653
20,48,Column,0.3526435617187639
20,49,Column,0.13471927026055922
20,50,Column,0.13538494312443122
20,51,Column,0.1546767585267656
20,52,Column,0.3313941823054749
20,53,Column,0.46281534588273215
20,54,Column,0.23237129975902687
20,55,Column,0.15501407099852513
20,56,Column,0.4731711863596284
20,57,Column,0.6235792872888692
20,58,Column,0.19034233030680384
20,59,Column,0.20457622987045077
20,60,Column,0.1996961357338446
20,61,Beam,0.15630586623744946
20,62,Beam,0.1568361160395422
20,63,Beam,0.1324800143125471
20,64,Beam,0.513644474158691
20,65,Beam,0.6677744125253084
20,66,Beam,0.20780162394846793
20,67,Beam,0.13273678336825873
20,68,Beam,0.4556506717768956
20,69,Beam,0.5551469836619918
20,70,Beam,0.20743365331158642
20,71,Beam,0.1583217239755506
20,72,Beam,0.15994688492501133
20,73,Beam,0.04978649657492912
20,74,Beam,0.050075462169386145
20,75,Beam,0.03588533727217217
20,76,Beam,0.22537994844073228
20,77,Beam,0.31666005231944155
20,78,Beam,0.0782632192521264
20,79,Beam,0.031055622999980444
20,80,Beam,0.2954956170136667
20,81,Beam,0.39251615388359895
20,82,Beam,0.07766138055845274
20,83,Beam,0.052506629878395585
20,84,Beam,0.05679538662924901
20,85,Beam,0.09445294068316433
20,86,Beam,0.09496807855193691
20,87,Beam,0.04772996821821066
20,88,Beam,0.1480334215112749
20,89,Beam,0.15047739934565657
20,90,Beam,0.14569019038614825
20,91,Beam,0.04866336844360078
20,92,Beam,0.16302657176963598
20,93,Beam,0.10201381298528786
20,94,Beam,0.14615668464953505
20,95,Beam,0.09498544453271339
20,96,Beam,0.09608122694577254
20,97,Beam,0.26975960395716986
20,98,Beam,0.24418829296662217
20,99,Beam,0.6280921425185455
20,100,Beam,0.47196033688930367
20,101,Beam,0.24454917344801438
20,102,Beam,0.7397769050781839
20,103,Beam,0.4718469486015448
20,104,Beam,0.20794742167852112
20,105,Beam,0.2694529095578567
20,106,Beam,0.24429768637699828
20,107,Beam,0.6835655250392422
20,108,Beam,0.24637732559251943
20,109,Beam,0.24474644748877522
20,110,Beam,0.6835690004523253
20,111,Beam,0.24627196243534336
20,112,Beam,0.31758872867319166
20,113,Beam,0.4507355097869593
20,114,Beam,0.14009731446741377
20,115,Beam,0.5685447588272095
20,116,Beam,0.49834734264648634
20,117,Beam,0.1415909398892057
20,118,Beam,0.6695888491261344
20,119,Beam,0.4975733800274357
20,120,Beam,0.6207699525196309
20,121,Beam,0.25719588078819683
20,122,Beam,0.22073790916403646
20,123,Beam,0.6185991259568718
20,124,Beam,0.49915798492945884
20,125,Beam,0.22133650696723914
20,126,Beam,0.6186054889140125
20,127,Beam,0.4983988799120953
20,128,Beam,0.5349413294097101
20,129,Beam,0.2122910368507357
20,130,Beam,0.2761435680932786
20,131,Beam,0.6994140888117111
20,132,Beam,0.3536309028755474
20,133,Beam,0.27761843452405754
20,134,Beam,0.8231031004954724
20,135,Beam,0.35407464178822
20,136,Beam,0.4288242192047661
20,137,Beam,0.30878681258569457
20,138,Beam,0.19843914042672034
20,139,Beam,0.7612473619130885
20,140,Beam,0.5273061215209404
20,141,Beam,0.19942903748674762
20,142,Beam,0.761264414660029
20,143,Beam,0.5277688340598401
20,144,Beam,0.24608296266415583
20,145,Beam,0.2803343079081013
20,146,Beam,0.19827156332995657
20,147,Beam,0.48577465885311866
20,148,Beam,0.42718839804286074
20,149,Beam,0.20096103463561657
20,150,Beam,0.5716776622133916
20,151,Beam,0.4287120312563553
20,152,Beam,0.26790229454133746
20,153,Beam,0.27357869531014317
20,154,Beam,0.19645269162104684
20,155,Beam,0.528405676458982
20,156,Beam,0.28878204011088815
20,157,Beam,0.1987093341485217
20,158,Beam,0.5284277949445502
20,159,Beam,0.28997017916723317
20,160,Beam,0.3107711392393736
20,161,Beam,0.3553773804923317
20,162,Beam,0.20174309863092307
20,163,Beam,0.6258069350584414
20,164,Beam,0.4726964528164262
20,165,Beam,0.20478121503294772
20,166,Beam,0.7356465877259688
20,167,Beam,0.4738681925632508
20,168,Beam,0.4328906968813665
20,169,Beam,0.2799766146780047
20,170,Beam,0.2613465763383307
20,171,Beam,0.6796718404471246
20,172,Beam,0.4730232792155138
20,173,Beam,0.2642059141678718
20,174,Beam,0.6797137037740333
20,175,Beam,0.47426561268579215
20,176,Beam,0.3785584117762234
20,177,Beam,0.24921253570311863
20,178,Beam,0.19281396275676313
20,179,Beam,0.4867089002252373
20,180,Beam,0.33096194703063236
20,181,Beam,0.19630762465011167
20,182,Beam,0.5732667224446216
20,183,Beam,0.3327399527804632
20,184,Beam,0.43730567405010073
20,185,Beam,0.31782294103306746
20,186,Beam,0.15945773835648655
20,187,Beam,0.5297104353173203
20,188,Beam,0.43101331649339053
20,189,Beam,0.16277719527814175
20,190,Beam,0.5297155728323651
20,191,Beam,0.43301397578646816
20,192,Beam,0.2945780751870865
20,193,Beam,0.18025554159292467
20,194,Beam,0.2194896387587104
20,195,Beam,0.5496165778124701
20,196,Beam,0.44934007117281227
20,197,Beam,0.2214548169080424
20,198,Beam,0.6473792386788496
20,199,Beam,0.45171629447799944
20,200,Beam,0.18632271259985253
20,201,Beam,0.17824014944022998
20,202,Beam,0.21914620845362015
20,203,Beam,0.599195567605098
20,204,Beam,0.3472280664643998
20,205,Beam,0.22099569247238735
20,206,Beam,0.5991844119697951
20,207,Beam,0.3488632582873276
20,208,Beam,0.1986240230987919
20,209,Beam,0.322640843239156
20,210,Beam,0.13884651469231787
20,211,Beam,0.45920497994634685
20,212,Beam,0.35497783139319494
20,213,Beam,0.13986729636325992
20,214,Beam,0.540606035294722
20,215,Beam,0.3553291165927669
20,216,Beam,0.3449778338752322
20,217,Beam,0.26063218998638027
20,218,Beam,0.17803912918228917
20,219,Beam,0.49859505169069585
20,220,Beam,0.2755022841959991
20,221,Beam,0.17956534549459785
20,222,Beam,0.49863699327729705
20,223,Beam,0.2768057377792805
20,224,Beam,0.3813627511483948
21,1,Column,0.17622913495662682
21,2,Column,0.19461961292582702
21,3,Column,0.16199176516724675
21,4,Column,0.34213967600051576
21,5,Column,0.4034940561969657
21,6,Column,0.3019167179659675
21,7,Column,0.16365281022123113
21,8,Column,0.4116394390605632
21,9,Column,0.4772829496436971
21,10,Column,0.3021653215296741
21,11,Column,0.27363914937295397
21,12,Column,0.2755680554892547
21,13,Column,0.29656713412435287
21,14,Column,0.3252798060516971
21,15,Column,0.29811818637176746
21,16,Column,0.5219034526806903
21,17,Column,0.59578748650179
21,18,Column,0.5007691978001654
21,19,Column,0.3006762466418666
21,20,Column,0.17752173337568294
21,21,Column,0.19591323100752633
21,22,Column,0.5012099889598488
21,23,Column,0.6883462267521685
21,24,Column,0.6831125888645787
21,25,Column,0.2556347598952526
21,26,Column,0.258431977875915
21,27,Column,0.274893497683239
21,28,Column,0.1698539791971569
21,29,Column,0.18742208264619747
21,30,Column,0.4094327607269591
21,31,Column,0.27769870251767015
21,32,Column,0.1947538723281881
21,33,Column,0.21255702732380907
21,34,Column,0.41126740878162155
21,35,Column,0.3667482520840474
21,36,Column,0.37374118945587875
21,37,Column,0.24053599307893045
21,38,Column,0.24351820655027775
21,39,Column,0.21494392081130062
21,40,Column,0.4702825850615034
21,41,Column,0.5378809212827309
21,42,Column,0.3473405641399092
21,43,Column,0.21683338734450341
21,44,Column,0.1584404600218658
21,45,Column,0.1760879892317994
21,46,Column,0.34850044624623056
21,47,Column,0.322360429031167
21,48,Column,0.3271713662783188
21,49,Column,0.1597124016938891
21,50,Column,0.1607379095061814
21,51,Column,0.1485023298757429
21,52,Column,0.4256440057581957
21,53,Column,0.4069782011937959
21,54,Column,0.18646751650514523
21,55,Column,0.14905742729855448
21,56,Column,0.5637249874757395
21,57,Column,0.49795273303052356
21,58,Column,0.18569209365732095
21,59,Column,0.18679644772158077
21,60,Column,0.13292948529603718
21,61,Beam,0.11222030986029609
21,62,Beam,0.11175350525959989
21,63,Beam,0.11050339330354443
21,64,Beam,0.5240633138952702
21,65,Beam,0.4635428170271012
21,66,Beam,0.17734962635098647
21,67,Beam,0.11053732824740256
21,68,Beam,0.46839749243447465
21,69,Beam,0.5680116464882766
21,70,Beam,0.12988535635896098
21,71,Beam,0.14212173884175383
21,72,Beam,0.13683999880920247
21,73,Beam,0.061377941486368555
21,74,Beam,0.0605472779277601
21,75,Beam,0.045174683760959414
21,76,Beam,0.22962324109310095
21,77,Beam,0.31912134120590113
21,78,Beam,0.13884052624868717
21,79,Beam,0.04282142746200102
21,80,Beam,0.2857481401426098
21,81,Beam,0.38509048469518914
21,82,Beam,0.10627567114688577
21,83,Beam,0.09287729045158671
21,84,Beam,0.0881686316573989
21,85,Beam,0.06833572945190695
21,86,Beam,0.06567861907956433
21,87,Beam,0.05967477401319256
21,88,Beam,0.14142507059486126
21,89,Beam,0.14384561793662962
21,90,Beam,0.12767036330195508
21,91,Beam,0.0596652167964451
21,92,Beam,0.15845749277179091
21,93,Beam,0.09671582407246927
21,94,Beam,0.12848661479557175
21,95,Beam,0.10376322290054799
21,96,Beam,0.10476342661528991
21,97,Beam,0.2170573903388658
21,98,Beam,0.24422088268643752
21,99,Beam,0.628032976740239
21,100,Beam,0.4727024952825968
21,101,Beam,0.24384137774508857
21,102,Beam,0.7397170529172581
21,103,Beam,0.47255689235092524
21,104,Beam,0.17631453063950894
21,105,Beam,0.21674844401000815
21,106,Beam,0.24473578412758176
21,107,Beam,0.6834877261164961
21,108,Beam,0.24696486104698825
21,109,Beam,0.24429003981301928
21,110,Beam,0.6834881624761497
21,111,Beam,0.24686128273749672
21,112,Beam,0.2559362808256956
21,113,Beam,0.42312296926600296
21,114,Beam,0.13725354377799992
21,115,Beam,0.5683951696576443
21,116,Beam,0.4983396519701334
21,117,Beam,0.1387728093075965
21,118,Beam,0.6694793655374529
21,119,Beam,0.4975126920330581
21,120,Beam,0.5853712269823256
21,121,Beam,0.25251893320575675
21,122,Beam,0.22067888269615094
21,123,Beam,0.6187333263946425
21,124,Beam,0.49814211455692836
21,125,Beam,0.2212782609442995
21,126,Beam,0.6187268678784523
21,127,Beam,0.4973814398738015
21,128,Beam,0.5039721569972304
21,129,Beam,0.21168811454293915
21,130,Beam,0.283127399258464
21,131,Beam,0.726060368973765
21,132,Beam,0.36109175016408
21,133,Beam,0.284370046701359
21,134,Beam,0.8556373461476174
21,135,Beam,0.36146674594218203
21,136,Beam,0.4322511938636374
21,137,Beam,0.3135210412429888
21,138,Beam,0.19784057863368465
21,139,Beam,0.790774956981524
21,140,Beam,0.5452164061019181
21,141,Beam,0.19873450799676873
21,142,Beam,0.7907635641091476
21,143,Beam,0.5456149893987364
21,144,Beam,0.2502204051664071
21,145,Beam,0.24040598050629688
21,146,Beam,0.19206626627295734
21,147,Beam,0.48542086886436236
21,148,Beam,0.4245222040247982
21,149,Beam,0.19478901700206216
21,150,Beam,0.571401666515828
21,151,Beam,0.42609297092156273
21,152,Beam,0.23006260104338963
21,153,Beam,0.24619087210695886
21,154,Beam,0.19952121948783336
21,155,Beam,0.5285207337937972
21,156,Beam,0.2912914486343571
21,157,Beam,0.2018852795501316
21,158,Beam,0.5285285658834572
21,159,Beam,0.2925785662018602
21,160,Beam,0.27652720962017213
21,161,Beam,0.2529232553193987
21,162,Beam,0.2103391222447039
21,163,Beam,0.5548081212038196
21,164,Beam,0.46245586926186627
21,165,Beam,0.21638056790852933
21,166,Beam,0.6528088438701376
21,167,Beam,0.4659247477813527
21,168,Beam,0.3216230313588639
21,169,Beam,0.1931197120355055
21,170,Beam,0.2594657888056504
21,171,Beam,0.6033800979287792
21,172,Beam,0.46733171317833644
21,173,Beam,0.2650443434918716
21,174,Beam,0.6033746931995079
21,175,Beam,0.47048165402990083
21,176,Beam,0.2823046223500549
21,177,Beam,0.23473729523383016
21,178,Beam,0.1779836381723837
21,179,Beam,0.44953559052884723
21,180,Beam,0.292435564793392
21,181,Beam,0.179273420944067
21,182,Beam,0.5292106175157238
21,183,Beam,0.2939207092695434
21,184,Beam,0.32462203452535976
21,185,Beam,0.27049493316746037
21,186,Beam,0.14579741856080994
21,187,Beam,0.4891482517773003
21,188,Beam,0.379830439431669
21,189,Beam,0.14876175850809437
21,190,Beam,0.48914824955774044
21,191,Beam,0.38153901476986085
21,192,Beam,0.2524177256160884
21,193,Beam,0.2218803096885924
21,194,Beam,0.21849273259911892
21,195,Beam,0.5496084309064682
21,196,Beam,0.4465731820187517
21,197,Beam,0.22029561462402134
21,198,Beam,0.6473655090601331
21,199,Beam,0.4487497278335838
21,200,Beam,0.23558344600347655
21,201,Beam,0.22664489834358553
21,202,Beam,0.21781507788391472
21,203,Beam,0.5990839757624459
21,204,Beam,0.3452292328905703
21,205,Beam,0.21954523103397666
21,206,Beam,0.5990747512632553
21,207,Beam,0.3467594850810466
21,208,Beam,0.26218020731241887
21,209,Beam,0.31164731286214203
21,210,Beam,0.20038247769962836
21,211,Beam,0.6345049217885008
21,212,Beam,0.47847915311872724
21,213,Beam,0.20284213763034434
21,214,Beam,0.7447302648288473
21,215,Beam,0.47779785263871605
21,216,Beam,0.3258362021741838
21,217,Beam,0.26151161567783393
21,218,Beam,0.25247836005809665
21,219,Beam,0.6859370401814042
21,220,Beam,0.37805882182571743
21,221,Beam,0.24983105531493796
21,222,Beam,0.6861463558935009
21,223,Beam,0.37683330240083995
21,224,Beam,0.3708674621742521
22,1,Column,0.30995298939157456
22,2,Column,0.3125182791062848
22,3,Column,0.2576294977084625
22,4,Column,0.33037568396405126
22,5,Column,0.3911193244671025
22,6,Column,0.628780308066992
22,7,Column,0.2600531655520618
22,8,Column,0.39915786317475843
22,9,Column,0.4643001515410479
22,10,Column,0.6294314951665394
22,11,Column,0.5727114092772075
22,12,Column,0.5745459391745408
22,13,Column,0.36713277455753374
22,14,Column,0.36517386575613087
22,15,Column,0.3119869696686786
22,16,Column,0.15000172650573482
22,17,Column,0.1682335339504432
22,18,Column,0.5480022658498522
22,19,Column,0.31438291716795075
22,20,Column,0.17324399501971866
22,21,Column,0.19168333705326104
22,22,Column,0.5485069853375998
22,23,Column,0.7406389061733943
22,24,Column,0.7349577219891863
22,25,Column,0.1686786939607753
22,26,Column,0.17162065532620996
22,27,Column,0.1715993754150519
22,28,Column,0.4913378767008062
22,29,Column,0.6077067865101144
22,30,Column,0.23950750122115352
22,31,Column,0.17214386365520573
22,32,Column,0.6777483228836744
22,33,Column,0.819129215853323
22,34,Column,0.23920826951504517
22,35,Column,0.23929088235483467
22,36,Column,0.2417173681089997
22,37,Column,0.4153404233719811
22,38,Column,0.4171247997805092
22,39,Column,0.33367190963910104
22,40,Column,0.44493589870621003
22,41,Column,0.5110862128382367
22,42,Column,0.6578247170805582
22,43,Column,0.32710505771302856
22,44,Column,0.15244375111282302
22,45,Column,0.16989315214284983
22,46,Column,0.660475573979986
22,47,Column,0.5483163127341741
22,48,Column,0.4396538131444929
22,49,Column,0.1497557448306333
22,50,Column,0.15042803994491394
22,51,Column,0.1698807111052937
22,52,Column,0.3274189928862179
22,53,Column,0.4742319736169243
22,54,Column,0.21041566222301492
22,55,Column,0.17041856788348644
22,56,Column,0.45169088519231704
22,57,Column,0.618251554448696
22,58,Column,0.2105958795957008
22,59,Column,0.2544569763166931
22,60,Column,0.25375530581081873
22,61,Beam,0.16720514042099252
22,62,Beam,0.13148427855367514
22,63,Beam,0.15925669295822778
22,64,Beam,0.47231587851012397
22,65,Beam,0.6323449398684906
22,66,Beam,0.21136088484650498
22,67,Beam,0.1592843464148647
22,68,Beam,0.4313241053762481
22,69,Beam,0.5405002386511413
22,70,Beam,0.21013210576295574
22,71,Beam,0.16457880943878664
22,72,Beam,0.1669539203878945
22,73,Beam,0.11946057117751013
22,74,Beam,0.11249407617350654
22,75,Beam,0.10034794839461478
22,76,Beam,0.21446333269467857
22,77,Beam,0.2796351137848076
22,78,Beam,0.17055328054010346
22,79,Beam,0.10070190267636438
22,80,Beam,0.2580834248231671
22,81,Beam,0.3262752780376637
22,82,Beam,0.16909260207393323
22,83,Beam,0.15233825990534888
22,84,Beam,0.14485196102238473
22,85,Beam,0.047524609539272705
22,86,Beam,0.046205025895831614
22,87,Beam,0.02659100468096093
22,88,Beam,0.155439057105077
22,89,Beam,0.1581698064648184
22,90,Beam,0.07868964759968046
22,91,Beam,0.026625563824383802
22,92,Beam,0.1688728235005964
22,93,Beam,0.1067578351326034
22,94,Beam,0.07903543580836978
22,95,Beam,0.04774204007065189
22,96,Beam,0.04666762389403654
22,97,Beam,0.3389588751803017
22,98,Beam,0.24480849772198987
22,99,Beam,0.6280944352170779
22,100,Beam,0.47294363519990784
22,101,Beam,0.24437444984964915
22,102,Beam,0.7397775077413755
22,103,Beam,0.47279371101423573
22,104,Beam,0.24929686955016372
22,105,Beam,0.3384813803386402
22,106,Beam,0.24501187956401715
22,107,Beam,0.6834889414812148
22,108,Beam,0.24704736108994052
22,109,Beam,0.24455163642542685
22,110,Beam,0.6834917120713606
22,111,Beam,0.24693931264682392
22,112,Beam,0.40075769825035135
22,113,Beam,0.45094951723384463
22,114,Beam,0.20267366798123274
22,115,Beam,0.6540355541292298
22,116,Beam,0.5018370441800527
22,117,Beam,0.20412964365744973
22,118,Beam,0.7673455488003265
22,119,Beam,0.5007988916096308
22,120,Beam,0.6209859419823264
22,121,Beam,0.2554557327146726
22,122,Beam,0.29577232956045085
22,123,Beam,0.7097253795061794
22,124,Beam,0.5032195198059587
22,125,Beam,0.2935989585856573
22,126,Beam,0.7097286456961979
22,127,Beam,0.502299139686313
22,128,Beam,0.5353366196981548
22,129,Beam,0.24218818619313348
22,130,Beam,0.2816654263103666
22,131,Beam,0.7260056716465103
22,132,Beam,0.3615546687897505
22,133,Beam,0.2829860040878355
22,134,Beam,0.8555694799254995
22,135,Beam,0.3611548358889457
22,136,Beam,0.5012196273930103
22,137,Beam,0.36217140610581616
22,138,Beam,0.19684005719353276
22,139,Beam,0.7910526242052175
22,140,Beam,0.5453916779168168
22,141,Beam,0.19773994170265105
22,142,Beam,0.791036101248999
22,143,Beam,0.5449748468766322
22,144,Beam,0.28729486843584295
22,145,Beam,0.2190068744852576
22,146,Beam,0.2607701754617294
22,147,Beam,0.6694223988805912
22,148,Beam,0.5032571733634693
22,149,Beam,0.26229496143583203
22,150,Beam,0.7884851958309499
22,151,Beam,0.5027055435552611
22,152,Beam,0.20143258816702692
22,153,Beam,0.2189050313187035
22,154,Beam,0.2598502694479794
22,155,Beam,0.7288846351904813
22,156,Beam,0.33518098000822516
22,157,Beam,0.261161182878256
22,158,Beam,0.7288960060805522
22,159,Beam,0.33482540725052484
22,160,Beam,0.2603259209806693
22,161,Beam,0.35430753271004345
22,162,Beam,0.19821198890986486
22,163,Beam,0.6260494394658744
22,164,Beam,0.4717958816682033
22,165,Beam,0.20111368650613207
22,166,Beam,0.7358972871064291
22,167,Beam,0.47271768005685794
22,168,Beam,0.43226365104763587
22,169,Beam,0.2946007709553827
22,170,Beam,0.2664490603385293
22,171,Beam,0.679382724477343
22,172,Beam,0.47189185839200726
22,173,Beam,0.26938534375351586
22,174,Beam,0.6794118844182941
22,175,Beam,0.4728094522974083
22,176,Beam,0.39210782535862654
22,177,Beam,0.18131461960575707
22,178,Beam,0.17746880571889023
22,179,Beam,0.44964053126956977
22,180,Beam,0.2931486812943504
22,181,Beam,0.17894752302021524
22,182,Beam,0.5293194426730107
22,183,Beam,0.2933606056131114
22,184,Beam,0.3022441395446256
22,185,Beam,0.220356473633756
22,186,Beam,0.14654667255157602
22,187,Beam,0.48933615030565436
22,188,Beam,0.3787430582020451
22,189,Beam,0.14988225687000276
22,190,Beam,0.4893437111972091
22,191,Beam,0.3806638992588281
22,192,Beam,0.20475625498452732
22,193,Beam,0.34214436576186996
22,194,Beam,0.21830866579861932
22,195,Beam,0.5495914512383986
22,196,Beam,0.44736835312267137
22,197,Beam,0.22024639766337165
22,198,Beam,0.6473550523634044
22,199,Beam,0.44973245306598797
22,200,Beam,0.36567992669608135
22,201,Beam,0.34211240001213555
22,202,Beam,0.21715729407245202
22,203,Beam,0.5992066998537284
22,204,Beam,0.3441887594233295
22,205,Beam,0.2190914685768837
22,206,Beam,0.5992002952534579
22,207,Beam,0.34588760229893367
22,208,Beam,0.407050335953406
22,209,Beam,0.2259897509452535
22,210,Beam,0.13901960180170028
22,211,Beam,0.4588599856762362
22,212,Beam,0.35848472741086296
22,213,Beam,0.14016181863186467
22,214,Beam,0.5402592210631231
22,215,Beam,0.35985088235638774
22,216,Beam,0.2342732600264758
22,217,Beam,0.1858781214067161
22,218,Beam,0.17776246622554948
22,219,Beam,0.4984358559070996
22,220,Beam,0.27639856004679336
22,221,Beam,0.1793903311252407
22,222,Beam,0.4984735931589379
22,223,Beam,0.2768715853174623
22,224,Beam,0.25720483187058696
23,1,Column,0.5251711484210968
23,2,Column,0.5306301859818734
23,3,Column,0.3854998575073492
23,4,Column,0.33520717971158853
23,5,Column,0.3962967098995286
23,6,Column,0.9766187913583875
23,7,Column,0.4298002257517043
23,8,Column,0.4043898914706817
23,9,Column,0.4699163862460374
23,10,Column,0.9765587041470465
23,11,Column,0.9022751261566944
23,12,Column,0.9067012659549016
23,13,Column,0.3830427762896286
23,14,Column,0.38374766673435745
23,15,Column,0.3185275114570378
23,16,Column,0.15175943505453493
23,17,Column,0.17001422159129947
23,18,Column,0.6103129532872451
23,19,Column,0.3211076606480968
23,20,Column,0.17503007037418797
23,21,Column,0.19350694705633756
23,22,Column,0.6109896081303621
23,23,Column,0.7699702325159989
23,24,Column,0.7685238899545307
23,25,Column,0.37771911421915605
23,26,Column,0.3839692497750361
23,27,Column,0.42231558158370286
23,28,Column,0.1652202984796501
23,29,Column,0.18264964825207608
23,30,Column,0.6665646528681421
23,31,Column,0.4242735212236004
23,32,Column,0.1900797698068429
23,33,Column,0.20774861459341054
23,34,Column,0.6679387971361597
23,35,Column,0.5989881141227673
23,36,Column,0.605022606350781
23,37,Column,0.2595495429120166
23,38,Column,0.26060234510227676
23,39,Column,0.2362443946889311
23,40,Column,0.4953757095540794
23,41,Column,0.44091474412175385
23,42,Column,0.44297646771617183
23,43,Column,0.23732303045639075
23,44,Column,0.6274219735951309
23,45,Column,0.15826368617118117
23,46,Column,0.4429119510652333
23,47,Column,0.3393710499980961
23,48,Column,0.33759214566104145
23,49,Column,0.18092564816846404
23,50,Column,0.18145055334365517
23,51,Column,0.1729254801157965
23,52,Column,0.34566196364611773
23,53,Column,0.49348130397716433
23,54,Column,0.26418880541183143
23,55,Column,0.17303564458164702
23,56,Column,0.4913142630894741
23,57,Column,0.638733801168383
23,58,Column,0.2640017772724034
23,59,Column,0.2615274548943459
23,60,Column,0.2618863834826373
23,61,Beam,0.16419747617508287
23,62,Beam,0.16420200169728488
23,63,Beam,0.16657710621556174
23,64,Beam,0.488326770942558
23,65,Beam,0.435570633682497
23,66,Beam,0.22989988281113377
23,67,Beam,0.1665388860641272
23,68,Beam,0.45547360729839936
23,69,Beam,0.5521902653304663
23,70,Beam,0.23059833227411042
23,71,Beam,0.19182570861117854
23,72,Beam,0.192621984508412
23,73,Beam,0.030310445948537514
23,74,Beam,0.029084448118098814
23,75,Beam,0.028635703193015657
23,76,Beam,0.2210593573850366
23,77,Beam,0.2897951792207002
23,78,Beam,0.0406466599651966
23,79,Beam,0.028405096742336922
23,80,Beam,0.25925073658491465
23,81,Beam,0.33622639894027123
23,82,Beam,0.040865833428871436
23,83,Beam,0.03964393793125574
23,84,Beam,0.03841575156686399
23,85,Beam,0.061884908648646195
23,86,Beam,0.06305377118697056
23,87,Beam,0.05485039100859047
23,88,Beam,0.15789016313678292
23,89,Beam,0.16011278994870734
23,90,Beam,0.11647112146679474
23,91,Beam,0.05452553905717807
23,92,Beam,0.16821300987412818
23,93,Beam,0.1074050051679375
23,94,Beam,0.11689743045283368
23,95,Beam,0.09712628715995014
23,96,Beam,0.09770780915236849
23,97,Beam,0.41867849854055417
23,98,Beam,0.24524324047805265
23,99,Beam,0.6280625708341265
23,100,Beam,0.4734562106831075
23,101,Beam,0.2448551057024659
23,102,Beam,0.7397455163077408
23,103,Beam,0.4733285996638034
23,104,Beam,0.3017093852484266
23,105,Beam,0.4184561945717374
23,106,Beam,0.2451431551781869
23,107,Beam,0.6835605649073434
23,108,Beam,0.24716205801981717
23,109,Beam,0.2446887517016876
23,110,Beam,0.683556054297899
23,111,Beam,0.24705578957887753
23,112,Beam,0.49816115808924805
23,113,Beam,0.28068544609851537
23,114,Beam,0.19629451996917244
23,115,Beam,0.6541590633084018
23,116,Beam,0.5011382334070911
23,117,Beam,0.19716717370219047
23,118,Beam,0.7674727293022174
23,119,Beam,0.5001780499035549
23,120,Beam,0.38374873521019504
23,121,Beam,0.1630499706107882
23,122,Beam,0.28557677180655794
23,123,Beam,0.7091314400338264
23,124,Beam,0.5019582249302236
23,125,Beam,0.28344535337737514
23,126,Beam,0.7091266320723317
23,127,Beam,0.5009967945572026
23,128,Beam,0.3319826832155038
23,129,Beam,0.23965497424201207
23,130,Beam,0.26575584351967424
23,131,Beam,0.6241033994818519
23,132,Beam,0.3211587558089796
23,133,Beam,0.26812960994526697
23,134,Beam,0.7333865668732787
23,135,Beam,0.3205014980409643
23,136,Beam,0.34033616554344104
23,137,Beam,0.2792939209432583
23,138,Beam,0.20268246583116942
23,139,Beam,0.6787466612733998
23,140,Beam,0.47397030057361283
23,141,Beam,0.2046852809128523
23,142,Beam,0.6787385960059908
23,143,Beam,0.4731088594663494
23,144,Beam,0.25489834906518827
23,145,Beam,0.3742952661230728
23,146,Beam,0.26132362662006237
23,147,Beam,0.6692878259845092
23,148,Beam,0.5027855611431701
23,149,Beam,0.26281932507147
23,150,Beam,0.7883497148779367
23,151,Beam,0.5030975014643169
23,152,Beam,0.35799850416633505
23,153,Beam,0.37518951890177027
23,154,Beam,0.2599253828807078
23,155,Beam,0.7289474702481397
23,156,Beam,0.335131225727572
23,157,Beam,0.26123360800082784
23,158,Beam,0.72895722699192
23,159,Beam,0.33478797000397487
23,160,Beam,0.4257705604147595
23,161,Beam,0.3481553265195989
23,162,Beam,0.1868621650762027
23,163,Beam,0.6036423319697992
23,164,Beam,0.4546844241619628
23,165,Beam,0.19017530668521243
23,166,Beam,0.710140451742283
23,167,Beam,0.4548544524746425
23,168,Beam,0.47620674250237394
23,169,Beam,0.27046085551789584
23,170,Beam,0.24719656376913007
23,171,Beam,0.6566608480408093
23,172,Beam,0.454339339132948
23,173,Beam,0.2496501723611661
23,174,Beam,0.656688724092152
23,175,Beam,0.455207271187479
23,176,Beam,0.4100817847737865
23,177,Beam,0.2266122187750312
23,178,Beam,0.17805820214735685
23,179,Beam,0.4495133824235143
23,180,Beam,0.2936429489614124
23,181,Beam,0.1795752998625217
23,182,Beam,0.5291922179385824
23,183,Beam,0.29534029044765386
23,184,Beam,0.397397557106351
23,185,Beam,0.28875675098087883
23,186,Beam,0.14699906568932675
23,187,Beam,0.4894938241314475
23,188,Beam,0.38071757972170295
23,189,Beam,0.1500316237199779
23,190,Beam,0.4894982446121162
23,191,Beam,0.38257247452144516
23,192,Beam,0.2679371418230032
23,193,Beam,0.28086219929337575
23,194,Beam,0.2182854091637711
23,195,Beam,0.5498779336243088
23,196,Beam,0.4489210802877663
23,197,Beam,0.22014748648054117
23,198,Beam,0.6476412961892875
23,199,Beam,0.4511952042746475
23,200,Beam,0.29057952344548493
23,201,Beam,0.2814396399457575
23,202,Beam,0.21803092813795005
23,203,Beam,0.5993047682696224
23,204,Beam,0.3456707081846173
23,205,Beam,0.2199492914056382
23,206,Beam,0.5993067709832035
23,207,Beam,0.3473209187136558
23,208,Beam,0.3185329323201616
23,209,Beam,0.2801432518732976
23,210,Beam,0.13877985232021456
23,211,Beam,0.45928805826199604
23,212,Beam,0.35531058984407354
23,213,Beam,0.1394211937648415
23,214,Beam,0.5406868930738025
23,215,Beam,0.3553653959201052
23,216,Beam,0.29971234803502117
23,217,Beam,0.22052622209050007
23,218,Beam,0.17881244955341125
23,219,Beam,0.49846814223687885
23,220,Beam,0.2782744359048135
23,221,Beam,0.1782178642981827
23,222,Beam,0.49849840349371816
23,223,Beam,0.27689762907709337
23,224,Beam,0.3316733569794624
24,1,Column,0.22328572367213703
24,2,Column,0.22555765092285254
24,3,Column,0.20924696540020457
24,4,Column,0.5495778658369175
24,5,Column,0.6662153974748994
24,6,Column,0.35041737066974965
24,7,Column,0.21054733331023004
24,8,Column,0.6761332819319065
24,9,Column,0.8017332599730458
24,10,Column,0.35050034020671095
24,11,Column,0.35557965874249614
24,12,Column,0.35695950994330405
24,13,Column,0.40342905050203337
24,14,Column,0.4067905844283718
24,15,Column,0.3159491278320893
24,16,Column,0.5348336506392278
24,17,Column,0.17648256982699756
24,18,Column,0.6695377892376206
24,19,Column,0.31813542244085957
24,20,Column,0.6234973494610104
24,21,Column,0.19989301177631139
24,22,Column,0.6704822944246354
24,23,Column,0.7764576660086979
24,24,Column,0.7792499588175109
24,25,Column,0.25822157483025354
24,26,Column,0.26113833736512704
24,27,Column,0.2895451500711346
24,28,Column,0.5415974641188441
24,29,Column,0.4645908803780043
24,30,Column,0.43456901488721933
24,31,Column,0.2914990173295062
24,32,Column,0.483750895924608
24,33,Column,0.1482592745533738
24,34,Column,0.4360040840084488
24,35,Column,0.39588222885376906
24,36,Column,0.3985396345887221
24,37,Column,0.20783301823969114
24,38,Column,0.20849781231730097
24,39,Column,0.17392013846542792
24,40,Column,0.4800021070946107
24,41,Column,0.43371923998555306
24,42,Column,0.36729399279245356
24,43,Column,0.1742553129593549
24,44,Column,0.16719684183862843
24,45,Column,0.17439965749517772
24,46,Column,0.3683816313448698
24,47,Column,0.26200231089733905
24,48,Column,0.2610626099937928
24,49,Column,0.18142187983724112
24,50,Column,0.1827761190258973
24,51,Column,0.16859110880999398
24,52,Column,0.25572669167127704
24,53,Column,0.32566941155241375
24,54,Column,0.2427458232023512
24,55,Column,0.16959834543233251
24,56,Column,0.3151731161916119
24,57,Column,0.39872610573538003
24,58,Column,0.24257465893309527
24,59,Column,0.2533178268096076
24,60,Column,0.2428917610179198
24,61,Beam,0.13104982711505278
24,62,Beam,0.13239261394180724
24,63,Beam,0.11275667696231169
24,64,Beam,0.320455153634612
24,65,Beam,0.41483118110337175
24,66,Beam,0.1802113915519252
24,67,Beam,0.11311147334978959
24,68,Beam,0.3396252543969005
24,69,Beam,0.41119714906181865
24,70,Beam,0.17965398980671785
24,71,Beam,0.139134158214791
24,72,Beam,0.14065414676266844
24,73,Beam,0.05586655860839727
24,74,Beam,0.054214603497884
24,75,Beam,0.06108655176813967
24,76,Beam,0.1610065235454891
24,77,Beam,0.22488301660500676
24,78,Beam,0.08231907396404974
24,79,Beam,0.06142342026989729
24,80,Beam,0.2067172217244519
24,81,Beam,0.24049068194352935
24,82,Beam,0.08248099730436675
24,83,Beam,0.0710251083706844
24,84,Beam,0.07138993538935288
24,85,Beam,0.08788141678979819
24,86,Beam,0.08845930170213955
24,87,Beam,0.06289277873041195
24,88,Beam,0.07775920005851511
24,89,Beam,0.10970530680598987
24,90,Beam,0.13902132522420999
24,91,Beam,0.06301964959708739
24,92,Beam,0.07160551134785999
24,93,Beam,0.05954724058253373
24,94,Beam,0.1394979279853196
24,95,Beam,0.08973282554719683
24,96,Beam,0.09017198642579555
24,97,Beam,0.340780991764771
24,98,Beam,0.15945627856516945
24,99,Beam,0.47909332628892826
24,100,Beam,0.4273114385980082
24,101,Beam,0.15871320001429995
24,102,Beam,0.5637879918621388
24,103,Beam,0.426994393649367
24,104,Beam,0.24961730021644332
24,105,Beam,0.3408858299115059
24,106,Beam,0.1705632949572629
24,107,Beam,0.520650534129648
24,108,Beam,0.22549299941226914
24,109,Beam,0.16958568918831818
24,110,Beam,0.5206422819286353
24,111,Beam,0.2251676783368434
24,112,Beam,0.40420018323545986
24,113,Beam,0.3603360026630453
24,114,Beam,0.15063042152763906
24,115,Beam,0.6208179740863748
24,116,Beam,0.4735486188885153
24,117,Beam,0.15010279914916613
24,118,Beam,0.7293674913555449
24,119,Beam,0.47310432245777734
24,120,Beam,0.49823303343715564
24,121,Beam,0.23696249007353212
24,122,Beam,0.24856803107782255
24,123,Beam,0.6747355679445163
24,124,Beam,0.47403328261656874
24,125,Beam,0.2474686397620223
24,126,Beam,0.6747326402479261
24,127,Beam,0.473618983637151
24,128,Beam,0.42869716211467485
24,129,Beam,0.167389932886512
24,130,Beam,0.20034852481981144
24,131,Beam,0.44296081167038726
24,132,Beam,0.2473552467021556
24,133,Beam,0.20244080440523607
24,134,Beam,0.5199969581835856
24,135,Beam,0.2474098514218563
24,136,Beam,0.2463540549696721
24,137,Beam,0.20726959988839516
24,138,Beam,0.17133959394972273
24,139,Beam,0.4811195711260348
24,140,Beam,0.33808458375044725
24,141,Beam,0.17331820575246876
24,142,Beam,0.48112549697340906
24,143,Beam,0.3373440611907997
24,144,Beam,0.18911708924508397
24,145,Beam,0.32052380860518964
24,146,Beam,0.29358560268542716
24,147,Beam,0.7543955371506201
24,148,Beam,0.5667916416010024
24,149,Beam,0.29487780053376716
24,150,Beam,0.8885799179400112
24,151,Beam,0.5665304502270279
24,152,Beam,0.2956909810645534
24,153,Beam,0.3197559856592182
24,154,Beam,0.2935072250845448
24,155,Beam,0.821445179132578
24,156,Beam,0.3772747735628042
24,157,Beam,0.2947046783933534
24,158,Beam,0.8214512402154012
24,159,Beam,0.3769615139178679
24,160,Beam,0.3792131634043133
24,161,Beam,0.2955809322965662
24,162,Beam,0.1541492229982668
24,163,Beam,0.5909196650896608
24,164,Beam,0.44406299568684005
24,165,Beam,0.15518051914546413
24,166,Beam,0.695958478660373
24,167,Beam,0.44367161243893766
24,168,Beam,0.405424906603005
24,169,Beam,0.2067735009660163
24,170,Beam,0.22976604643651388
24,171,Beam,0.642885573503421
24,172,Beam,0.44432864045233805
24,173,Beam,0.23087314022007505
24,174,Beam,0.6428920669565618
24,175,Beam,0.44391798410462924
24,176,Beam,0.35009345687199694
24,177,Beam,0.17475307707131452
24,178,Beam,0.15509937291865067
24,179,Beam,0.39185412373873013
24,180,Beam,0.23020703727001496
24,181,Beam,0.1561537473086428
24,182,Beam,0.46104099690547806
24,183,Beam,0.23019060687617898
24,184,Beam,0.3018130861840866
24,185,Beam,0.21996280228437987
24,186,Beam,0.12135155828170294
24,187,Beam,0.42629507303219066
24,188,Beam,0.2954880425105293
24,189,Beam,0.12234265692618067
24,190,Beam,0.426296973213681
24,191,Beam,0.29589035048249207
24,192,Beam,0.20464703194941217
24,193,Beam,0.19120211445604376
24,194,Beam,0.21714750514658307
24,195,Beam,0.5496582618072628
24,196,Beam,0.444562211797475
24,197,Beam,0.218764863375919
24,198,Beam,0.6474371297547851
24,199,Beam,0.4465030536910053
24,200,Beam,0.19833999655019488
24,201,Beam,0.18872759043639104
24,202,Beam,0.21636281834996773
24,203,Beam,0.5991516859560408
24,204,Beam,0.34317768451642233
24,205,Beam,0.21783471537952007
24,206,Beam,0.5991474474191798
24,207,Beam,0.34447070711195327
24,208,Beam,0.21631836447574712
24,209,Beam,0.1584465794940704
24,210,Beam,0.1512479503263198
24,211,Beam,0.4910437060492032
24,212,Beam,0.37093218140789336
24,213,Beam,0.15103937133136378
24,214,Beam,0.5775808139895057
24,215,Beam,0.3706169614622175
24,216,Beam,0.16262966072608953
24,217,Beam,0.13123761946992016
24,218,Beam,0.19407317196733223
24,219,Beam,0.5333787635136847
24,220,Beam,0.28946179183721943
24,221,Beam,0.19262470986399963
24,222,Beam,0.5334238592967396
24,223,Beam,0.28903812471802487
24,224,Beam,0.16727828877472062
25,1,Column,0.25375660034058656
25,2,Column,0.2557333825437688
25,3,Column,0.20573627828795055
25,4,Column,0.4163660074930567
25,5,Column,0.6299143672896401
25,6,Column,0.40897088922629643
25,7,Column,0.2256762716861604
25,8,Column,0.6422368822545448
25,9,Column,0.7642255942936135
25,10,Column,0.3946852109245441
25,11,Column,0.4083345346277205
25,12,Column,0.4101282931630953
25,13,Column,0.24915119174347902
25,14,Column,0.25321673351406876
25,15,Column,0.24295094487987343
25,16,Column,0.15162403132731753
25,17,Column,0.16987674528396066
25,18,Column,0.3677585415369161
25,19,Column,0.24478551512464156
25,20,Column,0.17488564033514398
25,21,Column,0.19333430190225534
25,22,Column,0.3685429722265273
25,23,Column,0.4810702419852876
25,24,Column,0.47913164756979093
25,25,Column,0.2768275646356209
25,26,Column,0.2848030065636503
25,27,Column,0.29807625864932163
25,28,Column,0.5486136876169094
25,29,Column,0.6766149612556762
25,30,Column,0.4696658246980086
25,31,Column,0.299406175368178
25,32,Column,0.7240097004052781
25,33,Column,0.8652853960518242
25,34,Column,0.47040397100571296
25,35,Column,0.43819863113965485
25,36,Column,0.4465060319059484
25,37,Column,0.21970147188238862
25,38,Column,0.2205185729509642
25,39,Column,0.18838734605845697
25,40,Column,0.37518009398395347
25,41,Column,0.4290017134628075
25,42,Column,0.2862353860472516
25,43,Column,0.18957408117738642
25,44,Column,0.4361581635070416
25,45,Column,0.171759283342078
25,46,Column,0.28683760588020885
25,47,Column,0.25817164869932496
25,48,Column,0.2585673670923374
25,49,Column,0.19735547721662144
25,50,Column,0.19772632480476318
25,51,Column,0.174838203827485
25,52,Column,0.3992134025620946
25,53,Column,0.5291978319269708
25,54,Column,0.2645047518343909
25,55,Column,0.1753305857776357
25,56,Column,0.5133849420369185
25,57,Column,0.658356220999714
25,58,Column,0.26326074785971887
25,59,Column,0.2600319124021384
25,60,Column,0.25989463066739077
25,61,Beam,0.17921223549654028
25,62,Beam,0.1800357430537862
25,63,Beam,0.16413933391198657
25,64,Beam,0.31891593134112095
25,65,Beam,0.42303780309173367
25,66,Beam,0.23165493792369432
25,67,Beam,0.1650205433538965
25,68,Beam,0.3291947648784432
25,69,Beam,0.40695600813063404
25,70,Beam,0.23037707344840003
25,71,Beam,0.1944736302735601
25,72,Beam,0.19819155935064184
25,73,Beam,0.02598579692027896
25,74,Beam,0.026681734301320245
25,75,Beam,0.03784016012964501
25,76,Beam,0.16974206199069383
25,77,Beam,0.22750320490049203
25,78,Beam,0.039786348627790735
25,79,Beam,0.03802328997834894
25,80,Beam,0.21188180887696398
25,81,Beam,0.24492275053620266
25,82,Beam,0.039639861523827424
25,83,Beam,0.04406125949797036
25,84,Beam,0.04435568516858493
25,85,Beam,0.06769639063249767
25,86,Beam,0.07018400242530017
25,87,Beam,0.05221663727471113
25,88,Beam,0.08064536998838914
25,89,Beam,0.08035958546573088
25,90,Beam,0.13101498635007153
25,91,Beam,0.05222002980798874
25,92,Beam,0.07235262854782516
25,93,Beam,0.05755200934020563
25,94,Beam,0.13149043797388896
25,95,Beam,0.08418042490641649
25,96,Beam,0.08462600966307204
25,97,Beam,0.3817347580251321
25,98,Beam,0.2453001826330671
25,99,Beam,0.6278071616720354
25,100,Beam,0.4732274289726649
25,101,Beam,0.24503570951148462
25,102,Beam,0.7394912729700253
25,103,Beam,0.4731355849945015
25,104,Beam,0.279184194505815
25,105,Beam,0.3813567130465003
25,106,Beam,0.24515397606654984
25,107,Beam,0.6835686101455667
25,108,Beam,0.24702111398935098
25,109,Beam,0.24486696754841222
25,110,Beam,0.6835764144912566
25,111,Beam,0.24695733572136458
25,112,Beam,0.4522793317157262
25,113,Beam,0.4222605718843818
25,114,Beam,0.17455418877213896
25,115,Beam,0.6531808576488575
25,116,Beam,0.5005184314262568
25,117,Beam,0.17505362393296273
25,118,Beam,0.7664960040366617
25,119,Beam,0.4997918796317969
25,120,Beam,0.5845042606591815
25,121,Beam,0.22221820812620613
25,122,Beam,0.27184803454240386
25,123,Beam,0.7092851180704504
25,124,Beam,0.499506817114814
25,125,Beam,0.2700062130976317
25,126,Beam,0.7092790388096621
25,127,Beam,0.4987789023551062
25,128,Beam,0.5037198375575918
25,129,Beam,0.1702708666645005
25,130,Beam,0.2634258811439567
25,131,Beam,0.6562477614722085
25,132,Beam,0.33439042284417225
25,133,Beam,0.2653365216361859
25,134,Beam,0.771597753213901
25,135,Beam,0.3338511945436057
25,136,Beam,0.3454111463465562
25,137,Beam,0.251213169747585
25,138,Beam,0.19881773683791473
25,139,Beam,0.713328634503726
25,140,Beam,0.4957234150143688
25,141,Beam,0.20042953127895952
25,142,Beam,0.7133261487761283
25,143,Beam,0.49587261307505004
25,144,Beam,0.20100055995903016
25,145,Beam,0.163009369694426
25,146,Beam,0.26109296923823344
25,147,Beam,0.6419110756509
25,148,Beam,0.4859612234166516
25,149,Beam,0.2635103239160382
25,150,Beam,0.7548536880363804
25,151,Beam,0.4851927585258375
25,152,Beam,0.15866934111604838
25,153,Beam,0.1630127647590629
25,154,Beam,0.262972163440246
25,155,Beam,0.698971386332253
25,156,Beam,0.32767221240196964
25,157,Beam,0.2651763258375191
25,158,Beam,0.6989692832034408
25,159,Beam,0.3270297601267871
25,160,Beam,0.1770430682234366
25,161,Beam,0.30208481109999086
25,162,Beam,0.11520501078664308
25,163,Beam,0.40028760827801985
25,164,Beam,0.3508787512959806
25,165,Beam,0.11736957902951314
25,166,Beam,0.4706778397894138
25,167,Beam,0.35012278028800586
25,168,Beam,0.3855443815950896
25,169,Beam,0.23116091778119285
25,170,Beam,0.15024889075161016
25,171,Beam,0.4347029875415638
25,172,Beam,0.350506721924699
25,173,Beam,0.15248565487921278
25,174,Beam,0.4346968094737625
25,175,Beam,0.35177155740820254
25,176,Beam,0.3388076489965487
25,177,Beam,0.23449888087477283
25,178,Beam,0.1312673851250584
25,179,Beam,0.32218744855099163
25,180,Beam,0.22324835469461218
25,181,Beam,0.13403257865383156
25,182,Beam,0.3785976074602287
25,183,Beam,0.22460182269932386
25,184,Beam,0.36117812560778867
25,185,Beam,0.2781508819121939
25,186,Beam,0.11248329472701167
25,187,Beam,0.3501599094043128
25,188,Beam,0.287662313077257
25,189,Beam,0.11500910300583367
25,190,Beam,0.3501476874898661
25,191,Beam,0.2891188854807494
25,192,Beam,0.2543915466587253
25,193,Beam,0.28210503924766345
25,194,Beam,0.21877560066887852
25,195,Beam,0.5496543136836943
25,196,Beam,0.44874030229861106
25,197,Beam,0.220656436382994
25,198,Beam,0.6474342407368092
25,199,Beam,0.45100247970413704
25,200,Beam,0.30182206015737173
25,201,Beam,0.28186126615107726
25,202,Beam,0.2180858460480781
25,203,Beam,0.5992326912597851
25,204,Beam,0.34598566818406157
25,205,Beam,0.21978526857654346
25,206,Beam,0.599229349988073
25,207,Beam,0.3474821954317955
25,208,Beam,0.3342367123954156
25,209,Beam,0.24748339739249103
25,210,Beam,0.13858880137761925
25,211,Beam,0.4586088665774929
25,212,Beam,0.35608525494878496
25,213,Beam,0.1396832928724888
25,214,Beam,0.5400005922959268
25,215,Beam,0.35534887027523376
25,216,Beam,0.26467851673663634
25,217,Beam,0.19477942567970025
25,218,Beam,0.17868185466342995
25,219,Beam,0.49846040134083597
25,220,Beam,0.2778387437835112
25,221,Beam,0.1781767609144991
25,222,Beam,0.49849061974268233
25,223,Beam,0.2766011063151132
25,224,Beam,0.2928385511133193
26,1,Column,0.2233638974618752
26,2,Column,0.2263417639527805
26,3,Column,0.19150113589240736
26,4,Column,0.5241551948169694
26,5,Column,0.6375907788114845
26,6,Column,0.36076389624769384
26,7,Column,0.2103942573731892
26,8,Column,0.6485066633154827
26,9,Column,0.7714733208312878
26,10,Column,0.3614136833181544
26,11,Column,0.36490498370505253
26,12,Column,0.36692813056144225
26,13,Column,0.3838830297671623
26,14,Column,0.36674023145082796
26,15,Column,0.32352968220477396
26,16,Column,0.5152510079372095
26,17,Column,0.17280499946020983
26,18,Column,0.619429569767638
26,19,Column,0.32729017235659197
26,20,Column,0.6033002585463417
26,21,Column,0.19631820807300865
26,22,Column,0.6210507363838385
26,23,Column,0.7387025013164276
26,24,Column,0.7437892871153666
26,25,Column,0.1827071490167122
26,26,Column,0.18526040384216982
26,27,Column,0.19206766834681183
26,28,Column,0.46085550114622026
26,29,Column,0.5594191545411005
26,30,Column,0.25926650642614235
26,31,Column,0.19362493679845094
26,32,Column,0.5944017853426706
26,33,Column,0.7029147209818496
26,34,Column,0.25973002606400936
26,35,Column,0.2446857384355773
26,36,Column,0.24604275546714804
26,37,Column,0.2706820726279297
26,38,Column,0.27538709491077584
26,39,Column,0.23132499908434048
26,40,Column,0.47636906940249696
26,41,Column,0.5429480471494893
26,42,Column,0.4469766591147294
26,43,Column,0.2337885618762817
26,44,Column,0.15844335899397607
26,45,Column,0.17619398104142667
26,46,Column,0.44830111621784957
26,47,Column,0.37853827855713607
26,48,Column,0.3798979565007713
26,49,Column,0.19570999532523958
26,50,Column,0.19678858856907946
26,51,Column,0.17762550076577166
26,52,Column,0.11231603740160225
26,53,Column,0.1268412074925426
26,54,Column,0.2775721120939992
26,55,Column,0.1781084364614785
26,56,Column,0.12925097846105213
26,57,Column,0.1439946044560112
26,58,Column,0.27849041811432157
26,59,Column,0.2657382112293084
26,60,Column,0.26358888816719883
26,61,Beam,0.15571030422184723
26,62,Beam,0.15833827443796303
26,63,Beam,0.13827391804648248
26,64,Beam,0.5429645722160188
26,65,Beam,0.6975152722082911
26,66,Beam,0.20907148789104094
26,67,Beam,0.13967975434398597
26,68,Beam,0.47450498121192697
26,69,Beam,0.5711650908476054
26,70,Beam,0.20803539174641691
26,71,Beam,0.15815974400020916
26,72,Beam,0.16450973058734733
26,73,Beam,0.05053181981058891
26,74,Beam,0.05191742175619213
26,75,Beam,0.046029423799288954
26,76,Beam,0.11643753902101894
26,77,Beam,0.15373540810156325
26,78,Beam,0.053417396736187214
26,79,Beam,0.04647195160044919
26,80,Beam,0.13471936470846085
26,81,Beam,0.15647421734410477
26,82,Beam,0.05355068387897649
26,83,Beam,0.06400856271459131
26,84,Beam,0.06547594616627132
26,85,Beam,0.060016146050182746
26,86,Beam,0.051495468906077174
26,87,Beam,0.06266536540525078
26,88,Beam,0.11924509035211002
26,89,Beam,0.12237339706341532
26,90,Beam,0.09609687872138281
26,91,Beam,0.06307327074200544
26,92,Beam,0.07789323758527128
26,93,Beam,0.0807248832145063
26,94,Beam,0.09225686343600006
26,95,Beam,0.09942286891555241
26,96,Beam,0.10094424350268914
26,97,Beam,0.40151710017496905
26,98,Beam,0.24560108306334538
26,99,Beam,0.6277648661636257
26,100,Beam,0.4737862333414315
26,101,Beam,0.24536842378602375
26,102,Beam,0.7394490063997522
26,103,Beam,0.4737072431062483
26,104,Beam,0.2882412287201607
26,105,Beam,0.4015338936751245
26,106,Beam,0.24538151162750133
26,107,Beam,0.6835008338109844
26,108,Beam,0.2471906268698784
26,109,Beam,0.24510721784402378
26,110,Beam,0.6834930847053443
26,111,Beam,0.24712927825064224
26,112,Beam,0.478659527062905
26,113,Beam,0.4203152327430415
26,114,Beam,0.11959083655811877
26,115,Beam,0.5683709266810836
26,116,Beam,0.5019983347304964
26,117,Beam,0.11864012302949366
26,118,Beam,0.6694547046426741
26,119,Beam,0.5015106511433364
26,120,Beam,0.5806486083661115
26,121,Beam,0.223018215775236
26,122,Beam,0.22256062806257118
26,123,Beam,0.6187038252899495
26,124,Beam,0.5027729443149941
26,125,Beam,0.22211923826486532
26,126,Beam,0.6186942551684798
26,127,Beam,0.5022203515822439
26,128,Beam,0.500505592758121
26,129,Beam,0.1659024760384822
26,130,Beam,0.19152909086373157
26,131,Beam,0.35947909984617044
26,132,Beam,0.24584737723953953
26,133,Beam,0.187107773510177
26,134,Beam,0.4064027420451793
26,135,Beam,0.243579970643628
26,136,Beam,0.32182554239743566
26,137,Beam,0.233189563298751
26,138,Beam,0.16783124900092322
26,139,Beam,0.3849173779658888
26,140,Beam,0.32375420870121724
26,141,Beam,0.16549642839358525
26,142,Beam,0.3846007704252381
26,143,Beam,0.3214785097575855
26,144,Beam,0.19568774823015958
26,145,Beam,0.28877199200887443
26,146,Beam,0.19811203610815759
26,147,Beam,0.4432472331673856
26,148,Beam,0.3385367210218962
26,149,Beam,0.20105481591409113
26,150,Beam,0.5202593223503426
26,151,Beam,0.33731009176758237
26,152,Beam,0.2787702197826576
26,153,Beam,0.29730773196612725
26,154,Beam,0.19988877938424662
26,155,Beam,0.4823728637431139
26,156,Beam,0.24663924621335398
26,157,Beam,0.20219208065939862
26,158,Beam,0.4823662523406157
26,159,Beam,0.24765809879723213
26,160,Beam,0.33273512003620764
26,161,Beam,0.15823935910206285
26,162,Beam,0.10874388260217356
26,163,Beam,0.3999377167925483
26,164,Beam,0.35112553207276453
26,165,Beam,0.1109769146274063
26,166,Beam,0.47060288965426766
26,167,Beam,0.3501207722893292
26,168,Beam,0.21719998123336104
26,169,Beam,0.11582736730166276
26,170,Beam,0.14335505830622833
26,171,Beam,0.434620217467197
26,172,Beam,0.350485821377009
26,173,Beam,0.14531976752738707
26,174,Beam,0.4346002353433346
26,175,Beam,0.35097871244418205
26,176,Beam,0.18776655156592784
26,177,Beam,0.2069181399200708
26,178,Beam,0.15478923632030106
26,179,Beam,0.39172089424859124
26,180,Beam,0.23023549383774966
26,181,Beam,0.15588359392756881
26,182,Beam,0.4609118424582659
26,183,Beam,0.23018083320933252
26,184,Beam,0.2977743853309712
26,185,Beam,0.2399224384771826
26,186,Beam,0.12108430585326684
26,187,Beam,0.4263132506188962
26,188,Beam,0.2958704047050964
26,189,Beam,0.12191274394479368
26,190,Beam,0.426307962955156
26,191,Beam,0.2965295050198696
26,192,Beam,0.2200041889514439
26,193,Beam,0.2475848070998774
26,194,Beam,0.16769582570900934
26,195,Beam,0.417079926351088
26,196,Beam,0.3163390214133339
26,197,Beam,0.16934588234270495
26,198,Beam,0.4904915411924697
26,199,Beam,0.31694435546051697
26,200,Beam,0.26286613667978365
26,201,Beam,0.24837040631511448
26,202,Beam,0.16698004417632942
26,203,Beam,0.454387495393284
26,204,Beam,0.2465150713129486
26,205,Beam,0.1684431777760069
26,206,Beam,0.45437702115582174
26,207,Beam,0.24693548333691143
26,208,Beam,0.28414822322639105
26,209,Beam,0.15583500918664145
26,210,Beam,0.17736912322295095
26,211,Beam,0.5352233550480088
26,212,Beam,0.40555359994089696
26,213,Beam,0.1822178241316632
26,214,Beam,0.6280548194773407
26,215,Beam,0.40738536197642594
26,216,Beam,0.16074472253582944
26,217,Beam,0.1256099600984088
26,218,Beam,0.21570804855988204
26,219,Beam,0.5800184274918887
26,220,Beam,0.3235334824250164
26,221,Beam,0.21294306073265043
26,222,Beam,0.5802941837066511
26,223,Beam,0.321950515854507
26,224,Beam,0.16691021000501222
27,1,Column,0.2908717332998531
27,2,Column,0.29233786311821375
27,3,Column,0.2776679533700603
27,4,Column,0.5525594868531977
27,5,Column,0.6815865290249281
27,6,Column,0.5608322143908313
27,7,Column,0.2797735952931699
27,8,Column,0.6942262130330314
27,9,Column,0.822836580047816
27,10,Column,0.5618836769361448
27,11,Column,0.48201519995162784
27,12,Column,0.4840693794591331
27,13,Column,0.38878495908155297
27,14,Column,0.4314233436104222
27,15,Column,0.3545259934972522
27,16,Column,0.5138410108194038
27,17,Column,0.17360582929821705
27,18,Column,0.5416701035889444
27,19,Column,0.3571436193420732
27,20,Column,0.6022888841036089
27,21,Column,0.1971039569103326
27,22,Column,0.7238702661660767
27,23,Column,0.8259703849983693
27,24,Column,0.8290666376343667
27,25,Column,0.24534162471376228
27,26,Column,0.24809717682201327
27,27,Column,0.255871786707995
27,28,Column,0.26472463662869683
27,29,Column,0.290641814975774
27,30,Column,0.3649158787853777
27,31,Column,0.2574548561316885
27,32,Column,0.3470781026144072
27,33,Column,0.41569522575127466
27,34,Column,0.3662684916732274
27,35,Column,0.3361527086725924
27,36,Column,0.33899330760547397
27,37,Column,0.2976712665505062
27,38,Column,0.30042088599722183
27,39,Column,0.2792178432438212
27,40,Column,0.45971041735076623
27,41,Column,0.5257626315856821
27,42,Column,0.47070561940694267
27,43,Column,0.281620553537098
27,44,Column,0.15579423005900514
27,45,Column,0.17348276558524964
27,46,Column,0.3699438642765655
27,47,Column,0.4074269012406947
27,48,Column,0.4107905760758812
27,49,Column,0.19237556729127364
27,50,Column,0.17578723123475465
27,51,Column,0.19363176821549907
27,52,Column,0.18653728189151708
27,53,Column,0.24834754778977225
27,54,Column,0.27213392621299487
27,55,Column,0.19412207165474094
27,56,Column,0.24789856544455582
27,57,Column,0.29498985301338587
27,58,Column,0.2733346980473633
27,59,Column,0.25628213478655393
27,60,Column,0.25631629359551533
27,61,Beam,0.16396652576474002
27,62,Beam,0.165251553813007
27,63,Beam,0.1336061664814783
27,64,Beam,0.519233719413819
27,65,Beam,0.6790241503793055
27,66,Beam,0.18062779712489602
27,67,Beam,0.13408111149173627
27,68,Beam,0.459886437304487
27,69,Beam,0.5643969136194921
27,70,Beam,0.18042995341062465
27,71,Beam,0.14908588815671642
27,72,Beam,0.15120071465470922
27,73,Beam,0.13003364416465554
27,74,Beam,0.12673628468588494
27,75,Beam,0.12772039144643602
27,76,Beam,0.26142596012392894
27,77,Beam,0.34189283728356623
27,78,Beam,0.19645175705122614
27,79,Beam,0.12893418128438366
27,80,Beam,0.3064344236820633
27,81,Beam,0.4127120295387473
27,82,Beam,0.19603489727177903
27,83,Beam,0.1622491925363901
27,84,Beam,0.1577942867692715
27,85,Beam,0.03741095347582077
27,86,Beam,0.0394132497802219
27,87,Beam,0.04569431967489043
27,88,Beam,0.12216204510282141
27,89,Beam,0.12557056107197861
27,90,Beam,0.06549057320105217
27,91,Beam,0.04555374421859101
27,92,Beam,0.07883688659594676
27,93,Beam,0.08097659257068913
27,94,Beam,0.06584740487698068
27,95,Beam,0.07275200306330276
27,96,Beam,0.07382072738681268
27,97,Beam,0.24020048019792484
27,98,Beam,0.2172527350333815
27,99,Beam,0.5959368121528472
27,100,Beam,0.5234355804910549
27,101,Beam,0.2170512980186846
27,102,Beam,0.7021302409455727
27,103,Beam,0.5232280206038306
27,104,Beam,0.17974186096526495
27,105,Beam,0.2400614445916622
27,106,Beam,0.21698200329992684
27,107,Beam,0.6487440192351728
27,108,Beam,0.27131478351420707
27,109,Beam,0.21711401586135065
27,110,Beam,0.6487522777360486
27,111,Beam,0.271108276325715
27,112,Beam,0.28301112118149524
27,113,Beam,0.2326517590287404
27,114,Beam,0.1303535532727949
27,115,Beam,0.5251583041400167
27,116,Beam,0.40123209039229707
27,117,Beam,0.12967516383846833
27,118,Beam,0.6169758154945302
27,119,Beam,0.4008832004184881
27,120,Beam,0.31513762072728574
27,121,Beam,0.16592627702682167
27,122,Beam,0.20969848847431155
27,123,Beam,0.5704740786790652
27,124,Beam,0.40095661744767563
27,125,Beam,0.2087791510617743
27,126,Beam,0.5704827936121427
27,127,Beam,0.4006149401648107
27,128,Beam,0.2792211362494442
27,129,Beam,0.2047287622136883
27,130,Beam,0.13299215437053835
27,131,Beam,0.3587345864133507
27,132,Beam,0.21137010626389124
27,133,Beam,0.1342521582378977
27,134,Beam,0.42231596366115565
27,135,Beam,0.21079149136523428
27,136,Beam,0.42867267620740224
27,137,Beam,0.30866101024386594
27,138,Beam,0.10234275744039807
27,139,Beam,0.3904259350572752
27,140,Beam,0.31621164764647647
27,141,Beam,0.10322988887448435
27,142,Beam,0.39045519826181696
27,143,Beam,0.3156098420504002
27,144,Beam,0.24362285837524247
27,145,Beam,0.3082274077048147
27,146,Beam,0.14380766772123424
27,147,Beam,0.3667128148122643
27,148,Beam,0.31659020753605366
27,149,Beam,0.14454336394087222
27,150,Beam,0.43149928902504403
27,151,Beam,0.31572466799180665
27,152,Beam,0.2945656891869441
27,153,Beam,0.3032581703350932
27,154,Beam,0.14358904932239633
27,155,Beam,0.39931350907034435
27,156,Beam,0.2135827251138626
27,157,Beam,0.14402864609199706
27,158,Beam,0.3993234657508255
27,159,Beam,0.21298301569489944
27,160,Beam,0.3439125129454969
27,161,Beam,0.3961828404534911
27,162,Beam,0.23042826207805486
27,163,Beam,0.7733324001345149
27,164,Beam,0.585746604759615
27,165,Beam,0.23331239691627795
27,166,Beam,0.9089932013941743
27,167,Beam,0.5846745707266944
27,168,Beam,0.4897508800945561
27,169,Beam,0.31620956956637314
27,170,Beam,0.31102513315303515
27,171,Beam,0.839453121442045
27,172,Beam,0.5851219326656952
27,173,Beam,0.3129820555621304
27,174,Beam,0.8394681182810704
27,175,Beam,0.583848667411041
27,176,Beam,0.43533502727132195
27,177,Beam,0.14563635948070155
27,178,Beam,0.1541372918461967
27,179,Beam,0.39169742399476765
27,180,Beam,0.23076898244177502
27,181,Beam,0.15530825936248993
27,182,Beam,0.46088967294893785
27,183,Beam,0.2303969982352246
27,184,Beam,0.21772316871623326
27,185,Beam,0.17225854800723375
27,186,Beam,0.12049607176177857
27,187,Beam,0.42638545556672436
27,188,Beam,0.29545851812566126
27,189,Beam,0.12123419866257584
27,190,Beam,0.42638547054012427
27,191,Beam,0.29586465330658407
27,192,Beam,0.15936571162501312
27,193,Beam,0.14672552871491387
27,194,Beam,0.21714205506543915
27,195,Beam,0.5496150226064143
27,196,Beam,0.44692323350092067
27,197,Beam,0.2189593306471951
27,198,Beam,0.6474086762924051
27,199,Beam,0.44911930341059586
27,200,Beam,0.15146639511268048
27,201,Beam,0.1499914956061412
27,202,Beam,0.21620540872473124
27,203,Beam,0.5992378272464294
27,204,Beam,0.3432948048823261
27,205,Beam,0.21782677652946575
27,206,Beam,0.5992328305285667
27,207,Beam,0.3444263129968753
27,208,Beam,0.16688458927093847
27,209,Beam,0.260499134085703
27,210,Beam,0.11399145835536535
27,211,Beam,0.30000482941720186
27,212,Beam,0.2394934213266775
27,213,Beam,0.12182146337802627
27,214,Beam,0.35121999455820724
27,215,Beam,0.24346838198425483
27,216,Beam,0.27893322615331945
27,217,Beam,0.2059184207535852
27,218,Beam,0.12510463824848905
27,219,Beam,0.3246889883834305
27,220,Beam,0.18707369561149165
27,221,Beam,0.1268007430988197
27,222,Beam,0.3248759173177288
27,223,Beam,0.19073754278366142
27,224,Beam,0.30772286474104754
