gen,best_obj1,best_obj2
1,0.6839117318222274,0.2526676928463507
2,0.6839117318222274,0.2526676928463507
