gen,nevals,avg,max,min,std,success_rate,valid_ratio,avg_cost,max_cost,min_cost,std_cost,avg_co2,max_co2,min_co2,std_co2,avg_dcr,max_dcr,min_dcr,std_dcr,best_margins,min_AM_str,min_AM_drift,min_AM_wind,min_AM_defl,min_AM_hier,min_NM_str,min_NM_drift,min_NM_wind,min_NM_defl,min_NM_hier,hof_avg_cost,hof_max_cost,hof_min_cost,hof_std_cost,hof_avg_co2,hof_max_co2,hof_min_co2,hof_std_co2,hof_avg_dcr,hof_max_dcr,hof_min_dcr,hof_std_dcr,hof_size
0,10,[0.7179308  0.31754893],[0.82651647 0.38916726],[0.52582447 0.25312182],[0.09514587 0.04306477],100.0,0.0,0.0,0.0,0.0,0.0,0.0,0.0,0.0,0.0,0.0,0.0,0.0,0.0,S:0.01 D:0.00 W:0.00 F:0.00 H:0.50,0.0,0,0.0,0,0.30000000000000004,0.0,0.0,0.0,0.0,1.0,0.0,0.0,0.0,0.0,0.0,0.0,0.0,0.0,0.0,0.0,0.0,0.0,0
1,9,[0.65533409 0.2985111 ],[0.82651647 0.38916726],[0.48696261 0.25266769],[0.10348459 0.04287348],100.0,10.0,49257524.53343994,49257524.53343994,49257524.53343994,0.0,144385.96967736003,144385.96967736003,144385.96967736003,0.0,0.2526676928463507,0.2526676928463507,0.2526676928463507,0.0,S:0.00 D:0.00 W:0.00 F:0.00 H:0.00,0.0,0,0.0,0,0.0,0.0,0.0,0.0,0.0,0.0,49257524.53343994,49257524.53343994,49257524.53343994,0.0,144385.96967736003,144385.96967736003,144385.96967736003,0.0,0.2526676928463507,0.2526676928463507,0.2526676928463507,0.0,1
2,6,[0.60333266 0.31832504],[0.82651647 0.36100427],[0.48696261 0.25266769],[0.12711484 0.04477911],100.0,10.0,49257524.53343994,49257524.53343994,49257524.53343994,0.0,144385.96967736003,144385.96967736003,144385.96967736003,0.0,0.2526676928463507,0.2526676928463507,0.2526676928463507,0.0,S:0.00 D:0.00 W:0.00 F:0.00 H:0.00,0.0,0,0.0,0,0.0,0.0,0.0,0.0,0.0,0.0,49257524.53343994,49257524.53343994,49257524.53343994,0.0,144385.96967736003,144385.96967736003,144385.96967736003,0.0,0.2526676928463507,0.2526676928463507,0.2526676928463507,0.0,1
