Solution_ID,Element_ID,ElementType,DCR
1,1,Column,0.28787761635165915
1,2,Column,0.31704561556485833
1,3,Column,0.3147605968853569
1,4,Column,0.170338381130532
1,5,Column,0.2540871588959383
1,6,Column,0.7312425294031233
1,7,Column,0.35320805243786696
1,8,Column,0.32507367504890144
1,9,Column,0.2836516569556206
1,10,Column,0.4535651879882643
1,11,Column,0.2913576052737162
1,12,Column,0.275504353187164
1,13,Column,0.27755256133420325
1,14,Column,0.2900361769409115
1,15,Column,0.17146445996869547
1,16,Column,0.09672471458475472
1,17,Column,0.18390235266940205
1,18,Column,0.16479987917728134
1,19,Column,0.08895573186275899
1,20,Column,0.14978308270988602
1,21,Column,0.4004655313647284
1,22,Column,0.44039063356917946
1,23,Column,0.20357108800029108
1,24,Column,0.14832295931223738
1,25,Column,0.2927192257740978
1,26,Column,0.2481185537351608
1,27,Column,0.20320121358276344
1,28,Column,0.09909919999997319
1,29,Column,0.17469829442460927
1,30,Column,0.1516997934668348
1,31,Column,0.10714756655896765
1,32,Column,0.1305763475895431
1,33,Column,0.12700780693438635
1,34,Column,0.1111968543930292
1,35,Column,0.13859028296932244
1,36,Column,0.3268298595935438
1,37,Column,0.3278856339339408
1,38,Column,0.13727172520070982
1,39,Column,0.10887388461870738
1,40,Column,0.252893493179453
1,41,Column,0.3104005296395324
1,42,Column,0.12940083225761354
1,43,Column,0.12201760097729071
1,44,Column,0.13506781021025357
1,45,Column,0.11339581494293224
1,46,Column,0.095849211885315
1,47,Column,0.17314572265141231
1,48,Column,0.17250925491372412
1,49,Column,0.11227043987816693
1,50,Column,0.13593179025502555
1,51,Column,0.12161595091203921
1,52,Column,0.1040921778003043
1,53,Column,0.1629909028784629
1,54,Column,0.08471310355113966
1,55,Column,0.1653384406156777
1,56,Column,0.10270446773405825
1,57,Column,0.14304168442283577
1,58,Column,0.0919478689855923
1,59,Column,0.09886750304594215
1,60,Column,0.08879472350641798
1,61,Beam,0.4416071985391927
1,62,Beam,0.4419096213673593
1,63,Beam,0.44150553463121417
1,64,Beam,0.7285179741100215
1,65,Beam,0.7289394512113103
1,66,Beam,0.7283284708982556
1,67,Beam,0.2981560387024939
1,68,Beam,0.6567981872944838
1,69,Beam,0.6565929210839366
1,70,Beam,0.21521655602232517
1,71,Beam,0.2152136859046008
1,72,Beam,0.4438932170749347
1,73,Beam,0.2967295491205817
1,74,Beam,0.8739279059202735
1,75,Beam,0.5839235749075609
1,76,Beam,0.1926060919074702
1,77,Beam,0.8739385411431096
1,78,Beam,0.584689846964601
1,79,Beam,0.371824760953755
1,80,Beam,0.44376282918969634
1,81,Beam,0.29685204363107764
1,82,Beam,0.19248354443186322
1,83,Beam,0.34875776681858817
1,84,Beam,0.42474575930678876
1,85,Beam,0.42990371287645873
1,86,Beam,0.41881393069970824
1,87,Beam,0.5491700543973226
1,88,Beam,0.5538151684414852
1,89,Beam,0.31767349690240554
1,90,Beam,0.5151228439919772
1,91,Beam,0.523109679213923
1,92,Beam,0.3985402192014688
1,93,Beam,0.3988926521257918
1,94,Beam,0.1733422340297978
1,95,Beam,0.11666246697254602
1,96,Beam,0.6381195204924681
1,97,Beam,0.4259411599888844
1,98,Beam,0.27315691263714553
1,99,Beam,0.6380752859525012
1,100,Beam,0.4264975016315326
1,101,Beam,0.5329132069988222
1,102,Beam,0.3261889613190095
1,103,Beam,0.21761160250186729
1,104,Beam,0.27224408259782495
1,105,Beam,0.28924714278460334
1,106,Beam,0.2879482621382994
1,107,Beam,0.2890391597658269
1,108,Beam,0.6054777658771155
1,109,Beam,0.6055683895564888
1,110,Beam,0.4210720820425446
1,111,Beam,0.2892601194720265
1,112,Beam,0.5462979449190842
1,113,Beam,0.38800335589681006
1,114,Beam,0.33781242858111116
1,115,Beam,0.2594075192050248
1,116,Beam,0.24520928736247077
1,117,Beam,0.24766702302853708
1,118,Beam,0.4759190939794311
1,119,Beam,0.4887383491214113
1,120,Beam,0.3090612972347035
1,121,Beam,0.4758819214520461
1,122,Beam,0.4868714180239672
1,123,Beam,0.6054476890195863
1,124,Beam,0.24518597281300708
1,125,Beam,0.16335955291967008
1,126,Beam,0.20467872687626978
1,127,Beam,0.25222105634465175
1,128,Beam,0.3085297179371694
1,129,Beam,0.31041566081525973
1,130,Beam,0.33084174927845844
1,131,Beam,0.43683316257052296
1,132,Beam,0.43572144176569183
1,133,Beam,0.21490934280970866
1,134,Beam,0.39790516361760475
1,135,Beam,0.3976077196492035
1,136,Beam,0.23183061034004204
1,137,Beam,0.23185172729138623
1,138,Beam,0.176785923569648
1,139,Beam,0.11889629782586388
1,140,Beam,0.5220491905086253
1,141,Beam,0.35295333976059456
1,142,Beam,0.14758954877334837
1,143,Beam,0.5221145435779485
1,144,Beam,0.3534176142141047
1,145,Beam,0.2859086355710364
1,146,Beam,0.26581719562018885
1,147,Beam,0.17932348649150523
1,148,Beam,0.14737281005237493
2,1,Column,0.2878696054892454
2,2,Column,0.3170341820753701
2,3,Column,0.3147580754274565
2,4,Column,0.1703366435206045
2,5,Column,0.25408478130821494
2,6,Column,0.7312430630583031
2,7,Column,0.35319195121383673
2,8,Column,0.3250713019930898
2,9,Column,0.28364389153736136
2,10,Column,0.4535522505451199
2,11,Column,0.2913627743819038
2,12,Column,0.2755022383803418
2,13,Column,0.2775445180911096
2,14,Column,0.2900260027834041
2,15,Column,0.1714587495512999
2,16,Column,0.09672099728722819
2,17,Column,0.18389289404060585
2,18,Column,0.16479806640826328
2,19,Column,0.08895465220460491
2,20,Column,0.14978006938177912
2,21,Column,0.4004628743640821
2,22,Column,0.4403907560547611
2,23,Column,0.20356901481504558
2,24,Column,0.1483176005118397
2,25,Column,0.29271634817286596
2,26,Column,0.24812207350222337
2,27,Column,0.2031942075806737
2,28,Column,0.09909524508457894
2,29,Column,0.17469634760516198
2,30,Column,0.15169403033543014
2,31,Column,0.10714665468258758
2,32,Column,0.13057205886352446
2,33,Column,0.127003516347834
2,34,Column,0.11119594126211786
2,35,Column,0.1385858758134574
2,36,Column,0.3268251063286543
2,37,Column,0.3278808693211467
2,38,Column,0.13726804661400918
2,39,Column,0.10887296815478929
2,40,Column,0.2528897964451076
2,41,Column,0.31039617804842956
2,42,Column,0.1293931641851782
2,43,Column,0.12201663772278129
2,44,Column,0.13506356908005593
2,45,Column,0.11339490025689693
2,46,Column,0.09584034874328479
2,47,Column,0.17314075760876133
2,48,Column,0.17250459176103272
2,49,Column,0.11226157483775982
2,50,Column,0.13592292710433457
2,51,Column,0.12160722011992477
2,52,Column,0.10408344518369855
2,53,Column,0.16298342212092576
2,54,Column,0.08470422788546197
2,55,Column,0.16533296385169746
2,56,Column,0.10269572899634044
2,57,Column,0.14303281962677192
2,58,Column,0.09193904529723167
2,59,Column,0.09885866072774488
2,60,Column,0.08878768541410609
2,61,Beam,0.4416071901636844
2,62,Beam,0.44190962163443004
2,63,Beam,0.4415055435352459
2,64,Beam,0.7285179657958127
2,65,Beam,0.7289394514729413
2,66,Beam,0.7283284619931785
2,67,Beam,0.2981560264348013
2,68,Beam,0.6567981872982656
2,69,Beam,0.6565929121621155
2,70,Beam,0.21521507511487867
2,71,Beam,0.21521220442772385
2,72,Beam,0.443893219865862
2,73,Beam,0.2967295634901043
2,74,Beam,0.8739279070259018
2,75,Beam,0.5839235805088137
2,76,Beam,0.1926060823101355
2,77,Beam,0.8739385400786576
2,78,Beam,0.5846898523528384
2,79,Beam,0.37182475578612606
2,80,Beam,0.44376283037196723
2,81,Beam,0.2968520487552876
2,82,Beam,0.19248353941671226
2,83,Beam,0.34874931839759826
2,84,Beam,0.4247374519250732
2,85,Beam,0.4298952610934067
2,86,Beam,0.418805482895831
2,87,Beam,0.5491617468924419
2,88,Beam,0.5538067166650523
2,89,Beam,0.31766502066433394
2,90,Beam,0.5151145334591011
2,91,Beam,0.5231012275777539
2,92,Beam,0.39853177281887264
2,93,Beam,0.3988842025988895
2,94,Beam,0.17334224709473434
2,95,Beam,0.11666249397372709
2,96,Beam,0.6381195306864421
2,97,Beam,0.42594115208967115
2,98,Beam,0.27315689757049094
2,99,Beam,0.6380752948562799
2,100,Beam,0.4264974931151203
2,101,Beam,0.5329132049581798
2,102,Beam,0.32618896995520197
2,103,Beam,0.217611593471527
2,104,Beam,0.27224408073743267
2,105,Beam,0.2953588389138566
2,106,Beam,0.29351283368504544
2,107,Beam,0.2956167550709578
2,108,Beam,0.5456464009639878
2,109,Beam,0.5457281767761105
2,110,Beam,0.3831623874903987
2,111,Beam,0.2957381667950351
2,112,Beam,0.4923153295538936
2,113,Beam,0.3612541733909439
2,114,Beam,0.32591924421360746
2,115,Beam,0.272427529815047
2,116,Beam,0.22098556851768447
2,117,Beam,0.22319596825351518
2,118,Beam,0.42889470263105667
2,119,Beam,0.44044276036000235
2,120,Beam,0.2785243038717582
2,121,Beam,0.4288612032467773
2,122,Beam,0.4387603392485503
2,123,Beam,0.5456193330132183
2,124,Beam,0.22096455378456825
2,125,Beam,0.14722155371548928
2,126,Beam,0.184458877913111
2,127,Beam,0.2756683907614866
2,128,Beam,0.33940039982294345
2,129,Beam,0.3417661609107898
2,130,Beam,0.37090247806944315
2,131,Beam,0.5462490072380002
2,132,Beam,0.54485855381457
2,133,Beam,0.23488481257955404
2,134,Beam,0.49219066264502226
2,135,Beam,0.4912517781139722
2,136,Beam,0.25338141182583584
2,137,Beam,0.253404501372491
2,138,Beam,0.22104867244121365
2,139,Beam,0.1486646737764343
2,140,Beam,0.6528093129397945
2,141,Beam,0.4413593669613526
2,142,Beam,0.18454227622495797
2,143,Beam,0.6528910375345129
2,144,Beam,0.4419399610241046
2,145,Beam,0.35751242821725215
2,146,Beam,0.33238722330111675
2,147,Beam,0.22423255124998873
2,148,Beam,0.18427122778716645
3,1,Column,0.2853506370491091
3,2,Column,0.2876923880863878
3,3,Column,0.33888560888524766
3,4,Column,0.2884064592047853
3,5,Column,0.2550801862392076
3,6,Column,0.7358055723618655
3,7,Column,0.3906387337348722
3,8,Column,0.32604445686894795
3,9,Column,0.28119440865880285
3,10,Column,0.4526138852588019
3,11,Column,0.29537653410629156
3,12,Column,0.31255935601083984
3,13,Column,0.2749854498574879
3,14,Column,0.255427946619186
3,15,Column,0.16763982633065738
3,16,Column,0.15792363206185553
3,17,Column,0.13982552674265447
3,18,Column,0.16519837148503902
3,19,Column,0.08892805751062298
3,20,Column,0.1510473369036252
3,21,Column,0.40125743325364954
3,22,Column,0.4451230465853204
3,23,Column,0.20448168675062015
3,24,Column,0.14507525237465485
3,25,Column,0.29381021833556287
3,26,Column,0.2528254455083848
3,27,Column,0.18876372618021997
3,28,Column,0.15127071631108388
3,29,Column,0.17524428621469806
3,30,Column,0.07453199550908418
3,31,Column,0.1068710733588628
3,32,Column,0.13115137389583653
3,33,Column,0.1275919933716934
3,34,Column,0.11090988901715224
3,35,Column,0.13748481746563443
3,36,Column,0.326411988174937
3,37,Column,0.3275011588643573
3,38,Column,0.12844155052770664
3,39,Column,0.10862851666033864
3,40,Column,0.25258296492805277
3,41,Column,0.31003440902620266
3,42,Column,0.12267707662488435
3,43,Column,0.12178765999382318
3,44,Column,0.13567045839769284
3,45,Column,0.11310658083306321
3,46,Column,0.09623854785587298
3,47,Column,0.17314698528425201
3,48,Column,0.17249842860565953
3,49,Column,0.11755860038002833
3,50,Column,0.13631747619939777
3,51,Column,0.12116091768915482
3,52,Column,0.10361810193218861
3,53,Column,0.16248028276955814
3,54,Column,0.08509751640998514
3,55,Column,0.15995302470825415
3,56,Column,0.10223650197815996
3,57,Column,0.1434391983850492
3,58,Column,0.09231837303234457
3,59,Column,0.09838699368994237
3,60,Column,0.08824544650053183
3,61,Beam,0.44161423854353854
3,62,Beam,0.44191199201258197
3,63,Beam,0.44150351639520885
3,64,Beam,0.728524761256746
3,65,Beam,0.7289396702053889
3,66,Beam,0.7283307735071994
3,67,Beam,0.2981641524943318
3,68,Beam,0.6567996738255214
3,69,Beam,0.6565946685575943
3,70,Beam,0.21443796938226292
3,71,Beam,0.2144308700665633
3,72,Beam,0.4438908964412156
3,73,Beam,0.2967206003979865
3,74,Beam,0.8739261358557429
3,75,Beam,0.5839232938882303
3,76,Beam,0.1926100212832323
3,77,Beam,0.8739406034287014
3,78,Beam,0.5846863420200278
3,79,Beam,0.37182683502022223
3,80,Beam,0.4437602469559831
3,81,Beam,0.2968490483452913
3,82,Beam,0.19248588464655264
3,83,Beam,0.33628507231458565
3,84,Beam,0.4056681488161561
3,85,Beam,0.41122123935509125
3,86,Beam,0.40140361579712963
3,87,Beam,0.5790699414945364
3,88,Beam,0.5778436896442793
3,89,Beam,0.3076911467623959
3,90,Beam,0.5280073668001729
3,91,Beam,0.5317732130155041
3,92,Beam,0.3821191896905576
3,93,Beam,0.38247292557883644
3,94,Beam,0.1903767340554231
3,95,Beam,0.12869266409855457
3,96,Beam,0.6918759747781825
3,97,Beam,0.46185559427378675
3,98,Beam,0.29734474319763204
3,99,Beam,0.6918182742074014
3,100,Beam,0.46253151687342314
3,101,Beam,0.5778914143149303
3,102,Beam,0.3549550666206596
3,103,Beam,0.23684725076787863
3,104,Beam,0.2962766624981326
3,105,Beam,0.29311866001683284
3,106,Beam,0.29137453032075394
3,107,Beam,0.2933692201319895
3,108,Beam,0.5456547170353953
3,109,Beam,0.5457290363941358
3,110,Beam,0.3809138219438374
3,111,Beam,0.2935007861542349
3,112,Beam,0.4923172680143944
3,113,Beam,0.35900512845801585
3,114,Beam,0.32368553901215236
3,115,Beam,0.2701817102207738
3,116,Beam,0.22099016695281895
3,117,Beam,0.22321251270624304
3,118,Beam,0.428900006347321
3,119,Beam,0.44043596261932594
3,120,Beam,0.2785310334378451
3,121,Beam,0.4288667442206048
3,122,Beam,0.4387581551733883
3,123,Beam,0.5456244747813299
3,124,Beam,0.2209693170292764
3,125,Beam,0.14722475602355126
3,126,Beam,0.18446425598562227
3,127,Beam,0.250800783936461
3,128,Beam,0.307125906759528
3,129,Beam,0.3089996508180564
3,130,Beam,0.32942156323274824
3,131,Beam,0.43683020620078694
3,132,Beam,0.4357231088212848
3,133,Beam,0.21348758873534912
3,134,Beam,0.39650179390744056
3,135,Beam,0.39619231945234706
3,136,Beam,0.23040415329280267
3,137,Beam,0.23042194263032803
3,138,Beam,0.17678472744412244
3,139,Beam,0.11889799331614477
3,140,Beam,0.522049321274363
3,141,Beam,0.3529499680287021
3,142,Beam,0.1475877006284394
3,143,Beam,0.5221141624075268
3,144,Beam,0.3534160321758917
3,145,Beam,0.2859092520984143
3,146,Beam,0.2658165283423888
3,147,Beam,0.17932364941374715
3,148,Beam,0.14737282334298296
4,1,Column,0.2888941776013859
4,2,Column,0.3203267140487307
4,3,Column,0.3173887196980768
4,4,Column,0.2919130876225392
4,5,Column,0.25455649999710317
4,6,Column,0.7326940073312496
4,7,Column,0.3849220274510578
4,8,Column,0.3257358977253114
4,9,Column,0.2848277056505476
4,10,Column,0.4285452298844639
4,11,Column,0.28971280089192514
4,12,Column,0.3152615928318774
4,13,Column,0.16204482886620844
4,14,Column,0.25492122860624017
4,15,Column,0.18899735455063923
4,16,Column,0.0982659890430902
4,17,Column,0.18401469980503
4,18,Column,0.13667872461498604
4,19,Column,0.08531474053448987
4,20,Column,0.14924014588403486
4,21,Column,0.3950026941205953
4,22,Column,0.4343659549887746
4,23,Column,0.20280824900051167
4,24,Column,0.14944677760012032
4,25,Column,0.2928015487741651
4,26,Column,0.24754450106731846
4,27,Column,0.1879113433153953
4,28,Column,0.09761560485565696
4,29,Column,0.1556305330709135
4,30,Column,0.1523973273992621
4,31,Column,0.11860018053424641
4,32,Column,0.10640043966481119
4,33,Column,0.10268485109605086
4,34,Column,0.131923004207743
4,35,Column,0.1102935493111993
4,36,Column,0.24749299415133838
4,37,Column,0.24838344394141873
4,38,Column,0.1020883563594402
4,39,Column,0.11530593428633341
4,40,Column,0.19209889705320485
4,41,Column,0.23482581255425272
4,42,Column,0.15320453684113053
4,43,Column,0.1321859433854711
4,44,Column,0.10958866916934742
4,45,Column,0.12688488743426135
4,46,Column,0.09549595466656757
4,47,Column,0.17312245243738153
4,48,Column,0.1723494163111623
4,49,Column,0.11237083523084529
4,50,Column,0.13317489379545064
4,51,Column,0.14638206412511218
4,52,Column,0.12013327855788325
4,53,Column,0.16172367074687513
4,54,Column,0.08402529521614906
4,55,Column,0.16280496531925667
4,56,Column,0.11231253873856666
4,57,Column,0.14278518843584756
4,58,Column,0.09098087228069006
4,59,Column,0.09714435388640616
4,60,Column,0.08741469986338694
4,61,Beam,0.44156446728671145
4,62,Beam,0.4418773068627928
4,63,Beam,0.44153717412611954
4,64,Beam,0.7284527194873069
4,65,Beam,0.7288933035089249
4,66,Beam,0.7282716730726714
4,67,Beam,0.2980957251677522
4,68,Beam,0.6567472657700857
4,69,Beam,0.6566018903298043
4,70,Beam,0.2154712025684119
4,71,Beam,0.21547780787154341
4,72,Beam,0.44389465327831673
4,73,Beam,0.29668866377401015
4,74,Beam,0.8739429319886679
4,75,Beam,0.5838305282144104
4,76,Beam,0.1926302441930157
4,77,Beam,0.8739600154050586
4,78,Beam,0.5846344239981998
4,79,Beam,0.3718499271506161
4,80,Beam,0.4437522740871115
4,81,Beam,0.296819335109656
4,82,Beam,0.19250082494116547
4,83,Beam,0.35105598390830706
4,84,Beam,0.4272364269026657
4,85,Beam,0.43241838808291155
4,86,Beam,0.42136302236301965
4,87,Beam,0.5515938078124017
4,88,Beam,0.5566883740453525
4,89,Beam,0.3200681026031062
4,90,Beam,0.5174560800149663
4,91,Beam,0.5258917988904502
4,92,Beam,0.4010056239849645
4,93,Beam,0.4013930628395923
4,94,Beam,0.17323229499160714
4,95,Beam,0.11630958434999648
4,96,Beam,0.6377710416691382
4,97,Beam,0.4267094199899057
4,98,Beam,0.27281089054884405
4,99,Beam,0.6377344583324928
4,100,Beam,0.4268428011432416
4,101,Beam,0.5325408108045812
4,102,Beam,0.3262975781887857
4,103,Beam,0.21776708751058974
4,104,Beam,0.2720373141572193
4,105,Beam,0.2867317804664632
4,106,Beam,0.28547959118207805
4,107,Beam,0.28651605604119695
4,108,Beam,0.6058444421231852
4,109,Beam,0.6051990668716809
4,110,Beam,0.41875078502047963
4,111,Beam,0.28693756652009866
4,112,Beam,0.5461812565488346
4,113,Beam,0.3856590924519664
4,114,Beam,0.33531172862145475
4,115,Beam,0.2547894245427933
4,116,Beam,0.24514945816221623
4,117,Beam,0.2475511987765668
4,118,Beam,0.47582479993151194
4,119,Beam,0.4889569500903047
4,120,Beam,0.30890676239730336
4,121,Beam,0.4757895982935508
4,122,Beam,0.48735707626162855
4,123,Beam,0.6053009589990126
4,124,Beam,0.24513373878146086
4,125,Beam,0.16333111463121
4,126,Beam,0.2046416659231942
4,127,Beam,0.24873790516034103
4,128,Beam,0.3049462869895662
4,129,Beam,0.30697244618656777
4,130,Beam,0.32747828766334836
4,131,Beam,0.43671007457477284
4,132,Beam,0.43584071639192057
4,133,Beam,0.2116268375530016
4,134,Beam,0.3942559391906918
4,135,Beam,0.3943485231853535
4,136,Beam,0.22817582386033597
4,137,Beam,0.22818360050455994
4,138,Beam,0.17678283422841878
4,139,Beam,0.1188301788619928
4,140,Beam,0.522035639643121
4,141,Beam,0.3530230504696742
4,142,Beam,0.14756293248639737
4,143,Beam,0.5221089571224238
4,144,Beam,0.35355323067182115
4,145,Beam,0.2858818353232174
4,146,Beam,0.2658300175505139
4,147,Beam,0.17934178217956545
4,148,Beam,0.1473538597046672
5,1,Column,0.2881433790764122
5,2,Column,0.15100222089633067
5,3,Column,0.31775415434896975
5,4,Column,0.1806016795059082
5,5,Column,0.25503774918903327
5,6,Column,0.7342219382009469
5,7,Column,0.3860722883512406
5,8,Column,0.32619946008348405
5,9,Column,0.28410795146544154
5,10,Column,0.4291115765511883
5,11,Column,0.33218537504045503
5,12,Column,0.27594594092388214
5,13,Column,0.16073084659496142
5,14,Column,0.2553805107504712
5,15,Column,0.17186469042602404
5,16,Column,0.16125093459566447
5,17,Column,0.12985235776684154
5,18,Column,0.18353159632123006
5,19,Column,0.17301226662761254
5,20,Column,0.14992015676287349
5,21,Column,0.39542731869554315
5,22,Column,0.42463925282842846
5,23,Column,0.20333235617116274
5,24,Column,0.14858759639202296
5,25,Column,0.29339484306168684
5,26,Column,0.2495952500929057
5,27,Column,0.18837717619812402
5,28,Column,0.1539244764796356
5,29,Column,0.15592330013159716
5,30,Column,0.1515312260676253
5,31,Column,0.1155822467189336
5,32,Column,0.10723489131025225
5,33,Column,0.10355130811786996
5,34,Column,0.12973702832228878
5,35,Column,0.14567844600816757
5,36,Column,0.24829712705490878
5,37,Column,0.24917469858241453
5,38,Column,0.1018833683245143
5,39,Column,0.11245314335100443
5,40,Column,0.1929848702242078
5,41,Column,0.2355578130355438
5,42,Column,0.15035225530416482
5,43,Column,0.12925237395995973
5,44,Column,0.11040869055625262
5,45,Column,0.12400097445720627
5,46,Column,0.09531600438012693
5,47,Column,0.17316489889875822
5,48,Column,0.17264293743245113
5,49,Column,0.11218114679208717
5,50,Column,0.13291903641930963
5,51,Column,0.11993519317688861
5,52,Column,0.12009760537157366
5,53,Column,0.15321898161064357
5,54,Column,0.0838558270332933
5,55,Column,0.15684994266969743
5,56,Column,0.10103235733400752
5,57,Column,0.1426075431229316
5,58,Column,0.09074453495657107
5,59,Column,0.09568182108660417
5,60,Column,0.08669749402106343
5,61,Beam,0.44156064852198573
5,62,Beam,0.44187405636632665
5,63,Beam,0.44153452388446285
5,64,Beam,0.7284488792613535
5,65,Beam,0.7288891314393434
5,66,Beam,0.728274403708477
5,67,Beam,0.29809247582226206
5,68,Beam,0.6567434782594145
5,69,Beam,0.6565990314332952
5,70,Beam,0.21522058293197505
5,71,Beam,0.21523150755437626
5,72,Beam,0.44389076055783794
5,73,Beam,0.2966962387884884
5,74,Beam,0.8739445083692784
5,75,Beam,0.5838344987971167
5,76,Beam,0.19263122832055718
5,77,Beam,0.8739620139128108
5,78,Beam,0.5846392793566324
5,79,Beam,0.3718493328222
5,80,Beam,0.44374885616971693
5,81,Beam,0.29682642582779767
5,82,Beam,0.19249943046639356
5,83,Beam,0.3487955863121123
5,84,Beam,0.4251526922075742
5,85,Beam,0.43019027942925986
5,86,Beam,0.4190967447597332
5,87,Beam,0.5495022214252779
5,88,Beam,0.5544581562612078
5,89,Beam,0.31781141234169463
5,90,Beam,0.5153666671622016
5,91,Beam,0.523662507390347
5,92,Beam,0.39874435862846314
5,93,Beam,0.3991638874178384
5,94,Beam,0.17324003140835562
5,95,Beam,0.11611083994054831
5,96,Beam,0.6377860387659019
5,97,Beam,0.4267368472275192
5,98,Beam,0.2727962172535873
5,99,Beam,0.6377494881265894
5,100,Beam,0.4268691587204169
5,101,Beam,0.5325226497079572
5,102,Beam,0.32627920033811947
5,103,Beam,0.2178031441433374
5,104,Beam,0.2720191662006823
5,105,Beam,0.2879956825757193
5,106,Beam,0.28596328729733456
5,107,Beam,0.28821468963916813
5,108,Beam,0.5829116938013951
5,109,Beam,0.5822408425860429
5,110,Beam,0.4079464497139153
5,111,Beam,0.2886977580599349
5,112,Beam,0.525669597649974
5,113,Beam,0.37619677557474573
5,114,Beam,0.32781616054356083
5,115,Beam,0.26608896214442235
5,116,Beam,0.2374826089044032
5,117,Beam,0.23887878985376299
5,118,Beam,0.4587253906841116
5,119,Beam,0.47071088626325047
5,120,Beam,0.29806624399926024
5,121,Beam,0.4586864044290777
5,122,Beam,0.4690485744570811
5,123,Beam,0.5823314379999525
5,124,Beam,0.23746287881654735
5,125,Beam,0.15819654406513892
5,126,Beam,0.19824867289569778
5,127,Beam,0.24669157444398912
5,128,Beam,0.30301756160800936
5,129,Beam,0.30489956673695356
5,130,Beam,0.32543024515092134
5,131,Beam,0.43671345364332637
5,132,Beam,0.4358275196776208
5,133,Beam,0.20956974193212152
5,134,Beam,0.39356902136528227
5,135,Beam,0.3929542020079035
5,136,Beam,0.22603970533798254
5,137,Beam,0.22607040611064053
5,138,Beam,0.1767748245152612
5,139,Beam,0.11882187852434645
5,140,Beam,0.5220160463967328
5,141,Beam,0.3530357138325983
5,142,Beam,0.14755759879098998
5,143,Beam,0.5220907287395938
5,144,Beam,0.3535616732620903
5,145,Beam,0.2858765270481196
5,146,Beam,0.2658139423535903
5,147,Beam,0.17935843718537697
5,148,Beam,0.14734975985122362
6,1,Column,0.2857126258889765
6,2,Column,0.318567987688441
6,3,Column,0.16205785085291152
6,4,Column,0.28920215145621114
6,5,Column,0.3092505793250555
6,6,Column,0.7302024532089969
6,7,Column,0.390063339310809
6,8,Column,0.35928468026840266
6,9,Column,0.1894903898878888
6,10,Column,0.45425845180641977
6,11,Column,0.330056933505389
6,12,Column,0.2768186887275043
6,13,Column,0.27572894581895757
6,14,Column,0.28829924480976027
6,15,Column,0.1681230558525655
6,16,Column,0.09105861981198299
6,17,Column,0.13029207341314963
6,18,Column,0.15558551679110946
6,19,Column,0.08551934474065223
6,20,Column,0.15114688368825602
6,21,Column,0.3962742037783022
6,22,Column,0.4411224413010124
6,23,Column,0.20875402776650104
6,24,Column,0.09321377918608695
6,25,Column,0.29447672135906283
6,26,Column,0.25422706509548265
6,27,Column,0.18923900454115916
6,28,Column,0.09839650632904566
6,29,Column,0.09913108535810294
6,30,Column,0.07862917330020569
6,31,Column,0.11700497805782754
6,32,Column,0.10776456020961088
6,33,Column,0.1666620275924449
6,34,Column,0.13068742379071682
6,35,Column,0.14706041593733077
6,36,Column,0.2479731351790224
6,37,Column,0.2488716118377936
6,38,Column,0.10158466097530122
6,39,Column,0.11359354815338892
6,40,Column,0.19276079339416122
6,41,Column,0.23526181546144398
6,42,Column,0.09842835647037924
6,43,Column,0.1306095619180768
6,44,Column,0.11095692345458043
6,45,Column,0.12540896088980139
6,46,Column,0.09572482543252017
6,47,Column,0.17316614113212236
6,48,Column,0.1726463827499993
6,49,Column,0.11548992281319649
6,50,Column,0.13332303841852114
6,51,Column,0.11945413542573166
6,52,Column,0.12010539309854633
6,53,Column,0.15363691362753115
6,54,Column,0.08425979256186485
6,55,Column,0.15638733449248005
6,56,Column,0.10103180675211625
6,57,Column,0.1430229037227901
6,58,Column,0.09113452039351072
6,59,Column,0.09511490880947895
6,60,Column,0.08660666254769339
6,61,Beam,0.4415670993881326
6,62,Beam,0.4418761661754
6,63,Beam,0.4415324459253415
6,64,Beam,0.7284553362142859
6,65,Beam,0.7288894047086865
6,66,Beam,0.7282769380523672
6,67,Beam,0.29810012850804
6,68,Beam,0.656744935426046
6,69,Beam,0.6565971004421829
6,70,Beam,0.2144606371985713
6,71,Beam,0.21446802614711083
6,72,Beam,0.44388877546878214
6,73,Beam,0.29668465139006084
6,74,Beam,0.8739464827977316
6,75,Beam,0.5838343429794965
6,76,Beam,0.19263596705862723
6,77,Beam,0.8739643623028509
6,78,Beam,0.5846351226629265
6,79,Beam,0.37185226258870846
6,80,Beam,0.4437464127363552
6,81,Beam,0.2968218319823933
6,82,Beam,0.19250262826148004
6,83,Beam,0.3364703198956485
6,84,Beam,0.40625449154181303
6,85,Beam,0.41165855749576946
6,86,Beam,0.40183233189782325
6,87,Beam,0.5788093027398515
6,88,Beam,0.578342823725442
6,89,Beam,0.3079745509214403
6,90,Beam,0.5281381559242014
6,91,Beam,0.5321446060850624
6,92,Beam,0.382476523289616
6,93,Beam,0.3828959607215206
6,94,Beam,0.19025291118471507
6,95,Beam,0.12804894585011647
6,96,Beam,0.6914834442757111
6,97,Beam,0.46276716912249755
6,98,Beam,0.29692540225228314
6,99,Beam,0.6914338974558374
6,100,Beam,0.4629590194562132
6,101,Beam,0.5774374446328929
6,102,Beam,0.35509737043289047
6,103,Beam,0.23706814082995256
6,104,Beam,0.29601416218603427
6,105,Beam,0.2854924661435933
6,106,Beam,0.2835672685476366
6,107,Beam,0.2857043728460582
6,108,Beam,0.5829215351297805
6,109,Beam,0.5822417796727782
6,110,Beam,0.4066772012886739
6,111,Beam,0.28619773223533407
6,112,Beam,0.5256719084111793
6,113,Beam,0.37492685409820126
6,114,Beam,0.3265530214190758
6,115,Beam,0.2635801082551503
6,116,Beam,0.2374875514160032
6,117,Beam,0.2388999851092983
6,118,Beam,0.45873030684992533
6,119,Beam,0.47070439738256487
6,120,Beam,0.29807481589010654
6,121,Beam,0.4586918554571672
6,122,Beam,0.46904831713980205
6,123,Beam,0.5823373217962069
6,124,Beam,0.2374680223267061
6,125,Beam,0.15820112524675486
6,126,Beam,0.19825541209618902
6,127,Beam,0.24516675378781808
6,128,Beam,0.30151042727850097
6,129,Beam,0.30337872780629116
6,130,Beam,0.32390560168127724
6,131,Beam,0.4367106721612132
6,132,Beam,0.4358293350673208
6,133,Beam,0.2080434265155465
6,134,Beam,0.3935671865427881
6,135,Beam,0.39295616825097474
6,136,Beam,0.22450603521784684
6,137,Beam,0.22453344566328048
6,138,Beam,0.17677385840788593
6,139,Beam,0.11882329394820493
6,140,Beam,0.5220166257763673
6,141,Beam,0.35303029262855473
6,142,Beam,0.1475554046399057
6,143,Beam,0.5220907667389338
6,144,Beam,0.35355870668262834
6,145,Beam,0.28587674342188185
6,146,Beam,0.2658137121120188
6,147,Beam,0.179357749910152
6,148,Beam,0.14734962214143654
7,1,Column,0.1426474306324915
7,2,Column,0.30933403165480333
7,3,Column,0.31607772777639226
7,4,Column,0.13352855198730124
7,5,Column,0.29900362242942335
7,6,Column,0.7459806372549609
7,7,Column,0.4010746877774155
7,8,Column,0.32790202089296216
7,9,Column,0.18269808595883968
7,10,Column,0.44820822065972366
7,11,Column,0.3063717108146239
7,12,Column,0.27844026050432297
7,13,Column,0.26501996944151074
7,14,Column,0.27809047209056525
7,15,Column,0.2639990365081878
7,16,Column,0.15088801661904686
7,17,Column,0.14132111279087028
7,18,Column,0.16647621301110951
7,19,Column,0.16373295366911736
7,20,Column,0.1539129490430481
7,21,Column,0.40110489584854975
7,22,Column,0.45542582882776195
7,23,Column,0.20646177315157688
7,24,Column,0.13801601155920232
7,25,Column,0.2960859441739463
7,26,Column,0.2664823173076369
7,27,Column,0.19046009462775895
7,28,Column,0.10255411249350138
7,29,Column,0.17532811442890966
7,30,Column,0.14249983710437933
7,31,Column,0.1012110089440517
7,32,Column,0.1389099013163134
7,33,Column,0.13527170207725853
7,34,Column,0.10569987143069468
7,35,Column,0.1479895733220426
7,36,Column,0.3329916944330598
7,37,Column,0.33366470636487994
7,38,Column,0.1439470417699128
7,39,Column,0.1030273219871136
7,40,Column,0.16465012016202127
7,41,Column,0.315838369590367
7,42,Column,0.13240898938908754
7,43,Column,0.11603213546225957
7,44,Column,0.14302722586897132
7,45,Column,0.10758097139561563
7,46,Column,0.09454899187321354
7,47,Column,0.17300992168808177
7,48,Column,0.17370725295960537
7,49,Column,0.11117878618730155
7,50,Column,0.13447635923607454
7,51,Column,0.12186341276668428
7,52,Column,0.1125248958515115
7,53,Column,0.15403195363165637
7,54,Column,0.08346307527224736
7,55,Column,0.1604486354138817
7,56,Column,0.10206985343151405
7,57,Column,0.14207163015041982
7,58,Column,0.09024114436226735
7,59,Column,0.09818271027531984
7,60,Column,0.08531030651494301
7,61,Beam,0.36793640134162575
7,62,Beam,0.36821493722487436
7,63,Beam,0.36786740063212914
7,64,Beam,0.6060415345602748
7,65,Beam,0.6064198198778219
7,66,Beam,0.6059351505187173
7,67,Beam,0.248890933401418
7,68,Beam,0.5465294344762062
7,69,Beam,0.5464043575087608
7,70,Beam,0.18006188718054406
7,71,Beam,0.18010006978838827
7,72,Beam,0.37014876691285875
7,73,Beam,0.2475712081462643
7,74,Beam,0.7270446541666632
7,75,Beam,0.4859057455321812
7,76,Beam,0.16158231618364197
7,77,Beam,0.7270621126381906
7,78,Beam,0.4865918127290751
7,79,Beam,0.31030294872853276
7,80,Beam,0.3700356653816985
7,81,Beam,0.24767666155274592
7,82,Beam,0.16146499600490297
7,83,Beam,0.32228905763744287
7,84,Beam,0.400408459342633
7,85,Beam,0.4037835067508003
7,86,Beam,0.39233368124335055
7,87,Beam,0.5340043657299104
7,88,Beam,0.5330260001173059
7,89,Beam,0.2912126999987855
7,90,Beam,0.49073992622007057
7,91,Beam,0.49697602433025434
7,92,Beam,0.3721060857949661
7,93,Beam,0.37277454045346237
7,94,Beam,0.17341499127814425
7,95,Beam,0.11623523626641512
7,96,Beam,0.6383083037843325
7,97,Beam,0.4262712436910715
7,98,Beam,0.2729634611410493
7,99,Beam,0.638262032239743
7,100,Beam,0.4268214427922608
7,101,Beam,0.5327179362454443
7,102,Beam,0.3263634680203645
7,103,Beam,0.21793276155994884
7,104,Beam,0.272057632675072
7,105,Beam,0.3100991131629053
7,106,Beam,0.30252852863109714
7,107,Beam,0.3112450863494252
7,108,Beam,0.45969018477276574
7,109,Beam,0.4565234892746496
7,110,Beam,0.38043102696656406
7,111,Beam,0.3107688097628572
7,112,Beam,0.430263891899117
7,113,Beam,0.3631447395595443
7,114,Beam,0.3322502873287253
7,115,Beam,0.29186343904710504
7,116,Beam,0.18075669044950743
7,117,Beam,0.181227230791705
7,118,Beam,0.34586311084739296
7,119,Beam,0.35647121256239656
7,120,Beam,0.22595304441708827
7,121,Beam,0.3457547357940317
7,122,Beam,0.3537090339469975
7,123,Beam,0.4379227385999266
7,124,Beam,0.1806481195004022
7,125,Beam,0.12011544581765644
7,126,Beam,0.15093653963077516
7,127,Beam,0.22715484464622654
7,128,Beam,0.28482223125113637
7,129,Beam,0.2850322226201276
7,130,Beam,0.305744960509108
7,131,Beam,0.4368900691152421
7,132,Beam,0.4355860100418721
7,133,Beam,0.18973977625630667
7,134,Beam,0.39367827830629487
7,135,Beam,0.3927186699755096
7,136,Beam,0.20577828668995382
7,137,Beam,0.20578723201060467
7,138,Beam,0.17673145437136487
7,139,Beam,0.1189421471026724
7,140,Beam,0.5219110905232115
7,141,Beam,0.35313879614770743
7,142,Beam,0.14760282990522128
7,143,Beam,0.5219816037011726
7,144,Beam,0.3535887445124621
7,145,Beam,0.28591722166811084
7,146,Beam,0.2657001956779946
7,147,Beam,0.17950138471272165
7,148,Beam,0.14738124167286526
8,1,Column,0.14467058039614009
8,2,Column,0.2908474483388513
8,3,Column,0.16209294021997978
8,4,Column,0.2798708328572444
8,5,Column,0.30036067103878883
8,6,Column,0.7242171525941313
8,7,Column,0.34698080701084927
8,8,Column,0.32807387823505496
8,9,Column,0.2712897017564397
8,10,Column,0.43115693899191254
8,11,Column,0.30452543604100707
8,12,Column,0.27786645324120157
8,13,Column,0.2657289635057625
8,14,Column,0.2571075149094884
8,15,Column,0.2656278112727492
8,16,Column,0.07903899643074012
8,17,Column,0.16828251627976276
8,18,Column,0.16996339465039467
8,19,Column,0.08800865526113479
8,20,Column,0.15359596304322315
8,21,Column,0.39567101772187
8,22,Column,0.45187716942072453
8,23,Column,0.20575784336835942
8,24,Column,0.13745470142386668
8,25,Column,0.2960817531428507
8,26,Column,0.26889212967954224
8,27,Column,0.19050770271840378
8,28,Column,0.143660643065159
8,29,Column,0.15619851305196203
8,30,Column,0.07980081374772548
8,31,Column,0.08885904073211291
8,32,Column,0.11370275469983303
8,33,Column,0.10993287260388153
8,34,Column,0.08382443912515065
8,35,Column,0.1114342031947293
8,36,Column,0.252521003764368
8,37,Column,0.2531817933497038
8,38,Column,0.09745860314166083
8,39,Column,0.08090445594124547
8,40,Column,0.19709103527589314
8,41,Column,0.2393237944369259
8,42,Column,0.1219854198490009
8,43,Column,0.09270686678816276
8,44,Column,0.13072691997937402
8,45,Column,0.09662136219371427
8,46,Column,0.09431749200439235
8,47,Column,0.17316300256875292
8,48,Column,0.1737355264324078
8,49,Column,0.11135241078752073
8,50,Column,0.13193974942122075
8,51,Column,0.11996408042268343
8,52,Column,0.09953396170766161
8,53,Column,0.15253604750061903
8,54,Column,0.0829108634325394
8,55,Column,0.15688567421629024
8,56,Column,0.1009865128801741
8,57,Column,0.1418937400964676
8,58,Column,0.08943191026712935
8,59,Column,0.09491232110854936
8,60,Column,0.08525153647708338
8,61,Beam,0.4415238067593944
8,62,Beam,0.44184041310901445
8,63,Beam,0.44150931139420224
8,64,Beam,0.7284076816785399
8,65,Beam,0.7288512672648184
8,66,Beam,0.7282974365738971
8,67,Beam,0.2981080891277301
8,68,Beam,0.6567049666344592
8,69,Beam,0.656573047992415
8,70,Beam,0.21192885169330614
8,71,Beam,0.21198224151699596
8,72,Beam,0.44386162476720065
8,73,Beam,0.29676397479273425
8,74,Beam,0.8739593465689369
8,75,Beam,0.5838865914167051
8,76,Beam,0.19262535508579554
8,77,Beam,0.873978640449497
8,78,Beam,0.584693253727534
8,79,Beam,0.37183747920493015
8,80,Beam,0.4437523087857127
8,81,Beam,0.2968952261931436
8,82,Beam,0.19248716803603508
8,83,Beam,0.3229903360938509
8,84,Beam,0.40127147396182833
8,85,Beam,0.404714436319177
8,86,Beam,0.39329575311985865
8,87,Beam,0.5337805880003419
8,88,Beam,0.5334407789021228
8,89,Beam,0.2920166571811415
8,90,Beam,0.49144704776198833
8,91,Beam,0.49818221656367445
8,92,Beam,0.3729627299411902
8,93,Beam,0.3736850245363973
8,94,Beam,0.17329458808770593
8,95,Beam,0.1159422285956696
8,96,Beam,0.6379464250851291
8,97,Beam,0.427010662060983
8,98,Beam,0.27262560912650535
8,99,Beam,0.6379095631777184
8,100,Beam,0.4271361897918327
8,101,Beam,0.5323519153773357
8,102,Beam,0.3261677686279604
8,103,Beam,0.21808264893391593
8,104,Beam,0.2718505043964704
8,105,Beam,0.309023553680945
8,106,Beam,0.30219388906644595
8,107,Beam,0.3099420105716657
8,108,Beam,0.4595990627071801
8,109,Beam,0.4561282785825644
8,110,Beam,0.3796323433189476
8,111,Beam,0.3101559845163382
8,112,Beam,0.4302865940050248
8,113,Beam,0.36227819606458966
8,114,Beam,0.33135994155863296
8,115,Beam,0.2908397277693367
8,116,Beam,0.1806588842018375
8,117,Beam,0.18098141695466263
8,118,Beam,0.3457099220235901
8,119,Beam,0.3566675247513689
8,120,Beam,0.2256424473276015
8,121,Beam,0.3456024964197168
8,122,Beam,0.3543006670885392
8,123,Beam,0.43761968395199524
8,124,Beam,0.18056015760066152
8,125,Beam,0.12006824155433948
8,126,Beam,0.15086961500723653
8,127,Beam,0.22634962344907486
8,128,Beam,0.28375754898038147
8,129,Beam,0.28430929069456246
8,130,Beam,0.30506334026517745
8,131,Beam,0.43676454219536176
8,132,Beam,0.4357215738044776
8,133,Beam,0.18914248436168174
8,134,Beam,0.3936279912609423
8,135,Beam,0.39284906519461593
8,136,Beam,0.20491608733658265
8,137,Beam,0.2049102434828552
8,138,Beam,0.17672689820464754
8,139,Beam,0.11887228279494647
8,140,Beam,0.5218821143806145
8,141,Beam,0.3532258844984433
8,142,Beam,0.14757416833559045
8,143,Beam,0.5219597142603797
8,144,Beam,0.3537401081528033
8,145,Beam,0.2858866227685009
8,146,Beam,0.2656996036954189
8,147,Beam,0.17953884720950172
8,148,Beam,0.14735947280231615
9,1,Column,0.14292859102272587
9,2,Column,0.2914405555373077
9,3,Column,0.1618696120894085
9,4,Column,0.27922446072037754
9,5,Column,0.2997188205809722
9,6,Column,0.7486145855422245
9,7,Column,0.40062757721486286
9,8,Column,0.32880350413808007
9,9,Column,0.18292666219134165
9,10,Column,0.4320553830181703
9,11,Column,0.3060487394812173
9,12,Column,0.2785866066988249
9,13,Column,0.14216962350478485
9,14,Column,0.25781475101696005
9,15,Column,0.2648273145039189
9,16,Column,0.07950195319308155
9,17,Column,0.13212516059200655
9,18,Column,0.1686471379339153
9,19,Column,0.08846777896712839
9,20,Column,0.18259192461373494
9,21,Column,0.39789190001584834
9,22,Column,0.45481519729758607
9,23,Column,0.20656115089471952
9,24,Column,0.07840642399951597
9,25,Column,0.2970093492237413
9,26,Column,0.2716941092149575
9,27,Column,0.19123096199325776
9,28,Column,0.09996122632180487
9,29,Column,0.15670156202778923
9,30,Column,0.08042160352342285
9,31,Column,0.07921968115185404
9,32,Column,0.13985841038980343
9,33,Column,0.11113247200698216
9,34,Column,0.0836910852377409
9,35,Column,0.1128326809341769
9,36,Column,0.2536556617651569
9,37,Column,0.25428441101684907
9,38,Column,0.12670459386730962
9,39,Column,0.0883247992470331
9,40,Column,0.19727062139327048
9,41,Column,0.24043300392234726
9,42,Column,0.10049586235234269
9,43,Column,0.09885635847455576
9,44,Column,0.11765073081887657
9,45,Column,0.09354952510008166
9,46,Column,0.09408340658435811
9,47,Column,0.1736485157662562
9,48,Column,0.17673482152263176
9,49,Column,0.11112004515492224
9,50,Column,0.13161792896473687
9,51,Column,0.11974375166158947
9,52,Column,0.09917717835898464
9,53,Column,0.15267227546816486
9,54,Column,0.08269512322763846
9,55,Column,0.1565730858334271
9,56,Column,0.0978415919036275
9,57,Column,0.14168493828440187
9,58,Column,0.08914785412863942
9,59,Column,0.0945567598675833
9,60,Column,0.08499536769740788
9,61,Beam,0.44151855532402867
9,62,Beam,0.4418360313502412
9,63,Beam,0.4415062366739894
9,64,Beam,0.7284020860205445
9,65,Beam,0.7288455425051993
9,66,Beam,0.7283004065057125
9,67,Beam,0.2981124262219187
9,68,Beam,0.6566995833487393
9,69,Beam,0.656574794328896
9,70,Beam,0.21161216414293849
9,71,Beam,0.21167131068248746
9,72,Beam,0.4438567174657317
9,73,Beam,0.29677368684055366
9,74,Beam,0.8739605775289867
9,75,Beam,0.5838915239017257
9,76,Beam,0.19262706282067754
9,77,Beam,0.8739805910650228
9,78,Beam,0.5846995062924468
9,79,Beam,0.37183651540874557
9,80,Beam,0.4437567304325638
9,81,Beam,0.29690495518560317
9,82,Beam,0.1924851620690014
9,83,Beam,0.3200085218273822
9,84,Beam,0.39851735908930386
9,85,Beam,0.4017757707030531
9,86,Beam,0.39030701749962593
9,87,Beam,0.5337877165373909
9,88,Beam,0.5334651421262576
9,89,Beam,0.28904117439768373
9,90,Beam,0.48868342747113064
9,91,Beam,0.49524189360702664
9,92,Beam,0.36998301656213706
9,93,Beam,0.3707453339147938
9,94,Beam,0.17330547584587913
9,95,Beam,0.11595414504110978
9,96,Beam,0.6379671809158122
9,97,Beam,0.42703720143922874
9,98,Beam,0.2726148939174458
9,99,Beam,0.6379306792576477
9,100,Beam,0.4271613753419198
9,101,Beam,0.532335439171659
9,102,Beam,0.3261932046915586
9,103,Beam,0.21812375001786619
9,104,Beam,0.27183234840033627
9,105,Beam,0.34467186883452905
9,106,Beam,0.33620528802226546
9,107,Beam,0.345841167158625
9,108,Beam,0.5064485663477477
9,109,Beam,0.5003134051130156
9,110,Beam,0.42097472201484687
9,111,Beam,0.3460128136562223
9,112,Beam,0.4740626922714737
9,113,Beam,0.40227615634848923
9,114,Beam,0.3684088555623567
9,115,Beam,0.3251098839335864
9,116,Beam,0.17375795440421066
9,117,Beam,0.17298229882116412
9,118,Beam,0.3300223283008191
9,119,Beam,0.33974963575229783
9,120,Beam,0.2156639709731293
9,121,Beam,0.32990531443960824
9,122,Beam,0.3373123525549694
9,123,Beam,0.4163468855500892
9,124,Beam,0.17364846867836717
9,125,Beam,0.11542445129605462
9,126,Beam,0.14509747610148088
9,127,Beam,0.2235452311562806
9,128,Beam,0.2811174302576186
9,129,Beam,0.281470385521028
9,130,Beam,0.30225542231985736
9,131,Beam,0.43676798038389936
9,132,Beam,0.43570152902046816
9,133,Beam,0.1863189770687197
9,134,Beam,0.39363564727628797
9,135,Beam,0.39282848380255847
9,136,Beam,0.2021394972783967
9,137,Beam,0.20202978054829837
9,138,Beam,0.17671632438271895
9,139,Beam,0.11885810007728644
9,140,Beam,0.5218575690096109
9,141,Beam,0.35324119517416697
9,142,Beam,0.147565803589922
9,143,Beam,0.521936770381504
9,144,Beam,0.35375003304139774
9,145,Beam,0.28587888765557745
9,146,Beam,0.2656797625739384
9,147,Beam,0.17955718100347917
9,148,Beam,0.1473525526912741
10,1,Column,0.14292172427061725
10,2,Column,0.2914364360295174
10,3,Column,0.16187154176331162
10,4,Column,0.2792121153622468
10,5,Column,0.2997059621929823
10,6,Column,0.7486134051579343
10,7,Column,0.4006333126873299
10,8,Column,0.3287991722771473
10,9,Column,0.18291895464897834
10,10,Column,0.4320504729928175
10,11,Column,0.30605473168604047
10,12,Column,0.2785829921818063
10,13,Column,0.14216249962055846
10,14,Column,0.2578101482734626
10,15,Column,0.2648168596900494
10,16,Column,0.07950004964917158
10,17,Column,0.1321215946836241
10,18,Column,0.16863520141079194
10,19,Column,0.08846587475905479
10,20,Column,0.18258534960360448
10,21,Column,0.39788913830150974
10,22,Column,0.4548123875749782
10,23,Column,0.20655751580136672
10,24,Column,0.07840272146777769
10,25,Column,0.29700461633558384
10,26,Column,0.27169656149285326
10,27,Column,0.19122737355820216
10,28,Column,0.14264299340065945
10,29,Column,0.1566981482246469
10,30,Column,0.08041829087310191
10,31,Column,0.07921769488482415
10,32,Column,0.13984631152052285
10,33,Column,0.11112708246023072
10,34,Column,0.08368909547798704
10,35,Column,0.11282760728080739
10,36,Column,0.25365000684059463
10,37,Column,0.25427875228337327
10,38,Column,0.12669714238770313
10,39,Column,0.08832850161857192
10,40,Column,0.19726592394104006
10,41,Column,0.24042771452175904
10,42,Column,0.1004911323388907
10,43,Column,0.09885020487978532
10,44,Column,0.11764537317695468
10,45,Column,0.09354380096926175
10,46,Column,0.09407438061702864
10,47,Column,0.17364332478791802
10,48,Column,0.17672956017399985
10,49,Column,0.11111101498403565
10,50,Column,0.13160890271985998
10,51,Column,0.11973533409275258
10,52,Column,0.09916875565378276
10,53,Column,0.15266513985160476
10,54,Column,0.08268607545319179
10,55,Column,0.15656461005752273
10,56,Column,0.09783316439261434
10,57,Column,0.14167590828184026
10,58,Column,0.08913887212865168
10,59,Column,0.09454824632096989
10,60,Column,0.08498633930891998
10,61,Beam,0.4415185472622461
10,62,Beam,0.44183603190321746
10,63,Beam,0.44150624583522413
10,64,Beam,0.7284020779540658
10,65,Beam,0.7288455430539733
10,66,Beam,0.7283003973435102
10,67,Beam,0.29811244035081064
10,68,Beam,0.6566995836994068
10,69,Beam,0.6565747851548818
10,70,Beam,0.21161031977846861
10,71,Beam,0.21166946511765422
10,72,Beam,0.4438567217308727
10,73,Beam,0.29677370197351366
10,74,Beam,0.8739605742988394
10,75,Beam,0.5838915270156876
10,76,Beam,0.192627050321707
10,77,Beam,0.87398058777424
10,78,Beam,0.5846995089698931
10,79,Beam,0.3718365101092705
10,80,Beam,0.443756727073844
10,81,Beam,0.2969049577070005
10,82,Beam,0.1924851568685109
10,83,Beam,0.31999898797508536
10,84,Beam,0.3985079513897133
10,85,Beam,0.4017662297285161
10,86,Beam,0.39029748373833606
10,87,Beam,0.5337877149049096
10,88,Beam,0.5334651355849741
10,89,Beam,0.28903159462912414
10,90,Beam,0.4886740185364629
10,91,Beam,0.4952323527137242
10,92,Beam,0.36997348186545315
10,93,Beam,0.3707357934664955
10,94,Beam,0.17330546833996044
10,95,Beam,0.11595414445698222
10,96,Beam,0.6379671753944818
10,97,Beam,0.4270371935196192
10,98,Beam,0.2726148664079891
10,99,Beam,0.6379306733958242
10,100,Beam,0.42716136839412766
10,101,Beam,0.5323354315127374
10,102,Beam,0.32619319894323273
10,103,Beam,0.21812374338897383
10,104,Beam,0.27183234049002947
10,105,Beam,0.34465852530221136
10,106,Beam,0.3361925870504713
10,107,Beam,0.3458278127790022
10,108,Beam,0.5064352227844792
10,109,Beam,0.5003007038106039
10,110,Beam,0.4209613676141231
10,111,Beam,0.34599938634082916
10,112,Beam,0.4740499804807351
10,113,Beam,0.40226280164236894
10,114,Beam,0.36839551952751765
10,115,Beam,0.3250965235867181
10,116,Beam,0.17375788719077037
10,117,Beam,0.17298203799883946
10,118,Beam,0.33002225988720524
10,119,Beam,0.3397495648929922
10,120,Beam,0.2156638546903618
10,121,Beam,0.32990524720246606
10,122,Beam,0.33731228413602843
10,123,Beam,0.41634680342143293
10,124,Beam,0.1736484021755596
10,125,Beam,0.11542436985417509
10,126,Beam,0.14509737913455614
10,127,Beam,0.24432556747783551
10,128,Beam,0.33103209836920205
10,129,Beam,0.33126975563964706
10,130,Beam,0.35803311275228017
10,131,Beam,0.5461674951947507
10,132,Beam,0.5448336863952224
10,133,Beam,0.2036354233800765
10,134,Beam,0.4922298367337515
10,135,Beam,0.49122027722735984
10,136,Beam,0.22092801593897074
10,137,Beam,0.22080882530826568
10,138,Beam,0.22096166007998247
10,139,Beam,0.14861695080833373
10,140,Beam,0.6525697065889708
10,141,Beam,0.44171933719255363
10,142,Beam,0.1845126058259771
10,143,Beam,0.6526687478981571
10,144,Beam,0.4423556595250878
10,145,Beam,0.3574752439724264
10,146,Beam,0.33221537921464195
10,147,Beam,0.22452479438082085
10,148,Beam,0.18424591217055863
11,1,Column,0.27434891590771343
11,2,Column,0.29212613249328423
11,3,Column,0.3197577508881772
11,4,Column,0.27763582345788995
11,5,Column,0.2585230828356152
11,6,Column,0.7244998731157227
11,7,Column,0.40390229351865176
11,8,Column,0.3513555087747027
11,9,Column,0.15261031404069303
11,10,Column,0.43302622020320836
11,11,Column,0.30923651641877226
11,12,Column,0.2793964848152094
11,13,Column,0.263947601679097
11,14,Column,0.25866811256635247
11,15,Column,0.2629077685156685
11,16,Column,0.07941084757086894
11,17,Column,0.1325566410432446
11,18,Column,0.16652029523955467
11,19,Column,0.08836778827142773
11,20,Column,0.1556891124716585
11,21,Column,0.4017685893756613
11,22,Column,0.45899696237948906
11,23,Column,0.2073778465500063
11,24,Column,0.13361945823951213
11,25,Column,0.29801734651347844
11,26,Column,0.2755117836122789
11,27,Column,0.19202635387044542
11,28,Column,0.10032562917141868
11,29,Column,0.09954700741076067
11,30,Column,0.13813230464728482
11,31,Column,0.07908509266367342
11,32,Column,0.14240781986865805
11,33,Column,0.1378523455404643
11,34,Column,0.08354863733238348
11,35,Column,0.12745587530330243
11,36,Column,0.25331419904322205
11,37,Column,0.25396642951823617
11,38,Column,0.1281865481846773
11,39,Column,0.08068680291546203
11,40,Column,0.19757852603521323
11,41,Column,0.24011972422574587
11,42,Column,0.09978923307694136
11,43,Column,0.10043541346077889
11,44,Column,0.11804091600093825
11,45,Column,0.09506316750278955
11,46,Column,0.09443928824016289
11,47,Column,0.17365871375118125
11,48,Column,0.17673528188145546
11,49,Column,0.11147967958989191
11,50,Column,0.1319691472561995
11,51,Column,0.11931375485505001
11,52,Column,0.09872959176130741
11,53,Column,0.15269403766453427
11,54,Column,0.08304654445784418
11,55,Column,0.15615652533037835
11,56,Column,0.09740034311375369
11,57,Column,0.1420478274594761
11,58,Column,0.08949099848759846
11,59,Column,0.09410301838943623
11,60,Column,0.08535566995811467
11,61,Beam,0.44152581262095214
11,62,Beam,0.4418388941421481
11,63,Beam,0.44150494464651624
11,64,Beam,0.7284093833798402
11,65,Beam,0.7288466213410056
11,66,Beam,0.7283021382364604
11,67,Beam,0.29810396089939994
11,68,Beam,0.6567018317792439
11,69,Beam,0.6565759282329188
11,70,Beam,0.2110124290023108
11,71,Beam,0.21106722781663104
11,72,Beam,0.44385610285823646
11,73,Beam,0.2967592557314818
11,74,Beam,0.8739622810496487
11,75,Beam,0.5838910055761584
11,76,Beam,0.1926316570151131
11,77,Beam,0.8739824627497244
11,78,Beam,0.584694567013768
11,79,Beam,0.37183970315435766
11,80,Beam,0.4437579342331162
11,81,Beam,0.29689787483057295
11,82,Beam,0.19248861755035793
11,83,Beam,0.3088110232105353
11,84,Beam,0.38363662220517275
11,85,Beam,0.38507152091280933
11,86,Beam,0.3741702406241957
11,87,Beam,0.5789085136470563
11,88,Beam,0.5785235326684487
11,89,Beam,0.28033017876154037
11,90,Beam,0.5205147807033977
11,91,Beam,0.5223471002139712
11,92,Beam,0.3548475819033033
11,93,Beam,0.3555988381356706
11,94,Beam,0.19032834733039644
11,95,Beam,0.12732944526509593
11,96,Beam,0.6916904344042576
11,97,Beam,0.46310732628191986
11,98,Beam,0.2967201830742092
11,99,Beam,0.6916408581493508
11,100,Beam,0.4632892654367874
11,101,Beam,0.5772255575201298
11,102,Beam,0.3549500401033628
11,103,Beam,0.23742990442687717
11,104,Beam,0.2958035305100151
11,105,Beam,0.3414920706911164
11,106,Beam,0.33326616685230187
11,107,Beam,0.3426453105509029
11,108,Beam,0.5032698231692249
11,109,Beam,0.49737035947798475
11,110,Beam,0.4177777688821365
11,111,Beam,0.3428388567147832
11,112,Beam,0.47111330877108304
11,113,Beam,0.39907793817939463
11,114,Beam,0.36524143979156165
11,115,Beam,0.3219178374828353
11,116,Beam,0.1737657227166205
11,117,Beam,0.1730156387219483
11,118,Beam,0.3300294469969925
11,119,Beam,0.3397459979777685
11,120,Beam,0.2156808974943649
11,121,Beam,0.3299134733890304
11,122,Beam,0.3373173411067848
11,123,Beam,0.41635943013421217
11,124,Beam,0.17365613376713648
11,125,Beam,0.11543169255240392
11,126,Beam,0.1451080513107291
11,127,Beam,0.22252351069323462
11,128,Beam,0.28009538152507163
11,129,Beam,0.28045346752897377
11,130,Beam,0.30123388565634945
11,131,Beam,0.4367650258930412
11,132,Beam,0.435703476193952
11,133,Beam,0.18529650476784126
11,134,Beam,0.39363357751881844
11,135,Beam,0.3928306027219875
11,136,Beam,0.20111424260590713
11,137,Beam,0.20101177819678334
11,138,Beam,0.1767153664668867
11,139,Beam,0.11885970219040325
11,140,Beam,0.5218590076601283
11,141,Beam,0.35323404407676806
11,142,Beam,0.1475635866582974
11,143,Beam,0.5219376213780823
11,144,Beam,0.35374540276444616
11,145,Beam,0.28587914804454806
11,146,Beam,0.2656800431836588
11,147,Beam,0.17955552202012048
11,148,Beam,0.14735246001515123
12,1,Column,0.2743384190176738
12,2,Column,0.2921220112525901
12,3,Column,0.3197536309694635
12,4,Column,0.2776236086738476
12,5,Column,0.2585191607962175
12,6,Column,0.7244752946024606
12,7,Column,0.4039078781356223
12,8,Column,0.3513406538487873
12,9,Column,0.1526035616857369
12,10,Column,0.43302130980436215
12,11,Column,0.30924235757547325
12,12,Column,0.2793928696761092
12,13,Column,0.26393704251217914
12,14,Column,0.2586642028340556
12,15,Column,0.26289744608646765
12,16,Column,0.07940896782293011
12,17,Column,0.13255307770509644
12,18,Column,0.166508460550133
12,19,Column,0.08836590779838459
12,20,Column,0.1556843103739495
12,21,Column,0.4017657163285824
12,22,Column,0.45899403406454925
12,23,Column,0.2073734688482541
12,24,Column,0.13361375074563125
12,25,Column,0.2980126140802213
12,26,Column,0.27551408944056743
12,27,Column,0.19202292853558406
12,28,Column,0.10032219096947764
12,29,Column,0.09954798700543296
12,30,Column,0.13812604099000933
12,31,Column,0.07908310964029726
12,32,Column,0.142395582658409
12,33,Column,0.13785473748538174
12,34,Column,0.08354665075429835
12,35,Column,0.12746067380129508
12,36,Column,0.2533085434596436
12,37,Column,0.25396076971532494
12,38,Column,0.12817898896231833
12,39,Column,0.08068480440274527
12,40,Column,0.19757382757352088
12,41,Column,0.24011443477004651
12,42,Column,0.09978451094541979
12,43,Column,0.10042916981276764
12,44,Column,0.11803552705499154
12,45,Column,0.09505735993811053
12,46,Column,0.09443023009052912
12,47,Column,0.1736535219901188
12,48,Column,0.17673002049543676
12,49,Column,0.11147061725597263
12,50,Column,0.13196008883042173
12,51,Column,0.11930533778282847
12,52,Column,0.09872116958279946
12,53,Column,0.15268497534158934
12,54,Column,0.08303746458814756
12,55,Column,0.15614804955843165
12,56,Column,0.0973919161541606
12,57,Column,0.1420387652935717
12,58,Column,0.08948198487371305
12,59,Column,0.09409450603178242
12,60,Column,0.08534660939589406
12,61,Beam,0.44152580455695195
12,62,Beam,0.4418388946962349
12,63,Beam,0.4415049538112658
12,64,Beam,0.7284093753097419
12,65,Beam,0.7288466218903694
12,66,Beam,0.7283021290706788
12,67,Beam,0.29810397504395797
12,68,Beam,0.6567018321196932
12,69,Beam,0.6565759190549342
12,70,Beam,0.21101061669675392
12,71,Beam,0.21106541434934925
12,72,Beam,0.44385610709729023
12,73,Beam,0.29675927101196115
12,74,Beam,0.8739622777533191
12,75,Beam,0.5838910086646695
12,76,Beam,0.19263164448119524
12,77,Beam,0.8739824594132769
12,78,Beam,0.5846945696939101
12,79,Beam,0.37183969779896886
12,80,Beam,0.443757930834066
12,81,Beam,0.2968978773657429
12,82,Beam,0.19248861228667308
12,83,Beam,0.30880170054487005
12,84,Beam,0.38363188038633217
12,85,Beam,0.3850667197217527
12,86,Beam,0.3741609180488033
12,87,Beam,0.5789085117488142
12,88,Beam,0.5785235250543264
12,89,Beam,0.28032080993816816
12,90,Beam,0.5205147778652128
12,91,Beam,0.522347092669331
12,92,Beam,0.3548382591693122
12,93,Beam,0.35558950904270475
12,94,Beam,0.19032833868684754
12,95,Beam,0.12732944412618621
12,96,Beam,0.6916904279763878
12,97,Beam,0.4631073168458519
12,98,Beam,0.2967201512048881
12,99,Beam,0.6916408513570861
12,100,Beam,0.4632892573672855
12,101,Beam,0.5772255486416085
12,102,Beam,0.35495003345358367
12,103,Beam,0.237429896760392
12,104,Beam,0.29580352131543874
12,105,Beam,0.34147885770951103
12,106,Beam,0.3332535845599541
12,107,Beam,0.3426320867106928
12,108,Beam,0.503256610154605
12,109,Beam,0.49735777686342225
12,110,Beam,0.41776454502002214
12,111,Beam,0.3428255600717987
12,112,Beam,0.4711007159694922
12,113,Beam,0.3990647139999198
12,114,Beam,0.36522823371816426
12,115,Beam,0.3219046074882838
12,116,Beam,0.1737656555412129
12,117,Beam,0.17301537818284948
12,118,Beam,0.3300293787341105
12,119,Beam,0.33974592703744244
12,120,Beam,0.21568078124628254
12,121,Beam,0.3299134062536788
12,122,Beam,0.3373172727431464
12,123,Beam,0.4163593481297368
12,124,Beam,0.1736560673698574
12,125,Beam,0.11543161118243696
12,126,Beam,0.14510795449611733
12,127,Beam,0.243208812933945
12,128,Beam,0.33102953350147035
12,129,Beam,0.33127194395853227
12,130,Beam,0.35803362715502135
12,131,Beam,0.5461638005608512
12,132,Beam,0.5448361213602578
12,133,Beam,0.20251784690605223
12,134,Beam,0.4922272484719505
12,135,Beam,0.49122292696323666
12,136,Beam,0.2198073984784672
12,137,Beam,0.2196961344128928
12,138,Beam,0.22096046224366045
12,139,Beam,0.14861895424996296
12,140,Beam,0.6525715056262033
12,141,Beam,0.4417103947297448
12,142,Beam,0.18450983358983833
12,143,Beam,0.6526698120955088
12,144,Beam,0.44234986931974907
12,145,Beam,0.35747556962515303
12,146,Beam,0.3322157301406339
12,147,Beam,0.2245227198116625
12,148,Beam,0.1842457963005424
13,1,Column,0.2679294194688327
13,2,Column,0.2901598800230825
13,3,Column,0.31755811106179366
13,4,Column,0.18290518230928732
13,5,Column,0.25932468815529275
13,6,Column,0.7559741817525506
13,7,Column,0.41053035374203
13,8,Column,0.3305462345014617
13,9,Column,0.1612311805863307
13,10,Column,0.4348589258175915
13,11,Column,0.31659455806988784
13,12,Column,0.28087830289723226
13,13,Column,0.1430725346253039
13,14,Column,0.2596915187601429
13,15,Column,0.25569928386301205
13,16,Column,0.14144453751212635
13,17,Column,0.12353918676931629
13,18,Column,0.1691466126677424
13,19,Column,0.09398054019574452
13,20,Column,0.09405207408556975
13,21,Column,0.4143999586993238
13,22,Column,0.47226027140023186
13,23,Column,0.21018172576567706
13,24,Column,0.12759149154444743
13,25,Column,0.3003695977771919
13,26,Column,0.2860710155286571
13,27,Column,0.19381667763126945
13,28,Column,0.07875815555742528
13,29,Column,0.17684287161256257
13,30,Column,0.09258476738088306
13,31,Column,0.09712195165353692
13,32,Column,0.14609420681178303
13,33,Column,0.14236530886496596
13,34,Column,0.10218109578009406
13,35,Column,0.15043497571136843
13,36,Column,0.3361225661028753
13,37,Column,0.3359906228748731
13,38,Column,0.15300485844939446
13,39,Column,0.09912370907903034
13,40,Column,0.2554649966378239
13,41,Column,0.31860378543986745
13,42,Column,0.13921282380006875
13,43,Column,0.11177997500088528
13,44,Column,0.14992092174781754
13,45,Column,0.10356735969956617
13,46,Column,0.0933911621910158
13,47,Column,0.17493812144247842
13,48,Column,0.17690775438579975
13,49,Column,0.1103075230783665
13,50,Column,0.13298211536799817
13,51,Column,0.1210780137924723
13,52,Column,0.10159540611623044
13,53,Column,0.15220075490596294
13,54,Column,0.08240440826759213
13,55,Column,0.15914831502867813
13,56,Column,0.10097169746779693
13,57,Column,0.14141781337407322
13,58,Column,0.08866284859358603
13,59,Column,0.09632324749435216
13,60,Column,0.08416268078500924
13,61,Beam,0.44153242385122704
13,62,Beam,0.44184312307805745
13,63,Beam,0.4414953856320356
13,64,Beam,0.7284350592880229
13,65,Beam,0.7288582744222385
13,66,Beam,0.7283694258958379
13,67,Beam,0.29808740731290084
13,68,Beam,0.6567176703513325
13,69,Beam,0.6566405790661205
13,70,Beam,0.20919011037313903
13,71,Beam,0.20927011434823348
13,72,Beam,0.44382758208743045
13,73,Beam,0.2968814236448377
13,74,Beam,0.8739486502769349
13,75,Beam,0.5840330845495688
13,76,Beam,0.19259827558043333
13,77,Beam,0.8739731421344785
13,78,Beam,0.584807153953318
13,79,Beam,0.3717970028275659
13,80,Beam,0.443773211646488
13,81,Beam,0.29700399346082107
13,82,Beam,0.19245314481755346
13,83,Beam,0.3000964950826074
13,84,Beam,0.3798833520596247
13,85,Beam,0.3818844011352607
13,86,Beam,0.3701236087928116
13,87,Beam,0.5340488047213257
13,88,Beam,0.5331570971040188
13,89,Beam,0.2690393137249032
13,90,Beam,0.4801967358397801
13,91,Beam,0.4811916525160618
13,92,Beam,0.3499425060219722
13,93,Beam,0.35087296883106167
13,94,Beam,0.173486322862257
13,95,Beam,0.11618468407594744
13,96,Beam,0.6384894982176033
13,97,Beam,0.4265380401001539
13,98,Beam,0.2728207353578751
13,99,Beam,0.6384399577464873
13,100,Beam,0.4270746425042779
13,101,Beam,0.5325654095172716
13,102,Beam,0.3265297595824434
13,103,Beam,0.21821389292752205
13,104,Beam,0.2719096990981281
13,105,Beam,0.4053075493695091
13,106,Beam,0.3831848717618566
13,107,Beam,0.4087249271009403
13,108,Beam,0.5604287044217291
13,109,Beam,0.5469451147391651
13,110,Beam,0.4830837471139623
13,111,Beam,0.40673016848221843
13,112,Beam,0.518503621800629
13,113,Beam,0.46464144310949873
13,114,Beam,0.42563855717495286
13,115,Beam,0.3862237086920017
13,116,Beam,0.21102023094265243
13,117,Beam,0.208468648352453
13,118,Beam,0.3948692555266627
13,119,Beam,0.4080992469459224
13,120,Beam,0.25960503272580054
13,121,Beam,0.3945038762897724
13,122,Beam,0.4024947624212281
13,123,Beam,0.4954757504638859
13,124,Beam,0.2106155076527136
13,125,Beam,0.14081032513398845
13,126,Beam,0.17608756686530533
13,127,Beam,0.22764846527151056
13,128,Beam,0.33117217572194824
13,129,Beam,0.3310320117350825
13,130,Beam,0.3578839986612738
13,131,Beam,0.5463470209488503
13,132,Beam,0.5445170378445482
13,133,Beam,0.18203886680342155
13,134,Beam,0.4923448920060382
13,135,Beam,0.49091145540167624
13,136,Beam,0.1999737992650457
13,137,Beam,0.1989118775808906
13,138,Beam,0.22091024424220998
13,139,Beam,0.14874556644616418
13,140,Beam,0.6524641611231659
13,141,Beam,0.4417816328425607
13,142,Beam,0.18455222868506957
13,143,Beam,0.6525605368215569
13,144,Beam,0.44231861741643147
13,145,Beam,0.3575119570008141
13,146,Beam,0.3321013372865426
13,147,Beam,0.22463641593088896
13,148,Beam,0.18427030575863124
14,1,Column,0.2666392880642006
14,2,Column,0.29084063054549414
14,3,Column,0.3182673713692452
14,4,Column,0.18349495028504156
14,5,Column,0.26018114933598313
14,6,Column,0.7595971993359685
14,7,Column,0.41346914312981253
14,8,Column,0.3313970365130631
14,9,Column,0.158674907995014
14,10,Column,0.43578814281535344
14,11,Column,0.3194466097206236
14,12,Column,0.2816668005619058
14,13,Column,0.25573465577413806
14,14,Column,0.26050243575892934
14,15,Column,0.25415872492051234
14,16,Column,0.0811931830235148
14,17,Column,0.1448195596595743
14,18,Column,0.16954648697657224
14,19,Column,0.0942508413467631
14,20,Column,0.15978650355687832
14,21,Column,0.41798607101187246
14,22,Column,0.47613933130689634
14,23,Column,0.21093771002518594
14,24,Column,0.12549063805556498
14,25,Column,0.14544338894479272
14,26,Column,0.28948915580753326
14,27,Column,0.1945546669574081
14,28,Column,0.10540081489861185
14,29,Column,0.17741445252287374
14,30,Column,0.0930045017648991
14,31,Column,0.09704831126911467
14,32,Column,0.14644070158722644
14,33,Column,0.14272297482089563
14,34,Column,0.10209710835696974
14,35,Column,0.1505471080180746
14,36,Column,0.3363229001818513
14,37,Column,0.3362149525568722
14,38,Column,0.1520207957730999
14,39,Column,0.09908250499662441
14,40,Column,0.25586801737705045
14,41,Column,0.3187615491801869
14,42,Column,0.1394140515114427
14,43,Column,0.11171772878439619
14,44,Column,0.15024571892153732
14,45,Column,0.10348294569352601
14,46,Column,0.0936940206942137
14,47,Column,0.17493369474170792
14,48,Column,0.17691250862656682
14,49,Column,0.11061505462829027
14,50,Column,0.1332817284680752
14,51,Column,0.12070917075053267
14,52,Column,0.10120945290914538
14,53,Column,0.15251539850374363
14,54,Column,0.08270322905763629
14,55,Column,0.15879264692849862
14,56,Column,0.11140074682253959
14,57,Column,0.14172936072905667
14,58,Column,0.08895541771935951
14,59,Column,0.09592008789872566
14,60,Column,0.08447144384672246
14,61,Beam,0.4415408013647446
14,62,Beam,0.44184670164525386
14,63,Beam,0.44149615379091206
14,64,Beam,0.7284432525779626
14,65,Beam,0.7288598560022113
14,66,Beam,0.7283704168468934
14,67,Beam,0.29809686428791293
14,68,Beam,0.6567204586558466
14,69,Beam,0.656641034983945
14,70,Beam,0.20866890856788417
14,71,Beam,0.208743465160224
14,72,Beam,0.44382780945874206
14,73,Beam,0.2968672845437054
14,74,Beam,0.8739499822264494
14,75,Beam,0.584032465701614
14,76,Beam,0.19260181744173857
14,77,Beam,0.8739742419491853
14,78,Beam,0.584802218478034
14,79,Beam,0.3717995577554051
14,80,Beam,0.44377352507431383
14,81,Beam,0.2969965697723964
14,82,Beam,0.19245594499566063
14,83,Beam,0.289424275383144
14,84,Beam,0.37430389564807454
14,85,Beam,0.3752001976220465
14,86,Beam,0.3545135721712859
14,87,Beam,0.5792079844611674
14,88,Beam,0.5781594888866225
14,89,Beam,0.2608536737981255
14,90,Beam,0.5208866894555636
14,91,Beam,0.5220356789572403
14,92,Beam,0.33533113138174
14,93,Beam,0.33624360151000954
14,94,Beam,0.1905430522545364
14,95,Beam,0.12760491278305625
14,96,Beam,0.6922998322338252
14,97,Beam,0.4625330098969276
14,98,Beam,0.29696443940300465
14,99,Beam,0.6922359956637903
14,100,Beam,0.46318548368099455
14,101,Beam,0.5774976901051342
14,102,Beam,0.35534464377234554
14,103,Beam,0.23752877513838305
14,104,Beam,0.2958993729274681
14,105,Beam,0.4020510990986805
14,106,Beam,0.3803701206729256
14,107,Beam,0.4054440486054555
14,108,Beam,0.5571727465094878
14,109,Beam,0.545530346625021
14,110,Beam,0.4797992194443778
14,111,Beam,0.4034817282900287
14,112,Beam,0.5156685389431234
14,113,Beam,0.46135587436637354
14,114,Beam,0.42241026228040185
14,115,Beam,0.3829538000583202
14,116,Beam,0.21103747791890626
14,117,Beam,0.20853302271864477
14,118,Beam,0.3948864209556277
14,119,Beam,0.408098473998853
14,120,Beam,0.25964450634268754
14,121,Beam,0.39452304179156733
14,122,Beam,0.40250663411069004
14,123,Beam,0.495507805604197
14,124,Beam,0.21063185946826177
14,125,Beam,0.14052243026782288
14,126,Beam,0.1761092594851316
14,127,Beam,0.20347194566757493
14,128,Beam,0.2648407491530553
14,129,Beam,0.2647319691570301
14,130,Beam,0.2862059049256844
14,131,Beam,0.43690880450838854
14,132,Beam,0.4354496641643596
14,133,Beam,0.16594622930160588
14,134,Beam,0.3937257197523941
14,135,Beam,0.39258310195686646
14,136,Beam,0.1823488825835291
14,137,Beam,0.181397560577499
14,138,Beam,0.1766741654801699
14,139,Beam,0.11896292187892023
14,140,Beam,0.521774935500779
14,141,Beam,0.3532844947784351
14,142,Beam,0.14759554583477372
14,143,Beam,0.5218513866233859
14,144,Beam,0.35371587127291354
14,145,Beam,0.2859088886703883
14,146,Beam,0.26558893528158023
14,147,Beam,0.17964476197580995
14,148,Beam,0.14737209731003578
15,1,Column,0.26643804600147136
15,2,Column,0.2926985298921526
15,3,Column,0.32010376565471604
15,4,Column,0.18450731726635486
15,5,Column,0.2890519444094515
15,6,Column,0.7598900125574622
15,7,Column,0.4118228549962444
15,8,Column,0.33105528824190944
15,9,Column,0.15898670889605188
15,10,Column,0.43468389034499644
15,11,Column,0.31799145405303114
15,12,Column,0.299881355221891
15,13,Column,0.14321903592009452
15,14,Column,0.25978091053005575
15,15,Column,0.1387546965311533
15,16,Column,0.08173589551937115
15,17,Column,0.1284395850983117
15,18,Column,0.15917277637625377
15,19,Column,0.15320719480787323
15,20,Column,0.15844523851161513
15,21,Column,0.39703632031086245
15,22,Column,0.46938215428059316
15,23,Column,0.20923776566129348
15,24,Column,0.07749971437848095
15,25,Column,0.3001663187538947
15,26,Column,0.28920473799413754
15,27,Column,0.1936957807513245
15,28,Column,0.10174548890298028
15,29,Column,0.1461528874624782
15,30,Column,0.08250165990597139
15,31,Column,0.07585045858178449
15,32,Column,0.12073117164359709
15,33,Column,0.17142214256503863
15,34,Column,0.10992552417160233
15,35,Column,0.11314591510864011
15,36,Column,0.2565219024280143
15,37,Column,0.25661697601827493
15,38,Column,0.11513827328487178
15,39,Column,0.10863174543240482
15,40,Column,0.19382812697004415
15,41,Column,0.242423121040039
15,42,Column,0.10460397241031799
15,43,Column,0.1177549141062509
15,44,Column,0.17077426872041607
15,45,Column,0.10478954426354732
15,46,Column,0.09341348417819301
15,47,Column,0.17538801385624408
15,48,Column,0.1769466798077696
15,49,Column,0.11067452422781622
15,50,Column,0.13087324045679302
15,51,Column,0.11948047658356657
15,52,Column,0.0981658934575424
15,53,Column,0.15211663502987996
15,54,Column,0.08212598505573065
15,55,Column,0.15611713296444535
15,56,Column,0.10097502480197183
15,57,Column,0.14143396153810056
15,58,Column,0.08814480449952469
15,59,Column,0.09344620370205628
15,60,Column,0.08436682901925677
15,61,Beam,0.4414838008009477
15,62,Beam,0.4418063579628189
15,63,Beam,0.4414889537402085
15,64,Beam,0.7283612988181374
15,65,Beam,0.7288091234017909
15,66,Beam,0.7283143686367541
15,67,Beam,0.2981453487889918
15,68,Beam,0.6566623883135253
15,69,Beam,0.6565928953345508
15,70,Beam,0.20874485795587358
15,71,Beam,0.208840017250789
15,72,Beam,0.44383124039784233
15,73,Beam,0.2968338260595116
15,74,Beam,0.8739677717748945
15,75,Beam,0.5839358966187232
15,76,Beam,0.19262461011568852
15,77,Beam,0.8739902177797337
15,78,Beam,0.5847458475936805
15,79,Beam,0.37182556548001133
15,80,Beam,0.44378051977308425
15,81,Beam,0.29696566719743805
15,82,Beam,0.19247388111168207
15,83,Beam,0.2970459592435758
15,84,Beam,0.3771981355634088
15,85,Beam,0.37910106505256663
15,86,Beam,0.3673405865185465
15,87,Beam,0.5338396854551513
15,88,Beam,0.5335963698065166
15,89,Beam,0.2661034582548521
15,90,Beam,0.4799441525990029
15,91,Beam,0.4815873967416751
15,92,Beam,0.3470397926654114
15,93,Beam,0.3480673815717401
15,94,Beam,0.1733590162117661
15,95,Beam,0.1159208858637727
15,96,Beam,0.6381082843196006
15,97,Beam,0.42722947961729585
15,98,Beam,0.27251155191058474
15,99,Beam,0.6380721008624086
15,100,Beam,0.42734131090104505
15,101,Beam,0.5322247453208668
15,102,Beam,0.32633031984596944
15,103,Beam,0.21834082573919814
15,104,Beam,0.2718561473706309
15,105,Beam,0.4110341663136164
15,106,Beam,0.39075590669395516
15,107,Beam,0.413953621580316
15,108,Beam,0.5680287772379014
15,109,Beam,0.5514538894260531
15,110,Beam,0.4892459504318735
15,111,Beam,0.4133164686476781
15,112,Beam,0.5267571005972013
15,113,Beam,0.47067796301689524
15,114,Beam,0.431759216354596
15,115,Beam,0.39195554288441664
15,116,Beam,0.21078358813012937
15,117,Beam,0.2078936028366345
15,118,Beam,0.3945068078804001
15,119,Beam,0.40829578367623903
15,120,Beam,0.2588495979075194
15,121,Beam,0.3941431561305165
15,122,Beam,0.40347460149785064
15,123,Beam,0.4947194005859342
15,124,Beam,0.21039957493156733
15,125,Beam,0.14031122962979076
15,126,Beam,0.17592414767792558
15,127,Beam,0.2048790081121396
15,128,Beam,0.26479223599370877
15,129,Beam,0.26479855935711627
15,130,Beam,0.2862950826998176
15,131,Beam,0.4367954134470007
15,132,Beam,0.4355918823574602
15,133,Beam,0.16755818158961608
15,134,Beam,0.3936780084447736
15,135,Beam,0.3927198225771634
15,136,Beam,0.18366970933377608
15,137,Beam,0.18274581476382476
15,138,Beam,0.17666945998746472
15,139,Beam,0.11887977931589412
15,140,Beam,0.5217351235433553
15,141,Beam,0.35337661883587157
15,142,Beam,0.14756234329642326
15,143,Beam,0.5218178551472141
15,144,Beam,0.35386751978448633
15,145,Beam,0.2858707650448577
15,146,Beam,0.26557940427338683
15,147,Beam,0.17968840106061645
15,148,Beam,0.14734463073762027
16,1,Column,0.2664283004677278
16,2,Column,0.29269440923595474
16,3,Column,0.3200996463428273
16,4,Column,0.1845044030382925
16,5,Column,0.28904006079060945
16,6,Column,0.7598882132588501
16,7,Column,0.4118278123641019
16,8,Column,0.3310513494160482
16,9,Column,0.15898021695510273
16,10,Column,0.43467898911920333
16,11,Column,0.3179966623672209
16,12,Column,0.29986861382867935
16,13,Column,0.1432150605658209
16,14,Column,0.2597770067744228
16,15,Column,0.1387484762933292
16,16,Column,0.08173388563672788
16,17,Column,0.12844082381127273
16,18,Column,0.15916920500848053
16,19,Column,0.153201406181604
16,20,Column,0.1584403963599829
16,21,Column,0.3970315598025133
16,22,Column,0.46937851629982447
16,23,Column,0.2092341210357873
16,24,Column,0.07749631206409216
16,25,Column,0.3001615923348856
16,26,Column,0.28920534194561226
16,27,Column,0.19369235043578756
16,28,Column,0.10174199979678496
16,29,Column,0.14614346703177333
16,30,Column,0.08249828419250937
16,31,Column,0.07584873623669725
16,32,Column,0.1207255514445736
16,33,Column,0.17141574419976816
16,34,Column,0.1099274033256056
16,35,Column,0.11314033956754511
16,36,Column,0.25651624208409385
16,37,Column,0.25661131628372075
16,38,Column,0.11513303932362015
16,39,Column,0.10863363730057816
16,40,Column,0.19382346767565525
16,41,Column,0.24241662774468598
16,42,Column,0.10459877109009394
16,43,Column,0.11775672828308169
16,44,Column,0.17076885111934006
16,45,Column,0.10479156429217606
16,46,Column,0.0934045047299909
16,47,Column,0.1753827828284704
16,48,Column,0.17694141382833145
16,49,Column,0.11066553939893996
16,50,Column,0.1308642605019845
16,51,Column,0.11947213340651024
16,52,Column,0.09815754358832063
16,53,Column,0.1521076502081112
16,54,Column,0.0821169786845656
16,55,Column,0.15610872250171953
16,56,Column,0.10097182489809917
16,57,Column,0.14142497683442948
16,58,Column,0.08813587332024601
16,59,Column,0.09343776660826249
16,60,Column,0.08435784548900525
16,61,Beam,0.44148379304922564
16,62,Beam,0.44180635856619394
16,63,Beam,0.4414889626936902
16,64,Beam,0.728361291005917
16,65,Beam,0.728809124001008
16,66,Beam,0.7283143596822671
16,67,Beam,0.2981453624534587
16,68,Beam,0.6566623887197273
16,69,Beam,0.6565928863684736
16,70,Beam,0.20874320302275357
16,71,Beam,0.20883836091564736
16,72,Beam,0.44383124475919283
16,73,Beam,0.29683384033815285
16,74,Beam,0.8739677680980373
16,75,Beam,0.5839358986163662
16,76,Beam,0.19262459853127062
16,77,Beam,0.8739902139546653
16,78,Beam,0.5847458489480138
16,79,Beam,0.37182556104155634
16,80,Beam,0.4437805159086921
16,81,Beam,0.296965668456363
16,82,Beam,0.1924738767619938
16,83,Beam,0.2970378642205626
16,84,Beam,0.37719008127146575
16,85,Beam,0.37909296199415116
16,86,Beam,0.36733249111826993
16,87,Beam,0.5338396835911274
16,88,Beam,0.5335963620872634
16,89,Beam,0.2660953180907162
16,90,Beam,0.47994415022555537
16,91,Beam,0.48158738909563964
16,92,Beam,0.3470316931460922
16,93,Beam,0.34805927767910827
16,94,Beam,0.17335900517583072
16,95,Beam,0.11592089242939635
16,96,Beam,0.6381082759465879
16,97,Beam,0.427229465785844
16,98,Beam,0.2725115288088703
16,99,Beam,0.6380720925961911
16,100,Beam,0.4273412985692677
16,101,Beam,0.5322247413925207
16,102,Beam,0.3263303119154321
16,103,Beam,0.21834081420779078
16,104,Beam,0.27185615171978217
16,105,Beam,0.41101696547151617
16,106,Beam,0.3907401470638305
16,107,Beam,0.41393640113138513
16,108,Beam,0.5680115751656211
16,109,Beam,0.5514381290510357
16,110,Beam,0.4892287299612618
16,111,Beam,0.4132991272150993
16,112,Beam,0.5267413168776133
16,113,Beam,0.47066074232303906
16,114,Beam,0.4317420449251083
16,115,Beam,0.39193831732346673
16,116,Beam,0.21078343140578748
16,117,Beam,0.20789312618827843
16,118,Beam,0.3945066573698783
16,119,Beam,0.4082956701188252
16,120,Beam,0.2588493841645031
16,121,Beam,0.3941430102102176
16,122,Beam,0.4034744869590865
16,123,Beam,0.4947192507433853
16,124,Beam,0.21039943111684886
16,125,Beam,0.1403110969566394
16,126,Beam,0.17592396972700816
16,127,Beam,0.22812989314418153
16,128,Beam,0.33110915593840173
16,129,Beam,0.33111687008787655
16,130,Beam,0.3579956288742757
16,131,Beam,0.546201800439571
16,132,Beam,0.5446965729901528
16,133,Beam,0.18313015568057792
16,134,Beam,0.4922828100744703
16,135,Beam,0.4910843961082052
16,136,Beam,0.20074082114073574
16,137,Beam,0.1997317493427967
16,138,Beam,0.22090306039553848
16,139,Beam,0.14864405568785974
16,140,Beam,0.6524165907645496
16,141,Beam,0.44188868183218666
16,142,Beam,0.18450827650029267
16,143,Beam,0.6525200460954705
16,144,Beam,0.4425025745591641
16,145,Beam,0.3574650852710452
16,146,Beam,0.3320898829102494
16,147,Beam,0.22468888363830639
16,148,Beam,0.1842360045970467
17,1,Column,0.2653437685789313
17,2,Column,0.2933788899361563
17,3,Column,0.3208161317529632
17,4,Column,0.26874701218890207
17,5,Column,0.2877588162059627
17,6,Column,0.7633376534663929
17,7,Column,0.41457158146880835
17,8,Column,0.33192331691324545
17,9,Column,0.15660892439147447
17,10,Column,0.43561549054727533
17,11,Column,0.32065083017828544
17,12,Column,0.28169266468024223
17,13,Column,0.25480084411247944
17,14,Column,0.260595935133752
17,15,Column,0.13636763900614332
17,16,Column,0.08167141013451057
17,17,Column,0.12851902870342588
17,18,Column,0.159548339747043
17,19,Column,0.09053153048555573
17,20,Column,0.15941445001166363
17,21,Column,0.4160694307474797
17,22,Column,0.4731538875638706
17,23,Column,0.20999948278440106
17,24,Column,0.0783665543316907
17,25,Column,0.3011237277415596
17,26,Column,0.29244192763845916
17,27,Column,0.19444548572794962
17,28,Column,0.1020746577188969
17,29,Column,0.1579337312101204
17,30,Column,0.1298653447838276
17,31,Column,0.07578842912776526
17,32,Column,0.16389946563486119
17,33,Column,0.1698189039392455
17,34,Column,0.08071399485897632
17,35,Column,0.11321985028150434
17,36,Column,0.2567189857203153
17,37,Column,0.25681773007628034
17,38,Column,0.11429425192970716
17,39,Column,0.10703241794843621
17,40,Column,0.19415476084836467
17,41,Column,0.24256133487600048
17,42,Column,0.1047543202750592
17,43,Column,0.11626469931584271
17,44,Column,0.12347626685983494
17,45,Column,0.1032821406594476
17,46,Column,0.09371427135566601
17,47,Column,0.17539523740962512
17,48,Column,0.17694670270321472
17,49,Column,0.11097956863002023
17,50,Column,0.13116958171208287
17,51,Column,0.11908856399396162
17,52,Column,0.09775724737654186
17,53,Column,0.15242737117836658
17,54,Column,0.08242272318036667
17,55,Column,0.1557356811737124
17,56,Column,0.10097423788221077
17,57,Column,0.1417419890277287
17,58,Column,0.08843688848911796
17,59,Column,0.09302571053653574
17,60,Column,0.0846727666802687
17,61,Beam,0.441491525967093
17,62,Beam,0.4418096456836304
17,63,Beam,0.4414881138658285
17,64,Beam,0.7283691049105115
17,65,Beam,0.7288106896096367
17,66,Beam,0.7283156294391436
17,67,Beam,0.29813641084017267
17,68,Beam,0.6566651081026647
17,69,Beam,0.656593565377273
17,70,Beam,0.20826155218122394
17,71,Beam,0.20835193939647528
17,72,Beam,0.4438316426859954
17,73,Beam,0.2968173606151439
17,74,Beam,0.873969482814559
17,75,Beam,0.5839356464946053
17,76,Beam,0.19262894290669455
17,77,Beam,0.8739918825254608
17,78,Beam,0.5847407417695324
17,79,Beam,0.3718289053112659
17,80,Beam,0.4437808402555949
17,81,Beam,0.29695689581730783
17,82,Beam,0.19247746909353197
17,83,Beam,0.2866615158759837
17,84,Beam,0.3730375905974694
17,85,Beam,0.37395021053180727
17,86,Beam,0.3520167402081556
17,87,Beam,0.5789676683231453
17,88,Beam,0.5786750896199968
17,89,Beam,0.2582039412803617
17,90,Beam,0.5205948705113228
17,91,Beam,0.5225006905565089
17,92,Beam,0.332720843139681
17,93,Beam,0.333730243394464
17,94,Beam,0.19039031319305533
17,95,Beam,0.1272921629162835
17,96,Beam,0.691852784271844
17,97,Beam,0.46332645247636717
17,98,Beam,0.2966027779499172
17,99,Beam,0.6918034633538414
17,100,Beam,0.4634935162859131
17,101,Beam,0.5770998601470797
17,102,Beam,0.35510725171749535
17,103,Beam,0.23767578072192408
17,104,Beam,0.29585749721983584
17,105,Beam,0.4073584084612653
17,106,Beam,0.3875144080874403
17,107,Beam,0.41025160722335074
17,108,Beam,0.5643551989604232
17,109,Beam,0.5486773307827846
17,110,Beam,0.4855419358224343
17,111,Beam,0.4096504143208793
17,112,Beam,0.523498657854117
17,113,Beam,0.46697205439603046
17,114,Beam,0.42810662436242775
17,115,Beam,0.3882623253028431
17,116,Beam,0.21080060695104363
17,117,Beam,0.2079571289239324
17,118,Beam,0.39452145673125455
17,119,Beam,0.40829246411739994
17,120,Beam,0.2588865952553751
17,121,Beam,0.39416025259100546
17,122,Beam,0.40348745134193054
17,123,Beam,0.49474699357703156
17,124,Beam,0.2104155505396067
17,125,Beam,0.14005165652902274
17,126,Beam,0.1759453686015353
17,127,Beam,0.20419069323247044
17,128,Beam,0.2647902786055969
17,129,Beam,0.26480010413192473
17,130,Beam,0.2862953251026909
17,131,Beam,0.4367926301803122
17,132,Beam,0.43559359401413644
17,133,Beam,0.16686950573748927
17,134,Beam,0.3936760340958549
17,135,Beam,0.39272172938952216
17,136,Beam,0.1829762753376854
17,137,Beam,0.1820701079731532
17,138,Beam,0.17666834507419746
17,139,Beam,0.11888175713005478
17,140,Beam,0.5217368277158462
17,141,Beam,0.35336899773636576
17,142,Beam,0.1475601662227412
17,143,Beam,0.5218189003793091
17,144,Beam,0.35386251467319885
17,145,Beam,0.2858711693842159
17,146,Beam,0.2655796161655614
17,147,Beam,0.17968690702583
17,148,Beam,0.14734464559718985
18,1,Column,0.26354910120211317
18,2,Column,0.29381480345896405
18,3,Column,0.3212951450524869
18,4,Column,0.26712963284875274
18,5,Column,0.2613897257925652
18,6,Column,0.7669335954585045
18,7,Column,0.4171437169694518
18,8,Column,0.332753199956763
18,9,Column,0.25664669600956963
18,10,Column,0.436934256897455
18,11,Column,0.3231396640677491
18,12,Column,0.2826897685105754
18,13,Column,0.252999560247948
18,14,Column,0.2711155542675593
18,15,Column,0.13491191823968793
18,16,Column,0.08180800963212613
18,17,Column,0.12872951716902287
18,18,Column,0.15944709672848006
18,19,Column,0.1523676604522423
18,20,Column,0.15914363458459224
18,21,Column,0.41345296182949165
18,22,Column,0.47054573496260743
18,23,Column,0.20974398881243703
18,24,Column,0.12572916329898023
18,25,Column,0.30106596409394387
18,26,Column,0.2894453656571583
18,27,Column,0.19427492820367473
18,28,Column,0.10192090991365943
18,29,Column,0.10023139070732187
18,30,Column,0.08267581668872917
18,31,Column,0.10733715167302908
18,32,Column,0.12128610034422468
18,33,Column,0.11746705899194264
18,34,Column,0.10764758466831623
18,35,Column,0.14889396403655103
18,36,Column,0.25674757269596904
18,37,Column,0.25683250227224447
18,38,Column,0.1143401955854185
18,39,Column,0.10688420049134222
18,40,Column,0.19909327782358593
18,41,Column,0.24260927290012843
18,42,Column,0.10484778984465747
18,43,Column,0.11596889808952697
18,44,Column,0.12372098558022625
18,45,Column,0.08246446513540329
18,46,Column,0.09402593957566192
18,47,Column,0.17540747889786884
18,48,Column,0.17694729321840666
18,49,Column,0.11129131153171049
18,50,Column,0.1314744002267075
18,51,Column,0.11952213564066252
18,52,Column,0.09818776639768739
18,53,Column,0.15273594748425787
18,54,Column,0.0827381120882595
18,55,Column,0.15615975474196825
18,56,Column,0.10097477745275736
18,57,Column,0.14205017814085985
18,58,Column,0.08875135485845588
18,59,Column,0.0934571394591489
18,60,Column,0.08498646446965867
18,61,Beam,0.4210281131131267
18,62,Beam,0.421386710535614
18,63,Beam,0.42104946896930623
18,64,Beam,0.6923776841126913
18,65,Beam,0.6928611540713324
18,66,Beam,0.6923234388924888
18,67,Beam,0.2854699256610647
18,68,Beam,0.6245735551429719
18,69,Beam,0.6244848592106704
18,70,Beam,0.2060706323648932
18,71,Beam,0.20616927573124502
18,72,Beam,0.42397032015419556
18,73,Beam,0.2836631511882565
18,74,Beam,0.8307769459661669
18,75,Beam,0.555255266864715
18,76,Beam,0.18625922402531345
18,77,Beam,0.8307991357390943
18,78,Beam,0.5561289257876343
18,79,Beam,0.35574600194833184
18,80,Beam,0.4238919677548364
18,81,Beam,0.28380492149798836
18,82,Beam,0.18609516021704475
18,83,Beam,0.2859658064350577
18,84,Beam,0.3727246727056626
18,85,Beam,0.3736035469200677
18,86,Beam,0.35131300764194984
18,87,Beam,0.5789658370394597
18,88,Beam,0.5786836295383596
18,89,Beam,0.25751141826372603
18,90,Beam,0.5205997618912167
18,91,Beam,0.5225084846812904
18,92,Beam,0.3320284437938154
18,93,Beam,0.3330426387435998
18,94,Beam,0.19039654909125184
18,95,Beam,0.12730973069504883
18,96,Beam,0.6918563618805234
18,97,Beam,0.46331932921499575
18,98,Beam,0.29662019439004494
18,99,Beam,0.6918094012835908
18,100,Beam,0.463491281891958
18,101,Beam,0.5771157248263418
18,102,Beam,0.3551133507259812
18,103,Beam,0.2376686059331181
18,104,Beam,0.29584301091363907
18,105,Beam,0.40749117063307794
18,106,Beam,0.38759810430715924
18,107,Beam,0.41038811003753733
18,108,Beam,0.564492591153092
18,109,Beam,0.5487183157736287
18,110,Beam,0.48568133416333703
18,111,Beam,0.40979069260959605
18,112,Beam,0.5235874213465945
18,113,Beam,0.4671114491372891
18,114,Beam,0.42823568593642625
18,115,Beam,0.38839560373756454
18,116,Beam,0.21080383255016194
18,117,Beam,0.2079637598202458
18,118,Beam,0.3945215759152104
18,119,Beam,0.40830080365129623
18,120,Beam,0.2588933424372441
18,121,Beam,0.39416178442430594
18,122,Beam,0.4034955308574652
18,123,Beam,0.49474799632371674
18,124,Beam,0.21041710695390417
18,125,Beam,0.14000360196435893
18,126,Beam,0.17594567164145658
18,127,Beam,0.2043624306575022
18,128,Beam,0.26479052631879013
18,129,Beam,0.26479864632311756
18,130,Beam,0.286294042035221
18,131,Beam,0.4367927248195123
18,132,Beam,0.4355922394534954
18,133,Beam,0.16703922875350288
18,134,Beam,0.3936764548930526
18,135,Beam,0.392720470262408
18,136,Beam,0.18314876825379123
18,137,Beam,0.18224851019549512
18,138,Beam,0.1766672949448799
18,139,Beam,0.11888010705581395
18,140,Beam,0.5217365974879037
18,141,Beam,0.3533679495972235
18,142,Beam,0.14755840575304163
18,143,Beam,0.5218185437833198
18,144,Beam,0.3538616993657226
18,145,Beam,0.2858705329313493
18,146,Beam,0.2655791412057328
18,147,Beam,0.17968629216208498
18,148,Beam,0.14734411834500333
19,1,Column,0.265420225196676
19,2,Column,0.29506177873473044
19,3,Column,0.16271999134643997
19,4,Column,0.18651845642022066
19,5,Column,0.28821664168813643
19,6,Column,0.38354035429189043
19,7,Column,0.4149740308834011
19,8,Column,0.332922623277742
19,9,Column,0.1553023503608361
19,10,Column,0.4362400152092477
19,11,Column,0.32108226068170803
19,12,Column,0.2824235582814489
19,13,Column,0.14510270421173074
19,14,Column,0.2720440911654539
19,15,Column,0.13550872248219084
19,16,Column,0.13766672894379692
19,17,Column,0.1314951930611506
19,18,Column,0.15625120313003238
19,19,Column,0.09021692554788215
19,20,Column,0.1601743822985099
19,21,Column,0.41782108414608016
19,22,Column,0.4741211813718933
19,23,Column,0.21016081274796566
19,24,Column,0.12428556151366305
19,25,Column,0.3016936192632979
19,26,Column,0.29519513681304227
19,27,Column,0.19515618713876057
19,28,Column,0.13020657378126638
19,29,Column,0.15569638415336512
19,30,Column,0.08219364494541495
19,31,Column,0.047271815601047915
19,32,Column,0.1330250221943979
19,33,Column,0.1367127882224498
19,34,Column,0.05100166941075109
19,35,Column,0.12035217699909766
19,36,Column,0.2417843205535408
19,37,Column,0.24210954148811317
19,38,Column,0.10947702778985129
19,39,Column,0.08609238213689865
19,40,Column,0.18009149642989497
19,41,Column,0.22660757540080634
19,42,Column,0.0992344778817381
19,43,Column,0.09258271797141977
19,44,Column,0.08636353015781549
19,45,Column,0.05186850412932956
19,46,Column,0.0935817813701252
19,47,Column,0.1756621917131184
19,48,Column,0.1769419010192423
19,49,Column,0.11123431843824456
19,50,Column,0.12902022255066542
19,51,Column,0.11805459325711368
19,52,Column,0.11457211917984984
19,53,Column,0.1523029969382845
19,54,Column,0.08196715777397837
19,55,Column,0.15281424066033242
19,56,Column,0.10096994028036842
19,57,Column,0.14169625298373234
19,58,Column,0.08788933126036227
19,59,Column,0.09116326159323739
19,60,Column,0.08475746972652402
19,61,Beam,0.44151320417526696
19,62,Beam,0.441772054226535
19,63,Beam,0.441519185238027
19,64,Beam,0.7282985149350308
19,65,Beam,0.7287569032164443
19,66,Beam,0.7282814748733519
19,67,Beam,0.29820174871069693
19,68,Beam,0.6566074219920014
19,69,Beam,0.6566004002477718
19,70,Beam,0.2080787002869904
19,71,Beam,0.2081829176457268
19,72,Beam,0.443833645601564
19,73,Beam,0.29679484677662976
19,74,Beam,0.8739769856262459
19,75,Beam,0.5838971373958897
19,76,Beam,0.19264029201395808
19,77,Beam,0.8739985396416361
19,78,Beam,0.5847156544743984
19,79,Beam,0.37184170428153196
19,80,Beam,0.44378294366858556
19,81,Beam,0.296939033267051
19,82,Beam,0.19248731287086798
19,83,Beam,0.2849083785774249
19,84,Beam,0.3722170668225063
19,85,Beam,0.3732013622152443
19,86,Beam,0.3508409721260778
19,87,Beam,0.578663577418528
19,88,Beam,0.5791795667335906
19,89,Beam,0.2565442969749949
19,90,Beam,0.5202608297653228
19,91,Beam,0.522952389752507
19,92,Beam,0.33111739268814877
19,93,Beam,0.33220116576657444
19,94,Beam,0.19032459405470745
19,95,Beam,0.12717175665409158
19,96,Beam,0.6916644124291859
19,97,Beam,0.463617003861486
19,98,Beam,0.2964584522268865
19,99,Beam,0.6916204517618145
19,100,Beam,0.4635876187427905
19,101,Beam,0.576942687318035
19,102,Beam,0.3550069825546654
19,103,Beam,0.2377205341231303
19,104,Beam,0.29594046878998026
19,105,Beam,0.41331967106334977
19,106,Beam,0.39526509045130614
19,107,Beam,0.41573550127403586
19,108,Beam,0.5719622665422238
19,109,Beam,0.5553504294263998
19,110,Beam,0.49177318245181206
19,111,Beam,0.41636232282085106
19,112,Beam,0.5317872402430586
19,113,Beam,0.4730908208966666
19,114,Beam,0.43439082868171086
19,115,Beam,0.3942181487352084
19,116,Beam,0.21066258430384563
19,117,Beam,0.20763480949242982
19,118,Beam,0.3943066247598467
19,119,Beam,0.40822420756415634
19,120,Beam,0.25847595414940006
19,121,Beam,0.39395296757395865
19,122,Beam,0.4038401502804942
19,123,Beam,0.49432188660286297
19,124,Beam,0.21029500727023273
19,125,Beam,0.1398496135861326
19,126,Beam,0.1758481384871228
19,127,Beam,0.20504443346660156
19,128,Beam,0.26474268372027876
19,129,Beam,0.2648690445623469
19,130,Beam,0.28639231306474905
19,131,Beam,0.43667661327058566
19,132,Beam,0.4357467140243136
19,133,Beam,0.1679307891423899
19,134,Beam,0.39363514746140976
19,135,Beam,0.39286969742065736
19,136,Beam,0.18374271893642496
19,137,Beam,0.1828500768140777
19,138,Beam,0.1766746652535044
19,139,Beam,0.11886281924549846
19,140,Beam,0.5217414248010902
19,141,Beam,0.353422924849606
19,142,Beam,0.14755654720911052
19,143,Beam,0.5218229370909164
19,144,Beam,0.35392135797996543
19,145,Beam,0.28586769335561835
19,146,Beam,0.2655833089953795
19,147,Beam,0.17970554282783532
19,148,Beam,0.14733869082668605
20,1,Column,0.26369245699993843
20,2,Column,0.30635487669883116
20,3,Column,0.32300531000686356
20,4,Column,0.267476350571935
20,5,Column,0.2623837744104977
20,6,Column,0.3861676545294978
20,7,Column,0.41751164798480445
20,8,Column,0.3337537451868412
20,9,Column,0.25631303663265953
20,10,Column,0.437566759179049
20,11,Column,0.32353633831708467
20,12,Column,0.2834253471202766
20,13,Column,0.1462755381347052
20,14,Column,0.2624249751641905
20,15,Column,0.13594993605897485
20,16,Column,0.08249217008944432
20,17,Column,0.1313893537354978
20,18,Column,0.15614074643889184
20,19,Column,0.09033776885391757
20,20,Column,0.15989886724739694
20,21,Column,0.4151540483681989
20,22,Column,0.4714631875821948
20,23,Column,0.21013267199272792
20,24,Column,0.12565575550012867
20,25,Column,0.30163034869229804
20,26,Column,0.2921533101195566
20,27,Column,0.1949873456096793
20,28,Column,0.1317970589499054
20,29,Column,0.1555380096134699
20,30,Column,0.08204394071977691
20,31,Column,0.047602356698564656
20,32,Column,0.07968911935131323
20,33,Column,0.09119927275633473
20,34,Column,0.0851038047609282
20,35,Column,0.10740816702736815
20,36,Column,0.24179432141871868
20,37,Column,0.24211197522658903
20,38,Column,0.10950464910879572
20,39,Column,0.048792546947274355
20,40,Column,0.1801243760579443
20,41,Column,0.22664192687813084
20,42,Column,0.09929960804654071
20,43,Column,0.05684746671930798
20,44,Column,0.086267816492674
20,45,Column,0.08203265648901231
20,46,Column,0.09389538892968291
20,47,Column,0.1756761409034654
20,48,Column,0.1769426008472127
20,49,Column,0.11154799776387994
20,50,Column,0.12932697315321084
20,51,Column,0.11796177758914747
20,52,Column,0.09475492125243788
20,53,Column,0.15261342461343522
20,54,Column,0.08228431293488256
20,55,Column,0.15321617932915776
20,56,Column,0.1009704735344783
20,57,Column,0.14200632628639234
20,58,Column,0.08820533776002269
20,59,Column,0.09117070306115925
20,60,Column,0.0850731134381903
20,61,Beam,0.42107995107950247
20,62,Beam,0.42134614408015547
20,63,Beam,0.4210836016279164
20,64,Beam,0.6923014798442165
20,65,Beam,0.6928031139450334
20,66,Beam,0.6922989022168599
20,67,Beam,0.2855404618908991
20,68,Beam,0.6245111883229442
20,69,Beam,0.6245032130316034
20,70,Beam,0.2058831887715963
20,71,Beam,0.20599650156776764
20,72,Beam,0.42397234155679503
20,73,Beam,0.2836391768541305
20,74,Beam,0.830784723415821
20,75,Beam,0.5552139758867412
20,76,Beam,0.18627121765553808
20,77,Beam,0.8308060362877844
20,78,Beam,0.5561021233711674
20,79,Beam,0.35575945667880593
20,80,Beam,0.4238941059527449
20,81,Beam,0.283785819515225
20,82,Beam,0.18610556095337544
20,83,Beam,0.2842811568252762
20,84,Beam,0.3719318496241306
20,85,Beam,0.3728877600062197
20,86,Beam,0.35052431778306653
20,87,Beam,0.5786617923106079
20,88,Beam,0.5791869962289632
20,89,Beam,0.2559203097264632
20,90,Beam,0.52026503306574
20,91,Beam,0.5229591854077973
20,92,Beam,0.3304929388093079
20,93,Beam,0.3315803282589065
20,94,Beam,0.19033121474230327
20,95,Beam,0.12719026528026842
20,96,Beam,0.6916692010305434
20,97,Beam,0.46360947245655293
20,98,Beam,0.2964771797267969
20,99,Beam,0.691627667421565
20,100,Beam,0.46358524199685974
20,101,Beam,0.5769602814275653
20,102,Beam,0.355013950851148
20,103,Beam,0.23771323305166878
20,104,Beam,0.29592494815532666
20,105,Beam,0.4133013358182809
20,106,Beam,0.39520953822596877
20,107,Beam,0.4157203450161267
20,108,Beam,0.5719485934893105
20,109,Beam,0.5552919760967342
20,110,Beam,0.49176104020090994
20,111,Beam,0.41635157817318796
20,112,Beam,0.531736633844307
20,113,Beam,0.47307863811565626
20,114,Beam,0.43436954535231576
20,115,Beam,0.3942001175169625
20,116,Beam,0.2106656691562054
20,117,Beam,0.20764104767585917
20,118,Beam,0.39430663989097436
20,119,Beam,0.408231599407212
20,120,Beam,0.2584817776717459
20,121,Beam,0.39395429456039943
20,122,Beam,0.40384772993951135
20,123,Beam,0.49432206567537856
20,124,Beam,0.21029642611209481
20,125,Beam,0.13980321716343377
20,126,Beam,0.175848131893601
20,127,Beam,0.20518454724917487
20,128,Beam,0.26474289926326744
20,129,Beam,0.2648676275470106
20,130,Beam,0.28639103168402563
20,131,Beam,0.4366766757606173
20,132,Beam,0.43574540504867615
20,133,Beam,0.16806896585906672
20,134,Beam,0.39363554431859005
20,135,Beam,0.3928684811031221
20,136,Beam,0.1838834574159409
20,137,Beam,0.1829968238978428
20,138,Beam,0.17667360872337376
20,139,Beam,0.11886113182338168
20,140,Beam,0.5217411301583567
20,141,Beam,0.35342192717191173
20,142,Beam,0.14755478266448047
20,143,Beam,0.5218225232382185
20,144,Beam,0.35392057738404853
20,145,Beam,0.285867044075172
20,146,Beam,0.26558278735511937
20,147,Beam,0.17970496722562243
20,148,Beam,0.14733815036723852
21,1,Column,0.14251665812900904
21,2,Column,0.29180071645452044
21,3,Column,0.3187528952794146
21,4,Column,0.2559701620214232
21,5,Column,0.2620393240941883
21,6,Column,0.7792352478614288
21,7,Column,0.4347730873135783
21,8,Column,0.33325577262231376
21,9,Column,0.13766431084637712
21,10,Column,0.4374041969422193
21,11,Column,0.3403612187643285
21,12,Column,0.28926726624692867
21,13,Column,0.24177767193784447
21,14,Column,0.26223676332125523
21,15,Column,0.13663336254120317
21,16,Column,0.07828328984277093
21,17,Column,0.14537455897279505
21,18,Column,0.15974543022204774
21,19,Column,0.1329311234263849
21,20,Column,0.16344438202979727
21,21,Column,0.4251197949531016
21,22,Column,0.517246004529189
21,23,Column,0.2113872383468861
21,24,Column,0.08251854941946271
21,25,Column,0.159037876580947
21,26,Column,0.32936657091236465
21,27,Column,0.19496431458693841
21,28,Column,0.10603438262916842
21,29,Column,0.17798206726247218
21,30,Column,0.09463205577519623
21,31,Column,0.09573528737414684
21,32,Column,0.147903324856564
21,33,Column,0.1444177346281762
21,34,Column,0.10053259413994378
21,35,Column,0.1515562599331482
21,36,Column,0.3375428957074167
21,37,Column,0.33814256252123637
21,38,Column,0.11588626695790939
21,39,Column,0.09794454004129353
21,40,Column,0.2582116606597862
21,41,Column,0.31975116557265415
21,42,Column,0.1367401347702544
21,43,Column,0.11014941458797296
21,44,Column,0.1517768958218676
21,45,Column,0.10190453264129275
21,46,Column,0.09611035879765242
21,47,Column,0.1749989429321296
21,48,Column,0.1769014138213844
21,49,Column,0.11309223029929576
21,50,Column,0.13565632823895957
21,51,Column,0.11827786530274406
21,52,Column,0.09865979889827137
21,53,Column,0.1549792607723504
21,54,Column,0.0850853761201842
21,55,Column,0.15639967982498046
21,56,Column,0.10096681015176466
21,57,Column,0.14418888419248393
21,58,Column,0.09135813254526283
21,59,Column,0.09326517583249563
21,60,Column,0.08695950175847281
21,61,Beam,0.4415718263260103
21,62,Beam,0.4418659828577683
21,63,Beam,0.44147971435337774
21,64,Beam,0.7284784619102198
21,65,Beam,0.7288714449890373
21,66,Beam,0.728360179487055
21,67,Beam,0.29813311915014606
21,68,Beam,0.6567390044683887
21,69,Beam,0.6566242144950213
21,70,Beam,0.20427562961470708
21,71,Beam,0.20431689506285508
21,72,Beam,0.4438322651395569
21,73,Beam,0.29684399781440324
21,74,Beam,0.8739470310901618
21,75,Beam,0.5840210276025396
21,76,Beam,0.19261127306096848
21,77,Beam,0.8739736370979316
21,78,Beam,0.5847861406787056
21,79,Beam,0.3718045367504412
21,80,Beam,0.4437695360384197
21,81,Beam,0.29697934558310324
21,82,Beam,0.19246075657272121
21,83,Beam,0.2994197884808777
21,84,Beam,0.4167107425595279
21,85,Beam,0.4198107993272451
21,86,Beam,0.39788432720211797
21,87,Beam,0.5986715260150998
21,88,Beam,0.6019167733724029
21,89,Beam,0.2766752263196329
21,90,Beam,0.5508369385825539
21,91,Beam,0.5566959885170119
21,92,Beam,0.3735376148317528
21,93,Beam,0.3744384423857586
21,94,Beam,0.19825949709022042
21,95,Beam,0.133954412419431
21,96,Beam,0.7118726480407532
21,97,Beam,0.47601472724571386
21,98,Beam,0.306855203218802
21,99,Beam,0.7117373368768947
21,100,Beam,0.4771258362143191
21,101,Beam,0.5943427709545204
21,102,Beam,0.36638837269636637
21,103,Beam,0.24519308687667832
21,104,Beam,0.3051171566627865
21,105,Beam,0.3780579923277709
21,106,Beam,0.35964799270786724
21,107,Beam,0.3812652486007689
21,108,Beam,0.5413854408443405
21,109,Beam,0.5351239131476065
21,110,Beam,0.45565031451020727
21,111,Beam,0.3794871890602062
21,112,Beam,0.4968925239675933
21,113,Beam,0.4371806251109542
21,114,Beam,0.3985714454752407
21,115,Beam,0.35884793817040544
21,116,Beam,0.21105907172213398
21,117,Beam,0.20866856082937144
21,118,Beam,0.3949190533666198
21,119,Beam,0.40813466706145973
21,120,Beam,0.2597613095752942
21,121,Beam,0.3945537746981479
21,122,Beam,0.40258535997706585
21,123,Beam,0.495635771817758
21,124,Beam,0.21064950994270698
21,125,Beam,0.13952822387751151
21,126,Beam,0.1761484148392764
21,127,Beam,0.22519426895374636
21,128,Beam,0.3311515578623691
21,129,Beam,0.3310468482881398
21,130,Beam,0.35788912683229923
21,131,Beam,0.5463199018450201
21,132,Beam,0.5445358770040704
21,133,Beam,0.17664744340999816
21,134,Beam,0.49232553601911416
21,135,Beam,0.4909317870667864
21,136,Beam,0.19499268812086576
21,137,Beam,0.19450024176883998
21,138,Beam,0.22090909145770946
21,139,Beam,0.1487512975789667
21,140,Beam,0.6524775653772483
21,141,Beam,0.44175035010947816
21,142,Beam,0.18455048836933718
21,143,Beam,0.6525731380939815
21,144,Beam,0.44228287592106913
21,145,Beam,0.35751770957429546
21,146,Beam,0.3321124677817688
21,147,Beam,0.22460913867008672
21,148,Beam,0.18427207735255643
22,1,Column,0.14444246028943564
22,2,Column,0.2958456911622259
22,3,Column,0.32337554469185953
22,4,Column,0.26056530269952766
22,5,Column,0.26523630167150836
22,6,Column,0.7810437958610632
22,7,Column,0.4314322830028245
22,8,Column,0.33658662315760707
22,9,Column,0.24889925879458263
22,10,Column,0.43962800945512176
22,11,Column,0.30818165441590156
22,12,Column,0.2864065467918441
22,13,Column,0.24654583370213343
22,14,Column,0.2651268894175566
22,15,Column,0.1403204216957682
22,16,Column,0.12594520677689441
22,17,Column,0.13796382543912067
22,18,Column,0.16287304152940388
22,19,Column,0.09435869277265771
22,20,Column,0.16631567938565242
22,21,Column,0.4272252118958786
22,22,Column,0.5148894631495705
22,23,Column,0.21183304040318
22,24,Column,0.08561666526252888
22,25,Column,0.1620083688445468
22,26,Column,0.3109840175347626
22,27,Column,0.19641839919471532
22,28,Column,0.1067251909595287
22,29,Column,0.16025438373923723
22,30,Column,0.07721848587762047
22,31,Column,0.0950740659832191
22,32,Column,0.12371002308732086
22,33,Column,0.1508758426516727
22,34,Column,0.09725697172801759
22,35,Column,0.13142452835917548
22,36,Column,0.2580383085106278
22,37,Column,0.258774530705217
22,38,Column,0.10746381031764966
22,39,Column,0.09553204848809559
22,40,Column,0.19867710131500485
22,41,Column,0.24502890822597984
22,42,Column,0.10615745506692972
22,43,Column,0.10356212874391833
22,44,Column,0.12297976911819683
22,45,Column,0.0931047052727077
22,46,Column,0.06522071206229847
22,47,Column,0.1616132248766836
22,48,Column,0.16174430341493395
22,49,Column,0.08493089864835565
22,50,Column,0.09327634618689333
22,51,Column,0.08374707560679251
22,52,Column,0.10315018426583511
22,53,Column,0.11820700063514301
22,54,Column,0.05403125649842787
22,55,Column,0.10169230494987108
22,56,Column,0.14562306581855422
22,57,Column,0.08995847120033121
22,58,Column,0.057111654726263957
22,59,Column,0.08447252151426396
22,60,Column,0.05609922084172234
22,61,Beam,0.4415214710017733
22,62,Beam,0.44181817444589594
22,63,Beam,0.4415017601843385
22,64,Beam,0.7284193074235203
22,65,Beam,0.7287985687093429
22,66,Beam,0.7283211795020136
22,67,Beam,0.2980869617799871
22,68,Beam,0.6566713030143014
22,69,Beam,0.6565922681185982
22,70,Beam,0.20501274596264973
22,71,Beam,0.20508140145207956
22,72,Beam,0.44383459910052564
22,73,Beam,0.29679275934342475
22,74,Beam,0.8739663572978746
22,75,Beam,0.5839332815220828
22,76,Beam,0.19263801110863735
22,77,Beam,0.8739917330062432
22,78,Beam,0.5847338174824129
22,79,Beam,0.37183282268578716
22,80,Beam,0.4437780927173732
22,81,Beam,0.29694493906921315
22,82,Beam,0.1924801088638007
22,83,Beam,0.30371489756245784
22,84,Beam,0.41945674815534184
22,85,Beam,0.4227935652725818
22,86,Beam,0.4008251753106659
22,87,Beam,0.6012151220180362
22,88,Beam,0.6050391826965961
22,89,Beam,0.28095948236873275
22,90,Beam,0.5533916578851713
22,91,Beam,0.5597562261115563
22,92,Beam,0.3764083215644037
22,93,Beam,0.3773405205170248
22,94,Beam,0.19799656055155443
22,95,Beam,0.13361566054542934
22,96,Beam,0.7110786342094181
22,97,Beam,0.477163514293952
22,98,Beam,0.3062279649111497
22,99,Beam,0.710981612571144
22,100,Beam,0.47743920562238223
22,101,Beam,0.593627252489299
22,102,Beam,0.36600704565923714
22,103,Beam,0.24541281684704036
22,104,Beam,0.3049619731865229
22,105,Beam,0.390012889730192
22,106,Beam,0.3743882291216174
22,107,Beam,0.39237011157856616
22,108,Beam,0.5491915312241183
22,109,Beam,0.5414999582808127
22,110,Beam,0.4685790390624577
22,111,Beam,0.393362659277092
22,112,Beam,0.5110026018283066
22,113,Beam,0.44987465240125857
22,114,Beam,0.41094737723817315
22,115,Beam,0.37094531806132985
22,116,Beam,0.21095197585276998
22,117,Beam,0.20810208637218539
22,118,Beam,0.3947105384685469
22,119,Beam,0.4078022910798477
22,120,Beam,0.2591273345370289
22,121,Beam,0.39433872132825387
22,122,Beam,0.40276469333185483
22,123,Beam,0.4950158308325001
22,124,Beam,0.2105307982683095
22,125,Beam,0.13939984005114797
22,126,Beam,0.17598740494206302
22,127,Beam,0.22468771144204885
22,128,Beam,0.3303781605311963
22,129,Beam,0.32971915564343673
22,130,Beam,0.35717913469802987
22,131,Beam,0.5448917336216464
22,132,Beam,0.5440405263877921
22,133,Beam,0.17638195323906175
22,134,Beam,0.49046974680057515
22,135,Beam,0.49064604097427017
22,136,Beam,0.19566091377209374
22,137,Beam,0.19657078120255805
22,138,Beam,0.2206387951224269
22,139,Beam,0.1479945578456419
22,140,Beam,0.6517572360558331
22,141,Beam,0.4402301668439216
22,142,Beam,0.18415922478425265
22,143,Beam,0.6518678430115917
22,144,Beam,0.4411782168285019
22,145,Beam,0.3570940195291415
22,146,Beam,0.33171385801134967
22,147,Beam,0.22402291358432816
22,148,Beam,0.18403478325460285
23,1,Column,0.19212663559813914
23,2,Column,0.20939726736259087
23,3,Column,0.2284400720923811
23,4,Column,0.20256564261275586
23,5,Column,0.18289812330016914
23,6,Column,0.4566015960464002
23,7,Column,0.48073424613535004
23,8,Column,0.23268172445262364
23,9,Column,0.11456378349507565
23,10,Column,0.30529911187508296
23,11,Column,0.21761449053880774
23,12,Column,0.21949601508075212
23,13,Column,0.18332179795368964
23,14,Column,0.2079376629036797
23,15,Column,0.18081305589955515
23,16,Column,0.149395780086591
23,17,Column,0.13581034689236768
23,18,Column,0.13900695937010088
23,19,Column,0.09189938872597816
23,20,Column,0.16102397389990625
23,21,Column,0.4067326276836963
23,22,Column,0.4638005457085981
23,23,Column,0.21058374237970992
23,24,Column,0.1371124001783696
23,25,Column,0.3043387976655329
23,26,Column,0.27996147885059997
23,27,Column,0.19633398785528425
23,28,Column,0.10285183405314084
23,29,Column,0.1603491481461312
23,30,Column,0.14364805334659045
23,31,Column,0.08206729345094192
23,32,Column,0.12659420262820603
23,33,Column,0.1229875735644046
23,34,Column,0.11492281942141405
23,35,Column,0.11349594779049733
23,36,Column,0.26218918154111626
23,37,Column,0.2621712961403175
23,38,Column,0.1366570614302777
23,39,Column,0.11356315954326887
23,40,Column,0.195808985821534
23,41,Column,0.24547397748480893
23,42,Column,0.1054883401752632
23,43,Column,0.12240890595995442
23,44,Column,0.12910653793913351
23,45,Column,0.10924671306559185
23,46,Column,0.09677724185186554
23,47,Column,0.17785494367708585
23,48,Column,0.17809408754393666
23,49,Column,0.1141044611937935
23,50,Column,0.13376650836974627
23,51,Column,0.121769480851553
23,52,Column,0.09980741384128411
23,53,Column,0.15559935009474224
23,54,Column,0.08563763598055991
23,55,Column,0.1578084874340247
23,56,Column,0.09827275453085292
23,57,Column,0.14492724552605613
23,58,Column,0.09154869645488395
23,59,Column,0.09517292740875598
23,60,Column,0.08776990929531144
23,61,Beam,0.4416893506415259
23,62,Beam,0.44176282600110495
23,63,Beam,0.4416560557055826
23,64,Beam,0.7287042623197567
23,65,Beam,0.7287219242184556
23,66,Beam,0.7286358048540775
23,67,Beam,0.2983334978863035
23,68,Beam,0.6567774302127137
23,69,Beam,0.656884001941055
23,70,Beam,0.19903055251940846
23,71,Beam,0.1991224650580989
23,72,Beam,0.44395721221193957
23,73,Beam,0.2975149077189541
23,74,Beam,0.8741236093771486
23,75,Beam,0.5849299231528415
23,76,Beam,0.19246869732182434
23,77,Beam,0.8740959872164968
23,78,Beam,0.5856229159918073
23,79,Beam,0.3716718900413936
23,80,Beam,0.44379839060656423
23,81,Beam,0.2974486878807104
23,82,Beam,0.1924608379374286
23,83,Beam,0.266220882963916
23,84,Beam,0.36291941018733737
23,85,Beam,0.3635483556039663
23,86,Beam,0.34100763281362667
23,87,Beam,0.5789127380424414
23,88,Beam,0.5785817051134113
23,89,Beam,0.23778788265245618
23,90,Beam,0.5206666863205986
23,91,Beam,0.5224258785903401
23,92,Beam,0.318695716435286
23,93,Beam,0.3194099715147355
23,94,Beam,0.19046740115624874
23,95,Beam,0.12753221217918978
23,96,Beam,0.692020747095664
23,97,Beam,0.46296825827350035
23,98,Beam,0.2967279851981124
23,99,Beam,0.6919704889762254
23,100,Beam,0.4631703074828249
23,101,Beam,0.5771894471451037
23,102,Beam,0.3552467535308549
23,103,Beam,0.23758513688231714
23,104,Beam,0.29581603585135197
23,105,Beam,0.22727619067988217
23,106,Beam,0.21342312784760353
23,107,Beam,0.22936942143648664
23,108,Beam,0.36196899018558903
23,109,Beam,0.35521231037725787
23,110,Beam,0.28157013101749917
23,111,Beam,0.22885574255862792
23,112,Beam,0.33212382861379464
23,113,Beam,0.26496154083065554
23,114,Beam,0.23718354252044418
23,115,Beam,0.21745071966256757
23,116,Beam,0.1417435269548775
23,117,Beam,0.1355755535468494
23,118,Beam,0.2562940523995572
23,119,Beam,0.26194131148011973
23,120,Beam,0.16889695323175885
23,121,Beam,0.25598058877971314
23,122,Beam,0.25819589649556873
23,123,Beam,0.31593697009624794
23,124,Beam,0.14141601291808176
23,125,Beam,0.09456740437778555
23,126,Beam,0.11822021486971258
23,127,Beam,0.19748888195757963
23,128,Beam,0.2648134432363146
23,129,Beam,0.2647216932504728
23,130,Beam,0.286252538969853
23,131,Beam,0.4367844609988285
23,132,Beam,0.4355304702060186
23,133,Beam,0.16009605936276583
23,134,Beam,0.3936898250789983
23,135,Beam,0.39265694856355604
23,136,Beam,0.17638339638944475
23,137,Beam,0.17533776491659425
23,138,Beam,0.17663225453966144
23,139,Beam,0.11878356331132169
23,140,Beam,0.5216655014486147
23,141,Beam,0.3533635114699847
23,142,Beam,0.14751013994374657
23,143,Beam,0.5217532136569135
23,144,Beam,0.35383718774761
23,145,Beam,0.28583052893841737
23,146,Beam,0.2655234630883567
23,147,Beam,0.1796990099199299
23,148,Beam,0.14730393698349528
24,1,Column,0.18707444319809924
24,2,Column,0.20817035086203511
24,3,Column,0.22738492794586868
24,4,Column,0.1252458846172254
24,5,Column,0.1843382195874329
24,6,Column,0.455225728923157
24,7,Column,0.4902072849599153
24,8,Column,0.23405251845719569
24,9,Column,0.17567144734543755
24,10,Column,0.30613409888856846
24,11,Column,0.22991129821433695
24,12,Column,0.1993380940862088
24,13,Column,0.1782727241012208
24,14,Column,0.19911769469781607
24,15,Column,0.09268600902902922
24,16,Column,0.07881896620299247
24,17,Column,0.145030908157899
24,18,Column,0.1699626447820557
24,19,Column,0.09738788156770165
24,20,Column,0.16546169300560878
24,21,Column,0.42207661797305307
24,22,Column,0.4834600498021064
24,23,Column,0.21152047864946774
24,24,Column,0.08541963151289439
24,25,Column,0.1457600517721039
24,26,Column,0.2931720728886054
24,27,Column,0.196285889215128
24,28,Column,0.1315764034459295
24,29,Column,0.18012238996051652
24,30,Column,0.13050636450569286
24,31,Column,0.10374085076250637
24,32,Column,0.15166052641360983
24,33,Column,0.14619223880567173
24,34,Column,0.11003410191443047
24,35,Column,0.15553526086878658
24,36,Column,0.3421053387581301
24,37,Column,0.34302939179375525
24,38,Column,0.15298697582799686
24,39,Column,0.10474692862462467
24,40,Column,0.26127098271644095
24,41,Column,0.3227752152657665
24,42,Column,0.14052141360963863
24,43,Column,0.11681721355381089
24,44,Column,0.15158971961167783
24,45,Column,0.1105311721045107
24,46,Column,0.06573456251647294
24,47,Column,0.16129332052400736
24,48,Column,0.16155784736364906
24,49,Column,0.0847541111835978
24,50,Column,0.09080237737413267
24,51,Column,0.08011239803754529
24,52,Column,0.10294064805965039
24,53,Column,0.11815586376759327
24,54,Column,0.06670772781023536
24,55,Column,0.10617563002406048
24,56,Column,0.14562104121385122
24,57,Column,0.09209631450742678
24,58,Column,0.06568827696638194
24,59,Column,0.08913745590314026
24,60,Column,0.05802557897132573
24,61,Beam,0.4417741037118356
24,62,Beam,0.44181075573051093
24,63,Beam,0.44166528289982954
24,64,Beam,0.7288278621503611
24,65,Beam,0.7287644539715447
24,66,Beam,0.7286849369839258
24,67,Beam,0.29844665152005423
24,68,Beam,0.6568411549487632
24,69,Beam,0.6569189705682387
24,70,Beam,0.19662357170437908
24,71,Beam,0.19666832889709845
24,72,Beam,0.44396685551830145
24,73,Beam,0.29749865628460703
24,74,Beam,0.8741425146964503
24,75,Beam,0.5850271075120738
24,76,Beam,0.19244292999061513
24,77,Beam,0.874112000285644
24,78,Beam,0.5856619711910352
24,79,Beam,0.3716944815386365
24,80,Beam,0.4438173913425704
24,81,Beam,0.2974450298210157
24,82,Beam,0.19247226770931575
24,83,Beam,0.27396160371491
24,84,Beam,0.33650376759312667
24,85,Beam,0.3392983623816004
24,86,Beam,0.3249558493346004
24,87,Beam,0.4825524809134751
24,88,Beam,0.48541669385618347
24,89,Beam,0.2533264876417525
24,90,Beam,0.44422264737798933
24,91,Beam,0.44913210645184326
24,92,Beam,0.30734132854451324
24,93,Beam,0.30827630471337
24,94,Beam,0.16311108597701957
24,95,Beam,0.11192197132044825
24,96,Beam,0.5749982370900235
24,97,Beam,0.383978183138135
24,98,Beam,0.2492594182821043
24,99,Beam,0.5748697407517509
24,100,Beam,0.38498501703044663
24,101,Beam,0.48009068007787753
24,102,Beam,0.29752921680564964
24,103,Beam,0.19894550093092161
24,104,Beam,0.2477261448047856
24,105,Beam,0.3841329918139512
24,106,Beam,0.3671984132468592
24,107,Beam,0.38677306315173715
24,108,Beam,0.545648276009027
24,109,Beam,0.5381637486756852
24,110,Beam,0.462413506386402
24,111,Beam,0.38696067576391
24,112,Beam,0.5034103902378859
24,113,Beam,0.44379332957013196
24,114,Beam,0.40477273057072677
24,115,Beam,0.3650094468026775
24,116,Beam,0.21118371323854648
24,117,Beam,0.20859286798006577
24,118,Beam,0.3950602157770501
24,119,Beam,0.4075103247141023
24,120,Beam,0.25984517419337316
24,121,Beam,0.3946899561319457
24,122,Beam,0.4018000433667759
24,123,Beam,0.4957254681591559
24,124,Beam,0.21074654590572492
24,125,Beam,0.13948732448218798
24,126,Beam,0.17616097855492394
24,127,Beam,0.1986106506026638
24,128,Beam,0.2642365442081184
24,129,Beam,0.26372923850333674
24,130,Beam,0.28569995722950786
24,131,Beam,0.43581688418910214
24,132,Beam,0.4351676204156369
24,133,Beam,0.16121524125952047
24,134,Beam,0.3922577821384635
24,135,Beam,0.39246351141564306
24,136,Beam,0.17881926963722497
24,137,Beam,0.1797086814539283
24,138,Beam,0.1764589142240662
24,139,Beam,0.11843484280701624
24,140,Beam,0.5212442698642737
24,141,Beam,0.35195699342474496
24,142,Beam,0.1473126493229
24,143,Beam,0.5213267132456448
24,144,Beam,0.3526611422750177
24,145,Beam,0.28560917105269495
24,146,Beam,0.2652870670532895
24,147,Beam,0.179111773165537
24,148,Beam,0.1472084483739845
25,1,Column,0.25523506655705386
25,2,Column,0.30546248028307427
25,3,Column,0.3511830586565037
25,4,Column,0.1941798934243467
25,5,Column,0.269985433875424
25,6,Column,0.40748253380300514
25,7,Column,0.4403730067186888
25,8,Column,0.3413998239847562
25,9,Column,0.24694153922269646
25,10,Column,0.44444943075279647
25,11,Column,0.34569780447165277
25,12,Column,0.2899555828750952
25,13,Column,0.24413550204528578
25,14,Column,0.26921037314104534
25,15,Column,0.14467738203861463
25,16,Column,0.06807836307503196
25,17,Column,0.17283317005143728
25,18,Column,0.13296092171675192
25,19,Column,0.07759489853187276
25,20,Column,0.16467797609083454
25,21,Column,0.32598952111659135
25,22,Column,0.37641964612560586
25,23,Column,0.171186791187343
25,24,Column,0.07090242785793112
25,25,Column,0.2636023152002402
25,26,Column,0.3634747244413973
25,27,Column,0.16803411890161474
25,28,Column,0.12286394663734236
25,29,Column,0.13580345301461577
25,30,Column,0.07452764306276664
25,31,Column,0.0765227452669526
25,32,Column,0.1267598860311954
25,33,Column,0.1445238930463082
25,34,Column,0.08311645810369646
25,35,Column,0.1162090766119416
25,36,Column,0.26138776059572233
25,37,Column,0.26232129569379964
25,38,Column,0.10737282717730082
25,39,Column,0.07763706471127746
25,40,Column,0.19990651685421454
25,41,Column,0.2460635243788999
25,42,Column,0.10520102868270141
25,43,Column,0.08959848690798639
25,44,Column,0.1405573619724084
25,45,Column,0.08382819489907255
25,46,Column,0.0651740259570713
25,47,Column,0.16250866127658312
25,48,Column,0.16264450123908025
25,49,Column,0.08522974301146352
25,50,Column,0.08821352163239272
25,51,Column,0.09656664126095547
25,52,Column,0.10307149707833597
25,53,Column,0.09736449427096064
25,54,Column,0.0638431854917325
25,55,Column,0.11004612287544212
25,56,Column,0.14561189046746548
25,57,Column,0.10643099799250288
25,58,Column,0.0628010917308501
25,59,Column,0.0845855062129792
25,60,Column,0.05485124510307016
25,61,Beam,0.44148709317842527
25,62,Beam,0.4418324316839303
25,63,Beam,0.44156790321579437
25,64,Beam,0.7283398872360828
25,65,Beam,0.7288042339641657
25,66,Beam,0.7283277026834355
25,67,Beam,0.2981482248068271
25,68,Beam,0.6566286299110343
25,69,Beam,0.6566516293018129
25,70,Beam,0.2035482158592128
25,71,Beam,0.2035906425241608
25,72,Beam,0.4437914384114899
25,73,Beam,0.2966329227917831
25,74,Beam,0.8740445462742211
25,75,Beam,0.5837448399029481
25,76,Beam,0.192694281596314
25,77,Beam,0.874070350844771
25,78,Beam,0.5845755929821496
25,79,Beam,0.37188522075070435
25,80,Beam,0.4438235605255224
25,81,Beam,0.2968567617116657
25,82,Beam,0.19251421764853524
25,83,Beam,0.25445466930780203
25,84,Beam,0.29243394925743793
25,85,Beam,0.3002249570239844
25,86,Beam,0.29690397303263727
25,87,Beam,0.3823572153686754
25,88,Beam,0.38557551787023886
25,89,Beam,0.23817850270444976
25,90,Beam,0.35305733529728633
25,91,Beam,0.35813455016947093
25,92,Beam,0.2809900524265411
25,93,Beam,0.2820030796181683
25,94,Beam,0.1295636085001673
25,95,Beam,0.08800316203675149
25,96,Beam,0.439494344701032
25,97,Beam,0.2942375282519318
25,98,Beam,0.1927874213881826
25,99,Beam,0.43938108348744065
25,100,Beam,0.29490583508875734
25,101,Beam,0.36711468875217534
25,102,Beam,0.23002643964548464
25,103,Beam,0.15420659328288053
25,104,Beam,0.19154940849216587
25,105,Beam,0.3784015343009827
25,106,Beam,0.3640584514571323
25,107,Beam,0.3806937658453701
25,108,Beam,0.54349162032973
25,109,Beam,0.5363217933342344
25,110,Beam,0.4569352930140445
25,111,Beam,0.38177372594398734
25,112,Beam,0.5006476645882346
25,113,Beam,0.43820832797844533
25,114,Beam,0.3994683549901137
25,115,Beam,0.3592832266897746
25,116,Beam,0.21097491020836334
25,117,Beam,0.20814778588970684
25,118,Beam,0.3946984183400299
25,119,Beam,0.40740984311250705
25,120,Beam,0.2591290717245533
25,121,Beam,0.394343335599231
25,122,Beam,0.40258796212487097
25,123,Beam,0.49495464896302827
25,124,Beam,0.2105620331086803
25,125,Beam,0.1394083996840497
25,126,Beam,0.17602734123643152
25,127,Beam,0.22342465736220868
25,128,Beam,0.3303735144817267
25,129,Beam,0.32969177919036824
25,130,Beam,0.357161267515769
25,131,Beam,0.5448866192887684
25,132,Beam,0.5439975861218396
25,133,Beam,0.1736659736903647
25,134,Beam,0.4904779056638126
25,135,Beam,0.49060509342617975
25,136,Beam,0.19380896608615006
25,137,Beam,0.1943646708982675
25,138,Beam,0.22063568590023283
25,139,Beam,0.14799440888201315
25,140,Beam,0.65177191150106
25,141,Beam,0.4401829609971553
25,142,Beam,0.18414820374915156
25,143,Beam,0.6518782543664557
25,144,Beam,0.441142625377236
25,145,Beam,0.35709961787451155
25,146,Beam,0.33171412062866895
25,147,Beam,0.22401526467429647
25,148,Beam,0.1840361211731206
26,1,Column,0.14640282582856592
26,2,Column,0.3370375357196151
26,3,Column,0.1662017852713499
26,4,Column,0.2560062995559731
26,5,Column,0.27408775907596744
26,6,Column,0.41204512418542755
26,7,Column,0.4446741148397716
26,8,Column,0.3456217290525746
26,9,Column,0.13854826161059053
26,10,Column,0.448411610195903
26,11,Column,0.30662694500039817
26,12,Column,0.2923879996584964
26,13,Column,0.15722203344117655
26,14,Column,0.27296465007070986
26,15,Column,0.14735258822212158
26,16,Column,0.0948376503045966
26,17,Column,0.16140511878720737
26,18,Column,0.18082837347545275
26,19,Column,0.10564649324471434
26,20,Column,0.18078493616346994
26,21,Column,0.44035555050987646
26,22,Column,0.5484058400271032
26,23,Column,0.22549739926235798
26,24,Column,0.09562580245305324
26,25,Column,0.14418077391894132
26,26,Column,0.3113252111051172
26,27,Column,0.20938066363346725
26,28,Column,0.10926507223111707
26,29,Column,0.17659382363861306
26,30,Column,0.09649312516794052
26,31,Column,0.07484203411655681
26,32,Column,0.1206125603375584
26,33,Column,0.11864421630209622
26,34,Column,0.07793931348664618
26,35,Column,0.11499343861628411
26,36,Column,0.26725242497905427
26,37,Column,0.26814552361048
26,38,Column,0.11689218538220897
26,39,Column,0.07742421193205293
26,40,Column,0.19825785806851892
26,41,Column,0.24676669535674844
26,42,Column,0.10366307277093918
26,43,Column,0.08707872135655731
26,44,Column,0.1250163696352645
26,45,Column,0.0796835013412319
26,46,Column,0.09735617841675458
26,47,Column,0.17783676779803234
26,48,Column,0.1783093960091505
26,49,Column,0.11496947493255301
26,50,Column,0.13470244873641216
26,51,Column,0.11586991091962984
26,52,Column,0.09381104195867078
26,53,Column,0.15668084299676385
26,54,Column,0.0858157967556508
26,55,Column,0.15265686209804405
26,56,Column,0.10090561285919293
26,57,Column,0.14590772832330218
26,58,Column,0.09225701009275739
26,59,Column,0.09098455188982772
26,60,Column,0.0885925418070154
26,61,Beam,0.4417431577086837
26,62,Beam,0.4418210639069783
26,63,Beam,0.44166825787401276
26,64,Beam,0.728752063428966
26,65,Beam,0.7288061280978549
26,66,Beam,0.7286486968744641
26,67,Beam,0.2983876184691863
26,68,Beam,0.656827779137956
26,69,Beam,0.6568872100657941
26,70,Beam,0.20304407200866587
26,71,Beam,0.20310357488492053
26,72,Beam,0.4437549785752007
26,73,Beam,0.2963965715555289
26,74,Beam,0.8741730392638842
26,75,Beam,0.5833563404811225
26,76,Beam,0.192764224848663
26,77,Beam,0.8741933791015627
26,78,Beam,0.5842610156312589
26,79,Beam,0.37196136406936525
26,80,Beam,0.44389211444120136
26,81,Beam,0.2967060960438138
26,82,Beam,0.19255821131672227
26,83,Beam,0.25283979120528743
26,84,Beam,0.3400631280804702
26,85,Beam,0.3437869406458335
26,86,Beam,0.3282680385155784
26,87,Beam,0.47513738929911037
26,88,Beam,0.4796547779882181
26,89,Beam,0.2179377114153855
26,90,Beam,0.43953303424941786
26,91,Beam,0.4459514772275593
26,92,Beam,0.30904698866296404
26,93,Beam,0.3099219363480651
26,94,Beam,0.1634970855783465
26,95,Beam,0.11137386851167047
26,96,Beam,0.5425670991638064
26,97,Beam,0.36166522686417596
26,98,Beam,0.23984075214523345
26,99,Beam,0.5424051979689068
26,100,Beam,0.3630045259796614
26,101,Beam,0.4532870506955323
26,102,Beam,0.28591499996207415
26,103,Beam,0.1911554540849818
26,104,Beam,0.23815701371150313
26,105,Beam,0.3660302168065825
26,106,Beam,0.35116996822932434
26,107,Beam,0.3684760136581167
26,108,Beam,0.5359853288400395
26,109,Beam,0.5303519440010156
26,110,Beam,0.44285886127617363
26,111,Beam,0.3679547947032687
26,112,Beam,0.49230663281911585
26,113,Beam,0.42442138107336996
26,114,Beam,0.3871555805417658
26,115,Beam,0.34674727553666573
26,116,Beam,0.21059745709205477
26,117,Beam,0.20754777501256538
26,118,Beam,0.39414663934801214
26,119,Beam,0.40664737431375914
26,120,Beam,0.2583805717230099
26,121,Beam,0.39384796339145195
26,122,Beam,0.4028467044652699
26,123,Beam,0.49406343086207377
26,124,Beam,0.21028325443480542
26,125,Beam,0.1393575449957887
26,126,Beam,0.1758404005643674
26,127,Beam,0.19709424453319443
26,128,Beam,0.2647604150654667
26,129,Beam,0.2649071882002499
26,130,Beam,0.2863954671175261
26,131,Beam,0.4367447864897495
26,132,Beam,0.43578370786692844
26,133,Beam,0.15988320653878912
26,134,Beam,0.3937052209637869
26,135,Beam,0.3929052338421757
26,136,Beam,0.17576615059408368
26,137,Beam,0.17472679221334766
26,138,Beam,0.17670940143222486
26,139,Beam,0.11894454006665084
26,140,Beam,0.5218617334498978
26,141,Beam,0.3533807131515538
26,142,Beam,0.14760420790450385
26,143,Beam,0.5219363262405515
26,144,Beam,0.3537900208396461
26,145,Beam,0.2859411200160204
26,146,Beam,0.2656354828033971
26,147,Beam,0.17965467117259956
26,148,Beam,0.14737550573248187
27,1,Column,0.24005771344363638
27,2,Column,0.33863323082561736
27,3,Column,0.3653783301782018
27,4,Column,0.2393318332917424
27,5,Column,0.27544362360195146
27,6,Column,0.3306934729803849
27,7,Column,0.29831517750337183
27,8,Column,0.27964727851663934
27,9,Column,0.2536765904389396
27,10,Column,0.1660788218728596
27,11,Column,0.22027599035358428
27,12,Column,0.26510164702924116
27,13,Column,0.23351778774214524
27,14,Column,0.26715139406614546
27,15,Column,0.23861299232495078
27,16,Column,0.19466972588567
27,17,Column,0.15543925535340541
27,18,Column,0.18190950701936898
27,19,Column,0.11307371539520081
27,20,Column,0.17702032523109823
27,21,Column,0.4261440582651846
27,22,Column,0.4717218582788365
27,23,Column,0.23000729748835697
27,24,Column,0.18392097828636017
27,25,Column,0.13170801096838164
27,26,Column,0.25480868442492244
27,27,Column,0.22796690612579115
27,28,Column,0.10988151822438699
27,29,Column,0.1768917415726132
27,30,Column,0.10248832114007632
27,31,Column,0.05749403451284209
27,32,Column,0.0846053090701041
27,33,Column,0.08215569016068595
27,34,Column,0.09042487403933275
27,35,Column,0.1136296778162138
27,36,Column,0.2600821585751474
27,37,Column,0.26032052384419435
27,38,Column,0.12101961203837405
27,39,Column,0.0582872441395122
27,40,Column,0.18696173431856175
27,41,Column,0.23449440740289867
27,42,Column,0.10554172830824163
27,43,Column,0.06521726807103131
27,44,Column,0.0853365300502578
27,45,Column,0.08686973744683342
27,46,Column,0.06880692159646298
27,47,Column,0.16722746627213556
27,48,Column,0.16716296100541184
27,49,Column,0.0886016449424393
27,50,Column,0.09681440241925708
27,51,Column,0.10976868005807142
27,52,Column,0.10289833321289711
27,53,Column,0.1000891415597153
27,54,Column,0.06993772948729561
27,55,Column,0.10687240843387003
27,56,Column,0.14557701615994753
27,57,Column,0.10595353621146612
27,58,Column,0.06776203927245256
27,59,Column,0.09319840176963559
27,60,Column,0.06173797088057253
27,61,Beam,0.4418190438935581
27,62,Beam,0.441679203334432
27,63,Beam,0.4417911601309284
27,64,Beam,0.7289181687728934
27,65,Beam,0.7285856129964219
27,66,Beam,0.7288534102149407
27,67,Beam,0.298546220755649
27,68,Beam,0.6568426781465363
27,69,Beam,0.6570849756630944
27,70,Beam,0.19259214124195137
27,71,Beam,0.19261726635755996
27,72,Beam,0.4438216816864412
27,73,Beam,0.2969907083996265
27,74,Beam,0.8739291856273017
27,75,Beam,0.5840346208941013
27,76,Beam,0.19255961456007412
27,77,Beam,0.8739478934267674
27,78,Beam,0.584778039160615
27,79,Beam,0.37175569276938436
27,80,Beam,0.4437819675478833
27,81,Beam,0.29702788203012137
27,82,Beam,0.1924350806929679
27,83,Beam,0.25763939632886873
27,84,Beam,0.33923545610683126
27,85,Beam,0.340244130018826
27,86,Beam,0.32718984008597113
27,87,Beam,0.5330312252358851
27,88,Beam,0.5333737410431907
27,89,Beam,0.22629469130741425
27,90,Beam,0.47961363200224794
27,91,Beam,0.4813655088298778
27,92,Beam,0.3084223197742544
27,93,Beam,0.3093238255223203
27,94,Beam,0.17334876726958842
27,95,Beam,0.11619385941847703
27,96,Beam,0.6381334698918848
27,97,Beam,0.42600696931764653
27,98,Beam,0.2725944086594152
27,99,Beam,0.6381056136259252
27,100,Beam,0.4261927157224363
27,101,Beam,0.5322134856936702
27,102,Beam,0.3264365382995463
27,103,Beam,0.2179191047081452
27,104,Beam,0.2718258107129999
27,105,Beam,0.25470392785133733
27,106,Beam,0.2464016527340128
27,107,Beam,0.2563723820486597
27,108,Beam,0.4217293851797622
27,109,Beam,0.4137847462682637
27,110,Beam,0.33031049101014703
27,111,Beam,0.25699218932412415
27,112,Beam,0.38802227592941
27,113,Beam,0.3114678289493023
27,114,Beam,0.27950520418425195
27,115,Beam,0.24428351258227773
27,116,Beam,0.1645542030515748
27,117,Beam,0.15503032406182946
27,118,Beam,0.2942125192799334
27,119,Beam,0.29775960218884884
27,120,Beam,0.19345869056067416
27,121,Beam,0.2938980976776456
27,122,Beam,0.29452832388924866
27,123,Beam,0.36001216129362384
27,124,Beam,0.16426100274115743
27,125,Beam,0.10941068293399461
27,126,Beam,0.13724556149010103
27,127,Beam,0.24722952587408822
27,128,Beam,0.3666056610058113
27,129,Beam,0.3656143163869259
27,130,Beam,0.396025916775552
27,131,Beam,0.6045425571764976
27,132,Beam,0.6031117756620685
27,133,Beam,0.18178791884397486
27,134,Beam,0.5444295950937055
27,135,Beam,0.5439145633435736
27,136,Beam,0.2144704403959521
27,137,Beam,0.2150191353118194
27,138,Beam,0.24491219402870865
27,139,Beam,0.16418629094948556
27,140,Beam,0.7234304123508639
27,141,Beam,0.4888571433350036
27,142,Beam,0.20440886247732495
27,143,Beam,0.7235473639342498
27,144,Beam,0.4896096849745577
27,145,Beam,0.39633825646530757
27,146,Beam,0.3681465832278134
27,147,Beam,0.24863850295377554
27,148,Beam,0.20420419009770685
28,1,Column,0.25911413792008703
28,2,Column,0.341541326610182
28,3,Column,0.37021421539249083
28,4,Column,0.26267503703337464
28,5,Column,0.2798034231746415
28,6,Column,0.4091573773318416
28,7,Column,0.44131461676374206
28,8,Column,0.3513027742146573
28,9,Column,0.1422787062847657
28,10,Column,0.45787227916245876
28,11,Column,0.3466251572481875
28,12,Column,0.3059182058628458
28,13,Column,0.1644365573082618
28,14,Column,0.27854797230607226
28,15,Column,0.2485201306000584
28,16,Column,0.09813694218970573
28,17,Column,0.1623452318512507
28,18,Column,0.18889772955353878
28,19,Column,0.12993933577234318
28,20,Column,0.18698902148283075
28,21,Column,0.454492699483424
28,22,Column,0.5607081236618197
28,23,Column,0.23157957280621463
28,24,Column,0.10151032265171898
28,25,Column,0.15403870917698095
28,26,Column,0.3172275041100124
28,27,Column,0.21503521028887157
28,28,Column,0.11609931359205748
28,29,Column,0.18308374079988937
28,30,Column,0.10353266462111357
28,31,Column,0.08062521461938638
28,32,Column,0.14205347891301692
28,33,Column,0.11296140155665368
28,34,Column,0.0730911180008816
28,35,Column,0.11889552204138791
28,36,Column,0.26690884648797336
28,37,Column,0.2678718528497777
28,38,Column,0.11903179288455816
28,39,Column,0.06999897946483451
28,40,Column,0.19969491864512265
28,41,Column,0.24756355072771988
28,42,Column,0.10777293679041602
28,43,Column,0.08056306530821948
28,44,Column,0.13413633438983535
28,45,Column,0.07463981738861801
28,46,Column,0.0647617102639073
28,47,Column,0.16341352982268714
28,48,Column,0.1636643263565609
28,49,Column,0.08576953922185448
28,50,Column,0.09253502618920378
28,51,Column,0.0878543472266631
28,52,Column,0.1037270100739968
28,53,Column,0.11728729639252634
28,54,Column,0.0629839785041132
28,55,Column,0.10684601402242934
28,56,Column,0.1455433301525502
28,57,Column,0.10630578032080382
28,58,Column,0.06262348983053609
28,59,Column,0.08412866848615937
28,60,Column,0.05722039487400821
28,61,Beam,0.42124294625382447
28,62,Beam,0.42134432555688933
28,63,Beam,0.42119809536786756
28,64,Beam,0.692723551168719
28,65,Beam,0.6927773545835696
28,66,Beam,0.6926401819571809
28,67,Beam,0.28565563866938776
28,68,Beam,0.6246716506549215
28,69,Beam,0.6247659966345602
28,70,Beam,0.20193639254616683
28,71,Beam,0.20203309338031966
28,72,Beam,0.4238735416363276
28,73,Beam,0.28323505843808827
28,74,Beam,0.8309919539392576
28,75,Beam,0.5546799595129454
28,76,Beam,0.1863913982966257
28,77,Beam,0.8310133425086453
28,78,Beam,0.5556479396013141
28,79,Beam,0.35587330496657277
28,80,Beam,0.42401444579668274
28,81,Beam,0.2835576217464433
28,82,Beam,0.1861709260363973
28,83,Beam,0.2094495503786158
28,84,Beam,0.2672474741064793
28,85,Beam,0.27021030787271805
28,86,Beam,0.25813627427962366
28,87,Beam,0.37194945928086526
28,88,Beam,0.3757657914474238
28,89,Beam,0.19686733662788156
28,90,Beam,0.34483321863716276
28,91,Beam,0.34956077909026073
28,92,Beam,0.24317712081435944
28,93,Beam,0.2438883956299234
28,94,Beam,0.1270088966679606
28,95,Beam,0.08647378605950731
28,96,Beam,0.42133588890097345
28,97,Beam,0.28043260154019856
28,98,Beam,0.1863360585807236
28,99,Beam,0.4212177289718385
28,100,Beam,0.28160315236046746
28,101,Beam,0.3520245425520736
28,102,Beam,0.22207672554452035
28,103,Beam,0.1483289793698212
28,104,Beam,0.1849866185039623
28,105,Beam,0.377644413762872
28,106,Beam,0.3652600295426043
28,107,Beam,0.3794149997306647
28,108,Beam,0.5432139570352628
28,109,Beam,0.5365166517366113
28,110,Beam,0.4552069149422289
28,111,Beam,0.38108087367795196
28,112,Beam,0.5013793280920018
28,113,Beam,0.4365493412567797
28,114,Beam,0.39917547271556125
28,115,Beam,0.35854714064389276
28,116,Beam,0.21074796100966045
28,117,Beam,0.20763244905801798
28,118,Beam,0.39433335486831556
28,119,Beam,0.4059080021891431
28,120,Beam,0.258654022552426
28,121,Beam,0.39403569385523696
28,122,Beam,0.40169471439345467
28,123,Beam,0.49433273630967056
28,124,Beam,0.2104086080332198
28,125,Beam,0.13936612137005464
28,126,Beam,0.17585644490260682
28,127,Beam,0.1960429269941198
28,128,Beam,0.26416018195655944
28,129,Beam,0.26348666672680104
28,130,Beam,0.28542422153063196
28,131,Beam,0.4356266614235498
28,132,Beam,0.4346847794041302
28,133,Beam,0.15830950715012304
28,134,Beam,0.39226677038086716
28,135,Beam,0.3920039470366903
28,136,Beam,0.17628071921691585
28,137,Beam,0.17694347385966033
28,138,Beam,0.17652393761484284
28,139,Beam,0.11850826154322362
28,140,Beam,0.52140489880446
28,141,Beam,0.35212302353787495
28,142,Beam,0.1473773756101763
28,143,Beam,0.5214764195017518
28,144,Beam,0.35271048517570747
28,145,Beam,0.28569557228781395
28,146,Beam,0.2653566715941387
28,147,Beam,0.17913553144344826
28,148,Beam,0.14724284416610744
29,1,Column,0.23879553667446185
29,2,Column,0.34214703230191346
29,3,Column,0.3671953187104497
29,4,Column,0.23994252751882036
29,5,Column,0.2783428726957399
29,6,Column,0.2703263290838386
29,7,Column,0.30094210060381155
29,8,Column,0.13106477351687126
29,9,Column,0.25182585964375725
29,10,Column,0.29034138409729343
29,11,Column,0.22128647085683192
29,12,Column,0.26641278858665424
29,13,Column,0.23243740875848556
29,14,Column,0.2704614369492005
29,15,Column,0.23723326101622155
29,16,Column,0.10320779795090897
29,17,Column,0.16375708150950408
29,18,Column,0.1901560454040557
29,19,Column,0.20451665504443167
29,20,Column,0.21839263206125029
29,21,Column,0.43174107523677663
29,22,Column,0.4790685332736343
29,23,Column,0.2333300452520017
29,24,Column,0.1033525078586836
29,25,Column,0.13247540082622183
29,26,Column,0.2563219794238861
29,27,Column,0.1298824627889997
29,28,Column,0.12052281147435638
29,29,Column,0.18391269105475636
29,30,Column,0.10322347844755708
29,31,Column,0.08238427328560893
29,32,Column,0.12287190456556146
29,33,Column,0.11879903312129135
29,34,Column,0.08731848325165988
29,35,Column,0.12117173435579652
29,36,Column,0.27674018530072825
29,37,Column,0.2770920697452629
29,38,Column,0.12950613260278648
29,39,Column,0.10536876828886886
29,40,Column,0.2006362848143089
29,41,Column,0.2505158021051717
29,42,Column,0.11944989816594835
29,43,Column,0.09368816578516612
29,44,Column,0.12378439615036825
29,45,Column,0.08778889661540014
29,46,Column,0.06884590191342349
29,47,Column,0.1659870086619288
29,48,Column,0.16603585932806872
29,49,Column,0.08785562167078118
29,50,Column,0.09614936267271987
29,51,Column,0.0825501972083602
29,52,Column,0.102737085945367
29,53,Column,0.10006593831239181
29,54,Column,0.06979290272108106
29,55,Column,0.10603817214425024
29,56,Column,0.1455677614354579
29,57,Column,0.09343467487136933
29,58,Column,0.06764063595411472
29,59,Column,0.09177139264890696
29,60,Column,0.061850812591091014
29,61,Beam,0.42138895402421894
29,62,Beam,0.4212420226977915
29,63,Beam,0.421359352329503
29,64,Beam,0.692974435913711
29,65,Beam,0.692615731349008
29,66,Beam,0.6929047444108597
29,67,Beam,0.28589609007268935
29,68,Beam,0.6247558371644649
29,69,Beam,0.6250152384095152
29,70,Beam,0.18877831668258735
29,71,Beam,0.18887330149246362
29,72,Beam,0.42395788434288845
29,73,Beam,0.2838734748131301
29,74,Beam,0.8307489045353608
29,75,Beam,0.5554428899204809
29,76,Beam,0.18616509398321757
29,77,Beam,0.8307444862320982
29,78,Beam,0.5562085581833953
29,79,Beam,0.3556459863079477
29,80,Beam,0.42389175386024863
29,81,Beam,0.2839036145675522
29,82,Beam,0.1860417076641839
29,83,Beam,0.24977016224948914
29,84,Beam,0.3546900207073834
29,85,Beam,0.35529791571292363
29,86,Beam,0.33253413689036476
29,87,Beam,0.5779864665369759
29,88,Beam,0.5785307480323236
29,89,Beam,0.2209281108025069
29,90,Beam,0.520161209214422
29,91,Beam,0.5223447118372762
29,92,Beam,0.3105547229875228
29,93,Beam,0.3111365249665002
29,94,Beam,0.19047706736837297
29,95,Beam,0.12782615824840665
29,96,Beam,0.6921669435511997
29,97,Beam,0.46153612575068637
29,98,Beam,0.2969504351971038
29,99,Beam,0.692130296562276
29,100,Beam,0.46207740527164204
29,101,Beam,0.5773612087797727
29,102,Beam,0.35538913494989555
29,103,Beam,0.23712617239359815
29,104,Beam,0.29594975247309135
29,105,Beam,0.25476374149509995
29,106,Beam,0.24673690322425826
29,107,Beam,0.2563631725401203
29,108,Beam,0.42184171723657204
29,109,Beam,0.4140682141348974
29,110,Beam,0.33037911231397404
29,111,Beam,0.25705983248229186
29,112,Beam,0.3883001920239507
29,113,Beam,0.311526269334561
29,114,Beam,0.27964045113611846
29,115,Beam,0.24433679301541872
29,116,Beam,0.16474067656978597
29,117,Beam,0.15544010609010162
29,118,Beam,0.29445236495281973
29,119,Beam,0.29764116761286047
29,120,Beam,0.19400245951802333
29,121,Beam,0.29415046109706344
29,122,Beam,0.2939951965134752
29,123,Beam,0.3605273918072252
29,124,Beam,0.16443847464736014
29,125,Beam,0.10941812424214853
29,126,Beam,0.13738213992366344
29,127,Beam,0.1949059668402009
29,128,Beam,0.2642025728653927
29,129,Beam,0.263464249573758
29,130,Beam,0.2853707116058062
29,131,Beam,0.43565495077766064
29,132,Beam,0.4345739564928023
29,133,Beam,0.15708980293003819
29,134,Beam,0.39236539661832054
29,135,Beam,0.391915148215449
29,136,Beam,0.17526415455375452
29,137,Beam,0.17596568809210644
29,138,Beam,0.17653812465394403
29,139,Beam,0.11845621135014034
29,140,Beam,0.5214316998475438
29,141,Beam,0.3522917316984855
29,142,Beam,0.14738470845615548
29,143,Beam,0.5215080606407703
29,144,Beam,0.3527465471852598
29,145,Beam,0.2857009890487818
29,146,Beam,0.2653538426790214
29,147,Beam,0.17916722722555195
29,148,Beam,0.14722004056575844
30,1,Column,0.24026228758952156
30,2,Column,0.3395367442839733
30,3,Column,0.3663272221781096
30,4,Column,0.24046726418920203
30,5,Column,0.278009011124397
30,6,Column,0.3310875521425666
30,7,Column,0.29939741128516695
30,8,Column,0.13078831174139177
30,9,Column,0.2533211002907504
30,10,Column,0.2901471833649697
30,11,Column,0.2209560268828589
30,12,Column,0.2665829696313303
30,13,Column,0.23375602070862697
30,14,Column,0.26931209862290806
30,15,Column,0.23845399958034624
30,16,Column,0.10291503177426865
30,17,Column,0.1639874095988017
30,18,Column,0.1903902448570107
30,19,Column,0.11346494297368048
30,20,Column,0.21743061519841198
30,21,Column,0.43180220517518975
30,22,Column,0.48064721773841484
30,23,Column,0.23359907570244764
30,24,Column,0.10188581387576445
30,25,Column,0.13247355355372148
30,26,Column,0.25819874148689814
30,27,Column,0.1296121605607092
30,28,Column,0.18708640425194895
30,29,Column,0.18414142022065758
30,30,Column,0.10291716088708806
30,31,Column,0.08206313976608778
30,32,Column,0.12255042907195304
30,33,Column,0.11847659637536524
30,34,Column,0.08699736779917755
30,35,Column,0.12100254483990834
30,36,Column,0.2767128697513763
30,37,Column,0.27707889506640676
30,38,Column,0.12934552577564748
30,39,Column,0.10539781144459227
30,40,Column,0.2005445640340747
30,41,Column,0.2503930758675275
30,42,Column,0.11947007796234219
30,43,Column,0.09336579571495687
30,44,Column,0.12346252860245123
30,45,Column,0.08747152317318302
30,46,Column,0.06862721190077871
30,47,Column,0.16594969580531202
30,48,Column,0.16599842779105176
30,49,Column,0.08782391686620399
30,50,Column,0.09593579291132624
30,51,Column,0.08253548671064032
30,52,Column,0.10273486570079314
30,53,Column,0.11693348982074091
30,54,Column,0.06947202337931678
30,55,Column,0.10581733637139237
30,56,Column,0.14556018620234246
30,57,Column,0.0932950162027872
30,58,Column,0.059975340282476294
30,59,Column,0.08566145399093905
30,60,Column,0.0616187572590647
30,61,Beam,0.44181654192652436
30,62,Beam,0.4416759368533804
30,63,Beam,0.4417880471162379
30,64,Beam,0.7289122422885561
30,65,Beam,0.7285801813760469
30,66,Beam,0.7288468133052626
30,67,Beam,0.2985414637795184
30,68,Beam,0.656836095701732
30,69,Beam,0.6570785710181497
30,70,Beam,0.1925919153941883
30,71,Beam,0.1926178081375588
30,72,Beam,0.44381820641968145
30,73,Beam,0.2970086009915431
30,74,Beam,0.8739255712174634
30,75,Beam,0.5841073249224744
30,76,Beam,0.19254274231359206
30,77,Beam,0.8739435668960139
30,78,Beam,0.5848130816286282
30,79,Beam,0.37173801269605616
30,80,Beam,0.44378164365714184
30,81,Beam,0.29704858449158333
30,82,Beam,0.19242278994950768
30,83,Beam,0.2497324653080138
30,84,Beam,0.35465829646644276
30,85,Beam,0.355274707877171
30,86,Beam,0.3325123727280017
30,87,Beam,0.5779866875163678
30,88,Beam,0.5785248904463963
30,89,Beam,0.2208867790531054
30,90,Beam,0.520159562571941
30,91,Beam,0.5223392665353572
30,92,Beam,0.31053241517148716
30,93,Beam,0.31111283117063177
30,94,Beam,0.19047004687579508
30,95,Beam,0.12780085367075011
30,96,Beam,0.6921564186350729
30,97,Beam,0.4615588080884593
30,98,Beam,0.2969194555866048
30,99,Beam,0.6921169472006946
30,100,Beam,0.46209287743411454
30,101,Beam,0.5773301485899904
30,102,Beam,0.35538025571819415
30,103,Beam,0.2371420877106718
30,104,Beam,0.29592678573486775
30,105,Beam,0.25441356790524267
30,106,Beam,0.2465267472364234
30,107,Beam,0.25601127764162934
30,108,Beam,0.4216195845195323
30,109,Beam,0.413858293058101
30,110,Beam,0.33015584612029203
30,111,Beam,0.2567048920016855
30,112,Beam,0.38808964796376455
30,113,Beam,0.3113030896873848
30,114,Beam,0.27941907824282824
30,115,Beam,0.24398547558001746
30,116,Beam,0.16473911309452705
30,117,Beam,0.15543536609018715
30,118,Beam,0.294454137030188
30,119,Beam,0.29763584111353775
30,120,Beam,0.19399815445600013
30,121,Beam,0.29415110661180993
30,122,Beam,0.29398904074765553
30,123,Beam,0.36052835113231335
30,124,Beam,0.16443814398185416
30,125,Beam,0.10948396439834085
30,126,Beam,0.13738225232896614
30,127,Beam,0.24708907369480687
30,128,Beam,0.3665943760807225
30,129,Beam,0.36557138075866286
30,130,Beam,0.3959629473122462
30,131,Beam,0.6045112361468811
30,132,Beam,0.6030100512674571
30,133,Beam,0.18161582565206147
30,134,Beam,0.544440103283907
30,135,Beam,0.5438144281098399
30,136,Beam,0.21433633539706468
30,137,Beam,0.214862921392377
30,138,Beam,0.2449366107868618
30,139,Beam,0.16435279720087906
30,140,Beam,0.7235344625800999
30,141,Beam,0.48884001206024424
30,142,Beam,0.2044893515509736
30,143,Beam,0.7236405980253701
30,144,Beam,0.4894707232342812
30,145,Beam,0.39642330841062867
30,146,Beam,0.3681869498224928
30,147,Beam,0.24860187967366928
30,148,Beam,0.20425925892100497
31,1,Column,0.10527765031356606
31,2,Column,0.22844477258804885
31,3,Column,0.25746437405130873
31,4,Column,0.13400906192849105
31,5,Column,0.19213160428128248
31,6,Column,0.2736366166345706
31,7,Column,0.2968829618977673
31,8,Column,0.2419626653545503
31,9,Column,0.10152180522557809
31,10,Column,0.16540854225410279
31,11,Column,0.27188119102617536
31,12,Column,0.20481355690075637
31,13,Column,0.1096630749156594
31,14,Column,0.20399967248638007
31,15,Column,0.18029786491717603
31,16,Column,0.14207708514921488
31,17,Column,0.15730879272233952
31,18,Column,0.18174433145780142
31,19,Column,0.10681758722659432
31,20,Column,0.1805908905756946
31,21,Column,0.4633976785910483
31,22,Column,0.552385855834805
31,23,Column,0.22598416041655534
31,24,Column,0.09708180625365835
31,25,Column,0.15917676766285738
31,26,Column,0.3159909107245434
31,27,Column,0.21033606919361408
31,28,Column,0.11079535725181781
31,29,Column,0.1782684035969134
31,30,Column,0.09878128544394436
31,31,Column,0.0904727581452293
31,32,Column,0.12414696851286539
31,33,Column,0.12063811322359183
31,34,Column,0.10301916273009998
31,35,Column,0.11855348493267284
31,36,Column,0.27270199576773185
31,37,Column,0.27363778185339477
31,38,Column,0.12189172101141393
31,39,Column,0.08324001055434434
31,40,Column,0.20063697410243267
31,41,Column,0.25135823954956027
31,42,Column,0.10947876134029641
31,43,Column,0.101741555118101
31,44,Column,0.1254900748786663
31,45,Column,0.08697690899096179
31,46,Column,0.06812250603686466
31,47,Column,0.16501262026585223
31,48,Column,0.1651317940282033
31,49,Column,0.08676923165096785
31,50,Column,0.0991682360931331
31,51,Column,0.08156028098194354
31,52,Column,0.10288781054394612
31,53,Column,0.0997778042476356
31,54,Column,0.06916877128789953
31,55,Column,0.11678312309543076
31,56,Column,0.14555974573152566
31,57,Column,0.10578222362074306
31,58,Column,0.059946433597261053
31,59,Column,0.08549057906195076
31,60,Column,0.06080142369388992
31,61,Beam,0.4418711154961921
31,62,Beam,0.44177317386147336
31,63,Beam,0.44179567495939415
31,64,Beam,0.7289901435508344
31,65,Beam,0.7287182525802977
31,66,Beam,0.7288774435234424
31,67,Beam,0.2985978563043737
31,68,Beam,0.6568946946269303
31,69,Beam,0.657096106326383
31,70,Beam,0.19697646944722577
31,71,Beam,0.19704749760072413
31,72,Beam,0.4437979119340496
31,73,Beam,0.296923054544584
31,74,Beam,0.8740087589864225
31,75,Beam,0.5840796689024293
31,76,Beam,0.192622727037751
31,77,Beam,0.8740287821007257
31,78,Beam,0.5849182752132448
31,79,Beam,0.37181573256540135
31,80,Beam,0.4438208351913974
31,81,Beam,0.297080721541894
31,82,Beam,0.19246875610728126
31,83,Beam,0.31615875952646094
31,84,Beam,0.43327105382108205
31,85,Beam,0.4374149147581669
31,86,Beam,0.4162051899569804
31,87,Beam,0.6130402404109794
31,88,Beam,0.6180874550490321
31,89,Beam,0.2693002507398178
31,90,Beam,0.5658980826334418
31,91,Beam,0.5732175811981729
31,92,Beam,0.3913259532195508
31,93,Beam,0.3923456462123048
31,94,Beam,0.21166504736710764
31,95,Beam,0.14615873971261528
31,96,Beam,0.7177452162324444
31,97,Beam,0.4777636033383959
31,98,Beam,0.31504629203498086
31,99,Beam,0.7175646523084123
31,100,Beam,0.47935304389234706
31,101,Beam,0.5994201819093872
31,102,Beam,0.37582770035271107
31,103,Beam,0.2508642143723204
31,104,Beam,0.31290406603911963
31,105,Beam,0.3529072809407416
31,106,Beam,0.33794532177685804
31,107,Beam,0.355131937404777
31,108,Beam,0.5661327494668554
31,109,Beam,0.558218544459814
31,110,Beam,0.43284077090233786
31,111,Beam,0.35582333578310316
31,112,Beam,0.5200058426190505
31,113,Beam,0.4069745596003265
31,114,Beam,0.3716417968626856
31,115,Beam,0.3355359290698902
31,116,Beam,0.22189165946764763
31,117,Beam,0.2162494014934354
31,118,Beam,0.410573898281244
31,119,Beam,0.42120492040434987
31,120,Beam,0.2695267255239679
31,121,Beam,0.4102114865415012
31,122,Beam,0.4166160963008489
31,123,Beam,0.5117772673375823
31,124,Beam,0.2214895553731736
31,125,Beam,0.14685143509397502
31,126,Beam,0.18509851529724136
31,127,Beam,0.19417544830669656
31,128,Beam,0.26420626099212374
31,129,Beam,0.26360056089429285
31,130,Beam,0.2855532449106958
31,131,Beam,0.4357295396613665
31,132,Beam,0.43489951790552983
31,133,Beam,0.15659547213720074
31,134,Beam,0.392287429493261
31,135,Beam,0.3922117323782195
31,136,Beam,0.17443564217700483
31,137,Beam,0.1752122679539637
31,138,Beam,0.17648956683849756
31,139,Beam,0.11839457908200951
31,140,Beam,0.5213018399527738
31,141,Beam,0.3520927368348383
31,142,Beam,0.14731884977256804
31,143,Beam,0.5213848921675962
31,144,Beam,0.3527626989726672
31,145,Beam,0.2856308418300234
31,146,Beam,0.26530904236262687
31,147,Beam,0.17915287411464412
31,148,Beam,0.14720412179491021
32,1,Column,0.21493704320703103
32,2,Column,0.31767862962932947
32,3,Column,0.34529162699861005
32,4,Column,0.22202935545554517
32,5,Column,0.2642791000224588
32,6,Column,0.3099741412021197
32,7,Column,0.3147992123299517
32,8,Column,0.25872175560742683
32,9,Column,0.22057290135485141
32,10,Column,0.2658919293733496
32,11,Column,0.25045365986469614
32,12,Column,0.10908611897441868
32,13,Column,0.20525523414459235
32,14,Column,0.26412192664662
32,15,Column,0.20744428082337635
32,16,Column,0.08117529631763805
32,17,Column,0.1760767227131613
32,18,Column,0.17539863221830299
32,19,Column,0.16529652429335992
32,20,Column,0.17078086789516772
32,21,Column,0.4122444733836431
32,22,Column,0.4733480498300998
32,23,Column,0.2162782174209689
32,24,Column,0.14002783046670025
32,25,Column,0.13913337061329625
32,26,Column,0.27286856765294853
32,27,Column,0.19974655144127004
32,28,Column,0.11023570341065544
32,29,Column,0.18409734507471434
32,30,Column,0.14845430173926646
32,31,Column,0.1179203527099364
32,32,Column,0.1576347788650132
32,33,Column,0.1522163437737229
32,34,Column,0.12423152950014654
32,35,Column,0.16156756236880518
32,36,Column,0.3480218145771924
32,37,Column,0.34899863401646547
32,38,Column,0.16162233962630135
32,39,Column,0.11842093066904912
32,40,Column,0.2658432956423347
32,41,Column,0.3288167118590694
32,42,Column,0.14950711235321318
32,43,Column,0.13001820149443707
32,44,Column,0.1574120822819078
32,45,Column,0.12392337560789031
32,46,Column,0.07872853210861454
32,47,Column,0.15944849895432708
32,48,Column,0.1597932180627722
32,49,Column,0.09689692126743196
32,50,Column,0.09215856990327977
32,51,Column,0.0888673930162103
32,52,Column,0.11420829822622953
32,53,Column,0.13389121169831442
32,54,Column,0.07082912640678089
32,55,Column,0.13504097161346296
32,56,Column,0.14928031415094165
32,57,Column,0.09301547369047582
32,58,Column,0.07393676448390937
32,59,Column,0.08363075379872166
32,60,Column,0.07458939105372578
32,61,Beam,0.44183691941626546
32,62,Beam,0.4417413496121959
32,63,Beam,0.44172939377537934
32,64,Beam,0.7289201874397628
32,65,Beam,0.7286520907838152
32,66,Beam,0.7287807454334863
32,67,Beam,0.2985511136984045
32,68,Beam,0.6568629175637878
32,69,Beam,0.6570080551728587
32,70,Beam,0.19259408472237094
32,71,Beam,0.19261452818376076
32,72,Beam,0.44397227526784044
32,73,Beam,0.29736233198706835
32,74,Beam,0.8741699663848292
32,75,Beam,0.5848519885549033
32,76,Beam,0.19242626278447855
32,77,Beam,0.8741377541663461
32,78,Beam,0.5853730571791709
32,79,Beam,0.3717160625870726
32,80,Beam,0.44383263590856586
32,81,Beam,0.2972799499606182
32,82,Beam,0.19247607754468707
32,83,Beam,0.3051767369756036
32,84,Beam,0.4326926607366225
32,85,Beam,0.43546191237108645
32,86,Beam,0.41172245729192036
32,87,Beam,0.6386680346632938
32,88,Beam,0.6354031336825465
32,89,Beam,0.2539789734698095
32,90,Beam,0.5759062688329177
32,91,Beam,0.5807455104952426
32,92,Beam,0.38704075407658245
32,93,Beam,0.38733905742870345
32,94,Beam,0.21591838458847887
32,95,Beam,0.14585620275605946
32,96,Beam,0.761603899775742
32,97,Beam,0.5096794288700707
32,98,Beam,0.3299742582415691
32,99,Beam,0.7614770548224262
32,100,Beam,0.510454585064063
32,101,Beam,0.6358499228606107
32,102,Beam,0.3940390853526592
32,103,Beam,0.263689505016488
32,104,Beam,0.3281924715641879
32,105,Beam,0.22912380893244866
32,106,Beam,0.2189624784768479
32,107,Beam,0.23071133309232406
32,108,Beam,0.3810629338733693
32,109,Beam,0.3758869004903936
32,110,Beam,0.2915338082631336
32,111,Beam,0.23093876976834704
32,112,Beam,0.3501541703245842
32,113,Beam,0.27311527141136754
32,114,Beam,0.242616848585314
32,115,Beam,0.21752696260402737
32,116,Beam,0.15329759277890315
32,117,Beam,0.14888668118551182
32,118,Beam,0.28034704498613666
32,119,Beam,0.2869837770389615
32,120,Beam,0.18524719736750375
32,121,Beam,0.28007309788013907
32,122,Beam,0.2827936173755013
32,123,Beam,0.34817807420870583
32,124,Beam,0.15299330449553902
32,125,Beam,0.10131815547750606
32,126,Beam,0.12800515436893106
32,127,Beam,0.24569412017681813
32,128,Beam,0.3012466253008741
32,129,Beam,0.29991874708571614
32,130,Beam,0.32468839179417325
32,131,Beam,0.41707991217804996
32,132,Beam,0.4137292253272375
32,133,Beam,0.212140786844315
32,134,Beam,0.38484676362574244
32,135,Beam,0.38576078987498297
32,136,Beam,0.22664309413364805
32,137,Beam,0.22801554432082027
32,138,Beam,0.1727754377421015
32,139,Beam,0.08234004731042582
32,140,Beam,0.49271460666301886
32,141,Beam,0.24659909825533727
32,142,Beam,0.1217981549075165
32,143,Beam,0.49330955019302697
32,144,Beam,0.2514190807682237
32,145,Beam,0.22781002565051084
32,146,Beam,0.2552067963318074
32,147,Beam,0.12850544101030434
32,148,Beam,0.12007110234151451
33,1,Column,0.228012208504535
33,2,Column,0.33976272242452066
33,3,Column,0.36693756012455475
33,4,Column,0.23485468720586505
33,5,Column,0.26104447727022173
33,6,Column,0.29109301349017325
33,7,Column,0.3233129247595356
33,8,Column,0.13214190026359837
33,9,Column,0.23564305204634292
33,10,Column,0.2807873405387003
33,11,Column,0.2332714875079254
33,12,Column,0.26076083433994984
33,13,Column,0.21926868808128708
33,14,Column,0.27432802753642577
33,15,Column,0.22325977856798832
33,16,Column,0.10017911289405032
33,17,Column,0.1813121331033283
33,18,Column,0.20889497915788727
33,19,Column,0.12381170882334412
33,20,Column,0.18906899867008606
33,21,Column,0.45372024565030583
33,22,Column,0.5190074720980126
33,23,Column,0.23965710017848155
33,24,Column,0.10309329533931477
33,25,Column,0.1338279341897239
33,26,Column,0.2809517755524166
33,27,Column,0.12767254988492122
33,28,Column,0.13025459119021165
33,29,Column,0.2123654019429141
33,30,Column,0.16607302852135306
33,31,Column,0.09944210896790374
33,32,Column,0.14020000758796064
33,33,Column,0.13578786904173928
33,34,Column,0.10477337151902524
33,35,Column,0.12389865323500703
33,36,Column,0.2671779161798645
33,37,Column,0.2680949475706491
33,38,Column,0.12723737007900843
33,39,Column,0.10061642134305915
33,40,Column,0.19950064496849307
33,41,Column,0.2480023589387146
33,42,Column,0.1160572165995071
33,43,Column,0.1115756410004833
33,44,Column,0.1411564917336501
33,45,Column,0.1052414929821074
33,46,Column,0.07868737747034439
33,47,Column,0.15998927774930174
33,48,Column,0.16070956398156658
33,49,Column,0.09672596037783315
33,50,Column,0.10314359766959817
33,51,Column,0.09741101001193565
33,52,Column,0.11308949324195773
33,53,Column,0.13338635758062392
33,54,Column,0.0704789875575164
33,55,Column,0.13433193428678486
33,56,Column,0.14912692668343722
33,57,Column,0.12274115425206644
33,58,Column,0.07395323859562226
33,59,Column,0.08132172253073656
33,60,Column,0.07434766579632776
33,61,Beam,0.45476073769750236
33,62,Beam,0.4546014434724191
33,63,Beam,0.4546865076502775
33,64,Beam,0.750204263872869
33,65,Beam,0.7498393515024704
33,66,Beam,0.7500943421883844
33,67,Beam,0.30733103513826454
33,68,Beam,0.676014426943013
33,69,Beam,0.6762319171531295
33,70,Beam,0.19828126187955705
33,71,Beam,0.19830812408655465
33,72,Beam,0.4568032269783226
33,73,Beam,0.30569151575597464
33,74,Beam,0.899422913956451
33,75,Beam,0.6012920694755624
33,76,Beam,0.19817612938602785
33,77,Beam,0.8993950812078086
33,78,Beam,0.6019187389312449
33,79,Beam,0.3825744956665493
33,80,Beam,0.45672675732077533
33,81,Beam,0.30573779132533296
33,82,Beam,0.1981075003399949
33,83,Beam,0.321247046611918
33,84,Beam,0.3879761249593981
33,85,Beam,0.3938733762234123
33,86,Beam,0.38564977318004384
33,87,Beam,0.4996036206105625
33,88,Beam,0.5060142894436713
33,89,Beam,0.29485003929088976
33,90,Beam,0.46802702684329056
33,91,Beam,0.47832548773873795
33,92,Beam,0.36481497899832216
33,93,Beam,0.3659592820967597
33,94,Beam,0.1491079793143115
33,95,Beam,0.08935177750918159
33,96,Beam,0.5223328592330232
33,97,Beam,0.30730313353177413
33,98,Beam,0.20056213419172364
33,99,Beam,0.5220139910717826
33,100,Beam,0.30750920341567356
33,101,Beam,0.38574253358072247
33,102,Beam,0.2699247988603608
33,103,Beam,0.15896792525690115
33,104,Beam,0.19922647403891472
33,105,Beam,0.28470482431773536
33,106,Beam,0.27430394581102774
33,107,Beam,0.28611074172802997
33,108,Beam,0.4528618521500364
33,109,Beam,0.4472229038953566
33,110,Beam,0.3464976560361476
33,111,Beam,0.28700057507385335
33,112,Beam,0.4167415309604356
33,113,Beam,0.32794867654714
33,114,Beam,0.3001033603638634
33,115,Beam,0.2704192390987649
33,116,Beam,0.1815338371618815
33,117,Beam,0.17610141942389923
33,118,Beam,0.3319827818151546
33,119,Beam,0.33779564574197574
33,120,Beam,0.21937990530361917
33,121,Beam,0.33173194431476755
33,122,Beam,0.3329890461061899
33,123,Beam,0.41225747513880806
33,124,Beam,0.1812564507898444
33,125,Beam,0.12009882295977374
33,126,Beam,0.1515747991319127
33,127,Beam,0.24531936143545702
33,128,Beam,0.30081297741387275
33,129,Beam,0.2994124223743048
33,130,Beam,0.32300344507202355
33,131,Beam,0.41629182693357464
33,132,Beam,0.41224850134742885
33,133,Beam,0.2109489006536654
33,134,Beam,0.3849216715780274
33,135,Beam,0.3843933733628621
33,136,Beam,0.22643456376978618
33,137,Beam,0.22740442250012768
33,138,Beam,0.1734164452766445
33,139,Beam,0.08352604425880618
33,140,Beam,0.49473970116854077
33,141,Beam,0.24690950519889893
33,142,Beam,0.12263094341412381
33,143,Beam,0.4951239674011682
33,144,Beam,0.25059297806482533
33,145,Beam,0.22868024696990474
33,146,Beam,0.2559777210069188
33,147,Beam,0.12835453756172532
33,148,Beam,0.1205356364619001
34,1,Column,0.22999942961745387
34,2,Column,0.34553210702777876
34,3,Column,0.3726924158604622
34,4,Column,0.23682865260767072
34,5,Column,0.2634080495753095
34,6,Column,0.29376877839242216
34,7,Column,0.3259743897153744
34,8,Column,0.2746627420104745
34,9,Column,0.23472240677374967
34,10,Column,0.17013969143435567
34,11,Column,0.23651406390474453
34,12,Column,0.2633461747398374
34,13,Column,0.22115581790625108
34,14,Column,0.11216279419265066
34,15,Column,0.223080463159061
34,16,Column,0.10284987671572729
34,17,Column,0.18642260600046212
34,18,Column,0.21398255197410565
34,19,Column,0.1809637923265956
34,20,Column,0.1951865949712688
34,21,Column,0.4663753831220144
34,22,Column,0.5324606913388505
34,23,Column,0.24360493639947334
34,24,Column,0.10835661873035796
34,25,Column,0.1388849218320848
34,26,Column,0.2898937419544175
34,27,Column,0.1303613956240331
34,28,Column,0.1650800625114404
34,29,Column,0.21672909873435206
34,30,Column,0.12260404047804974
34,31,Column,0.10172191488176778
34,32,Column,0.1487322981343396
34,33,Column,0.14541693381562049
34,34,Column,0.1063146781324425
34,35,Column,0.12821888089887942
34,36,Column,0.2703635355580421
34,37,Column,0.27135370378016965
34,38,Column,0.13172548370119438
34,39,Column,0.10361547259932655
34,40,Column,0.2043409625882996
34,41,Column,0.25310150439030016
34,42,Column,0.1187695504086896
34,43,Column,0.11412446974442969
34,44,Column,0.1513970603808934
34,45,Column,0.10675010818824938
34,46,Column,0.07893256223542297
34,47,Column,0.11120772396299812
34,48,Column,0.11512011832376813
34,49,Column,0.0914629224094166
34,50,Column,0.10716552722624521
34,51,Column,0.10373540493627555
34,52,Column,0.08827412569927706
34,53,Column,0.4440237022873074
34,54,Column,0.070804825057575
34,55,Column,0.1307980943402686
34,56,Column,0.10286740441181358
34,57,Column,0.11477014580806795
34,58,Column,0.0752614556958085
34,59,Column,0.08436269003522855
34,60,Column,0.07199709225523432
34,61,Beam,0.3355485530333323
34,62,Beam,0.3354237045098798
34,63,Beam,0.3354944046690707
34,64,Beam,0.5526986849243681
34,65,Beam,0.5524176587336965
34,66,Beam,0.5526184856013439
34,67,Beam,0.2272030070471687
34,68,Beam,0.49815502901234804
34,69,Beam,0.4983300363551423
34,70,Beam,0.14725615465268557
34,71,Beam,0.14727743761766907
34,72,Beam,0.3372788934941793
34,73,Beam,0.2258070078400371
34,74,Beam,0.6625904118650656
34,75,Beam,0.4430872514899449
34,76,Beam,0.14717357536366465
34,77,Beam,0.6625737470981862
34,78,Beam,0.4435924036445959
34,79,Beam,0.2826807117875902
34,80,Beam,0.3372515268463065
34,81,Beam,0.2258593598972988
34,82,Beam,0.14713667353298648
34,83,Beam,0.26680906205689814
34,84,Beam,0.3198287648220113
34,85,Beam,0.32473403329358247
34,86,Beam,0.31867084118140526
34,87,Beam,0.4173452045718867
34,88,Beam,0.41776345038523
34,89,Beam,0.24607982105230197
34,90,Beam,0.3835444357810949
34,91,Beam,0.39240696837406075
34,92,Beam,0.3013754362967145
34,93,Beam,0.3024359639133164
34,94,Beam,0.1446346116187472
34,95,Beam,0.09759932167471973
34,96,Beam,0.49969275032293803
34,97,Beam,0.33229397285111417
34,98,Beam,0.21827286388858788
34,99,Beam,0.49959649339051077
34,100,Beam,0.3326400781407211
34,101,Beam,0.4172265720959495
34,102,Beam,0.26026067212558857
34,103,Beam,0.17319055665321265
34,104,Beam,0.21670166176957287
34,105,Beam,0.23153761668868728
34,106,Beam,0.2253416417514191
34,107,Beam,0.23182876873092467
34,108,Beam,0.39000310421704854
34,109,Beam,0.38419665777424516
34,110,Beam,0.3033789972716593
34,111,Beam,0.23233853498527718
34,112,Beam,0.35940512470607056
34,113,Beam,0.2855205351651447
34,114,Beam,0.25583816986161056
34,115,Beam,0.21249395558361125
34,116,Beam,0.16142520049298176
34,117,Beam,0.15137271106729988
34,118,Beam,0.2845288077477821
34,119,Beam,0.284089551431416
34,120,Beam,0.18893856400190373
34,121,Beam,0.2842140791355848
34,122,Beam,0.27899325105289335
34,123,Beam,0.3466588263217554
34,124,Beam,0.16102875017152044
34,125,Beam,0.10641483492348874
34,126,Beam,0.13445982786598157
34,127,Beam,0.28169438439199634
34,128,Beam,0.35001228490025643
34,129,Beam,0.34927485000940633
34,130,Beam,0.37389310875807497
34,131,Beam,0.492245561068567
34,132,Beam,0.4861040658287508
34,133,Beam,0.23868061975066351
34,134,Beam,0.4550323534748921
34,135,Beam,0.45135783415454844
34,136,Beam,0.25638741633285916
34,137,Beam,0.2570314382060512
34,138,Beam,0.2116399598563683
34,139,Beam,0.11467220163540705
34,140,Beam,0.6100442550898846
34,141,Beam,0.3349155346160669
34,142,Beam,0.14771523883438964
34,143,Beam,0.6093815074564776
34,144,Beam,0.3367297345424199
34,145,Beam,0.2801763348680926
34,146,Beam,0.3119235820651926
34,147,Beam,0.17232137210941145
34,148,Beam,0.14620702288064513
35,1,Column,0.2957990630813771
35,2,Column,0.11771573529112515
35,3,Column,0.2718469579465322
35,4,Column,0.2688920564616797
35,5,Column,0.13918669294906474
35,6,Column,0.33363868219777476
35,7,Column,0.3725928802161538
35,8,Column,0.2793182905629701
35,9,Column,0.274100316436911
35,10,Column,0.28030387358177977
35,11,Column,0.28367454689049754
35,12,Column,0.11603470675293413
35,13,Column,0.2884318576891789
35,14,Column,0.25438484119309823
35,15,Column,0.29607104248622507
35,16,Column,0.1005973175082407
35,17,Column,0.13051046888044257
35,18,Column,0.11016132603322351
35,19,Column,0.11138538991398549
35,20,Column,0.11282124377286619
35,21,Column,0.19161237362646397
35,22,Column,0.20569429267472683
35,23,Column,0.13340807359225593
35,24,Column,0.09264456779067402
35,25,Column,0.20611907498985924
35,26,Column,0.21369431559878532
35,27,Column,0.127926738728231
35,28,Column,0.14706949508208214
35,29,Column,0.1066117509965003
35,30,Column,0.14583074428963505
35,31,Column,0.10170950640284872
35,32,Column,0.14317729371308496
35,33,Column,0.13952831709507313
35,34,Column,0.10627549085364908
35,35,Column,0.1259090159957679
35,36,Column,0.2718257825381831
35,37,Column,0.27297329146776056
35,38,Column,0.1273544363354464
35,39,Column,0.10319289751240801
35,40,Column,0.16563998902094476
35,41,Column,0.25050858261390335
35,42,Column,0.11675360738498851
35,43,Column,0.1135656387262532
35,44,Column,0.14510543150199223
35,45,Column,0.10696144814739114
35,46,Column,0.0780285754264374
35,47,Column,0.16061763271515128
35,48,Column,0.16135081729063847
35,49,Column,0.09611047620770886
35,50,Column,0.10240980771405468
35,51,Column,0.08812846240641696
35,52,Column,0.11279061893366106
35,53,Column,0.13278574898843326
35,54,Column,0.06961708891024587
35,55,Column,0.1330973358549028
35,56,Column,0.14904327707800624
35,57,Column,0.12198496207446824
35,58,Column,0.06165166647391143
35,59,Column,0.08127602750841259
35,60,Column,0.07357592487464587
35,61,Beam,0.2755149820074779
35,62,Beam,0.27540432271721216
35,63,Beam,0.27546619423649843
35,64,Beam,0.45444845119347194
35,65,Beam,0.4542146542497042
35,66,Beam,0.45437993237195995
35,67,Beam,0.18645868449196687
35,68,Beam,0.40951142702685983
35,69,Beam,0.40964490771953405
35,70,Beam,0.14300052222473225
35,71,Beam,0.1430983366033223
35,72,Beam,0.3201952477061748
35,73,Beam,0.18487727353416875
35,74,Beam,0.6309678535701023
35,75,Beam,0.36376894982968777
35,76,Beam,0.12018761938908368
35,77,Beam,0.631011382258412
35,78,Beam,0.3641850396946248
35,79,Beam,0.23187376376168992
35,80,Beam,0.32053896466893284
35,81,Beam,0.1850036482903632
35,82,Beam,0.12009607335705345
35,83,Beam,0.24313022764316528
35,84,Beam,0.3310399413975889
35,85,Beam,0.33387772261785637
35,86,Beam,0.31791183493621583
35,87,Beam,0.46561118652418276
35,88,Beam,0.46904185022051453
35,89,Beam,0.2080125932686647
35,90,Beam,0.4303582592298617
35,91,Beam,0.4354606219221329
35,92,Beam,0.29955001733157377
35,93,Beam,0.3002433228886601
35,94,Beam,0.16825800544294978
35,95,Beam,0.11408385641344704
35,96,Beam,0.546460730858662
35,97,Beam,0.3641160790976336
35,98,Beam,0.24369620273243092
35,99,Beam,0.5463178723976797
35,100,Beam,0.363393223006527
35,101,Beam,0.4566531087593185
35,102,Beam,0.2899931312843588
35,103,Beam,0.19272347393523373
35,104,Beam,0.24175273279411322
35,105,Beam,0.22567826633953975
35,106,Beam,0.21807776112427515
35,107,Beam,0.2267295532989563
35,108,Beam,0.37905334172628485
35,109,Beam,0.3749451400663679
35,110,Beam,0.28926303584821617
35,111,Beam,0.22731704165224073
35,112,Beam,0.34901377387031207
35,113,Beam,0.27088615076183
35,114,Beam,0.2411306720112015
35,115,Beam,0.21411641225160333
35,116,Beam,0.15305770794177187
35,117,Beam,0.1483907732944836
35,118,Beam,0.27993763964715446
35,119,Beam,0.28429143967146525
35,120,Beam,0.18482012011095464
35,121,Beam,0.2797587386437657
35,122,Beam,0.2807560514268095
35,123,Beam,0.347496823831039
35,124,Beam,0.15286249668899896
35,125,Beam,0.10134980524222424
35,126,Beam,0.12784783930980984
35,127,Beam,0.24334366608633545
35,128,Beam,0.2990777313451087
35,129,Beam,0.2974045127298759
35,130,Beam,0.3206831779221902
35,131,Beam,0.4145515416335431
35,132,Beam,0.4099348310161455
35,133,Beam,0.208782823455681
35,134,Beam,0.38347494935155835
35,135,Beam,0.38213384971786085
35,136,Beam,0.22461013253785747
35,137,Beam,0.22545100861987272
35,138,Beam,0.17366848125758327
35,139,Beam,0.0838125361495271
35,140,Beam,0.4955140274305518
35,141,Beam,0.24723836169621125
35,142,Beam,0.12282867189871642
35,143,Beam,0.49585225742598926
35,144,Beam,0.25052551962014863
35,145,Beam,0.22899910507689203
35,146,Beam,0.2563294762071002
35,147,Beam,0.12833075545468867
35,148,Beam,0.12066751513796455
36,1,Column,0.28561392014657894
36,2,Column,0.2736883445526072
36,3,Column,0.12660341383582635
36,4,Column,0.2622129659421645
36,5,Column,0.2724656443981492
36,6,Column,0.3363607207955061
36,7,Column,0.374204903926042
36,8,Column,0.10873748111233524
36,9,Column,0.30377554153218417
36,10,Column,0.28230139416874106
36,11,Column,0.2662917637625205
36,12,Column,0.26843429748285685
36,13,Column,0.27865931284138723
36,14,Column,0.09365489308790595
36,15,Column,0.2862798801973711
36,16,Column,0.1640119699520848
36,17,Column,0.11364240506755029
36,18,Column,0.11002991543019706
36,19,Column,0.1725125917185828
36,20,Column,0.11451717114500559
36,21,Column,0.1926163184015319
36,22,Column,0.20685976044658788
36,23,Column,0.13352982118793558
36,24,Column,0.09531490276364872
36,25,Column,0.13453463659193007
36,26,Column,0.211144207889782
36,27,Column,0.12834339258539212
36,28,Column,0.10124285570076304
36,29,Column,0.10512889966924445
36,30,Column,0.1025577361947693
36,31,Column,0.0847711400932198
36,32,Column,0.11749652243585836
36,33,Column,0.11383700332341423
36,34,Column,0.08930468961898874
36,35,Column,0.11280999658273844
36,36,Column,0.24128865889937628
36,37,Column,0.2427721427445831
36,38,Column,0.11904973588428996
36,39,Column,0.08584595443543103
36,40,Column,0.17837401852974577
36,41,Column,0.22098255612056042
36,42,Column,0.10532207506256208
36,43,Column,0.09503777575056141
36,44,Column,0.11819291431410163
36,45,Column,0.08964593537228054
36,46,Column,0.09503470524245969
36,47,Column,0.12976426045490702
36,48,Column,0.1297944508473056
36,49,Column,0.11301700741127221
36,50,Column,0.11983358318535381
36,51,Column,0.1090506511511181
36,52,Column,0.09594769405146665
36,53,Column,0.11730859221376881
36,54,Column,0.08487463473675068
36,55,Column,0.1351875608904606
36,56,Column,0.1151361515605851
36,57,Column,0.10964454116452034
36,58,Column,0.08997836238892631
36,59,Column,0.1052678345422784
36,60,Column,0.09005849473905282
36,61,Beam,0.433204329500996
36,62,Beam,0.43288728687774103
36,63,Beam,0.43309689790222217
36,64,Beam,0.7092436493911808
36,65,Beam,0.7085053533434308
36,66,Beam,0.7090660598680285
36,67,Beam,0.29578340956325616
36,68,Beam,0.6395867755221591
36,69,Beam,0.6400533614938285
36,70,Beam,0.2205749851941771
36,71,Beam,0.2207200102253819
36,72,Beam,0.4363533725874138
36,73,Beam,0.29247542075112243
36,74,Beam,0.849669057915433
36,75,Beam,0.5682189008547266
36,76,Beam,0.1951245386338383
36,77,Beam,0.8497066991115694
36,78,Beam,0.5697471295965406
36,79,Beam,0.3671303059599733
36,80,Beam,0.43651232043405236
36,81,Beam,0.2928155463973888
36,82,Beam,0.19478549353605895
36,83,Beam,0.22193070806099646
36,84,Beam,0.3165518344265043
36,85,Beam,0.31825499822088665
36,86,Beam,0.30079853332509104
36,87,Beam,0.4693586884269632
36,88,Beam,0.47048956375393247
36,89,Beam,0.19405926551991048
36,90,Beam,0.42221773318872435
36,91,Beam,0.4256093852139709
36,92,Beam,0.28204547723410656
36,93,Beam,0.28267548567843587
36,94,Beam,0.15958243556890314
36,95,Beam,0.10794770377346696
36,96,Beam,0.562467918275105
36,97,Beam,0.3749241585575529
36,98,Beam,0.2444047259403608
36,99,Beam,0.5624022311662628
36,100,Beam,0.37399185474296637
36,101,Beam,0.46985373023380683
36,102,Beam,0.2912327401051786
36,103,Beam,0.19359466666142522
36,104,Beam,0.24281276653077802
36,105,Beam,0.1648783333019269
36,106,Beam,0.15929521050603254
36,107,Beam,0.16554546608802387
36,108,Beam,0.2294789156028881
36,109,Beam,0.2238886345774093
36,110,Beam,0.19651216200870925
36,111,Beam,0.16638952015401753
36,112,Beam,0.21460935219935104
36,113,Beam,0.18887236616311154
36,114,Beam,0.1733951123859985
36,115,Beam,0.1569179926350134
36,116,Beam,0.07649034323579332
36,117,Beam,0.07176172483112524
36,118,Beam,0.1364021589583345
36,119,Beam,0.13553605442809205
36,120,Beam,0.08949294923157741
36,121,Beam,0.1361182353020906
36,122,Beam,0.13363355798445903
36,123,Beam,0.1655241194774011
36,124,Beam,0.07616972395791972
36,125,Beam,0.050050507529650734
36,126,Beam,0.06319807355977221
36,127,Beam,0.23574220453241215
36,128,Beam,0.27737424426953694
36,129,Beam,0.27780242722142096
36,130,Beam,0.2991718291922316
36,131,Beam,0.37263133478546506
36,132,Beam,0.3685164055730923
36,133,Beam,0.20913218183527507
36,134,Beam,0.34606225632690335
36,135,Beam,0.34631098665621274
36,136,Beam,0.22042835415683293
36,137,Beam,0.22112945334022419
36,138,Beam,0.1442110818609078
36,139,Beam,0.0902308821267453
36,140,Beam,0.4030678207733616
36,141,Beam,0.2564848527352578
36,142,Beam,0.1118488272280332
36,143,Beam,0.4039134595693118
36,144,Beam,0.2582412880861965
36,145,Beam,0.20924481232371245
36,146,Beam,0.21096781597993114
36,147,Beam,0.13359917935707066
36,148,Beam,0.11188517596292646
37,1,Column,0.24235210678094118
37,2,Column,0.2546620170381623
37,3,Column,0.2535680856266669
37,4,Column,0.2347939343903244
37,5,Column,0.0920813822284074
37,6,Column,0.43133974643602413
37,7,Column,0.47147024274597915
37,8,Column,0.25906458963471474
37,9,Column,0.25774739203254804
37,10,Column,0.13863296541740372
37,11,Column,0.3059143957034526
37,12,Column,0.09385447350212604
37,13,Column,0.2350023464882175
37,14,Column,0.09117758545135786
37,15,Column,0.24093590457573993
37,16,Column,0.16890013399876933
37,17,Column,0.19963121468737421
37,18,Column,0.139322994571027
37,19,Column,0.11165338519389946
37,20,Column,0.11357234316993531
37,21,Column,0.19136777286847023
37,22,Column,0.2056901446779216
37,23,Column,0.21093003649409037
37,24,Column,0.0944989834099625
37,25,Column,0.1475464427335775
37,26,Column,0.23540966901180974
37,27,Column,0.12714660207704426
37,28,Column,0.16444805583441116
37,29,Column,0.1908989641003986
37,30,Column,0.10143659109377616
37,31,Column,0.08652750545564261
37,32,Column,0.11376448273432554
37,33,Column,0.10962167439423738
37,34,Column,0.09134019110467101
37,35,Column,0.1113594752791111
37,36,Column,0.23644288932854943
37,37,Column,0.23779444511683756
37,38,Column,0.11320832672220427
37,39,Column,0.08727678064032345
37,40,Column,0.17590035001414478
37,41,Column,0.21773862394787344
37,42,Column,0.10298249493468854
37,43,Column,0.096760058100118
37,44,Column,0.11373583852544256
37,45,Column,0.09172524881621165
37,46,Column,0.11368445970439081
37,47,Column,0.19823395763009233
37,48,Column,0.19906255181061852
37,49,Column,0.13381985620681547
37,50,Column,0.14251246778566012
37,51,Column,0.10320720073629747
37,52,Column,0.0952108001205101
37,53,Column,0.17746012930772426
37,54,Column,0.10212916572765017
37,55,Column,0.19268009843461928
37,56,Column,0.09038874829602321
37,57,Column,0.16440142971449934
37,58,Column,0.10769353402393697
37,59,Column,0.10248582258450974
37,60,Column,0.10772624006500686
37,61,Beam,0.33857994991530754
37,62,Beam,0.3373224885544111
37,63,Beam,0.3385299657477422
37,64,Beam,0.5199541762792376
37,65,Beam,0.5187774400358757
37,66,Beam,0.5197102943748013
37,67,Beam,0.2627479608745047
37,68,Beam,0.4701610632018495
37,69,Beam,0.4708644265720162
37,70,Beam,0.2137216465522376
37,71,Beam,0.21398157855765992
37,72,Beam,0.33019032076229415
37,73,Beam,0.2224326602387987
37,74,Beam,0.6215068048479857
37,75,Beam,0.41706854161813744
37,76,Beam,0.15934962240592304
37,77,Beam,0.6215086812476065
37,78,Beam,0.4194638893669434
37,79,Beam,0.28064651256353873
37,80,Beam,0.3298893858438571
37,81,Beam,0.2227637875668402
37,82,Beam,0.15887243722577682
37,83,Beam,0.20224431912694413
37,84,Beam,0.28275135849673116
37,85,Beam,0.2845662516558943
37,86,Beam,0.269902547725298
37,87,Beam,0.40680925508101695
37,88,Beam,0.40787819954816695
37,89,Beam,0.1732466011627619
37,90,Beam,0.3731113063471972
37,91,Beam,0.37652669672551
37,92,Beam,0.25352235706373755
37,93,Beam,0.25410742353652876
37,94,Beam,0.14381141459222968
37,95,Beam,0.09749332270063917
37,96,Beam,0.4874604716811257
37,97,Beam,0.32515041427632896
37,98,Beam,0.21466859355861995
37,99,Beam,0.4873801490712392
37,100,Beam,0.32390992433371446
37,101,Beam,0.4075466026089046
37,102,Beam,0.255269916639229
37,103,Beam,0.16995756509667298
37,104,Beam,0.21311279172671466
37,105,Beam,0.3332376586283771
37,106,Beam,0.3280245888728266
37,107,Beam,0.33324874785954767
37,108,Beam,0.600045098779595
37,109,Beam,0.5940103517135628
37,110,Beam,0.45341840555817026
37,111,Beam,0.33481869440990497
37,112,Beam,0.5520632318285417
37,113,Beam,0.4234065889564329
37,114,Beam,0.37509860956140884
37,115,Beam,0.30197996576506536
37,116,Beam,0.24290889394912135
37,117,Beam,0.2380441549304011
37,118,Beam,0.44950475768324005
37,119,Beam,0.4587118750074549
37,120,Beam,0.2963482598111046
37,121,Beam,0.44926811922975585
37,122,Beam,0.45361812184118666
37,123,Beam,0.5613086475099013
37,124,Beam,0.24265252641575194
37,125,Beam,0.16106592547995846
37,126,Beam,0.20303239958143926
37,127,Beam,0.24973904971726207
37,128,Beam,0.2896698906742257
37,129,Beam,0.29288149500310334
37,130,Beam,0.31490384436000185
37,131,Beam,0.42373825084669825
37,132,Beam,0.42238270105091563
37,133,Beam,0.22319407421778206
37,134,Beam,0.38632919382157543
37,135,Beam,0.3887507274129942
37,136,Beam,0.23372813588009875
37,137,Beam,0.23472507277207846
37,138,Beam,0.18113580977651703
37,139,Beam,0.1232665811717493
37,140,Beam,0.5071070553358287
37,141,Beam,0.34847514540958746
37,142,Beam,0.15126819613394835
37,143,Beam,0.5074031227221321
37,144,Beam,0.3498257867407564
37,145,Beam,0.28226706443321803
37,146,Beam,0.2642951944063239
37,147,Beam,0.1808785827392533
37,148,Beam,0.15095529549526054
38,1,Column,0.25753678773283817
38,2,Column,0.12163453990184903
38,3,Column,0.12930955967524776
38,4,Column,0.24650333297850877
38,5,Column,0.2627463343009185
38,6,Column,0.362712307278377
38,7,Column,0.45518682271595484
38,8,Column,0.1113468593988322
38,9,Column,0.2735544332769251
38,10,Column,0.14033941685298004
38,11,Column,0.29207055822687694
38,12,Column,0.2587953606129841
38,13,Column,0.25027293486861224
38,14,Column,0.09268941674077255
38,15,Column,0.2568074349794787
38,16,Column,0.10563663696156927
38,17,Column,0.1980278147789374
38,18,Column,0.11242934076979198
38,19,Column,0.1152676627366683
38,20,Column,0.11730282005970247
38,21,Column,0.2451092252998835
38,22,Column,0.21027821818067166
38,23,Column,0.13593730882468733
38,24,Column,0.09801055598149262
38,25,Column,0.15282539211357335
38,26,Column,0.21462752203405497
38,27,Column,0.20108764532395967
38,28,Column,0.1038306658286312
38,29,Column,0.11351935312353385
38,30,Column,0.10504082130235491
38,31,Column,0.08958844678072499
38,32,Column,0.12273585336338941
38,33,Column,0.11877332032604797
38,34,Column,0.09438090067365423
38,35,Column,0.11911654542475844
38,36,Column,0.24454109717854206
38,37,Column,0.24602443245626157
38,38,Column,0.12350591015930097
38,39,Column,0.09058339745570727
38,40,Column,0.1842430402839564
38,41,Column,0.22753822860014156
38,42,Column,0.11199222741031513
38,43,Column,0.09976659627918837
38,44,Column,0.12274211650994146
38,45,Column,0.09463837400516104
38,46,Column,0.06593979304735409
38,47,Column,0.09043341347309264
38,48,Column,0.10052728745190517
38,49,Column,0.07885822524775113
38,50,Column,0.08681513463707992
38,51,Column,0.09243913324365223
38,52,Column,0.08269735766393577
38,53,Column,0.09687686754891991
38,54,Column,0.057946534922080156
38,55,Column,0.11419111532337761
38,56,Column,0.08091621769168929
38,57,Column,0.09071161351350901
38,58,Column,0.06200801188952129
38,59,Column,0.0781024076468654
38,60,Column,0.06213365370262969
38,61,Beam,0.3646512811804801
38,62,Beam,0.36360123758073964
38,63,Beam,0.3646085728566751
38,64,Beam,0.5844202732231594
38,65,Beam,0.5832763312277995
38,66,Beam,0.5842000474030007
38,67,Beam,0.2774419331820004
38,68,Beam,0.5274060888000497
38,69,Beam,0.5281619416257812
38,70,Beam,0.22123456746554324
38,71,Beam,0.22148967332255431
38,72,Beam,0.3641517768146083
38,73,Beam,0.245080550424244
38,74,Beam,0.6990689758036647
38,75,Beam,0.4687383912656856
38,76,Beam,0.168568319650717
38,77,Beam,0.6991059851786313
38,78,Beam,0.47107533049133465
38,79,Beam,0.3078356108047344
38,80,Beam,0.3642450331330533
38,81,Beam,0.2455965548443936
38,82,Beam,0.1680175216923714
38,83,Beam,0.27780726355392027
38,84,Beam,0.38810295499021014
38,85,Beam,0.390484701778349
38,86,Beam,0.37035378672632596
38,87,Beam,0.5564029844603269
38,88,Beam,0.5579586825287254
38,89,Beam,0.2342194175313377
38,90,Beam,0.5116454117722596
38,91,Beam,0.5162862466304328
38,92,Beam,0.34794565552464113
38,93,Beam,0.34881242309614313
38,94,Beam,0.19661733011044794
38,95,Beam,0.13287977046726168
38,96,Beam,0.6667454527928404
38,97,Beam,0.44445124570009065
38,98,Beam,0.2932918132338441
38,99,Beam,0.6666664828398671
38,100,Beam,0.4430549048708364
38,101,Beam,0.5570868431272269
38,102,Beam,0.34925644279665985
38,103,Beam,0.231973257888322
38,104,Beam,0.29113950700045155
38,105,Beam,0.16686210527682507
38,106,Beam,0.16115839971389967
38,107,Beam,0.16757710885794166
38,108,Beam,0.2302988002096018
38,109,Beam,0.22429982895423453
38,110,Beam,0.19810709256339065
38,111,Beam,0.16857839258305013
38,112,Beam,0.21546706614154626
38,113,Beam,0.1905939265330753
38,114,Beam,0.17505565386860952
38,115,Beam,0.15908085391990895
38,116,Beam,0.07749968241163363
38,117,Beam,0.07081753162232952
38,118,Beam,0.13626456755493874
38,119,Beam,0.1323892454085044
38,120,Beam,0.08836757508122711
38,121,Beam,0.13590276435626816
38,122,Beam,0.130270649659312
38,123,Beam,0.16202243759381335
38,124,Beam,0.0770209908412089
38,125,Beam,0.04988508286144277
38,126,Beam,0.0630124737306074
38,127,Beam,0.2430476549625441
38,128,Beam,0.28460338403001195
38,129,Beam,0.28616559415549303
38,130,Beam,0.3079356033978279
38,131,Beam,0.42392590910902667
38,132,Beam,0.42044104434959123
38,133,Beam,0.21646440109964094
38,134,Beam,0.3840699251773411
38,135,Beam,0.3855216713387543
38,136,Beam,0.2272949493347952
38,137,Beam,0.22834351734862893
38,138,Beam,0.1807129811016982
38,139,Beam,0.12110016804783784
38,140,Beam,0.5056532720256328
38,141,Beam,0.33893138510679777
38,142,Beam,0.15085349526103495
38,143,Beam,0.5052845756517856
38,144,Beam,0.34258597322219264
38,145,Beam,0.2815661443732831
38,146,Beam,0.2622046631547198
38,147,Beam,0.17734272274900262
38,148,Beam,0.1502667283467254
39,1,Column,0.28223282655604565
39,2,Column,0.12037529705031065
39,3,Column,0.27254996961295613
39,4,Column,0.26036201203511444
39,5,Column,0.2731673576581867
39,6,Column,0.34434224785118106
39,7,Column,0.3828434891045968
39,8,Column,0.11002841019410627
39,9,Column,0.30036700759911905
39,10,Column,0.2813716599769547
39,11,Column,0.2749685981095231
39,12,Column,0.26930914722233834
39,13,Column,0.2752905766157267
39,14,Column,0.09152800926133589
39,15,Column,0.28292038524370333
39,16,Column,0.15682294793675683
39,17,Column,0.11890809766813222
39,18,Column,0.18326008111196881
39,19,Column,0.11429093367707611
39,20,Column,0.11600919395089937
39,21,Column,0.1953620627348335
39,22,Column,0.19063290165143656
39,23,Column,0.13487850258570405
39,24,Column,0.14655081443115628
39,25,Column,0.1534285505613764
39,26,Column,0.21341942733349975
39,27,Column,0.12973548119862852
39,28,Column,0.10281895293498121
39,29,Column,0.17269149068278208
39,30,Column,0.10398010767544015
39,31,Column,0.08528124927196322
39,32,Column,0.12096418878209689
39,33,Column,0.11750818856116413
39,34,Column,0.08967199870496365
39,35,Column,0.11434328660799771
39,36,Column,0.2405835287080975
39,37,Column,0.24237005855356553
39,38,Column,0.11776358021092752
39,39,Column,0.08658692539131112
39,40,Column,0.1806993688708719
39,41,Column,0.2241012358740863
39,42,Column,0.10710172658585093
39,43,Column,0.09562273528857762
39,44,Column,0.12187455830539506
39,45,Column,0.09000845673890322
39,46,Column,0.07614790924272635
39,47,Column,0.129543435086534
39,48,Column,0.07716997363981035
39,49,Column,0.09112240844830162
39,50,Column,0.09701593594892481
39,51,Column,0.0890041918305217
39,52,Column,0.07792252249416598
39,53,Column,0.12329718824259109
39,54,Column,0.0674002469663677
39,55,Column,0.10991464701118883
39,56,Column,0.07648371518929148
39,57,Column,0.11258898002812899
39,58,Column,0.07194772807366466
39,59,Column,0.08635163396702061
39,60,Column,0.05838869205182712
39,61,Beam,0.31600813051007515
39,62,Beam,0.315762458308382
39,63,Beam,0.31592073389960645
39,64,Beam,0.5186950460119977
39,65,Beam,0.5181661978143545
39,66,Beam,0.5185620761433671
39,67,Beam,0.21507572065349934
39,68,Beam,0.46755323463689347
39,69,Beam,0.46788586173354246
39,70,Beam,0.16247721092219314
39,71,Beam,0.16269872018474607
39,72,Beam,0.31789551555628986
39,73,Beam,0.2129198736761391
39,74,Beam,0.6214664116143782
39,75,Beam,0.41550371701257477
39,76,Beam,0.14081807497326965
39,77,Beam,0.6214943080055731
39,78,Beam,0.41653313993344027
39,79,Beam,0.267134355217744
39,80,Beam,0.31804107155565386
39,81,Beam,0.21322843621370477
39,82,Beam,0.14057009777924706
39,83,Beam,0.2766445019005256
39,84,Beam,0.37770791251886626
39,85,Beam,0.3807483916570424
39,86,Beam,0.362570214950751
39,87,Beam,0.5318486413294178
39,88,Beam,0.5358951376144179
39,89,Beam,0.23659085092257942
39,90,Beam,0.4919561162270852
39,91,Beam,0.4973389417624209
39,92,Beam,0.3413022159596638
39,93,Beam,0.34218085984460495
39,94,Beam,0.19243752787679047
39,95,Beam,0.12997954114540747
39,96,Beam,0.6258801182052189
39,97,Beam,0.4171038759313299
39,98,Beam,0.2789619241699057
39,99,Beam,0.6257574276189727
39,100,Beam,0.4159881908091528
39,101,Beam,0.5229859659136735
39,102,Beam,0.3320571570732796
39,103,Beam,0.22065957892139754
39,104,Beam,0.276733775338142
39,105,Beam,0.16187809349486562
39,106,Beam,0.1566524105332861
39,107,Beam,0.16252410369782733
39,108,Beam,0.22638210448745325
39,109,Beam,0.2212752485247585
39,110,Beam,0.19343815586633542
39,111,Beam,0.1633757103491847
39,112,Beam,0.21190044350552661
39,113,Beam,0.18580857483459373
39,114,Beam,0.17043258193013777
39,115,Beam,0.1538988575226951
39,116,Beam,0.07689107782586395
39,117,Beam,0.07180327372031453
39,118,Beam,0.13687300330316435
39,119,Beam,0.1353330319504393
39,120,Beam,0.08955448743096983
39,121,Beam,0.1365538570442315
39,122,Beam,0.13334705579243547
39,123,Beam,0.16557641527317235
39,124,Beam,0.07648205803514252
39,125,Beam,0.05005084215741312
39,126,Beam,0.06322326597765765
39,127,Beam,0.27409011565627456
39,128,Beam,0.3566643260258291
39,129,Beam,0.3610522009419274
39,130,Beam,0.387906642947904
39,131,Beam,0.543568573200491
39,132,Beam,0.5395344734836366
39,133,Beam,0.21645530501602483
39,134,Beam,0.48999025884760333
39,135,Beam,0.48953498403275225
39,136,Beam,0.2442553039349752
39,137,Beam,0.2442715238726094
39,138,Beam,0.23087495062675392
39,139,Beam,0.15380371629769138
39,140,Beam,0.6456809810442775
39,141,Beam,0.4364167276331618
39,142,Beam,0.19252466574489105
39,143,Beam,0.6452275344409347
39,144,Beam,0.4404961310941465
39,145,Beam,0.35966013426639437
39,146,Beam,0.3349497024321377
39,147,Beam,0.22802946038489597
39,148,Beam,0.19202380434764663
